x, y, length, r, ctrl
-1.451, 1.399, 0.000, 5000.000, 0.000
-0.762, 2.377, 1.196, 5000.000, 0.000
-0.063, 3.346, 2.391, 5000.000, 0.000
0.647, 4.304, 3.583, 5000.000, 0.000
1.366, 5.253, 4.773, 5000.000, 0.000
2.096, 6.192, 5.962, 5000.000, 0.000
2.836, 7.121, 7.149, 5000.000, 0.000
3.586, 8.040, 8.334, 5000.000, 0.000
4.346, 8.949, 9.518, 5000.000, 0.000
5.116, 9.849, 10.701, 5000.000, 0.000
5.897, 10.738, 11.883, 5000.000, 0.000
6.688, 11.618, 13.064, 5000.000, 0.000
7.488, 12.489, 14.243, 5000.000, 0.000
8.299, 13.349, 15.423, 5000.000, 0.000
9.121, 14.199, 16.601, 5000.000, 0.000
10.488, 15.345, 18.357, 5000.000, 0.000
11.480, 16.030, 19.526, 5000.000, 0.000
12.364, 16.820, 20.704, 5000.000, 0.000
13.245, 17.613, 21.882, 5000.000, 0.000
14.124, 18.407, 23.062, 5000.000, 0.000
14.999, 19.206, 24.242, 5000.000, 0.000
15.870, 20.009, 25.423, 5000.000, 0.000
16.734, 20.818, 26.604, 5000.000, 0.000
17.592, 21.633, 27.787, 5000.000, 0.000
18.443, 22.455, 28.970, 5000.000, 0.000
19.285, 23.285, 30.153, 5000.000, 0.000
20.117, 24.125, 31.335, 5000.000, 0.000
20.939, 24.975, 32.517, 5000.000, 0.000
21.750, 25.836, 33.699, 5000.000, 0.000
22.548, 26.708, 34.880, 5000.000, 0.000
23.333, 27.594, 36.062, 5000.000, 0.000
24.154, 28.445, 37.244, 5000.000, 0.000
24.974, 29.296, 38.427, 5000.000, 0.000
25.795, 30.147, 39.609, 5000.000, 0.000
26.616, 30.998, 40.791, 5000.000, 0.000
27.437, 31.848, 41.973, 5000.000, 0.000
28.258, 32.699, 43.156, 5000.000, 0.000
29.078, 33.550, 44.338, 5000.000, 0.000
29.899, 34.401, 45.520, 5000.000, 0.000
30.720, 35.252, 46.702, 5000.000, 0.000
31.541, 36.103, 47.885, 5000.000, 0.000
32.362, 36.954, 49.067, 5000.000, 0.000
33.182, 37.805, 50.249, 5000.000, 0.000
34.003, 38.656, 51.431, 5000.000, 0.000
34.824, 39.506, 52.614, 5000.000, 0.000
35.645, 40.357, 53.796, 5000.000, 0.000
36.466, 41.208, 54.978, 5000.000, 0.000
37.286, 42.059, 56.160, 5000.000, 0.000
38.107, 42.910, 57.343, 5000.000, 0.000
38.928, 43.761, 58.525, 5000.000, 0.000
39.749, 44.612, 59.707, 5000.000, 0.000
40.570, 45.463, 60.889, 5000.000, 0.000
41.390, 46.314, 62.072, 5000.000, 0.000
42.211, 47.165, 63.254, 5000.000, 0.000
43.032, 48.015, 64.436, 5000.000, 0.000
43.853, 48.866, 65.619, 5000.000, 0.000
44.638, 49.752, 66.801, 5000.000, 0.000
45.436, 50.625, 67.983, 5000.000, 0.000
46.247, 51.485, 69.166, 5000.000, 0.000
47.069, 52.335, 70.348, 5000.000, 0.000
47.901, 53.175, 71.530, 5000.000, 0.000
48.743, 54.005, 72.712, 5000.000, 0.000
49.593, 54.828, 73.894, 5000.000, 0.000
50.451, 55.643, 75.077, 5000.000, 0.000
51.316, 56.451, 76.259, 5000.000, 0.000
52.186, 57.254, 77.442, 5000.000, 0.000
53.061, 58.053, 78.625, 5000.000, 0.000
53.940, 58.848, 79.810, 5000.000, 0.000
54.822, 59.640, 80.995, 5000.000, 0.000
55.706, 60.430, 82.180, 5000.000, 0.000
56.590, 61.219, 83.366, 5000.000, 0.000
57.475, 62.009, 84.552, 5000.000, 0.000
58.359, 62.799, 85.737, 5000.000, 0.000
59.241, 63.591, 86.922, 5000.000, 0.000
60.119, 64.386, 88.107, 5000.000, 0.000
60.995, 65.184, 89.292, 5000.000, 0.000
61.865, 65.987, 90.476, 5000.000, 0.000
62.730, 66.796, 91.660, 5000.000, 0.000
63.588, 67.611, 92.843, 5000.000, 0.000
64.438, 68.433, 94.025, 5000.000, 0.000
65.280, 69.264, 95.207, 5000.000, 0.000
66.112, 70.104, 96.388, 5000.000, 0.000
66.934, 70.953, 97.569, 5000.000, 0.000
67.745, 71.814, 98.749, 5000.000, 0.000
68.543, 72.687, 99.928, 5000.000, 0.000
69.328, 73.572, 101.107, 5000.000, 0.000
70.149, 74.423, 102.288, 5000.000, 0.000
70.970, 75.274, 103.470, 5000.000, 0.000
71.790, 76.125, 104.651, 5000.000, 0.000
72.611, 76.976, 105.833, 5000.000, 0.000
73.432, 77.827, 107.016, 5000.000, 0.000
74.253, 78.678, 108.198, 5000.000, 0.000
75.074, 79.529, 109.380, 5000.000, 0.000
75.894, 80.380, 110.562, 5000.000, 0.000
76.715, 81.230, 111.745, 5000.000, 0.000
77.536, 82.081, 112.927, 5000.000, 0.000
78.357, 82.932, 114.109, 5000.000, 0.000
79.178, 83.783, 115.291, 5000.000, 0.000
79.998, 84.634, 116.474, 5000.000, 0.000
80.819, 85.485, 117.656, 5000.000, 0.000
81.640, 86.336, 118.838, 5000.000, 0.000
82.461, 87.187, 120.021, 5000.000, 0.000
83.282, 88.038, 121.203, 5000.000, 0.000
84.102, 88.889, 122.385, 5000.000, 0.000
84.923, 89.739, 123.567, 5000.000, 0.000
85.708, 90.625, 124.750, 5000.000, 0.000
86.506, 91.498, 125.932, 5000.000, 0.000
87.317, 92.358, 127.114, 5000.000, 0.000
88.139, 93.208, 128.297, 5000.000, 0.000
88.971, 94.048, 129.479, 5000.000, 0.000
89.813, 94.879, 130.661, 5000.000, 0.000
90.664, 95.701, 131.844, 5000.000, 0.000
91.522, 96.516, 133.027, 5000.000, 0.000
92.386, 97.324, 134.211, 5000.000, 0.000
93.257, 98.127, 135.395, 5000.000, 0.000
94.132, 98.926, 136.580, 5000.000, 0.000
95.011, 99.721, 137.765, 5000.000, 0.000
95.892, 100.513, 138.950, 5000.000, 0.000
96.776, 101.303, 140.135, 5000.000, 0.000
97.661, 102.092, 141.321, 5000.000, 0.000
98.545, 102.882, 142.506, 5000.000, 0.000
99.429, 103.672, 143.691, 5000.000, 0.000
100.311, 104.464, 144.877, 5000.000, 0.000
101.190, 105.259, 146.062, 5000.000, 0.000
102.029, 106.092, 147.243, 5000.000, 0.000
102.877, 106.917, 148.426, 5000.000, 0.000
103.767, 107.701, 149.612, 5000.000, 0.000
104.649, 108.493, 150.797, 5000.000, 0.000
105.521, 109.294, 151.981, 5000.000, 0.000
106.383, 110.105, 153.165, 5000.000, 0.000
107.233, 110.928, 154.347, 5000.000, 0.000
108.072, 111.762, 155.529, 5000.000, 0.000
108.896, 112.609, 156.710, 5000.000, 0.000
109.671, 113.504, 157.894, 5000.000, 0.000
110.444, 114.402, 159.078, 5000.000, 0.000
111.263, 115.254, 160.259, 5000.000, 0.000
112.091, 116.098, 161.440, 5000.000, 0.000
112.964, 116.898, 162.621, 5000.000, 0.000
113.832, 117.704, 163.803, 5000.000, 0.000
114.693, 118.516, 164.986, 5000.000, 0.000
115.513, 119.367, 166.168, 5000.000, 0.000
116.341, 120.212, 167.350, 5000.000, 0.000
117.175, 121.049, 168.533, 5000.000, 0.000
118.015, 121.882, 169.715, 5000.000, 0.000
118.860, 122.710, 170.898, 5000.000, 0.000
119.709, 123.534, 172.080, 5000.000, 0.000
120.560, 124.355, 173.263, 5000.000, 0.000
121.413, 125.175, 174.446, 5000.000, 0.000
122.268, 125.993, 175.629, 5000.000, 0.000
123.122, 126.812, 176.812, 5000.000, 0.000
123.975, 127.632, 177.995, 5000.000, 0.000
124.826, 128.453, 179.178, 5000.000, 0.000
125.675, 129.277, 180.360, 5000.000, 0.000
126.520, 130.105, 181.543, 5000.000, 0.000
127.410, 130.889, 182.727, 5000.000, 0.000
128.309, 131.664, 183.915, 5000.000, 0.000
129.168, 132.478, 185.097, 5000.000, 0.000
130.022, 133.298, 186.280, 5000.000, 0.000
130.868, 134.124, 187.463, 5000.000, 0.000
131.707, 134.957, 188.645, 5000.000, 0.000
132.538, 135.798, 189.826, 5000.000, 0.000
133.359, 136.649, 191.008, 5000.000, 0.000
134.169, 137.510, 192.189, 5000.000, 0.000
135.019, 138.333, 193.372, 5000.000, 0.000
135.871, 139.154, 194.555, 5000.000, 0.000
136.726, 139.972, 195.738, 5000.000, 0.000
137.584, 140.787, 196.922, 5000.000, 0.000
138.394, 141.648, 198.103, 5000.000, 0.000
139.192, 142.521, 199.284, 5000.000, 0.000
139.942, 143.441, 200.464, 5000.000, 0.000
140.740, 144.313, 201.645, 5000.000, 0.000
141.550, 145.174, 202.827, 5000.000, 0.000
142.372, 146.024, 204.010, 5000.000, 0.000
143.205, 146.864, 205.192, 5000.000, 0.000
144.046, 147.694, 206.374, 5000.000, 0.000
144.897, 148.517, 207.557, 5000.000, 0.000
145.755, 149.332, 208.740, 5000.000, 0.000
146.620, 150.140, 209.924, 5000.000, 0.000
147.490, 150.943, 211.108, 5000.000, 0.000
148.365, 151.742, 212.293, 5000.000, 0.000
149.244, 152.537, 213.478, 5000.000, 0.000
150.126, 153.329, 214.663, 5000.000, 0.000
151.010, 154.119, 215.848, 5000.000, 0.000
151.894, 154.908, 217.034, 5000.000, 0.000
152.779, 155.698, 218.219, 5000.000, 0.000
153.662, 156.488, 219.405, 5000.000, 0.000
154.544, 157.280, 220.590, 5000.000, 0.000
155.423, 158.075, 221.775, 5000.000, 0.000
156.298, 158.873, 222.960, 5000.000, 0.000
157.169, 159.676, 224.144, 5000.000, 0.000
158.033, 160.485, 225.328, 5000.000, 0.000
158.891, 161.300, 226.511, 5000.000, 0.000
159.742, 162.122, 227.693, 5000.000, 0.000
160.584, 162.953, 228.875, 5000.000, 0.000
161.416, 163.792, 230.056, 5000.000, 0.000
162.238, 164.642, 231.237, 5000.000, 0.000
163.049, 165.503, 232.417, 5000.000, 0.000
163.847, 166.376, 233.596, 5000.000, 0.000
164.632, 167.261, 234.775, 5000.000, 0.000
165.452, 168.112, 235.957, 5000.000, 0.000
166.273, 168.963, 237.139, 5000.000, 0.000
167.094, 169.814, 238.322, 5000.000, 0.000
167.915, 170.665, 239.504, 5000.000, 0.000
168.736, 171.516, 240.686, 5000.000, 0.000
169.556, 172.367, 241.868, 5000.000, 0.000
170.377, 173.218, 243.051, 5000.000, 0.000
171.198, 174.068, 244.233, 5000.000, 0.000
172.019, 174.919, 245.415, 5000.000, 0.000
172.840, 175.770, 246.597, 5000.000, 0.000
173.661, 176.621, 247.780, 5000.000, 0.000
174.481, 177.472, 248.962, 5000.000, 0.000
175.302, 178.323, 250.144, 5000.000, 0.000
176.123, 179.174, 251.326, 5000.000, 0.000
176.908, 180.059, 252.509, 5000.000, 0.000
177.706, 180.932, 253.691, 5000.000, 0.000
178.517, 181.793, 254.873, 5000.000, 0.000
179.374, 182.608, 256.055, 5000.000, 0.000
180.229, 183.426, 257.238, 5000.000, 0.000
181.082, 184.247, 258.420, 5000.000, 0.000
181.931, 185.070, 259.602, 5000.000, 0.000
182.741, 185.931, 260.785, 5000.000, 0.000
183.562, 186.781, 261.967, 5000.000, 0.000
184.393, 187.623, 263.149, 5000.000, 0.000
185.232, 188.456, 264.332, 5000.000, 0.000
186.079, 189.282, 265.514, 5000.000, 0.000
186.932, 190.102, 266.697, 5000.000, 0.000
187.791, 190.916, 267.880, 5000.000, 0.000
188.655, 191.725, 269.064, 5000.000, 0.000
189.522, 192.531, 270.247, 5000.000, 0.000
190.392, 193.334, 271.431, 5000.000, 0.000
191.265, 194.136, 272.615, 5000.000, 0.000
192.138, 194.936, 273.800, 5000.000, 0.000
193.011, 195.736, 274.984, 5000.000, 0.000
193.883, 196.537, 276.168, 5000.000, 0.000
194.754, 197.341, 277.352, 5000.000, 0.000
195.621, 198.146, 278.536, 5000.000, 0.000
196.485, 198.956, 279.720, 5000.000, 0.000
197.344, 199.770, 280.903, 5000.000, 0.000
198.197, 200.589, 282.086, 5000.000, 0.000
199.044, 201.415, 283.269, 5000.000, 0.000
199.883, 202.249, 284.451, 5000.000, 0.000
200.714, 203.090, 285.633, 5000.000, 0.000
201.535, 203.941, 286.814, 5000.000, 0.000
202.395, 204.753, 287.998, 5000.000, 0.000
203.260, 205.562, 289.182, 5000.000, 0.000
204.128, 206.367, 290.366, 5000.000, 0.000
204.950, 207.217, 291.547, 5000.000, 0.000
205.761, 208.078, 292.728, 5000.000, 0.000
206.559, 208.951, 293.909, 5000.000, 0.000
207.344, 209.836, 295.091, 5000.000, 0.000
208.164, 210.687, 296.273, 5000.000, 0.000
208.985, 211.538, 297.455, 5000.000, 0.000
209.806, 212.389, 298.637, 5000.000, 0.000
210.627, 213.240, 299.820, 5000.000, 0.000
211.448, 214.091, 301.002, 5000.000, 0.000
212.268, 214.942, 302.184, 5000.000, 0.000
213.089, 215.792, 303.366, 5000.000, 0.000
213.910, 216.643, 304.549, 5000.000, 0.000
214.731, 217.494, 305.731, 5000.000, 0.000
215.552, 218.345, 306.913, 5000.000, 0.000
216.372, 219.196, 308.095, 5000.000, 0.000
217.193, 220.047, 309.278, 5000.000, 0.000
218.014, 220.898, 310.460, 5000.000, 0.000
218.835, 221.749, 311.642, 5000.000, 0.000
219.656, 222.600, 312.824, 5000.000, 0.000
220.477, 223.450, 314.007, 5000.000, 0.000
221.297, 224.301, 315.189, 5000.000, 0.000
222.118, 225.152, 316.371, 5000.000, 0.000
222.939, 226.003, 317.553, 5000.000, 0.000
223.760, 226.854, 318.736, 5000.000, 0.000
224.545, 227.740, 319.918, 5000.000, 0.000
225.343, 228.612, 321.101, 5000.000, 0.000
226.153, 229.473, 322.283, 5000.000, 0.000
226.975, 230.323, 323.465, 5000.000, 0.007
227.808, 231.163, 324.647, 5000.000, 0.025
228.614, 232.028, 325.830, 5000.000, 0.043
229.442, 232.872, 327.012, 5000.000, 0.062
230.289, 233.697, 328.194, 5000.000, 0.080
231.155, 234.504, 329.376, 5000.000, 0.098
232.037, 235.296, 330.559, 5000.000, 0.116
232.933, 236.074, 331.742, 5000.000, 0.134
233.842, 236.841, 332.925, 5000.000, 0.152
234.761, 237.597, 334.110, 5000.000, 0.171
235.724, 238.310, 335.297, 5000.000, 0.189
236.681, 239.030, 336.485, 5000.000, 0.207
237.630, 239.757, 337.673, 5000.000, 0.225
238.571, 240.492, 338.861, 5000.000, 0.243
239.502, 241.237, 340.054, 5000.000, 0.262
240.423, 241.991, 341.244, 5000.000, 0.280
241.332, 242.757, 342.432, 5000.000, 0.298
242.229, 243.534, 343.619, 5000.000, 0.316
243.113, 244.324, 344.804, 5000.000, 0.335
243.982, 245.128, 345.987, 5000.000, 0.353
244.836, 245.947, 347.169, 5000.000, 0.371
245.675, 246.781, 348.349, 5000.000, 0.389
246.496, 247.632, 349.528, 5000.000, 0.407
247.298, 248.500, 350.706, 5000.000, 0.425
248.082, 249.386, 351.884, 5000.000, 0.443
248.846, 250.292, 353.061, 5000.000, 0.461
249.590, 251.218, 354.238, 5000.000, 0.479
250.361, 252.116, 355.418, 5000.000, 0.498
251.125, 253.022, 356.599, 5000.000, 0.516
251.881, 253.935, 357.779, 5000.000, 0.534
252.630, 254.856, 358.960, 5000.000, 0.552
253.371, 255.784, 360.142, 5000.000, 0.570
254.154, 256.671, 361.324, 5000.000, 0.588
254.910, 257.585, 362.507, 5000.000, 0.606
255.687, 258.478, 363.690, 5000.000, 0.624
256.486, 259.350, 364.872, 5000.000, 0.643
257.306, 260.201, 366.054, 5000.000, 0.661
258.149, 261.030, 367.237, 5000.000, 0.679
259.014, 261.839, 368.420, 5000.000, 0.697
259.900, 262.627, 369.605, 5000.000, 0.715
260.758, 263.442, 370.788, 5000.000, 0.733
261.623, 264.250, 371.972, 5000.000, 0.752
262.493, 265.054, 373.156, 5000.000, 0.770
263.368, 265.852, 374.340, 5000.000, 0.788
264.247, 266.647, 375.525, 5000.000, 0.806
265.129, 267.439, 376.710, 5000.000, 0.824
266.013, 268.229, 377.895, 5000.000, 0.842
266.897, 269.019, 379.081, 5000.000, 0.861
267.782, 269.808, 380.266, 5000.000, 0.879
268.665, 270.598, 381.451, 5000.000, 0.897
269.547, 271.390, 382.636, 5000.000, 0.915
270.426, 272.185, 383.821, 5000.000, 0.933
271.301, 272.984, 385.006, 5000.000, 0.952
272.172, 273.787, 386.190, 5000.000, 0.970
273.036, 274.595, 387.374, 5000.000, 0.988
273.894, 275.410, 388.557, 5000.000, 1.006
274.745, 276.232, 389.740, 5000.000, 1.024
275.587, 277.063, 390.922, 5000.000, 1.042
276.383, 277.937, 392.105, 5000.000, 1.061
277.183, 278.809, 393.288, 5000.000, 1.079
277.983, 279.680, 394.470, 5000.000, 1.097
278.818, 280.517, 395.652, 5000.000, 1.115
279.637, 281.369, 396.834, 5000.000, 1.133
280.489, 282.190, 398.016, 5000.000, 1.151
281.339, 283.013, 399.198, 5000.000, 1.169
282.185, 283.839, 400.380, 5000.000, 1.188
283.029, 284.668, 401.563, 5000.000, 1.206
283.869, 285.500, 402.745, 5000.000, 1.224
284.707, 286.334, 403.928, 5000.000, 1.242
285.542, 287.172, 405.110, 5000.000, 1.260
286.375, 288.011, 406.292, 5000.000, 1.278
287.204, 288.854, 407.475, 5000.000, 1.296
288.030, 289.700, 408.657, 5000.000, 1.315
288.854, 290.548, 409.839, 5000.000, 1.333
289.675, 291.399, 411.021, 5000.000, 1.351
290.457, 292.287, 412.203, 5000.000, 1.369
291.249, 293.165, 413.385, 5000.000, 1.387
292.051, 294.034, 414.567, 5000.000, 1.405
292.862, 294.895, 415.750, 5000.000, 1.423
293.680, 295.748, 416.932, 5000.000, 1.442
294.505, 296.595, 418.114, 5000.000, 1.460
295.335, 297.437, 419.297, 5000.000, 1.478
296.171, 298.274, 420.479, 5000.000, 1.496
297.010, 299.107, 421.661, 5000.000, 1.514
297.852, 299.938, 422.844, 5000.000, 1.532
298.695, 300.766, 424.027, 5000.000, 1.550
299.540, 301.594, 425.209, 5000.000, 1.569
300.385, 302.422, 426.392, 5000.000, 1.587
301.279, 303.202, 427.576, 5000.000, 1.605
302.186, 303.970, 428.762, 5000.000, 1.623
303.106, 304.725, 429.949, 5000.000, 1.641
303.990, 305.515, 431.134, 5000.000, 1.660
304.872, 306.307, 432.318, 5000.000, 1.678
305.751, 307.102, 433.503, 5000.000, 1.696
306.626, 307.900, 434.688, 5000.000, 1.714
307.496, 308.703, 435.872, 5000.000, 1.732
308.361, 309.512, 437.056, 5000.000, 1.750
309.219, 310.327, 438.239, 5000.000, 1.769
310.070, 311.149, 439.422, 5000.000, 1.787
310.911, 311.980, 440.604, 5000.000, 1.805
311.744, 312.820, 441.786, 5000.000, 1.823
312.566, 313.669, 442.967, 5000.000, 1.841
313.376, 314.530, 444.150, 5000.000, 1.859
314.174, 315.403, 445.332, 5000.000, 1.877
314.959, 316.288, 446.515, 5000.000, 1.896
315.780, 317.139, 447.697, 5000.000, 1.914
316.601, 317.990, 448.879, 5000.000, 1.932
317.422, 318.841, 450.061, 5000.000, 1.950
318.243, 319.692, 451.244, 5000.000, 1.968
319.063, 320.543, 452.426, 5000.000, 1.986
319.884, 321.394, 453.608, 5000.000, 2.004
320.705, 322.245, 454.790, 5000.000, 2.023
321.526, 323.096, 455.972, 5000.000, 2.041
322.347, 323.946, 457.155, 5000.000, 2.059
323.167, 324.797, 458.337, 5000.000, 2.077
323.988, 325.648, 459.519, 5000.000, 2.095
324.773, 326.534, 460.702, 5000.000, 2.113
325.571, 327.406, 461.884, 5000.000, 2.131
326.382, 328.267, 463.067, 5000.000, 2.150
327.204, 329.117, 464.249, 5000.000, 2.168
328.036, 329.957, 465.431, 5000.000, 2.186
328.878, 330.787, 466.613, 5000.000, 2.204
329.729, 331.610, 467.795, 5000.000, 2.222
330.587, 332.425, 468.977, 5000.000, 2.240
331.451, 333.233, 470.161, 5000.000, 2.258
332.322, 334.036, 471.345, 5000.000, 2.277
333.197, 334.835, 472.530, 5000.000, 2.295
334.076, 335.630, 473.715, 5000.000, 2.313
334.957, 336.422, 474.900, 5000.000, 2.331
335.841, 337.212, 476.085, 5000.000, 2.349
336.726, 338.001, 477.271, 5000.000, 2.368
337.610, 338.791, 478.456, 5000.000, 2.386
338.494, 339.581, 479.642, 5000.000, 2.404
339.376, 340.373, 480.827, 5000.000, 2.422
340.255, 341.168, 482.012, 5000.000, 2.440
341.130, 341.966, 483.197, 5000.000, 2.459
342.000, 342.769, 484.381, 5000.000, 2.477
342.865, 343.578, 485.565, 5000.000, 2.495
343.723, 344.393, 486.748, 5000.000, 2.513
344.573, 345.215, 487.930, 5000.000, 2.531
345.415, 346.046, 489.112, 5000.000, 2.549
346.248, 346.886, 490.293, 5000.000, 2.567
347.070, 347.735, 491.474, 5000.000, 2.586
347.880, 348.596, 492.654, 5000.000, 2.604
348.678, 349.469, 493.833, 5000.000, 2.622
349.463, 350.354, 495.012, 5000.000, 2.640
350.284, 351.205, 496.194, 5000.000, 2.658
351.069, 352.091, 497.377, 5000.000, 2.676
351.867, 352.963, 498.559, 5000.000, 2.694
352.678, 353.824, 499.742, 5000.000, 2.712
353.500, 354.674, 500.924, 5000.000, 2.731
354.332, 355.514, 502.106, 5000.000, 2.749
355.174, 356.344, 503.288, 5000.000, 2.767
356.024, 357.167, 504.470, 5000.000, 2.785
356.882, 357.982, 505.652, 5000.000, 2.803
357.747, 358.790, 506.835, 5000.000, 2.821
358.618, 359.593, 508.018, 5000.000, 2.839
359.493, 360.392, 509.201, 5000.000, 2.858
360.372, 361.187, 510.385, 5000.000, 2.876
361.253, 361.979, 511.569, 5000.000, 2.894
362.137, 362.769, 512.753, 5000.000, 2.912
363.022, 363.558, 513.937, 5000.000, 2.930
363.906, 364.348, 515.122, 5000.000, 2.949
364.790, 365.138, 516.306, 5000.000, 2.967
365.672, 365.930, 517.491, 5000.000, 2.985
366.551, 366.725, 518.675, 5000.000, 3.003
367.426, 367.523, 519.860, 5000.000, 3.021
368.296, 368.326, 521.044, 5000.000, 3.039
369.161, 369.135, 522.228, 5000.000, 3.058
370.019, 369.950, 523.411, 5000.000, 3.076
370.869, 370.772, 524.594, 5000.000, 3.094
371.711, 371.603, 525.776, 5000.000, 3.112
372.544, 372.442, 526.958, 5000.000, 3.130
373.366, 373.292, 528.140, 5000.000, 3.148
374.176, 374.153, 529.322, 5000.000, 3.166
374.974, 375.026, 530.503, 5000.000, 3.185
375.759, 375.911, 531.685, 5000.000, 3.203
376.580, 376.762, 532.867, 5000.000, 3.221
377.401, 377.613, 534.049, 5000.000, 3.239
378.222, 378.464, 535.231, 5000.000, 3.257
379.042, 379.315, 536.413, 5000.000, 3.275
379.863, 380.166, 537.596, 5000.000, 3.293
380.684, 381.017, 538.778, 5000.000, 3.312
381.505, 381.868, 539.960, 5000.000, 3.330
382.326, 382.718, 541.142, 5000.000, 3.348
383.146, 383.569, 542.325, 5000.000, 3.366
383.967, 384.420, 543.507, 5000.000, 3.384
384.788, 385.271, 544.689, 5000.000, 3.402
385.609, 386.122, 545.871, 5000.000, 3.420
386.430, 386.973, 547.054, 5000.000, 3.439
387.250, 387.824, 548.236, 5000.000, 3.457
388.071, 388.675, 549.418, 5000.000, 3.475
388.892, 389.526, 550.601, 5000.000, 3.493
389.713, 390.377, 551.783, 5000.000, 3.511
390.534, 391.227, 552.965, 5000.000, 3.529
391.319, 392.113, 554.147, 5000.000, 3.547
392.117, 392.986, 555.330, 5000.000, 3.566
392.927, 393.846, 556.512, 5000.000, 3.584
393.749, 394.696, 557.694, 5000.000, 3.602
394.582, 395.536, 558.877, 5000.000, 3.620
395.424, 396.367, 560.059, 5000.000, 3.638
396.274, 397.189, 561.241, 5000.000, 3.656
397.132, 398.004, 562.423, 5000.000, 3.674
397.997, 398.812, 563.606, 5000.000, 3.693
398.867, 399.615, 564.789, 5000.000, 3.711
399.742, 400.414, 565.972, 5000.000, 3.729
400.621, 401.209, 567.155, 5000.000, 3.747
401.503, 402.001, 568.338, 5000.000, 3.765
402.387, 402.791, 569.522, 5000.000, 3.783
403.271, 403.580, 570.706, 5000.000, 3.802
404.156, 404.370, 571.891, 5000.000, 3.820
405.039, 405.160, 573.075, 5000.000, 3.838
405.921, 405.952, 574.260, 5000.000, 3.856
406.800, 406.747, 575.445, 5000.000, 3.874
407.675, 407.545, 576.630, 5000.000, 3.892
408.546, 408.349, 577.814, 5000.000, 3.911
409.410, 409.157, 578.998, 5000.000, 3.929
410.268, 409.972, 580.181, 5000.000, 3.947
411.119, 410.794, 581.364, 5000.000, 3.965
411.961, 411.625, 582.546, 5000.000, 3.983
412.793, 412.465, 583.727, 5000.000, 4.001
413.615, 413.314, 584.908, 5000.000, 4.020
414.426, 414.175, 586.089, 5000.000, 4.038
415.224, 415.048, 587.270, 5000.000, 4.056
415.973, 415.968, 588.449, 5000.000, 4.074
416.771, 416.841, 589.630, 5000.000, 4.092
417.582, 417.702, 590.812, 5000.000, 4.110
418.404, 418.551, 591.994, 5000.000, 4.128
419.236, 419.391, 593.176, 5000.000, 4.146
420.078, 420.222, 594.359, 5000.000, 4.165
420.928, 421.044, 595.541, 5000.000, 4.183
421.786, 421.859, 596.725, 5000.000, 4.201
422.651, 422.668, 597.908, 5000.000, 4.219
423.521, 423.471, 599.091, 5000.000, 4.237
424.396, 424.269, 600.276, 5000.000, 4.255
425.275, 425.064, 601.461, 5000.000, 4.274
426.157, 425.856, 602.646, 5000.000, 4.292
427.041, 426.646, 603.832, 5000.000, 4.310
427.925, 427.436, 605.017, 5000.000, 4.328
428.810, 428.225, 606.203, 5000.000, 4.346
429.694, 429.015, 607.388, 5000.000, 4.365
430.576, 429.807, 608.574, 5000.000, 4.383
431.454, 430.602, 609.759, 5000.000, 4.401
432.330, 431.401, 610.943, 5000.000, 4.419
433.200, 432.204, 612.127, 5000.000, 4.437
434.065, 433.012, 613.311, 5000.000, 4.455
434.923, 433.827, 614.494, 5000.000, 4.474
435.737, 434.684, 615.674, 5000.000, 4.492
436.556, 435.537, 616.854, 5000.000, 4.510
437.379, 436.386, 618.034, 5000.000, 4.528
438.202, 437.235, 619.215, 5000.000, 4.546
439.024, 438.084, 620.396, 5000.000, 4.564
439.843, 438.937, 621.577, 5000.000, 4.582
440.658, 439.794, 622.758, 5000.000, 4.600
441.552, 440.574, 623.943, 5000.000, 4.619
442.403, 441.396, 625.126, 5000.000, 4.637
443.261, 442.211, 626.310, 5000.000, 4.655
444.125, 443.020, 627.493, 5000.000, 4.673
444.993, 443.825, 628.677, 5000.000, 4.691
445.865, 444.626, 629.862, 5000.000, 4.709
446.741, 445.425, 631.046, 5000.000, 4.728
447.654, 446.187, 632.234, 5000.000, 4.746
448.554, 446.961, 633.421, 5000.000, 4.764
449.442, 447.747, 634.607, 5000.000, 4.782
450.318, 448.544, 635.792, 5000.000, 4.800
451.182, 449.354, 636.975, 5000.000, 4.819
452.033, 450.176, 638.158, 5000.000, 4.837
452.872, 451.009, 639.339, 5000.000, 4.855
453.698, 451.854, 640.520, 5000.000, 4.873
454.512, 452.712, 641.700, 5000.000, 4.891
455.314, 453.581, 642.880, 5000.000, 4.909
456.104, 454.462, 644.059, 5000.000, 4.927
456.881, 455.355, 645.238, 5000.000, 4.945
457.610, 456.295, 646.415, 5000.000, 4.963
458.340, 457.233, 647.594, 5000.000, 4.982
459.069, 458.172, 648.774, 5000.000, 5.000
459.798, 459.112, 649.955, 5000.000, 5.018
460.575, 460.005, 651.136, 5000.000, 5.036
461.365, 460.886, 652.320, 5000.000, 5.054
462.167, 461.755, 653.502, 5000.000, 5.072
462.981, 462.612, 654.684, 5000.000, 5.090
463.807, 463.458, 655.866, 5000.000, 5.109
464.646, 464.291, 657.048, 5000.000, 5.127
465.497, 465.113, 658.230, 5000.000, 5.145
466.311, 465.971, 659.412, 5000.000, 5.163
467.171, 466.783, 660.595, 5000.000, 5.181
468.044, 467.585, 661.777, 5000.000, 5.199
468.927, 468.375, 662.961, 5000.000, 5.217
469.822, 469.154, 664.145, 5000.000, 5.236
470.728, 469.923, 665.330, 5000.000, 5.254
471.646, 470.680, 666.516, 5000.000, 5.272
472.525, 471.475, 667.700, 5000.000, 5.290
473.400, 472.274, 668.885, 5000.000, 5.308
474.270, 473.077, 670.069, 5000.000, 5.326
475.135, 473.885, 671.253, 5000.000, 5.345
475.993, 474.700, 672.436, 5000.000, 5.363
476.843, 475.523, 673.619, 5000.000, 5.381
477.685, 476.353, 674.801, 5000.000, 5.399
478.518, 477.193, 675.983, 5000.000, 5.417
479.340, 478.043, 677.165, 5000.000, 5.435
480.150, 478.904, 678.347, 5000.000, 5.454
480.913, 479.811, 679.531, 5000.000, 5.472
481.675, 480.718, 680.716, 5000.000, 5.490
482.485, 481.579, 681.898, 5000.000, 5.508
483.307, 482.429, 683.079, 5000.000, 5.526
484.140, 483.269, 684.260, 5000.000, 5.544
484.982, 484.099, 685.442, 5000.000, 5.562
485.832, 484.921, 686.623, 5000.000, 5.581
486.690, 485.736, 687.805, 5000.000, 5.599
487.555, 486.545, 688.987, 5000.000, 5.617
488.425, 487.348, 690.170, 5000.000, 5.635
489.300, 488.147, 691.353, 5000.000, 5.653
490.179, 488.941, 692.536, 5000.000, 5.671
491.061, 489.733, 693.720, 5000.000, 5.689
491.945, 490.524, 694.903, 5000.000, 5.708
492.829, 491.313, 696.087, 5000.000, 5.726
493.714, 492.102, 697.272, 5000.000, 5.744
494.598, 492.893, 698.456, 5000.000, 5.762
495.479, 493.685, 699.641, 5000.000, 5.780
496.358, 494.480, 700.825, 5000.000, 5.799
497.233, 495.278, 702.009, 5000.000, 5.817
498.104, 496.081, 703.193, 5000.000, 5.835
498.968, 496.890, 704.377, 5000.000, 5.853
499.826, 497.705, 705.560, 5000.000, 5.871
500.677, 498.527, 706.743, 5000.000, 5.889
501.519, 499.358, 707.926, 5000.000, 5.907
502.351, 500.197, 709.108, 5000.000, 5.926
503.173, 501.047, 710.290, 5000.000, 5.944
503.984, 501.908, 711.471, 5000.000, 5.962
504.782, 502.781, 712.652, 5000.000, 5.980
505.567, 503.666, 713.834, 5000.000, 5.998
506.388, 504.517, 715.016, 5000.000, 6.016
507.208, 505.368, 716.198, 5000.000, 6.034
508.029, 506.219, 717.381, 5000.000, 6.053
508.850, 507.070, 718.563, 5000.000, 6.071
509.671, 507.921, 719.745, 5000.000, 6.089
510.492, 508.771, 720.927, 5000.000, 6.107
511.277, 509.657, 722.109, 5000.000, 6.125
512.075, 510.530, 723.292, 5000.000, 6.143
512.885, 511.390, 724.474, 5000.000, 6.161
513.707, 512.240, 725.656, 5000.000, 6.180
514.540, 513.080, 726.838, 5000.000, 6.198
515.381, 513.911, 728.021, 5000.000, 6.216
516.232, 514.733, 729.203, 5000.000, 6.234
517.090, 515.548, 730.386, 5000.000, 6.252
517.955, 516.356, 731.570, 5000.000, 6.270
518.825, 517.159, 732.754, 5000.000, 6.289
519.700, 517.958, 733.939, 5000.000, 6.307
520.579, 518.753, 735.124, 5000.000, 6.325
521.461, 519.545, 736.309, 5000.000, 6.343
522.345, 520.335, 737.495, 5000.000, 6.361
523.229, 521.124, 738.680, 5000.000, 6.379
524.114, 521.914, 739.866, 5000.000, 6.398
524.997, 522.704, 741.051, 5000.000, 6.416
525.879, 523.496, 742.236, 5000.000, 6.434
526.758, 524.291, 743.421, 5000.000, 6.452
527.633, 525.089, 744.606, 5000.000, 6.470
528.504, 525.893, 745.790, 5000.000, 6.489
529.368, 526.701, 746.974, 5000.000, 6.507
530.226, 527.516, 748.157, 5000.000, 6.525
531.077, 528.338, 749.340, 5000.000, 6.543
531.919, 529.169, 750.521, 5000.000, 6.561
532.751, 530.009, 751.703, 5000.000, 6.579
533.573, 530.858, 752.883, 5000.000, 6.597
534.384, 531.719, 754.063, 5000.000, 6.616
535.182, 532.592, 755.242, 5000.000, 6.634
535.967, 533.477, 756.426, 5000.000, 6.652
536.752, 534.363, 757.609, 5000.000, 6.670
537.550, 535.236, 758.792, 5000.000, 6.688
538.360, 536.097, 759.974, 5000.000, 6.706
539.182, 536.946, 761.155, 5000.000, 6.724
540.015, 537.786, 762.337, 5000.000, 6.743
540.857, 538.617, 763.519, 5000.000, 6.761
541.707, 539.439, 764.701, 5000.000, 6.779
542.565, 540.254, 765.883, 5000.000, 6.797
543.430, 541.062, 767.065, 5000.000, 6.815
544.300, 541.866, 768.248, 5000.000, 6.833
545.175, 542.664, 769.431, 5000.000, 6.851
546.054, 543.459, 770.614, 5000.000, 6.870
546.936, 544.251, 771.798, 5000.000, 6.888
547.820, 545.041, 772.982, 5000.000, 6.906
548.704, 545.831, 774.166, 5000.000, 6.924
549.589, 546.620, 775.351, 5000.000, 6.942
550.472, 547.410, 776.535, 5000.000, 6.960
551.354, 548.202, 777.720, 5000.000, 6.979
552.233, 548.997, 778.904, 5000.000, 6.997
553.108, 549.796, 780.088, 5000.000, 7.015
553.979, 550.599, 781.272, 5000.000, 7.033
554.843, 551.407, 782.456, 5000.000, 7.051
555.701, 552.222, 783.640, 5000.000, 7.069
556.552, 553.044, 784.823, 5000.000, 7.088
557.358, 553.910, 786.003, 5000.000, 7.106
558.168, 554.771, 787.185, 5000.000, 7.124
558.979, 555.631, 788.367, 5000.000, 7.142
559.791, 556.491, 789.549, 5000.000, 7.160
560.601, 557.352, 790.731, 5000.000, 7.178
561.407, 558.217, 791.913, 5000.000, 7.196
562.257, 559.040, 793.095, 5000.000, 7.215
563.115, 559.855, 794.278, 5000.000, 7.233
563.980, 560.663, 795.461, 5000.000, 7.251
564.850, 561.466, 796.644, 5000.000, 7.269
565.725, 562.265, 797.828, 5000.000, 7.287
566.604, 563.060, 799.012, 5000.000, 7.305
567.486, 563.852, 800.196, 5000.000, 7.324
568.370, 564.642, 801.380, 5000.000, 7.342
569.254, 565.431, 802.565, 5000.000, 7.360
570.139, 566.221, 803.749, 5000.000, 7.378
571.023, 567.011, 804.934, 5000.000, 7.396
571.904, 567.803, 806.118, 5000.000, 7.414
572.783, 568.598, 807.303, 5000.000, 7.433
573.659, 569.396, 808.488, 5000.000, 7.451
574.493, 570.234, 809.669, 5000.000, 7.469
575.335, 571.064, 810.852, 5000.000, 7.487
576.183, 571.889, 812.035, 5000.000, 7.505
577.034, 572.710, 813.218, 5000.000, 7.523
577.888, 573.530, 814.401, 5000.000, 7.542
578.741, 574.349, 815.584, 5000.000, 7.560
579.593, 575.170, 816.767, 5000.000, 7.578
580.441, 575.995, 817.950, 5000.000, 7.596
581.283, 576.826, 819.132, 5000.000, 7.614
582.117, 577.663, 820.315, 5000.000, 7.632
582.992, 578.462, 821.499, 5000.000, 7.651
583.871, 579.257, 822.683, 5000.000, 7.669
584.753, 580.049, 823.868, 5000.000, 7.687
585.637, 580.839, 825.053, 5000.000, 7.705
586.521, 581.628, 826.238, 5000.000, 7.723
587.406, 582.418, 827.423, 5000.000, 7.741
588.290, 583.208, 828.608, 5000.000, 7.760
589.171, 584.000, 829.793, 5000.000, 7.778
590.050, 584.795, 830.978, 5000.000, 7.796
590.926, 585.593, 832.162, 5000.000, 7.814
591.796, 586.396, 833.346, 5000.000, 7.832
592.661, 587.205, 834.530, 5000.000, 7.850
593.483, 588.055, 835.712, 5000.000, 7.869
594.311, 588.899, 836.894, 5000.000, 7.887
595.142, 589.739, 838.076, 5000.000, 7.905
595.976, 590.578, 839.259, 5000.000, 7.923
596.809, 591.416, 840.441, 5000.000, 7.941
597.641, 592.257, 841.623, 5000.000, 7.959
598.469, 593.101, 842.806, 5000.000, 7.978
599.291, 593.951, 843.988, 5000.000, 7.996
600.156, 594.759, 845.171, 5000.000, 8.014
601.026, 595.562, 846.354, 5000.000, 8.032
601.901, 596.361, 847.538, 5000.000, 8.050
602.780, 597.156, 848.722, 5000.000, 8.068
603.626, 597.982, 849.905, 5000.000, 8.086
604.523, 598.760, 851.090, 5000.000, 8.105
605.420, 599.537, 852.275, 4997.554, 8.123
606.316, 600.315, 853.460, 4992.108, 8.141
607.210, 601.096, 854.646, 4983.721, 8.159
608.101, 601.879, 855.831, 4975.641, 8.177
608.953, 602.700, 857.014, 4966.602, 8.196
609.813, 603.513, 858.198, 4958.598, 8.214
610.680, 604.319, 859.382, 4950.997, 8.232
611.551, 605.121, 860.566, 4944.896, 8.250
612.426, 605.921, 861.751, 4936.969, 8.268
613.301, 606.719, 862.935, 4927.716, 8.286
614.175, 607.518, 864.120, 4917.029, 8.305
615.047, 608.320, 865.304, 4904.327, 8.323
615.913, 609.127, 866.488, 4889.966, 8.341
616.774, 609.940, 867.672, 4874.487, 8.359
617.625, 610.761, 868.854, 4857.325, 8.377
618.466, 611.592, 870.036, 4839.442, 8.395
619.345, 612.387, 871.221, 4819.500, 8.414
620.225, 613.181, 872.406, 4800.492, 8.432
621.105, 613.975, 873.591, 4782.608, 8.450
621.984, 614.770, 874.776, 4762.896, 8.468
622.861, 615.566, 875.961, 4742.811, 8.486
623.735, 616.366, 877.146, 4722.674, 8.505
624.570, 617.203, 878.327, 4702.323, 8.523
625.413, 618.033, 879.509, 4683.183, 8.541
626.262, 618.856, 880.692, 4665.899, 8.559
627.117, 619.674, 881.875, 4648.244, 8.577
627.974, 620.490, 883.058, 4631.488, 8.595
628.832, 621.305, 884.242, 4616.023, 8.613
629.740, 622.072, 885.429, 4602.078, 8.632
630.609, 622.876, 886.613, 4586.550, 8.650
631.475, 623.683, 887.797, 4571.855, 8.668
632.335, 624.496, 888.980, 4556.486, 8.686
633.188, 625.317, 890.163, 4541.841, 8.704
634.031, 626.146, 891.346, 4528.591, 8.722
634.913, 626.938, 892.531, 4518.144, 8.741
635.796, 627.729, 893.716, 4508.127, 8.759
636.681, 628.518, 894.901, 4499.166, 8.777
637.565, 629.307, 896.086, 4488.663, 8.795
638.449, 630.097, 897.272, 4478.695, 8.813
639.295, 630.924, 898.454, 4466.080, 8.832
640.151, 631.741, 899.637, 4452.231, 8.850
641.016, 632.549, 900.821, 4437.488, 8.868
641.888, 633.351, 902.005, 4421.827, 8.886
642.764, 634.149, 903.190, 4405.370, 8.904
643.643, 634.943, 904.375, 4391.312, 8.922
644.523, 635.737, 905.560, 4377.527, 8.941
645.402, 636.532, 906.745, 4365.198, 8.959
646.279, 637.329, 907.930, 4351.719, 8.977
647.150, 638.131, 909.114, 4338.719, 8.995
648.015, 638.939, 910.298, 4324.587, 9.013
648.871, 639.756, 911.481, 4307.764, 9.031
649.717, 640.583, 912.664, 4288.376, 9.050
650.601, 641.373, 913.849, 4268.148, 9.068
651.485, 642.162, 915.034, 4246.241, 9.086
652.334, 642.986, 916.217, 4223.832, 9.104
653.195, 643.798, 917.400, 4201.803, 9.122
654.067, 644.600, 918.585, 4181.032, 9.140
654.947, 645.394, 919.770, 4161.494, 9.159
655.833, 646.181, 920.955, 4141.973, 9.177
656.725, 646.964, 922.141, 4123.322, 9.195
657.619, 647.744, 923.328, 4103.008, 9.213
658.515, 648.523, 924.514, 4082.305, 9.231
659.409, 649.303, 925.700, 4061.547, 9.250
660.300, 650.086, 926.887, 4042.076, 9.268
661.187, 650.873, 928.072, 4022.851, 9.286
662.067, 651.667, 929.258, 4005.178, 9.304
662.903, 652.504, 930.439, 3988.062, 9.322
663.741, 653.337, 931.620, 3972.315, 9.341
664.580, 654.171, 932.801, 3956.766, 9.359
665.465, 654.960, 933.987, 3943.160, 9.377
666.361, 655.739, 935.173, 3928.944, 9.395
667.263, 656.510, 936.361, 3914.464, 9.413
668.172, 657.277, 937.548, 3899.606, 9.432
669.084, 658.039, 938.737, 3885.178, 9.450
669.999, 658.800, 939.927, 3870.690, 9.468
670.913, 659.561, 941.116, 3857.196, 9.486
671.825, 660.323, 942.305, 3843.308, 9.505
672.734, 661.090, 943.494, 3831.125, 9.523
673.601, 661.896, 944.676, 3817.713, 9.541
674.473, 662.697, 945.860, 3803.371, 9.559
675.349, 663.495, 947.044, 3787.194, 9.577
676.224, 664.293, 948.229, 3768.747, 9.595
677.097, 665.094, 949.413, 3748.467, 9.614
677.964, 665.900, 950.596, 3727.730, 9.632
678.837, 666.701, 951.780, 3707.391, 9.650
679.726, 667.486, 952.967, 3689.026, 9.668
680.666, 668.222, 954.158, 3671.156, 9.686
681.604, 668.959, 955.350, 3654.056, 9.705
682.539, 669.701, 956.542, 3637.654, 9.723
683.467, 670.448, 957.733, 3621.124, 9.741
684.388, 671.202, 958.923, 3604.276, 9.760
685.299, 671.966, 960.112, 3586.757, 9.778
686.163, 672.775, 961.295, 3569.638, 9.796
687.028, 673.584, 962.477, 3551.953, 9.814
687.925, 674.361, 963.664, 3535.100, 9.832
688.767, 675.191, 964.847, 3518.855, 9.850
689.652, 675.981, 966.032, 3504.235, 9.869
690.541, 676.765, 967.218, 3490.286, 9.887
691.434, 677.547, 968.404, 3476.959, 9.905
692.327, 678.328, 969.590, 3464.271, 9.923
693.220, 679.110, 970.777, 3451.941, 9.941
694.109, 679.894, 971.963, 3438.466, 9.960
694.994, 680.683, 973.148, 3425.313, 9.978
695.872, 681.479, 974.333, 3412.614, 9.996
696.742, 682.283, 975.517, 3400.339, 10.014
697.565, 683.131, 976.697, 3387.803, 10.032
698.389, 683.979, 977.877, 3375.952, 10.050
699.212, 684.828, 979.058, 3362.928, 10.069
700.079, 685.634, 980.242, 3348.646, 10.087
700.955, 686.432, 981.426, 3332.899, 10.105
701.836, 687.225, 982.611, 3316.817, 10.123
702.720, 688.014, 983.797, 3300.870, 10.141
703.607, 688.802, 984.982, 3285.673, 10.160
704.494, 689.589, 986.168, 3271.309, 10.178
705.429, 690.330, 987.358, 3258.375, 10.196
706.375, 691.060, 988.549, 3245.478, 10.214
707.282, 691.828, 989.737, 3233.826, 10.232
708.147, 692.636, 990.921, 3222.507, 10.251
709.018, 693.439, 992.105, 3211.173, 10.269
709.891, 694.238, 993.289, 3198.910, 10.287
710.765, 695.038, 994.474, 3186.628, 10.305
711.636, 695.841, 995.658, 3174.352, 10.323
712.551, 696.601, 996.846, 3162.221, 10.342
713.473, 697.354, 998.036, 3150.592, 10.360
714.349, 698.152, 999.220, 3139.042, 10.378
715.263, 698.912, 1000.409, 3127.262, 10.396
716.178, 699.673, 1001.598, 3115.256, 10.414
717.054, 700.470, 1002.783, 3104.199, 10.433
717.940, 701.258, 1003.968, 3093.888, 10.451
718.833, 702.040, 1005.155, 3082.312, 10.469
719.729, 702.818, 1006.342, 3070.346, 10.487
720.626, 703.595, 1007.529, 3058.794, 10.506
721.522, 704.374, 1008.715, 3047.409, 10.524
722.412, 705.157, 1009.902, 3035.634, 10.542
723.296, 705.948, 1011.087, 3023.475, 10.560
724.182, 706.735, 1012.273, 3011.242, 10.578
725.085, 707.508, 1013.460, 2998.893, 10.597
725.999, 708.268, 1014.649, 2986.807, 10.615
726.923, 709.020, 1015.839, 2975.862, 10.633
727.854, 709.765, 1017.031, 2964.664, 10.651
728.788, 710.506, 1018.224, 2952.799, 10.670
729.723, 711.247, 1019.417, 2940.545, 10.688
730.657, 711.989, 1020.610, 2929.132, 10.706
731.585, 712.736, 1021.801, 2918.344, 10.725
732.506, 713.490, 1022.992, 2907.490, 10.743
733.417, 714.254, 1024.180, 2896.788, 10.761
734.314, 715.031, 1025.367, 2885.103, 10.779
735.210, 715.810, 1026.553, 2872.866, 10.797
736.115, 716.580, 1027.741, 2861.124, 10.816
737.026, 717.343, 1028.930, 2849.042, 10.834
737.942, 718.103, 1030.119, 2835.871, 10.852
738.858, 718.861, 1031.309, 2822.014, 10.870
739.773, 719.622, 1032.498, 2808.124, 10.889
740.682, 720.387, 1033.687, 2794.726, 10.907
741.584, 721.160, 1034.874, 2781.640, 10.925
742.476, 721.942, 1036.060, 2769.048, 10.943
743.319, 722.772, 1037.239, 2756.698, 10.961
744.208, 723.557, 1038.425, 2744.073, 10.980
745.107, 724.333, 1039.612, 2731.410, 10.998
746.011, 725.103, 1040.800, 2719.261, 11.016
746.917, 725.871, 1041.988, 2706.733, 11.034
747.824, 726.639, 1043.176, 2694.077, 11.053
748.728, 727.410, 1044.364, 2681.315, 11.071
749.627, 728.186, 1045.551, 2669.454, 11.089
750.516, 728.970, 1046.737, 2657.695, 11.107
751.445, 729.717, 1047.929, 2646.089, 11.126
752.338, 730.498, 1049.115, 2635.100, 11.144
753.244, 731.267, 1050.303, 2624.117, 11.162
754.160, 732.027, 1051.493, 2612.475, 11.180
755.082, 732.780, 1052.683, 2601.173, 11.199
756.007, 733.529, 1053.874, 2589.654, 11.217
756.934, 734.278, 1055.065, 2578.408, 11.235
757.823, 735.063, 1056.251, 2566.347, 11.253
758.721, 735.840, 1057.438, 2555.319, 11.271
759.623, 736.612, 1058.626, 2544.654, 11.290
760.526, 737.384, 1059.813, 2534.226, 11.308
761.427, 738.158, 1061.001, 2524.134, 11.326
762.371, 738.890, 1062.194, 2514.989, 11.344
763.319, 739.618, 1063.389, 2505.179, 11.363
764.270, 740.343, 1064.583, 2495.685, 11.381
765.219, 741.070, 1065.778, 2486.352, 11.399
766.165, 741.800, 1066.972, 2477.233, 11.418
767.068, 742.572, 1068.160, 2467.982, 11.436
767.975, 743.340, 1069.348, 2458.591, 11.454
768.882, 744.107, 1070.537, 2449.376, 11.473
769.786, 744.879, 1071.724, 2440.087, 11.491
770.731, 745.609, 1072.918, 2431.052, 11.509
771.681, 746.336, 1074.113, 2422.480, 11.527
772.632, 747.061, 1075.309, 2414.296, 11.546
773.580, 747.789, 1076.504, 2406.432, 11.564
774.488, 748.556, 1077.692, 2399.077, 11.582
775.402, 749.317, 1078.881, 2391.789, 11.601
776.317, 750.077, 1080.071, 2384.738, 11.619
777.231, 750.838, 1081.260, 2377.241, 11.637
778.139, 751.605, 1082.448, 2370.218, 11.655
779.038, 752.381, 1083.635, 2363.259, 11.674
779.973, 753.121, 1084.828, 2356.037, 11.692
780.870, 753.898, 1086.014, 2349.448, 11.710
781.777, 754.667, 1087.202, 2343.190, 11.728
782.687, 755.431, 1088.391, 2336.782, 11.747
783.599, 756.194, 1089.580, 2330.542, 11.765
784.508, 756.960, 1090.769, 2324.586, 11.783
785.461, 757.684, 1091.964, 2319.436, 11.801
786.418, 758.403, 1093.160, 2313.637, 11.820
787.377, 759.120, 1094.357, 2308.198, 11.838
788.299, 759.873, 1095.548, 2302.863, 11.856
789.231, 760.617, 1096.740, 2298.086, 11.875
790.168, 761.356, 1097.933, 2293.153, 11.893
791.107, 762.092, 1099.127, 2289.113, 11.911
792.045, 762.831, 1100.320, 2284.738, 11.930
792.977, 763.575, 1101.512, 2279.945, 11.948
793.899, 764.328, 1102.703, 2274.702, 11.966
794.822, 765.080, 1103.894, 2269.407, 11.984
795.757, 765.821, 1105.086, 2264.187, 12.003
796.699, 766.555, 1106.281, 2258.563, 12.021
797.645, 767.285, 1107.475, 2253.138, 12.039
798.591, 768.015, 1108.670, 2248.099, 12.058
799.533, 768.749, 1109.864, 2243.331, 12.076
800.467, 769.490, 1111.057, 2238.763, 12.094
801.391, 770.242, 1112.248, 2234.116, 12.113
802.313, 770.995, 1113.438, 2228.637, 12.131
803.245, 771.739, 1114.631, 2222.914, 12.149
804.182, 772.478, 1115.824, 2216.930, 12.168
805.121, 773.214, 1117.018, 2210.811, 12.186
806.059, 773.953, 1118.211, 2204.061, 12.204
806.990, 774.696, 1119.403, 2197.530, 12.222
807.877, 775.484, 1120.587, 2191.139, 12.241
808.813, 776.223, 1121.780, 2184.343, 12.259
809.760, 776.953, 1122.976, 2177.521, 12.277
810.714, 777.676, 1124.172, 2171.078, 12.296
811.670, 778.396, 1125.369, 2164.385, 12.314
812.626, 779.117, 1126.566, 2157.389, 12.332
813.576, 779.842, 1127.762, 2150.534, 12.351
814.519, 780.576, 1128.956, 2144.533, 12.369
815.412, 781.356, 1130.141, 2138.635, 12.387
816.354, 782.091, 1131.335, 2132.882, 12.406
817.303, 782.819, 1132.530, 2127.131, 12.424
818.255, 783.542, 1133.727, 2122.092, 12.442
819.208, 784.266, 1134.923, 2116.629, 12.461
820.157, 784.993, 1136.118, 2111.072, 12.479
821.062, 785.763, 1137.305, 2105.218, 12.497
821.969, 786.530, 1138.493, 2099.510, 12.515
822.924, 787.252, 1139.689, 2094.046, 12.534
823.886, 787.967, 1140.888, 2088.794, 12.552
824.852, 788.678, 1142.086, 2083.755, 12.571
825.818, 789.389, 1143.285, 2079.228, 12.589
826.780, 790.103, 1144.484, 2075.026, 12.607
827.734, 790.825, 1145.680, 2071.385, 12.626
828.641, 791.593, 1146.868, 2067.974, 12.644
829.547, 792.362, 1148.056, 2064.588, 12.662
830.496, 793.089, 1149.250, 2061.509, 12.681
831.448, 793.813, 1150.446, 2058.101, 12.699
832.365, 794.572, 1151.636, 2054.870, 12.717
833.291, 795.321, 1152.827, 2051.704, 12.735
834.222, 796.065, 1154.019, 2048.719, 12.754
835.153, 796.810, 1155.212, 2045.813, 12.772
836.129, 797.511, 1156.412, 2043.098, 12.790
837.112, 798.206, 1157.614, 2041.060, 12.809
838.095, 798.900, 1158.816, 2039.281, 12.827
839.078, 799.595, 1160.019, 2037.245, 12.846
840.018, 800.331, 1161.212, 2035.665, 12.864
840.962, 801.062, 1162.407, 2033.846, 12.882
841.906, 801.795, 1163.602, 2031.689, 12.901
842.843, 802.533, 1164.795, 2029.284, 12.919
843.820, 803.233, 1165.996, 2026.540, 12.938
844.762, 803.968, 1167.190, 2023.786, 12.956
845.713, 804.693, 1168.386, 2020.681, 12.974
846.668, 805.414, 1169.583, 2017.543, 12.993
847.624, 806.135, 1170.780, 2014.286, 13.011
848.575, 806.860, 1171.976, 2010.813, 13.029
849.531, 807.581, 1173.173, 2007.536, 13.048
850.501, 808.288, 1174.373, 2004.205, 13.066
851.480, 808.986, 1175.576, 2000.574, 13.085
852.464, 809.679, 1176.780, 1996.736, 13.103
853.448, 810.373, 1177.984, 1993.415, 13.122
854.428, 811.071, 1179.186, 1990.175, 13.140
855.362, 811.812, 1180.378, 1986.674, 13.158
856.295, 812.555, 1181.569, 1983.531, 13.177
857.271, 813.256, 1182.771, 1980.409, 13.195
858.251, 813.953, 1183.973, 1976.941, 13.213
859.192, 814.688, 1185.167, 1973.267, 13.232
860.141, 815.416, 1186.362, 1969.789, 13.250
861.140, 816.094, 1187.569, 1965.896, 13.269
862.150, 816.763, 1188.779, 1962.256, 13.287
863.165, 817.426, 1189.991, 1958.887, 13.306
864.182, 818.088, 1191.202, 1955.921, 13.324
865.158, 818.789, 1192.404, 1953.322, 13.343
866.140, 819.485, 1193.608, 1950.541, 13.361
867.120, 820.182, 1194.810, 1947.644, 13.380
868.094, 820.885, 1196.012, 1944.362, 13.398
869.106, 821.552, 1197.222, 1940.471, 13.417
870.079, 822.256, 1198.423, 1936.653, 13.435
871.058, 822.954, 1199.626, 1932.608, 13.454
872.036, 823.653, 1200.828, 1928.470, 13.472
873.009, 824.357, 1202.029, 1924.490, 13.491
874.021, 825.024, 1203.240, 1920.532, 13.509
874.995, 825.727, 1204.441, 1917.314, 13.528
875.975, 826.424, 1205.644, 1913.859, 13.546
876.957, 827.120, 1206.847, 1910.197, 13.564
877.933, 827.820, 1208.049, 1906.421, 13.583
878.950, 828.482, 1209.262, 1902.422, 13.602
879.929, 829.180, 1210.464, 1898.277, 13.620
880.917, 829.871, 1211.669, 1894.300, 13.638
881.906, 830.559, 1212.874, 1890.478, 13.657
882.891, 831.251, 1214.078, 1886.750, 13.675
883.867, 831.953, 1215.280, 1883.097, 13.694
884.842, 832.655, 1216.481, 1880.259, 13.712
885.824, 833.350, 1217.685, 1876.998, 13.731
886.808, 834.043, 1218.889, 1873.256, 13.749
887.789, 834.740, 1220.092, 1869.430, 13.768
888.810, 835.398, 1221.305, 1865.541, 13.786
889.795, 836.090, 1222.509, 1861.965, 13.805
890.789, 836.774, 1223.716, 1858.582, 13.823
891.786, 837.455, 1224.923, 1855.134, 13.842
892.780, 838.139, 1226.129, 1851.848, 13.860
893.729, 838.866, 1227.325, 1848.548, 13.879
894.728, 839.545, 1228.532, 1845.198, 13.897
895.734, 840.217, 1229.741, 1841.675, 13.916
896.742, 840.888, 1230.952, 1837.687, 13.934
897.746, 841.562, 1232.161, 1833.449, 13.953
898.741, 842.245, 1233.368, 1829.163, 13.971
899.771, 842.894, 1234.584, 1824.984, 13.990
900.759, 843.583, 1235.789, 1821.431, 14.009
901.750, 844.270, 1236.995, 1817.942, 14.027
902.738, 844.960, 1238.199, 1814.645, 14.046
903.718, 845.657, 1239.402, 1811.380, 14.064
904.697, 846.355, 1240.604, 1808.171, 14.083
905.685, 847.045, 1241.809, 1804.885, 14.101
906.676, 847.731, 1243.015, 1801.289, 14.120
907.664, 848.421, 1244.220, 1797.178, 14.138
908.644, 849.119, 1245.422, 1792.869, 14.156
909.624, 849.816, 1246.625, 1788.692, 14.175
910.612, 850.506, 1247.830, 1784.873, 14.193
911.603, 851.193, 1249.036, 1781.325, 14.212
912.591, 851.882, 1250.240, 1777.699, 14.230
913.571, 852.580, 1251.443, 1774.264, 14.249
914.586, 853.243, 1252.655, 1770.609, 14.267
915.561, 853.945, 1253.857, 1767.278, 14.286
916.539, 854.644, 1255.059, 1763.874, 14.304
917.516, 855.344, 1256.261, 1760.550, 14.323
918.485, 856.052, 1257.461, 1757.473, 14.341
919.455, 856.759, 1258.662, 1754.253, 14.360
920.435, 857.457, 1259.864, 1751.490, 14.378
921.418, 858.151, 1261.068, 1748.685, 14.397
922.400, 858.847, 1262.271, 1746.049, 14.415
923.424, 859.501, 1263.485, 1743.449, 14.434
924.414, 860.189, 1264.690, 1740.796, 14.452
925.414, 860.867, 1265.898, 1738.212, 14.471
926.420, 861.540, 1267.108, 1735.984, 14.489
927.424, 862.214, 1268.317, 1734.126, 14.508
928.386, 862.929, 1269.515, 1732.450, 14.526
929.348, 863.643, 1270.713, 1730.694, 14.545
930.356, 864.314, 1271.923, 1728.984, 14.563
931.365, 864.982, 1273.134, 1727.171, 14.582
932.373, 865.653, 1274.344, 1725.267, 14.600
933.335, 866.367, 1275.542, 1723.626, 14.619
934.347, 867.034, 1276.753, 1721.482, 14.637
935.331, 867.728, 1277.957, 1718.917, 14.656
936.330, 868.407, 1279.165, 1716.221, 14.674
937.337, 869.078, 1280.375, 1713.716, 14.693
938.346, 869.747, 1281.586, 1711.389, 14.711
939.401, 870.373, 1282.811, 1708.977, 14.730
940.423, 871.029, 1284.026, 1706.525, 14.749
941.457, 871.674, 1285.245, 1704.070, 14.768
942.460, 872.350, 1286.453, 1701.536, 14.786
943.474, 873.014, 1287.666, 1699.035, 14.805
944.492, 873.675, 1288.879, 1696.338, 14.823
945.556, 874.291, 1290.108, 1693.102, 14.842
946.624, 874.903, 1291.338, 1689.958, 14.861
947.690, 875.518, 1292.567, 1686.750, 14.880
948.709, 876.177, 1293.781, 1683.733, 14.899
949.777, 876.790, 1295.011, 1680.789, 14.918
950.849, 877.399, 1296.242, 1677.724, 14.936
951.919, 878.009, 1297.474, 1674.799, 14.955
952.944, 878.663, 1298.690, 1671.697, 14.974
953.968, 879.318, 1299.905, 1668.744, 14.993
955.032, 879.934, 1301.134, 1665.791, 15.012
956.094, 880.552, 1302.363, 1662.647, 15.030
957.112, 881.213, 1303.576, 1659.211, 15.049
958.128, 881.875, 1304.788, 1655.812, 15.068
959.185, 882.499, 1306.015, 1652.467, 15.086
960.240, 883.124, 1307.241, 1649.353, 15.105
961.250, 883.792, 1308.452, 1646.009, 15.124
962.259, 884.462, 1309.662, 1643.048, 15.142
963.258, 885.141, 1310.870, 1640.019, 15.161
964.290, 885.788, 1312.088, 1636.794, 15.180
965.276, 886.479, 1313.291, 1633.607, 15.198
966.310, 887.124, 1314.510, 1630.197, 15.217
967.349, 887.765, 1315.730, 1626.723, 15.236
968.386, 888.407, 1316.950, 1623.326, 15.254
969.378, 889.093, 1318.155, 1620.156, 15.273
970.368, 889.780, 1319.360, 1617.288, 15.291
971.399, 890.428, 1320.578, 1614.391, 15.310
972.429, 891.078, 1321.795, 1611.508, 15.329
973.463, 891.723, 1323.014, 1608.491, 15.347
974.512, 892.354, 1324.237, 1604.983, 15.366
975.566, 892.979, 1325.462, 1601.704, 15.385
976.621, 893.605, 1326.688, 1598.331, 15.404
977.633, 894.271, 1327.899, 1595.027, 15.422
978.646, 894.937, 1329.111, 1591.994, 15.441
979.701, 895.562, 1330.337, 1589.132, 15.460
980.719, 896.222, 1331.550, 1586.343, 15.478
981.745, 896.875, 1332.766, 1583.584, 15.497
982.770, 897.530, 1333.982, 1581.056, 15.516
983.836, 898.144, 1335.212, 1578.590, 15.535
984.865, 898.794, 1336.429, 1575.877, 15.553
985.900, 899.438, 1337.648, 1573.032, 15.572
986.933, 900.084, 1338.867, 1570.188, 15.591
987.971, 900.725, 1340.087, 1567.480, 15.609
989.021, 901.356, 1341.311, 1564.693, 15.628
990.074, 901.983, 1342.536, 1561.962, 15.647
991.123, 902.613, 1343.760, 1559.257, 15.666
992.175, 903.241, 1344.986, 1556.629, 15.684
993.237, 903.859, 1346.214, 1553.902, 15.703
994.300, 904.476, 1347.443, 1551.021, 15.722
995.322, 905.133, 1348.658, 1548.061, 15.741
996.394, 905.742, 1349.890, 1544.982, 15.760
997.473, 906.344, 1351.125, 1541.993, 15.779
998.551, 906.947, 1352.359, 1539.161, 15.798
999.620, 907.558, 1353.590, 1536.378, 15.817
1000.687, 908.171, 1354.821, 1533.488, 15.835
1001.759, 908.779, 1356.054, 1530.286, 15.854
1002.829, 909.391, 1357.285, 1526.829, 15.873
1003.852, 910.047, 1358.499, 1523.039, 15.892
1004.920, 910.659, 1359.731, 1519.225, 15.911
1005.990, 911.269, 1360.963, 1515.259, 15.930
1007.019, 911.920, 1362.179, 1511.140, 15.948
1008.047, 912.570, 1363.396, 1438.221, 15.967
1009.117, 913.180, 1364.627, 1434.362, 15.986
1010.186, 913.793, 1365.858, 1430.490, 16.005
1011.209, 914.449, 1367.073, 1426.509, 16.023
1012.278, 915.060, 1368.304, 1422.585, 16.042
1013.314, 915.703, 1369.524, 1418.621, 16.061
1014.359, 916.338, 1370.746, 1415.113, 16.080
1015.403, 916.973, 1371.969, 1411.966, 16.099
1016.454, 917.602, 1373.193, 1408.876, 16.117
1017.516, 918.220, 1374.422, 1406.069, 16.136
1018.580, 918.836, 1375.652, 1403.343, 16.155
1019.690, 919.409, 1376.898, 1400.696, 16.174
1020.764, 920.015, 1378.131, 1398.147, 16.193
1021.845, 920.615, 1379.367, 1395.520, 16.212
1022.923, 921.217, 1380.602, 1392.956, 16.231
1024.006, 921.816, 1381.838, 1390.411, 16.250
1025.098, 922.405, 1383.079, 1388.176, 16.269
1026.192, 922.993, 1384.319, 1386.107, 16.288
1027.291, 923.575, 1385.563, 1383.850, 16.307
1028.404, 924.144, 1386.811, 1381.779, 16.326
1029.520, 924.711, 1388.062, 1379.647, 16.346
1030.595, 925.316, 1389.296, 1377.446, 16.365
1031.670, 925.921, 1390.530, 1375.412, 16.383
1032.786, 926.488, 1391.781, 1373.317, 16.403
1033.862, 927.092, 1393.015, 1371.355, 16.422
1034.940, 927.696, 1394.249, 1369.260, 16.441
1036.058, 928.259, 1395.501, 1367.275, 16.460
1037.174, 928.825, 1396.753, 1365.461, 16.479
1038.243, 929.437, 1397.983, 1363.744, 16.498
1039.355, 930.007, 1399.233, 1361.747, 16.517
1040.466, 930.578, 1400.482, 1359.721, 16.536
1041.532, 931.192, 1401.712, 1357.842, 16.555
1042.593, 931.811, 1402.939, 1356.003, 16.574
1043.654, 932.430, 1404.167, 1354.247, 16.593
1044.720, 933.045, 1405.397, 1352.642, 16.612
1045.831, 933.616, 1406.646, 1351.157, 16.631
1046.944, 934.186, 1407.895, 1349.470, 16.650
1048.012, 934.797, 1409.126, 1348.080, 16.669
1049.128, 935.364, 1410.377, 1346.865, 16.688
1050.247, 935.927, 1411.629, 1345.377, 16.707
1051.324, 936.531, 1412.864, 1343.992, 16.726
1052.400, 937.135, 1414.098, 1342.668, 16.745
1053.516, 937.701, 1415.350, 1341.390, 16.764
1054.592, 938.307, 1416.583, 1340.320, 16.783
1055.667, 938.912, 1417.817, 1339.282, 16.802
1056.783, 939.478, 1419.068, 1338.321, 16.821
1057.859, 940.083, 1420.302, 1337.157, 16.840
1058.936, 940.686, 1421.537, 1336.217, 16.859
1060.019, 941.284, 1422.774, 1335.320, 16.878
1061.113, 941.872, 1424.015, 1334.272, 16.897
1062.171, 942.494, 1425.242, 1333.442, 16.916
1063.320, 943.028, 1426.507, 1332.618, 16.936
1064.466, 943.566, 1427.770, 1331.575, 16.955
1065.563, 944.150, 1429.014, 1330.782, 16.974
1066.703, 944.693, 1430.275, 1329.859, 16.993
1067.805, 945.273, 1431.520, 1328.905, 17.013
1068.909, 945.850, 1432.766, 1327.821, 17.032
1070.007, 946.434, 1434.010, 1326.865, 17.051
1071.139, 946.984, 1435.268, 1326.012, 17.070
1072.225, 947.579, 1436.506, 1325.116, 17.089
1073.305, 948.180, 1437.742, 1324.253, 17.108
1074.384, 948.782, 1438.977, 1323.456, 17.127
1075.467, 949.380, 1440.214, 1322.538, 17.146
1076.595, 949.935, 1441.470, 1321.770, 17.165
1077.686, 950.525, 1442.711, 1320.901, 17.184
1078.782, 951.110, 1443.953, 1319.904, 17.203
1079.838, 951.735, 1445.179, 1319.022, 17.222
1080.943, 952.312, 1446.425, 1317.913, 17.241
1082.051, 952.885, 1447.673, 1316.867, 17.260
1083.154, 953.464, 1448.918, 1316.018, 17.280
1084.256, 954.044, 1450.163, 1315.109, 17.299
1085.326, 954.654, 1451.395, 1314.396, 17.318
1086.403, 955.258, 1452.630, 1313.727, 17.337
1087.528, 955.815, 1453.884, 1312.898, 17.356
1088.619, 956.406, 1455.124, 1312.080, 17.375
1089.715, 956.991, 1456.367, 1311.235, 17.394
1090.821, 957.567, 1457.614, 1310.373, 17.413
1091.940, 958.130, 1458.866, 1309.360, 17.432
1093.112, 958.642, 1460.142, 1308.568, 17.452
1094.292, 959.147, 1461.421, 1307.742, 17.471
1095.484, 959.639, 1462.706, 1306.771, 17.491
1096.607, 960.198, 1463.961, 1305.964, 17.510
1097.736, 960.752, 1465.218, 1305.291, 17.530
1098.910, 961.263, 1466.495, 1304.501, 17.549
1100.045, 961.810, 1467.756, 1303.825, 17.569
1101.232, 962.308, 1469.039, 1303.341, 17.588
1102.423, 962.802, 1470.329, 1302.915, 17.608
1103.573, 963.335, 1471.596, 1302.526, 17.628
1104.720, 963.872, 1472.862, 1302.003, 17.647
1105.903, 964.373, 1474.146, 1301.543, 17.667
1107.039, 964.920, 1475.407, 1301.177, 17.686
1108.218, 965.425, 1476.689, 1300.886, 17.706
1109.357, 965.969, 1477.952, 1300.797, 17.725
1110.496, 966.513, 1479.213, 1300.551, 17.744
1111.636, 967.056, 1480.476, 1300.428, 17.764
1112.781, 967.594, 1481.741, 1300.506, 17.783
1113.970, 968.090, 1483.028, 1300.753, 17.803
1115.119, 968.624, 1484.296, 1301.280, 17.823
1116.269, 969.158, 1485.563, 1301.761, 17.842
1117.407, 969.702, 1486.825, 1302.298, 17.861
1118.537, 970.255, 1488.082, 1303.000, 17.881
1119.712, 970.765, 1489.362, 1303.829, 17.900
1120.848, 971.311, 1490.623, 1304.727, 17.920
1121.985, 971.857, 1491.884, 1305.496, 17.939
1123.163, 972.364, 1493.166, 1306.310, 17.959
1124.297, 972.912, 1494.426, 1307.331, 17.978
1125.478, 973.416, 1495.709, 1308.490, 17.998
1126.623, 973.954, 1496.974, 1309.804, 17.983
1127.771, 974.489, 1498.241, 1311.067, 17.963
1128.910, 975.033, 1499.503, 1312.532, 17.944
1130.044, 975.582, 1500.762, 1314.021, 17.925
1131.225, 976.085, 1502.045, 1315.555, 17.905
1132.371, 976.623, 1503.311, 1317.190, 17.886
1133.521, 977.156, 1504.579, 1318.761, 17.866
1134.677, 977.683, 1505.850, 1320.246, 17.847
1135.843, 978.201, 1507.125, 1321.666, 17.827
1137.007, 978.721, 1508.400, 1323.288, 17.808
1138.208, 979.206, 1509.693, 1324.971, 17.788
1139.363, 979.734, 1510.964, 1326.722, 17.768
1140.512, 980.268, 1512.231, 1328.551, 17.749
1141.657, 980.806, 1513.496, 1330.336, 17.729
1142.801, 981.345, 1514.761, 1332.206, 17.710
1143.947, 981.883, 1516.026, 1334.008, 17.691
1145.098, 982.415, 1517.294, 1335.763, 17.671
1146.256, 982.940, 1518.566, 1337.492, 17.652
1147.425, 983.456, 1519.843, 1339.307, 17.632
1148.557, 984.007, 1521.102, 1341.108, 17.613
1149.740, 984.508, 1522.386, 1342.916, 17.593
1150.927, 985.006, 1523.672, 1344.855, 17.573
1152.070, 985.546, 1524.937, 1346.707, 17.554
1153.222, 986.077, 1526.205, 1348.589, 17.534
1154.384, 986.599, 1527.479, 1350.373, 17.515
1155.595, 987.074, 1528.778, 1351.998, 17.495
1156.770, 987.582, 1530.059, 1353.813, 17.475
1157.949, 988.088, 1531.342, 1355.364, 17.455
1159.132, 988.589, 1532.627, 1357.090, 17.436
1160.322, 989.084, 1533.915, 1358.893, 17.416
1161.520, 989.571, 1535.208, 1360.692, 17.396
1162.729, 990.048, 1536.507, 1362.589, 17.376
1163.900, 990.561, 1537.786, 1364.318, 17.357
1165.084, 991.061, 1539.071, 1366.057, 17.337
1166.283, 991.547, 1540.365, 1367.840, 17.317
1167.533, 991.985, 1541.686, 1369.624, 17.297
1168.785, 992.419, 1543.010, 1371.527, 17.276
1170.042, 992.849, 1544.336, 1373.376, 17.256
1171.270, 993.307, 1545.646, 1375.407, 17.236
1172.506, 993.758, 1546.961, 1377.567, 17.216
1173.736, 994.214, 1548.272, 1379.626, 17.196
1174.961, 994.675, 1549.581, 1381.726, 17.176
1176.147, 995.174, 1550.867, 1383.768, 17.156
1177.378, 995.628, 1552.180, 1385.760, 17.136
1178.607, 996.086, 1553.491, 1387.664, 17.116
1179.834, 996.545, 1554.801, 1389.724, 17.095
1181.060, 997.004, 1556.110, 1391.892, 17.075
1182.323, 997.430, 1557.441, 1393.997, 17.055
1183.536, 997.902, 1558.743, 1396.047, 17.035
1184.789, 998.336, 1560.069, 1398.159, 17.015
1185.996, 998.814, 1561.367, 1400.269, 16.995
1187.195, 999.301, 1562.660, 1402.334, 16.975
1188.385, 999.795, 1563.949, 1404.379, 16.955
1189.620, 1000.246, 1565.263, 1406.413, 16.935
1190.814, 1000.737, 1566.553, 1408.352, 16.915
1192.004, 1001.232, 1567.842, 1410.391, 16.895
1193.191, 1001.730, 1569.128, 1412.346, 16.876
1194.376, 1002.229, 1570.414, 1414.604, 16.856
1195.561, 1002.729, 1571.699, 1416.663, 16.836
1196.745, 1003.229, 1572.984, 1418.910, 16.816
1197.930, 1003.729, 1574.270, 1421.187, 16.797
1199.117, 1004.226, 1575.557, 1423.612, 16.777
1200.307, 1004.721, 1576.846, 1426.069, 16.757
1201.551, 1005.164, 1578.165, 1428.756, 16.737
1202.765, 1005.635, 1579.468, 1431.378, 16.717
1203.986, 1006.101, 1580.774, 1434.109, 16.697
1205.164, 1006.607, 1582.055, 1436.879, 16.677
1206.385, 1007.072, 1583.362, 1439.930, 16.657
1207.615, 1007.528, 1584.674, 1442.797, 16.637
1208.854, 1007.975, 1585.991, 1445.804, 16.617
1210.054, 1008.460, 1587.285, 1448.925, 16.597
1211.300, 1008.901, 1588.606, 1452.202, 16.577
1212.557, 1009.331, 1589.935, 1455.533, 16.556
1213.827, 1009.749, 1591.271, 1459.294, 16.536
1215.060, 1010.202, 1592.585, 1463.024, 16.516
1216.342, 1010.608, 1593.928, 1466.676, 16.495
1217.589, 1011.048, 1595.250, 1470.335, 16.475
1218.835, 1011.489, 1596.572, 1474.094, 16.454
1220.081, 1011.929, 1597.894, 1477.792, 16.434
1221.327, 1012.370, 1599.216, 1481.552, 16.414
1222.574, 1012.810, 1600.537, 1485.210, 16.394
1223.820, 1013.251, 1601.859, 1488.675, 16.373
1225.066, 1013.691, 1603.181, 1492.197, 16.353
1226.312, 1014.132, 1604.503, 1495.933, 16.333
1227.559, 1014.572, 1605.825, 1499.589, 16.312
1228.805, 1015.013, 1607.146, 1503.114, 16.292
1230.051, 1015.453, 1608.468, 1506.722, 16.272
1231.297, 1015.894, 1609.790, 1510.259, 16.252
1232.544, 1016.334, 1611.112, 1513.862, 16.231
1233.754, 1016.809, 1612.412, 1517.523, 16.211
1235.014, 1017.237, 1613.742, 1521.194, 16.191
1236.272, 1017.666, 1615.071, 1524.518, 16.170
1237.530, 1018.095, 1616.400, 1527.838, 16.150
1238.751, 1018.560, 1617.706, 1531.107, 16.130
1240.020, 1018.979, 1619.042, 1534.477, 16.110
1241.251, 1019.434, 1620.354, 1537.747, 16.089
1242.529, 1019.843, 1621.696, 1541.159, 16.069
1243.769, 1020.290, 1623.014, 1544.524, 16.049
1245.055, 1020.692, 1624.361, 1548.112, 16.028
1246.338, 1021.097, 1625.705, 1551.530, 16.007
1247.616, 1021.507, 1627.047, 1555.102, 15.987
1248.855, 1021.954, 1628.364, 1558.638, 15.966
1250.139, 1022.358, 1629.710, 1562.451, 15.946
1251.383, 1022.801, 1631.030, 1566.080, 15.926
1252.671, 1023.201, 1632.378, 1569.899, 15.905
1253.917, 1023.642, 1633.700, 1573.490, 15.885
1255.171, 1024.075, 1635.027, 1577.032, 15.864
1256.432, 1024.501, 1636.358, 1580.435, 15.844
1257.699, 1024.922, 1637.692, 1583.776, 15.823
1258.970, 1025.339, 1639.030, 1587.070, 15.803
1260.281, 1025.717, 1640.393, 1590.394, 15.782
1261.545, 1026.140, 1641.726, 1593.735, 15.761
1262.848, 1026.526, 1643.085, 1597.263, 15.741
1264.104, 1026.957, 1644.412, 1600.737, 15.720
1265.362, 1027.386, 1645.741, 1604.321, 15.700
1266.621, 1027.814, 1647.071, 1607.818, 15.679
1267.880, 1028.243, 1648.401, 1611.088, 15.659
1269.102, 1028.707, 1649.707, 1614.641, 15.639
1270.371, 1029.125, 1651.043, 1618.203, 15.618
1271.686, 1029.499, 1652.409, 1621.455, 15.597
1272.962, 1029.911, 1653.750, 1624.896, 15.577
1274.197, 1030.362, 1655.064, 1628.400, 15.557
1275.476, 1030.771, 1656.407, 1631.989, 15.536
1276.762, 1031.174, 1657.754, 1635.874, 15.515
1278.053, 1031.571, 1659.104, 1639.667, 15.495
1279.349, 1031.964, 1660.458, 1643.622, 15.474
1280.648, 1032.353, 1661.814, 1647.479, 15.453
1281.951, 1032.739, 1663.172, 1651.494, 15.432
1283.255, 1033.123, 1664.531, 1655.634, 15.411
1284.510, 1033.555, 1665.859, 1659.936, 15.391
1285.764, 1033.988, 1667.185, 1664.398, 15.371
1287.066, 1034.375, 1668.543, 1668.932, 15.350
1288.328, 1034.801, 1669.874, 1673.348, 15.329
1289.598, 1035.218, 1671.211, 1677.858, 15.309
1290.875, 1035.629, 1672.553, 1681.967, 15.288
1292.157, 1036.035, 1673.897, 1686.145, 15.268
1293.492, 1036.390, 1675.277, 1690.175, 15.246
1294.828, 1036.743, 1676.659, 1694.417, 15.225
1296.166, 1037.096, 1678.041, 1698.693, 15.204
1297.468, 1037.483, 1679.399, 1703.087, 15.183
1298.732, 1037.906, 1680.732, 1707.562, 15.163
1300.041, 1038.286, 1682.095, 1712.127, 15.142
1301.344, 1038.672, 1683.453, 1716.664, 15.121
1302.638, 1039.066, 1684.806, 1721.114, 15.100
1303.936, 1039.457, 1686.162, 1725.228, 15.079
1305.235, 1039.846, 1687.518, 1729.441, 15.059
1306.571, 1040.200, 1688.900, 1733.792, 15.037
1307.906, 1040.555, 1690.280, 1738.106, 15.016
1309.203, 1040.946, 1691.635, 1742.379, 14.995
1310.496, 1041.342, 1692.987, 1746.813, 14.975
1311.783, 1041.742, 1694.336, 1751.196, 14.954
1313.113, 1042.102, 1695.713, 1755.683, 14.933
1314.399, 1042.505, 1697.060, 1760.074, 14.912
1315.688, 1042.904, 1698.410, 1764.328, 14.891
1316.980, 1043.301, 1699.760, 1768.575, 14.871
1318.271, 1043.698, 1701.111, 1772.809, 14.850
1319.560, 1044.097, 1702.461, 1777.065, 14.829
1320.846, 1044.499, 1703.808, 1781.428, 14.809
1322.126, 1044.907, 1705.151, 1785.490, 14.788
1323.398, 1045.323, 1706.490, 1789.570, 14.767
1324.711, 1045.699, 1707.855, 1793.411, 14.747
1325.978, 1046.120, 1709.190, 1797.568, 14.726
1327.246, 1046.539, 1710.525, 1801.577, 14.706
1328.529, 1046.944, 1711.870, 1805.151, 14.685
1329.824, 1047.338, 1713.224, 1808.788, 14.664
1331.165, 1047.686, 1714.608, 1812.565, 14.643
1332.466, 1048.074, 1715.966, 1816.258, 14.622
1333.724, 1048.503, 1717.294, 1819.907, 14.602
1335.023, 1048.893, 1718.650, 1823.774, 14.581
1336.325, 1049.280, 1720.008, 1827.558, 14.560
1337.642, 1049.652, 1721.377, 1831.138, 14.539
1338.972, 1050.012, 1722.754, 1834.652, 14.518
1340.263, 1050.409, 1724.105, 1838.135, 14.497
1341.563, 1050.797, 1725.462, 1841.235, 14.476
1342.919, 1051.132, 1726.856, 1844.272, 14.455
1344.243, 1051.498, 1728.229, 1847.367, 14.434
1345.568, 1051.863, 1729.603, 1850.681, 14.413
1346.890, 1052.229, 1730.976, 1853.936, 14.392
1348.223, 1052.587, 1732.355, 1857.435, 14.371
1349.562, 1052.938, 1733.739, 1860.785, 14.349
1350.904, 1053.285, 1735.126, 1864.141, 14.328
1352.212, 1053.666, 1736.488, 1867.229, 14.307
1353.567, 1054.002, 1737.884, 1870.503, 14.286
1354.931, 1054.329, 1739.286, 1873.220, 14.264
1356.300, 1054.651, 1740.692, 1876.044, 14.243
1357.672, 1054.970, 1742.100, 1879.159, 14.221
1359.045, 1055.289, 1743.509, 1882.666, 14.199
1360.414, 1055.611, 1744.915, 1886.210, 14.178
1361.742, 1055.973, 1746.291, 1890.207, 14.157
1363.074, 1056.330, 1747.670, 1894.208, 14.135
1364.408, 1056.686, 1749.051, 1898.596, 14.114
1365.738, 1057.045, 1750.429, 1902.621, 14.093
1367.112, 1057.363, 1751.838, 1906.808, 14.071
1368.491, 1057.675, 1753.252, 1910.791, 14.050
1369.872, 1057.986, 1754.667, 1914.990, 14.028
1371.201, 1058.346, 1756.044, 1919.311, 14.007
1372.526, 1058.711, 1757.418, 1924.136, 13.986
1373.857, 1059.070, 1758.796, 1928.894, 13.965
1375.189, 1059.427, 1760.175, 1933.963, 13.944
1376.520, 1059.786, 1761.553, 1938.875, 13.922
1377.895, 1060.103, 1762.964, 1944.036, 13.901
1379.226, 1060.462, 1764.342, 1949.138, 13.880
1380.558, 1060.819, 1765.721, 1954.190, 13.858
1381.903, 1061.164, 1767.110, 1959.144, 13.837
1383.256, 1061.502, 1768.505, 1964.550, 13.816
1384.614, 1061.834, 1769.903, 1969.930, 13.794
1385.973, 1062.166, 1771.302, 1975.501, 13.773
1387.330, 1062.500, 1772.698, 1980.714, 13.751
1388.693, 1062.827, 1774.101, 1985.939, 13.730
1390.061, 1063.151, 1775.506, 1991.165, 13.708
1391.429, 1063.474, 1776.911, 1996.146, 13.687
1392.807, 1063.788, 1778.324, 2000.770, 13.665
1394.191, 1064.095, 1779.742, 2005.348, 13.643
1395.579, 1064.399, 1781.162, 2010.262, 13.621
1396.966, 1064.704, 1782.582, 2015.464, 13.600
1398.348, 1065.013, 1783.998, 2020.474, 13.578
1399.685, 1065.366, 1785.381, 2025.658, 13.557
1401.059, 1065.683, 1786.791, 2030.540, 13.535
1402.431, 1066.003, 1788.199, 2035.352, 13.513
1403.810, 1066.315, 1789.613, 2040.278, 13.492
1405.192, 1066.624, 1791.029, 2045.022, 13.470
1406.611, 1066.898, 1792.474, 2049.666, 13.448
1407.977, 1067.223, 1793.878, 2054.346, 13.426
1409.336, 1067.555, 1795.276, 2059.408, 13.405
1410.649, 1067.931, 1796.640, 2064.546, 13.384
1411.996, 1068.274, 1798.031, 2069.740, 13.363
1413.339, 1068.621, 1799.418, 2074.917, 13.341
1414.688, 1068.963, 1800.809, 2080.178, 13.320
1416.003, 1069.338, 1802.175, 2085.109, 13.299
1417.329, 1069.701, 1803.550, 2090.313, 13.278
1418.661, 1070.058, 1804.929, 2095.301, 13.257
1420.032, 1070.379, 1806.336, 2100.426, 13.235
1421.400, 1070.701, 1807.742, 2105.633, 13.214
1422.777, 1071.016, 1809.155, 2111.379, 13.192
1424.123, 1071.360, 1810.544, 2117.207, 13.171
1425.484, 1071.691, 1811.944, 2123.224, 13.149
1426.853, 1072.012, 1813.350, 2129.010, 13.127
1428.264, 1072.294, 1814.787, 2135.109, 13.105
1429.675, 1072.575, 1816.225, 2140.690, 13.083
1431.048, 1072.894, 1817.634, 2146.146, 13.062
1432.427, 1073.206, 1819.048, 2151.642, 13.040
1433.822, 1073.503, 1820.474, 2157.685, 13.018
1435.229, 1073.789, 1821.909, 2163.345, 12.996
1436.642, 1074.068, 1823.349, 2169.234, 12.974
1438.058, 1074.345, 1824.791, 2175.097, 12.952
1439.470, 1074.626, 1826.231, 2181.474, 12.930
1440.889, 1074.899, 1827.677, 2187.569, 12.908
1442.274, 1075.206, 1829.095, 2193.899, 12.886
1443.706, 1075.468, 1830.550, 2200.038, 12.864
1445.143, 1075.724, 1832.010, 2206.116, 12.841
1446.581, 1075.980, 1833.470, 2212.261, 12.819
1447.965, 1076.287, 1834.887, 2218.685, 12.797
1449.340, 1076.604, 1836.297, 2224.859, 12.775
1450.713, 1076.921, 1837.707, 2231.281, 12.754
1452.130, 1077.197, 1839.150, 2237.413, 12.732
1453.500, 1077.518, 1840.557, 2243.643, 12.710
1454.867, 1077.842, 1841.961, 2249.923, 12.688
1456.276, 1078.126, 1843.398, 2256.251, 12.666
1457.686, 1078.409, 1844.836, 2262.923, 12.644
1459.106, 1078.682, 1846.282, 2269.587, 12.622
1460.531, 1078.949, 1847.732, 2276.294, 12.600
1461.908, 1079.264, 1849.144, 2283.011, 12.578
1463.280, 1079.583, 1850.552, 2289.644, 12.557
1464.691, 1079.864, 1851.991, 2296.368, 12.534
1466.102, 1080.146, 1853.429, 2303.168, 12.512
1467.557, 1080.385, 1854.904, 2309.971, 12.490
1468.966, 1080.668, 1856.341, 2316.788, 12.468
1470.326, 1081.000, 1857.739, 2323.725, 12.446
1471.680, 1081.336, 1859.133, 2331.123, 12.425
1473.072, 1081.636, 1860.557, 2338.890, 12.403
1474.463, 1081.937, 1861.980, 2346.417, 12.381
1475.861, 1082.231, 1863.409, 2353.293, 12.359
1477.226, 1082.557, 1864.812, 2360.213, 12.338
1478.639, 1082.837, 1866.252, 2367.063, 12.316
1480.043, 1083.124, 1867.685, 2373.844, 12.294
1481.436, 1083.424, 1869.110, 2380.748, 12.272
1482.826, 1083.726, 1870.532, 2387.819, 12.250
1484.222, 1084.022, 1871.959, 2394.942, 12.228
1485.584, 1084.350, 1873.360, 2402.563, 12.206
1486.957, 1084.669, 1874.769, 2410.623, 12.185
1488.334, 1084.983, 1876.182, 2417.933, 12.163
1489.711, 1085.298, 1877.594, 2424.227, 12.142
1491.095, 1085.605, 1879.012, 2429.917, 12.120
1492.495, 1085.897, 1880.442, 2435.358, 12.098
1493.906, 1086.179, 1881.880, 2441.480, 12.076
1495.322, 1086.456, 1883.323, 2447.761, 12.054
1496.750, 1086.720, 1884.775, 2454.247, 12.031
1498.187, 1086.978, 1886.234, 2461.598, 12.009
1499.625, 1087.233, 1887.695, 2469.212, 11.986
1501.074, 1087.478, 1889.164, 2477.392, 11.964
1502.527, 1087.719, 1890.637, 2485.561, 11.941
1503.980, 1087.960, 1892.110, 2493.170, 11.919
1505.440, 1088.194, 1893.589, 2500.696, 11.896
1506.902, 1088.427, 1895.069, 2508.150, 11.873
1508.360, 1088.663, 1896.546, 2516.065, 11.851
1509.773, 1088.942, 1897.986, 2524.787, 11.829
1511.184, 1089.224, 1899.424, 2534.180, 11.806
1512.600, 1089.500, 1900.867, 2544.005, 11.784
1514.066, 1089.729, 1902.350, 2554.131, 11.762
1515.490, 1089.999, 1903.799, 2564.372, 11.739
1516.914, 1090.268, 1905.248, 2574.901, 11.717
1518.382, 1090.493, 1906.734, 2585.147, 11.694
1519.854, 1090.717, 1908.222, 2595.332, 11.671
1521.287, 1090.977, 1909.678, 2604.950, 11.649
1522.710, 1091.247, 1911.126, 2614.862, 11.627
1524.117, 1091.532, 1912.562, 2624.998, 11.605
1525.516, 1091.826, 1913.990, 2635.499, 11.583
1526.913, 1092.120, 1915.417, 2646.243, 11.561
1528.318, 1092.408, 1916.851, 2656.494, 11.539
1529.772, 1092.648, 1918.325, 2666.148, 11.516
1531.185, 1092.928, 1919.764, 2675.830, 11.494
1532.600, 1093.206, 1921.206, 2685.596, 11.472
1534.060, 1093.440, 1922.685, 2695.523, 11.450
1535.524, 1093.671, 1924.166, 2705.061, 11.427
1536.950, 1093.938, 1925.617, 2714.486, 11.405
1538.381, 1094.199, 1927.073, 2724.466, 11.382
1539.862, 1094.413, 1928.568, 2735.249, 11.359
1541.301, 1094.668, 1930.029, 2746.086, 11.337
1542.740, 1094.922, 1931.491, 2756.268, 11.314
1544.188, 1095.168, 1932.960, 2765.827, 11.292
1545.602, 1095.447, 1934.400, 2774.846, 11.270
1547.061, 1095.683, 1935.878, 2784.380, 11.247
1548.521, 1095.917, 1937.356, 2793.905, 11.224
1549.977, 1096.155, 1938.831, 2803.600, 11.202
1551.421, 1096.405, 1940.297, 2813.196, 11.179
1552.861, 1096.658, 1941.759, 2823.310, 11.157
1554.305, 1096.908, 1943.225, 2833.131, 11.134
1555.761, 1097.146, 1944.700, 2843.466, 11.112
1557.185, 1097.415, 1946.149, 2853.141, 11.089
1558.621, 1097.673, 1947.608, 2862.059, 11.067
1560.111, 1097.878, 1949.111, 2869.969, 11.044
1561.562, 1098.121, 1950.582, 2878.443, 11.021
1563.017, 1098.361, 1952.056, 2886.501, 10.999
1564.518, 1098.555, 1953.570, 2895.229, 10.976
1565.973, 1098.795, 1955.044, 2904.147, 10.953
1567.459, 1099.003, 1956.545, 2914.548, 10.930
1568.936, 1099.221, 1958.038, 2925.208, 10.907
1570.409, 1099.443, 1959.528, 2936.167, 10.884
1571.888, 1099.659, 1961.022, 2946.780, 10.861
1573.328, 1099.912, 1962.484, 2956.705, 10.839
1574.774, 1100.161, 1963.950, 2965.117, 10.816
1576.266, 1100.364, 1965.456, 2973.548, 10.793
1577.713, 1100.610, 1966.924, 2982.022, 10.771
1579.158, 1100.860, 1968.390, 2991.316, 10.748
1580.606, 1101.105, 1969.859, 3001.222, 10.726
1582.100, 1101.306, 1971.366, 3012.047, 10.702
1583.549, 1101.552, 1972.835, 3023.058, 10.680
1584.993, 1101.802, 1974.300, 3033.938, 10.657
1586.440, 1102.048, 1975.768, 3044.987, 10.635
1587.933, 1102.251, 1977.274, 3055.198, 10.612
1589.428, 1102.451, 1978.783, 3064.596, 10.589
1590.884, 1102.690, 1980.258, 3073.362, 10.566
1592.343, 1102.925, 1981.735, 3082.593, 10.543
1593.796, 1103.165, 1983.209, 3092.065, 10.521
1595.238, 1103.418, 1984.672, 3101.894, 10.498
1596.674, 1103.675, 1986.131, 3111.981, 10.476
1598.146, 1103.897, 1987.620, 3123.399, 10.453
1599.613, 1104.125, 1989.104, 3134.287, 10.430
1601.082, 1104.351, 1990.591, 3145.747, 10.407
1602.525, 1104.602, 1992.055, 3157.383, 10.385
1603.983, 1104.838, 1993.532, 3169.100, 10.362
1605.486, 1105.030, 1995.047, 3179.741, 10.339
1606.991, 1105.221, 1996.563, 3190.946, 10.316
1608.420, 1105.486, 1998.015, 3203.465, 10.293
1609.899, 1105.702, 1999.510, 3217.295, 10.270
1611.336, 1105.958, 2000.970, 3231.203, 10.248
1612.808, 1106.181, 2002.458, 3246.103, 10.225
1614.271, 1106.412, 2003.940, 3260.793, 10.202
1615.733, 1106.645, 2005.420, 3275.288, 10.180
1617.199, 1106.873, 2006.903, 3289.642, 10.157
1618.712, 1107.056, 2008.427, 3304.753, 10.134
1620.181, 1107.283, 2009.912, 3319.063, 10.111
1621.646, 1107.512, 2011.395, 3333.830, 10.088
1623.115, 1107.737, 2012.882, 3348.951, 10.065
1624.594, 1107.953, 2014.377, 3364.784, 10.042
1626.041, 1108.200, 2015.844, 3380.591, 10.020
1627.496, 1108.439, 2017.319, 3396.917, 9.997
1629.001, 1108.630, 2018.835, 3412.197, 9.974
1630.513, 1108.815, 2020.357, 3426.797, 9.951
1631.988, 1109.034, 2021.849, 3441.066, 9.928
1633.503, 1109.215, 2023.374, 3455.531, 9.904
1635.016, 1109.399, 2024.898, 3469.582, 9.881
1636.532, 1109.578, 2026.425, 3482.561, 9.857
1638.009, 1109.796, 2027.918, 3495.270, 9.834
1639.488, 1110.013, 2029.412, 3508.628, 9.812
1641.010, 1110.187, 2030.944, 3521.951, 9.788
1642.482, 1110.410, 2032.433, 3534.770, 9.765
1643.946, 1110.640, 2033.914, 3547.793, 9.742
1645.442, 1110.839, 2035.424, 3560.483, 9.719
1646.979, 1111.000, 2036.967, 3573.114, 9.696
1648.440, 1111.233, 2038.447, 3586.196, 9.673
1649.869, 1111.498, 2039.899, 3600.477, 9.651
1651.341, 1111.720, 2041.387, 3614.399, 9.628
1652.862, 1111.895, 2042.918, 3628.503, 9.604
1654.353, 1112.100, 2044.423, 3643.702, 9.581
1655.892, 1112.258, 2045.969, 3659.775, 9.557
1657.384, 1112.462, 2047.475, 3676.465, 9.534
1658.871, 1112.670, 2048.976, 3693.590, 9.511
1660.359, 1112.877, 2050.479, 3711.142, 9.488
1661.854, 1113.078, 2051.987, 3728.633, 9.465
1663.311, 1113.315, 2053.463, 3746.196, 9.442
1664.807, 1113.514, 2054.972, 3765.520, 9.419
1666.297, 1113.720, 2056.476, 3784.361, 9.396
1667.787, 1113.925, 2057.981, 3803.403, 9.373
1669.283, 1114.125, 2059.490, 3823.144, 9.350
1670.826, 1114.279, 2061.039, 3844.228, 9.326
1672.373, 1114.429, 2062.593, 3865.679, 9.302
1673.880, 1114.618, 2064.112, 3887.879, 9.279
1675.389, 1114.805, 2065.632, 3909.102, 9.256
1676.906, 1114.985, 2067.159, 3929.918, 9.232
1678.386, 1115.200, 2068.655, 3949.901, 9.209
1679.906, 1115.377, 2070.184, 3970.393, 9.186
1681.420, 1115.558, 2071.710, 3990.045, 9.162
1682.936, 1115.738, 2073.236, 4008.957, 9.139
1684.459, 1115.913, 2074.769, 4028.578, 9.115
1685.979, 1116.088, 2076.299, 4049.108, 9.092
1687.489, 1116.274, 2077.821, 4071.522, 9.069
1688.994, 1116.465, 2079.338, 4095.030, 9.045
1690.451, 1116.703, 2080.812, 4117.526, 9.023
1691.898, 1116.949, 2082.281, 4139.571, 9.000
1693.392, 1117.151, 2083.788, 4159.797, 8.977
1694.938, 1117.302, 2085.340, 4179.375, 8.953
1696.442, 1117.494, 2086.856, 4200.084, 8.930
1697.947, 1117.685, 2088.373, 4219.773, 8.907
1699.457, 1117.871, 2089.894, 4240.874, 8.883
1700.928, 1118.095, 2091.382, 4262.807, 8.860
1702.437, 1118.282, 2092.903, 4284.826, 8.837
1703.966, 1118.502, 2094.447, 4307.470, 8.813
1705.510, 1118.740, 2096.009, 4329.397, 8.789
1707.066, 1118.981, 2097.583, 4350.036, 8.765
1708.631, 1119.212, 2099.165, 4369.554, 8.741
1710.200, 1119.370, 2100.741, 4387.310, 8.717
1711.754, 1119.480, 2102.296, 4406.222, 8.693
1713.252, 1119.586, 2103.795, 4426.218, 8.670
1714.705, 1119.683, 2105.249, 4447.163, 8.648
1716.109, 1119.780, 2106.654, 4468.680, 8.626
1717.460, 1119.888, 2108.008, 4489.158, 8.605
1718.768, 1120.000, 2109.321, 4509.376, 8.585
1720.044, 1120.114, 2110.602, 4530.252, 8.566
1721.299, 1120.224, 2111.861, 4549.606, 8.546
1722.541, 1120.325, 2113.107, 4568.839, 8.527
1723.769, 1120.428, 2114.339, 4586.216, 8.508
1724.977, 1120.541, 2115.552, 4605.126, 8.490
1726.176, 1120.661, 2116.757, 4626.166, 8.471
1727.376, 1120.781, 2117.964, 4648.756, 8.453
1728.539, 1120.947, 2119.136, 4673.122, 8.435
1729.743, 1121.085, 2120.349, 4696.376, 8.416
1730.951, 1121.240, 2121.566, 4718.600, 8.397
1732.172, 1121.407, 2122.798, 4740.139, 8.378
1733.417, 1121.581, 2124.055, 4759.828, 8.359
1734.696, 1121.758, 2125.346, 4779.120, 8.339
1735.969, 1121.981, 2126.636, 4796.832, 8.319
1737.282, 1122.214, 2127.968, 4814.574, 8.299
1738.643, 1122.451, 2129.348, 4835.716, 8.278
1740.099, 1122.656, 2130.818, 4857.280, 8.255
1741.609, 1122.871, 2132.343, 4879.672, 8.232
1743.169, 1123.106, 2133.921, 4900.953, 8.208
1744.740, 1123.333, 2135.508, 4919.974, 8.183
1746.320, 1123.536, 2137.102, 4936.767, 8.159
1747.909, 1123.698, 2138.698, 4950.745, 8.134
1749.504, 1123.802, 2140.293, 4963.163, 8.110
1751.039, 1123.964, 2141.836, 4973.098, 8.086
1752.541, 1124.158, 2143.350, 4980.858, 8.063
1754.050, 1124.345, 2144.871, 4986.980, 8.040
1755.608, 1124.485, 2146.435, 4993.089, 8.016
1757.119, 1124.670, 2147.957, 4997.386, 7.992
1758.624, 1124.861, 2149.474, 5000.000, 7.969
1760.129, 1125.052, 2150.991, 5000.000, 7.946
1761.637, 1125.240, 2152.511, 5000.000, 7.922
1763.190, 1125.384, 2154.070, 5000.000, 7.898
1764.743, 1125.529, 2155.629, 5000.000, 7.874
1766.251, 1125.717, 2157.149, 5000.000, 7.851
1767.756, 1125.908, 2158.666, 5000.000, 7.828
1769.261, 1126.098, 2160.183, 5000.000, 7.805
1770.773, 1126.283, 2161.706, 5000.000, 7.781
1772.294, 1126.458, 2163.237, 5000.000, 7.758
1773.781, 1126.667, 2164.738, 5000.000, 7.735
1775.272, 1126.871, 2166.243, 5000.000, 7.712
1776.808, 1127.032, 2167.787, 5000.000, 7.688
1778.343, 1127.194, 2169.331, 5000.000, 7.664
1779.882, 1127.352, 2170.877, 5000.000, 7.640
1781.429, 1127.502, 2172.432, 5000.000, 7.617
1782.990, 1127.640, 2173.998, 5000.000, 7.593
1784.604, 1127.725, 2175.612, 5000.000, 7.568
1786.178, 1127.849, 2177.190, 5000.000, 7.544
1787.752, 1127.974, 2178.768, 5000.000, 7.519
1789.281, 1128.142, 2180.306, 5000.000, 7.496
1790.803, 1128.316, 2181.838, 5000.000, 7.472
1792.324, 1128.491, 2183.369, 5000.000, 7.449
1793.847, 1128.665, 2184.902, 5000.000, 7.425
1795.376, 1128.833, 2186.440, 5000.000, 7.402
1796.914, 1128.992, 2187.986, 5000.000, 7.378
1798.501, 1129.104, 2189.576, 5000.000, 7.354
1800.092, 1129.212, 2191.170, 5000.000, 7.329
1801.641, 1129.360, 2192.726, 5000.000, 7.305
1803.189, 1129.510, 2194.281, 5000.000, 7.281
1804.738, 1129.658, 2195.837, 5000.000, 7.257
1806.293, 1129.800, 2197.399, 5000.000, 7.233
1807.858, 1129.934, 2198.969, 5000.000, 7.209
1809.385, 1130.103, 2200.506, 5000.000, 7.186
1810.951, 1130.235, 2202.077, 5000.000, 7.162
1812.508, 1130.376, 2203.640, 5000.000, 7.138
1814.060, 1130.521, 2205.199, 5000.000, 7.114
1815.612, 1130.668, 2206.758, 5000.000, 7.090
1817.202, 1130.777, 2208.351, 5000.000, 7.065
1818.749, 1130.926, 2209.905, 5000.000, 7.042
1820.344, 1131.031, 2211.503, 5000.000, 7.017
1821.940, 1131.133, 2213.103, 5000.000, 6.992
1823.494, 1131.278, 2214.663, 5000.000, 6.968
1825.043, 1131.426, 2216.219, 5000.000, 6.945
1826.592, 1131.574, 2217.775, 5000.000, 6.921
1828.182, 1131.684, 2219.368, 5000.000, 6.896
1829.765, 1131.799, 2220.955, 5000.000, 6.872
1831.297, 1131.963, 2222.496, 5000.000, 6.848
1832.818, 1132.139, 2224.026, 5000.000, 6.825
1834.331, 1132.322, 2225.550, 5000.000, 6.801
1835.841, 1132.508, 2227.070, 5000.000, 6.778
1837.386, 1132.660, 2228.623, 5000.000, 6.754
1838.922, 1132.821, 2230.167, 5000.000, 6.731
1840.453, 1132.987, 2231.707, 5000.000, 6.707
1841.984, 1133.153, 2233.247, 5000.000, 6.683
1843.520, 1133.314, 2234.792, 5000.000, 6.660
1845.016, 1133.514, 2236.299, 5000.000, 6.636
1846.510, 1133.715, 2237.806, 5000.000, 6.613
1848.043, 1133.879, 2239.348, 5000.000, 6.590
1849.533, 1134.084, 2240.852, 5000.000, 6.567
1851.071, 1134.243, 2242.398, 5000.000, 6.543
1852.611, 1134.401, 2243.946, 5000.000, 6.519
1854.157, 1134.552, 2245.499, 5000.000, 6.495
1855.715, 1134.692, 2247.063, 5000.000, 6.471
1857.239, 1134.865, 2248.597, 5000.000, 6.448
1858.768, 1135.032, 2250.135, 5000.000, 6.424
1860.307, 1135.190, 2251.682, 5000.000, 6.400
1861.859, 1135.335, 2253.241, 5000.000, 6.376
1863.379, 1135.513, 2254.771, 5000.000, 6.353
1864.954, 1135.636, 2256.350, 5000.000, 6.329
1866.538, 1135.750, 2257.938, 5000.000, 6.304
1868.122, 1135.865, 2259.525, 5000.000, 6.280
1869.708, 1135.978, 2261.115, 5000.000, 6.256
1871.301, 1136.084, 2262.712, 5000.000, 6.231
1872.905, 1136.179, 2264.317, 5000.000, 6.206
1874.508, 1136.275, 2265.923, 5000.000, 6.182
1876.101, 1136.381, 2267.519, 5000.000, 6.157
1877.688, 1136.494, 2269.110, 5000.000, 6.133
1879.271, 1136.609, 2270.697, 5000.000, 6.109
1880.856, 1136.723, 2272.286, 5000.000, 6.084
1882.481, 1136.798, 2273.912, 5000.000, 6.059
1884.051, 1136.926, 2275.487, 5000.000, 6.035
1885.570, 1137.103, 2277.016, 5000.000, 6.012
1887.092, 1137.278, 2278.546, 5000.000, 5.988
1888.653, 1137.415, 2280.114, 5000.000, 5.964
1890.209, 1137.556, 2281.676, 5000.000, 5.940
1891.763, 1137.700, 2283.237, 5000.000, 5.916
1893.355, 1137.807, 2284.832, 5000.000, 5.892
1894.890, 1137.970, 2286.375, 5000.000, 5.868
1896.420, 1138.136, 2287.914, 5000.000, 5.844
1897.914, 1138.337, 2289.421, 5000.000, 5.821
1899.448, 1138.501, 2290.963, 5000.000, 5.798
1900.973, 1138.672, 2292.498, 5000.000, 5.774
1902.495, 1138.846, 2294.030, 5000.000, 5.750
1904.017, 1139.021, 2295.561, 5000.000, 5.727
1905.543, 1139.192, 2297.097, 5000.000, 5.703
1907.076, 1139.356, 2298.639, 5000.000, 5.680
1908.621, 1139.508, 2300.191, 5000.000, 5.656
1910.216, 1139.612, 2301.789, 5000.000, 5.631
1911.818, 1139.709, 2303.392, 5000.000, 5.607
1913.379, 1139.846, 2304.959, 5000.000, 5.583
1914.941, 1139.982, 2306.527, 5000.000, 5.559
1916.471, 1140.149, 2308.065, 5000.000, 5.535
1918.057, 1140.261, 2309.655, 5000.000, 5.511
1919.690, 1140.329, 2311.287, 5000.000, 5.486
1921.238, 1140.479, 2312.842, 5000.000, 5.462
1922.825, 1140.590, 2314.433, 5000.000, 5.437
1924.406, 1140.708, 2316.018, 5000.000, 5.413
1925.984, 1140.829, 2317.600, 5000.000, 5.389
1927.562, 1140.948, 2319.184, 5000.000, 5.364
1929.096, 1141.112, 2320.725, 5000.000, 5.341
1930.623, 1141.282, 2322.261, 5000.000, 5.317
1932.196, 1141.407, 2323.839, 5000.000, 5.293
1933.783, 1141.518, 2325.430, 5000.000, 5.269
1935.374, 1141.626, 2327.025, 5000.000, 5.244
1936.959, 1141.740, 2328.613, 5000.000, 5.220
1938.541, 1141.857, 2330.199, 5000.000, 5.195
1940.073, 1142.022, 2331.740, 5000.000, 5.172
1941.595, 1142.196, 2333.271, 5000.000, 5.148
1943.160, 1142.329, 2334.842, 5000.000, 5.124
1944.735, 1142.453, 2336.422, 5000.000, 5.100
1946.274, 1142.611, 2337.969, 5000.000, 5.076
1947.852, 1142.731, 2339.551, 5000.000, 5.052
1949.422, 1142.859, 2341.126, 5000.000, 5.028
1950.988, 1142.991, 2342.698, 5000.000, 5.004
1952.555, 1143.122, 2344.270, 5000.000, 4.979
1954.125, 1143.250, 2345.846, 5000.000, 4.955
1955.703, 1143.371, 2347.428, 5000.000, 4.931
1957.242, 1143.529, 2348.975, 5000.000, 4.907
1958.781, 1143.687, 2350.522, 5000.000, 4.883
1960.323, 1143.842, 2352.072, 5000.000, 4.860
1961.907, 1143.957, 2353.660, 5000.000, 4.835
1963.500, 1144.063, 2355.256, 5000.000, 4.811
1965.106, 1144.156, 2356.864, 5000.000, 4.786
1966.665, 1144.295, 2358.430, 5000.000, 4.762
1968.302, 1144.359, 2360.066, 5000.000, 4.737
1969.885, 1144.475, 2361.653, 5000.000, 4.713
1971.453, 1144.605, 2363.227, 5000.000, 4.688
1973.011, 1144.745, 2364.791, 5000.000, 4.664
1974.562, 1144.891, 2366.349, 5000.000, 4.641
1976.075, 1145.075, 2367.871, 5000.000, 4.617
1977.637, 1145.210, 2369.440, 5000.000, 4.593
1979.204, 1145.341, 2371.012, 5000.000, 4.569
1980.778, 1145.466, 2372.591, 5000.000, 4.545
1982.313, 1145.627, 2374.134, 5000.000, 4.521
1983.849, 1145.789, 2375.677, 5000.000, 4.497
1985.387, 1145.948, 2377.224, 5000.000, 4.474
1986.967, 1146.067, 2378.808, 5000.000, 4.449
1988.542, 1146.190, 2380.388, 5000.000, 4.425
1990.116, 1146.314, 2381.967, 5000.000, 4.401
1991.728, 1146.401, 2383.581, 5000.000, 4.376
1993.299, 1146.529, 2385.156, 5000.000, 4.352
1994.830, 1146.694, 2386.697, 5000.000, 4.328
1996.362, 1146.860, 2388.237, 5000.000, 4.305
1997.896, 1147.022, 2389.780, 5000.000, 4.281
1999.472, 1147.145, 2391.360, 5000.000, 4.257
2001.043, 1147.272, 2392.936, 5000.000, 4.233
2002.614, 1147.400, 2394.512, 5000.000, 4.208
2004.187, 1147.525, 2396.090, 5000.000, 4.184
2005.767, 1147.643, 2397.674, 5000.000, 4.160
2007.357, 1147.752, 2399.268, 5000.000, 4.135
2008.911, 1147.895, 2400.828, 5000.000, 4.111
2010.518, 1147.988, 2402.438, 5000.000, 4.087
2012.096, 1148.108, 2404.020, 5000.000, 4.062
2013.684, 1148.219, 2405.612, 5000.000, 4.038
2015.234, 1148.367, 2407.168, 5000.000, 4.014
2016.819, 1148.480, 2408.758, 5000.000, 3.990
2018.394, 1148.604, 2410.337, 5000.000, 3.965
2019.959, 1148.737, 2411.908, 5000.000, 3.941
2021.555, 1148.840, 2413.507, 5000.000, 3.917
2023.149, 1148.945, 2415.105, 5000.000, 3.892
2024.745, 1149.048, 2416.704, 5000.000, 3.868
2026.333, 1149.159, 2418.295, 5000.000, 3.843
2027.915, 1149.275, 2419.882, 5000.000, 3.819
2029.497, 1149.392, 2421.468, 5000.000, 3.795
2031.082, 1149.507, 2423.056, 5000.000, 3.770
2032.673, 1149.614, 2424.651, 5000.000, 3.746
2034.224, 1149.760, 2426.209, 5000.000, 3.722
2035.775, 1149.907, 2427.766, 5000.000, 3.698
2037.363, 1150.018, 2429.359, 5000.000, 3.674
2038.893, 1150.185, 2430.897, 5000.000, 3.650
2040.452, 1150.323, 2432.463, 5000.000, 3.626
2042.010, 1150.463, 2434.027, 5000.000, 3.602
2043.570, 1150.601, 2435.593, 5000.000, 3.578
2045.136, 1150.733, 2437.164, 5000.000, 3.554
2046.661, 1150.905, 2438.698, 5000.000, 3.530
2048.184, 1151.079, 2440.230, 5000.000, 3.507
2049.708, 1151.251, 2441.763, 5000.000, 3.483
2051.235, 1151.420, 2443.300, 5000.000, 3.460
2052.770, 1151.583, 2444.843, 5000.000, 3.436
2054.349, 1151.702, 2446.427, 5000.000, 3.412
2055.928, 1151.821, 2448.010, 5000.000, 3.387
2057.510, 1151.938, 2449.596, 5000.000, 3.363
2059.098, 1152.049, 2451.188, 5000.000, 3.339
2060.697, 1152.149, 2452.789, 5000.000, 3.314
2062.310, 1152.236, 2454.404, 5000.000, 3.289
2063.891, 1152.354, 2455.990, 5000.000, 3.265
2065.479, 1152.465, 2457.581, 5000.000, 3.240
2067.076, 1152.567, 2459.181, 5000.000, 3.216
2068.671, 1152.671, 2460.780, 5000.000, 3.191
2070.303, 1152.739, 2462.413, 5000.000, 3.166
2071.853, 1152.886, 2463.970, 5000.000, 3.142
2073.447, 1152.992, 2465.567, 5000.000, 3.118
2075.071, 1153.067, 2467.192, 5000.000, 3.093
2076.644, 1153.192, 2468.771, 5000.000, 3.069
2078.256, 1153.281, 2470.384, 5000.000, 3.044
2079.858, 1153.378, 2471.990, 5000.000, 3.019
2081.456, 1153.479, 2473.591, 5000.000, 2.995
2083.053, 1153.581, 2475.191, 5000.000, 2.970
2084.602, 1153.729, 2476.747, 5000.000, 2.946
2086.143, 1153.885, 2478.295, 5000.000, 2.923
2087.679, 1154.047, 2479.837, 5000.000, 2.899
2089.211, 1154.211, 2481.378, 5000.000, 2.875
2090.744, 1154.376, 2482.918, 5000.000, 2.852
2092.279, 1154.538, 2484.461, 5000.000, 2.828
2093.856, 1154.659, 2486.043, 5000.000, 2.804
2095.428, 1154.785, 2487.620, 5000.000, 2.779
2096.999, 1154.912, 2489.196, 5000.000, 2.755
2098.573, 1155.036, 2490.775, 5000.000, 2.731
2100.154, 1155.154, 2492.360, 5000.000, 2.707
2101.695, 1155.310, 2493.909, 5000.000, 2.683
2103.235, 1155.467, 2495.457, 5000.000, 2.659
2104.777, 1155.623, 2497.007, 5000.000, 2.635
2106.324, 1155.773, 2498.561, 5000.000, 2.611
2107.878, 1155.917, 2500.122, 5000.000, 2.588
2109.443, 1156.050, 2501.692, 5000.000, 2.563
2111.021, 1156.170, 2503.274, 5000.000, 2.539
2112.615, 1156.275, 2504.872, 5000.000, 2.515
2114.264, 1156.327, 2506.519, 5000.000, 2.489
2115.872, 1156.419, 2508.129, 5000.000, 2.465
2117.477, 1156.514, 2509.736, 5000.000, 2.440
2119.131, 1156.560, 2511.390, 5000.000, 2.415
2120.754, 1156.638, 2513.014, 5000.000, 2.390
2122.333, 1156.757, 2514.597, 5000.000, 2.365
2123.993, 1156.799, 2516.256, 5000.000, 2.340
2125.600, 1156.891, 2517.866, 5000.000, 2.315
2127.195, 1156.996, 2519.463, 5000.000, 2.291
2128.778, 1157.110, 2521.051, 5000.000, 2.266
2130.354, 1157.233, 2522.632, 5000.000, 2.242
2131.926, 1157.360, 2524.209, 5000.000, 2.218
2133.495, 1157.488, 2525.783, 5000.000, 2.194
2135.066, 1157.616, 2527.359, 5000.000, 2.170
2136.640, 1157.740, 2528.938, 5000.000, 2.145
2138.257, 1157.823, 2530.557, 5000.000, 2.120
2139.870, 1157.910, 2532.172, 5000.000, 2.096
2141.433, 1158.045, 2533.740, 5000.000, 2.072
2142.984, 1158.191, 2535.298, 5000.000, 2.048
2144.527, 1158.345, 2536.848, 5000.000, 2.024
2146.064, 1158.505, 2538.394, 5000.000, 2.000
2147.599, 1158.668, 2539.936, 5000.000, 1.976
2149.133, 1158.830, 2541.479, 5000.000, 1.953
2150.635, 1159.025, 2542.991, 5000.000, 1.930
2152.227, 1159.131, 2544.587, 5000.000, 1.905
2153.813, 1159.244, 2546.177, 5000.000, 1.881
2155.398, 1159.358, 2547.765, 5000.000, 1.856
2156.984, 1159.470, 2549.355, 5000.000, 1.832
2158.576, 1159.577, 2550.951, 5000.000, 1.807
2160.178, 1159.675, 2552.555, 5000.000, 1.783
2161.743, 1159.808, 2554.126, 5000.000, 1.759
2163.309, 1159.940, 2555.698, 5000.000, 1.735
2164.881, 1160.066, 2557.274, 5000.000, 1.710
2166.496, 1160.151, 2558.891, 5000.000, 1.686
2168.108, 1160.239, 2560.506, 5000.000, 1.661
2169.721, 1160.326, 2562.121, 5000.000, 1.636
2171.288, 1160.456, 2563.694, 5000.000, 1.612
2172.849, 1160.593, 2565.260, 5000.000, 1.588
2174.406, 1160.734, 2566.823, 5000.000, 1.564
2175.963, 1160.875, 2568.386, 5000.000, 1.540
2177.521, 1161.015, 2569.950, 5000.000, 1.516
2179.120, 1161.115, 2571.552, 5000.000, 1.491
2180.677, 1161.256, 2573.115, 5000.000, 1.467
2182.281, 1161.351, 2574.722, 5000.000, 1.443
2183.887, 1161.445, 2576.330, 5000.000, 1.418
2185.447, 1161.583, 2577.896, 5000.000, 1.394
2187.000, 1161.727, 2579.456, 5000.000, 1.370
2188.550, 1161.875, 2581.012, 5000.000, 1.346
2190.098, 1162.023, 2582.568, 5000.000, 1.322
2191.649, 1162.170, 2584.125, 5000.000, 1.298
2193.204, 1162.313, 2585.687, 5000.000, 1.274
2194.803, 1162.413, 2587.288, 5000.000, 1.250
2196.399, 1162.516, 2588.887, 5000.000, 1.225
2198.046, 1162.570, 2590.534, 5000.000, 1.200
2199.612, 1162.702, 2592.106, 5000.000, 1.176
2201.137, 1162.873, 2593.641, 5000.000, 1.152
2202.673, 1163.035, 2595.184, 5000.000, 1.129
2204.221, 1163.184, 2596.739, 5000.000, 1.105
2205.819, 1163.286, 2598.340, 5000.000, 1.080
2207.420, 1163.384, 2599.943, 5000.000, 1.056
2209.062, 1163.442, 2601.585, 5000.000, 1.030
2210.664, 1163.540, 2603.189, 5000.000, 1.006
2212.314, 1163.591, 2604.839, 5000.000, 0.980
2213.916, 1163.688, 2606.443, 5000.000, 0.956
2215.508, 1163.795, 2608.039, 5000.000, 0.931
2217.094, 1163.908, 2609.629, 5000.000, 0.907
2218.676, 1164.025, 2611.215, 5000.000, 0.883
2220.292, 1164.108, 2612.834, 5000.000, 0.858
2221.898, 1164.202, 2614.442, 5000.000, 0.833
2223.460, 1164.338, 2616.009, 5000.000, 0.809
2225.067, 1164.430, 2617.619, 5000.000, 0.784
2226.623, 1164.572, 2619.181, 5000.000, 0.760
2228.217, 1164.677, 2620.779, 5000.000, 0.736
2229.767, 1164.824, 2622.335, 5000.000, 0.712
2231.311, 1164.978, 2623.886, 5000.000, 0.688
2232.852, 1165.134, 2625.434, 5000.000, 0.664
2234.393, 1165.290, 2626.982, 5000.000, 0.641
2235.973, 1165.409, 2628.567, 5000.000, 0.616
2237.509, 1165.570, 2630.111, 5000.000, 0.593
2239.091, 1165.687, 2631.697, 5000.000, 0.568
2240.671, 1165.804, 2633.282, 5000.000, 0.544
2242.205, 1165.968, 2634.824, 5000.000, 0.520
2243.765, 1166.105, 2636.391, 5000.000, 0.496
2245.307, 1166.260, 2637.940, 5000.000, 0.472
2246.834, 1166.430, 2639.476, 5000.000, 0.449
2248.399, 1166.563, 2641.047, 5000.000, 0.425
2249.972, 1166.688, 2642.624, 5000.000, 0.401
2251.557, 1166.802, 2644.214, 5000.000, 0.376
2253.110, 1166.947, 2645.773, 5000.000, 0.352
2254.669, 1167.086, 2647.338, 5000.000, 0.328
2256.188, 1167.263, 2648.867, 5000.000, 0.305
2257.756, 1167.393, 2650.440, 5000.000, 0.281
2259.291, 1167.555, 2651.984, 5000.000, 0.257
2260.832, 1167.711, 2653.533, 5000.000, 0.233
2262.382, 1167.859, 2655.089, 5000.000, 0.209
2263.979, 1167.961, 2656.689, 5000.000, 0.185
2265.577, 1168.062, 2658.289, 5000.000, 0.160
2267.129, 1168.208, 2659.849, 5000.000, 0.136
2268.675, 1168.359, 2661.402, 5000.000, 0.112
2270.267, 1168.466, 2662.997, 5000.000, 0.088
2271.859, 1168.573, 2664.593, 5000.000, 0.063
2273.441, 1168.690, 2666.179, 5000.000, 0.039
2274.980, 1168.848, 2667.726, 5000.000, 0.015
2276.565, 1168.961, 2669.315, 5000.000, 0.000
2278.151, 1169.074, 2670.905, 5000.000, 0.000
2279.740, 1169.184, 2672.498, 5000.000, 0.000
2281.337, 1169.286, 2674.098, 5000.000, 0.000
2282.895, 1169.426, 2675.662, 5000.000, 0.000
2284.503, 1169.517, 2677.273, 5000.000, 0.000
2286.044, 1169.674, 2678.820, 5000.000, 0.000
2287.640, 1169.777, 2680.420, 5000.000, 0.000
2289.280, 1169.837, 2682.060, 5000.000, 0.000
2290.869, 1169.948, 2683.652, 5000.000, 0.000
2292.444, 1170.071, 2685.232, 5000.000, 0.000
2294.009, 1170.204, 2686.803, 5000.000, 0.000
2295.566, 1170.345, 2688.366, 5000.000, 0.000
2297.118, 1170.490, 2689.925, 5000.000, 0.000
2298.669, 1170.637, 2691.482, 5000.000, 0.000
2300.220, 1170.783, 2693.040, 5000.000, 0.000
2301.776, 1170.925, 2694.602, 5000.000, 0.000
2303.338, 1171.061, 2696.170, 5000.000, 0.000
2304.945, 1171.153, 2697.780, 5000.000, 0.000
2306.551, 1171.246, 2699.389, 5000.000, 0.000
2308.161, 1171.337, 2701.000, 5000.000, 0.000
2309.776, 1171.421, 2702.618, 5000.000, 0.000
2311.353, 1171.543, 2704.199, 5000.000, 0.000
2312.928, 1171.666, 2705.779, 5000.000, 0.000
2314.541, 1171.753, 2707.394, 5000.000, 0.000
2316.109, 1171.882, 2708.968, 5000.000, 0.000
2317.686, 1172.004, 2710.549, 5000.000, 0.000
2319.225, 1172.162, 2712.095, 5000.000, 0.000
2320.798, 1172.287, 2713.673, 5000.000, 0.000
2322.373, 1172.411, 2715.253, 5000.000, 0.000
2323.953, 1172.529, 2716.837, 5000.000, 0.000
2325.527, 1172.654, 2718.416, 5000.000, 0.000
2327.132, 1172.748, 2720.024, 5000.000, 0.000
2328.723, 1172.856, 2721.619, 5000.000, 0.000
2330.304, 1172.974, 2723.204, 5000.000, 0.000
2331.878, 1173.098, 2724.783, 5000.000, 0.000
2333.499, 1173.177, 2726.405, 5000.000, 0.000
2335.087, 1173.288, 2727.997, 5000.000, 0.000
2336.630, 1173.443, 2729.547, 5000.000, 0.000
2338.167, 1173.602, 2731.091, 5000.000, 0.000
2339.701, 1173.765, 2732.634, 5000.000, 0.000
2341.236, 1173.927, 2734.177, 5000.000, 0.000
2342.773, 1174.087, 2735.723, 5000.000, 0.000
2344.316, 1174.242, 2737.274, 5000.000, 0.000
2345.867, 1174.388, 2738.832, 5000.000, 0.000
2347.466, 1174.488, 2740.433, 5000.000, 0.000
2349.030, 1174.622, 2742.002, 5000.000, 0.000
2350.648, 1174.704, 2743.621, 5000.000, 0.000
2352.223, 1174.828, 2745.201, 5000.000, 0.000
2353.794, 1174.954, 2746.777, 5000.000, 0.000
2355.365, 1175.082, 2748.353, 5000.000, 0.000
2356.937, 1175.208, 2749.930, 5000.000, 0.000
2358.514, 1175.329, 2751.512, 5000.000, 0.000
2360.099, 1175.443, 2753.101, 5000.000, 0.000
2361.680, 1175.561, 2754.686, 5000.000, 0.000
2363.296, 1175.645, 2756.303, 5000.000, 0.000
2364.914, 1175.726, 2757.923, 5000.000, 0.000
2366.540, 1175.801, 2759.549, 5000.000, 0.000
2368.125, 1175.914, 2761.139, 5000.000, 0.000
2369.760, 1175.980, 2762.774, 5000.000, 0.000
2371.362, 1176.077, 2764.379, 5000.000, 0.000
2372.934, 1176.204, 2765.955, 5000.000, 0.000
2374.513, 1176.323, 2767.539, 5000.000, 0.000
2376.087, 1176.447, 2769.118, 5000.000, 0.000
2377.659, 1176.574, 2770.695, 5000.000, 0.000
2379.230, 1176.701, 2772.271, 5000.000, 0.000
2380.837, 1176.793, 2773.881, 5000.000, 0.000
2382.434, 1176.895, 2775.481, 5000.000, 0.000
2384.024, 1177.005, 2777.074, 5000.000, 0.000
2385.608, 1177.119, 2778.663, 5000.000, 0.000
2387.191, 1177.235, 2780.250, 5000.000, 0.000
2388.775, 1177.350, 2781.838, 5000.000, 0.000
2390.363, 1177.461, 2783.430, 5000.000, 0.000
2391.957, 1177.566, 2785.027, 5000.000, 0.000
2393.560, 1177.661, 2786.634, 5000.000, 0.000
2395.126, 1177.793, 2788.205, 5000.000, 0.000
2396.742, 1177.877, 2789.823, 5000.000, 0.000
2398.361, 1177.958, 2791.443, 5000.000, 0.000
2399.972, 1178.048, 2793.056, 5000.000, 0.000
2401.576, 1178.142, 2794.664, 5000.000, 0.000
2403.178, 1178.240, 2796.268, 5000.000, 0.000
2404.780, 1178.337, 2797.873, 5000.000, 0.000
2406.385, 1178.432, 2799.480, 5000.000, 0.000
2407.995, 1178.521, 2801.093, 5000.000, 0.000
2409.564, 1178.651, 2802.667, 5000.000, 0.000
2411.165, 1178.749, 2804.271, 5000.000, 0.000
2412.750, 1178.862, 2805.861, 5000.000, 0.000
2414.324, 1178.987, 2807.439, 5000.000, 0.000
2415.887, 1179.121, 2809.008, 5000.000, 0.000
2417.445, 1179.262, 2810.572, 5000.000, 0.000
2419.034, 1179.372, 2812.165, 5000.000, 0.000
2420.659, 1179.447, 2813.791, 5000.000, 0.000
2422.239, 1179.565, 2815.375, 5000.000, 0.000
2423.813, 1179.690, 2816.954, 5000.000, 0.000
2425.385, 1179.816, 2818.531, 5000.000, 0.000
2426.959, 1179.940, 2820.110, 5000.000, 0.000
2428.489, 1180.107, 2821.648, 5000.000, 0.000
2430.013, 1180.280, 2823.181, 5000.000, 0.000
2431.534, 1180.455, 2824.711, 5000.000, 0.000
2433.055, 1180.631, 2826.242, 5000.000, 0.000
2434.579, 1180.803, 2827.775, 5000.000, 0.000
2436.108, 1180.970, 2829.313, 5000.000, 0.000
2437.647, 1181.129, 2830.859, 5000.000, 0.000
2439.196, 1181.277, 2832.416, 5000.000, 0.000
2440.796, 1181.377, 2834.018, 5000.000, 0.000
2442.363, 1181.507, 2835.591, 5000.000, 0.000
2443.988, 1181.583, 2837.217, 5000.000, 0.000
2445.573, 1181.697, 2838.806, 5000.000, 0.000
2447.156, 1181.812, 2840.394, 5000.000, 0.000
2448.706, 1181.959, 2841.950, 5000.000, 0.000
2450.310, 1182.055, 2843.556, 5000.000, 0.000
2451.920, 1182.144, 2845.169, 5000.000, 0.000
2453.540, 1182.225, 2846.791, 5000.000, 0.000
2455.172, 1182.293, 2848.424, 5000.000, 0.000
2456.855, 1182.312, 2850.105, 5000.000, 0.000
2458.493, 1182.374, 2851.744, 5000.000, 0.000
2460.125, 1182.443, 2853.377, 5000.000, 0.000
2461.752, 1182.516, 2855.006, 5000.000, 0.000
2463.343, 1182.625, 2856.600, 5000.000, 0.000
2464.984, 1182.684, 2858.243, 5000.000, 0.000
2466.544, 1182.822, 2859.807, 5000.000, 0.000
2468.108, 1182.956, 2861.376, 5000.000, 0.000
2469.678, 1183.084, 2862.951, 5000.000, 0.000
2471.290, 1183.171, 2864.566, 5000.000, 0.000
2472.933, 1183.229, 2866.209, 5000.000, 0.000
2474.559, 1183.304, 2867.836, 5000.000, 0.000
2476.170, 1183.392, 2869.450, 5000.000, 0.000
2477.770, 1183.492, 2871.053, 5000.000, 0.000
2479.361, 1183.599, 2872.648, 5000.000, 0.000
2480.947, 1183.712, 2874.238, 5000.000, 0.000
2482.530, 1183.828, 2875.825, 5000.000, 0.000
2484.112, 1183.944, 2877.412, 5000.000, 0.000
2485.698, 1184.057, 2879.001, 5000.000, 0.000
2487.254, 1184.199, 2880.563, 5000.000, 0.000
2488.817, 1184.334, 2882.132, 5000.000, 0.000
2490.425, 1184.425, 2883.743, 5000.000, 0.000
2492.032, 1184.518, 2885.352, 5000.000, 0.000
2493.589, 1184.659, 2886.915, 5000.000, 0.000
2495.185, 1184.762, 2888.515, 5000.000, 0.000
2496.787, 1184.859, 2890.119, 5000.000, 0.000
2498.397, 1184.948, 2891.732, 5000.000, 0.000
2500.005, 1185.040, 2893.342, 5000.000, 0.000
2501.612, 1185.133, 2894.952, 5000.000, 0.000
2503.223, 1185.222, 2896.565, 5000.000, 0.000
2504.824, 1185.319, 2898.169, 5000.000, 0.000
2506.406, 1185.436, 2899.755, 5000.000, 0.000
2507.971, 1185.569, 2901.326, 5000.000, 0.000
2509.522, 1185.716, 2902.883, 5000.000, 0.000
2511.111, 1185.826, 2904.476, 5000.000, 0.000
2512.657, 1185.977, 2906.028, 5000.000, 0.000
2514.248, 1186.085, 2907.623, 5000.000, 0.000
2515.852, 1186.180, 2909.230, 5000.000, 0.000
2517.474, 1186.259, 2910.854, 5000.000, 0.000
2519.066, 1186.365, 2912.450, 5000.000, 0.000
2520.582, 1186.546, 2913.974, 5000.000, 0.000
2522.144, 1186.682, 2915.542, 5000.000, 0.000
2523.740, 1186.785, 2917.141, 5000.000, 0.000
2525.323, 1186.900, 2918.728, 5000.000, 0.000
2526.895, 1187.026, 2920.306, 5000.000, 0.000
2528.460, 1187.160, 2921.876, 5000.000, 0.000
2530.020, 1187.297, 2923.442, 5000.000, 0.000
2531.506, 1187.506, 2924.940, 5000.000, 0.000
2533.092, 1187.619, 2926.530, 5000.000, 0.000
2534.766, 1187.648, 2928.200, 5000.000, 0.000
2536.360, 1187.753, 2929.798, 5000.000, 0.000
2537.964, 1187.848, 2931.404, 5000.000, 0.000
2539.565, 1187.946, 2933.009, 5000.000, 0.000
2541.204, 1188.008, 2934.648, 5000.000, 0.000
2542.797, 1188.113, 2936.245, 5000.000, 0.000
2544.434, 1188.177, 2937.882, 5000.000, 0.000
2546.032, 1188.278, 2939.483, 5000.000, 0.000
2547.630, 1188.380, 2941.084, 5000.000, 0.000
2549.231, 1188.478, 2942.688, 5000.000, 0.000
2550.837, 1188.571, 2944.297, 5000.000, 0.000
2552.402, 1188.704, 2945.868, 5000.000, 0.000
2553.964, 1188.841, 2947.434, 5000.000, 0.000
2555.523, 1188.979, 2949.000, 5000.000, 0.000
2557.118, 1189.083, 2950.598, 5000.000, 0.000
2558.702, 1189.198, 2952.186, 5000.000, 0.000
2560.277, 1189.321, 2953.766, 5000.000, 0.000
2561.847, 1189.450, 2955.341, 5000.000, 0.000
2563.413, 1189.581, 2956.913, 5000.000, 0.000
2564.980, 1189.713, 2958.485, 5000.000, 0.000
2566.549, 1189.841, 2960.060, 5000.000, 0.000
2568.175, 1189.916, 2961.686, 5000.000, 0.000
2569.738, 1190.051, 2963.255, 5000.000, 0.000
2571.276, 1190.210, 2964.801, 5000.000, 0.000
2572.863, 1190.322, 2966.392, 5000.000, 0.000
2574.486, 1190.399, 2968.016, 5000.000, 0.000
2576.061, 1190.522, 2969.596, 5000.000, 0.000
2577.677, 1190.606, 2971.214, 5000.000, 0.000
2579.387, 1190.599, 2972.919, 5000.000, 0.000
2581.023, 1190.664, 2974.555, 5000.000, 0.000
2582.646, 1190.741, 2976.179, 5000.000, 0.000
2584.294, 1190.794, 2977.828, 5000.000, 0.000
2585.899, 1190.888, 2979.436, 5000.000, 0.000
2587.501, 1190.985, 2981.041, 5000.000, 0.000
2589.088, 1191.097, 2982.631, 5000.000, 0.000
2590.662, 1191.222, 2984.210, 5000.000, 0.000
2592.227, 1191.355, 2985.780, 5000.000, 0.000
2593.785, 1191.494, 2987.344, 5000.000, 0.000
2595.339, 1191.638, 2988.905, 5000.000, 0.000
2596.857, 1191.817, 2990.431, 5000.000, 0.000
2598.425, 1191.946, 2992.005, 5000.000, 0.000
2599.998, 1192.072, 2993.582, 5000.000, 0.000
2601.577, 1192.192, 2995.166, 5000.000, 0.000
2603.165, 1192.302, 2996.758, 5000.000, 0.000
2604.716, 1192.449, 2998.316, 5000.000, 0.000
2606.231, 1192.630, 2999.840, 5000.000, 0.000
2607.797, 1192.762, 3001.411, 5000.000, 0.000
2609.401, 1192.857, 3003.019, 5000.000, 0.000
2610.997, 1192.960, 3004.618, 5000.000, 0.000
2612.588, 1193.069, 3006.212, 5000.000, 0.000
2614.211, 1193.145, 3007.836, 5000.000, 0.000
2615.821, 1193.235, 3009.449, 5000.000, 0.000
2617.436, 1193.320, 3011.065, 5000.000, 0.000
2619.038, 1193.417, 3012.670, 5000.000, 0.000
2620.666, 1193.490, 3014.299, 5000.000, 0.000
2622.257, 1193.597, 3015.894, 5000.000, 0.000
2623.937, 1193.620, 3017.573, 5000.000, 0.000
2625.572, 1193.685, 3019.209, 5000.000, 0.000
2627.201, 1193.756, 3020.840, 5000.000, 0.000
2628.828, 1193.830, 3022.468, 5000.000, 0.000
2630.404, 1193.952, 3024.048, 5000.000, 0.000
2631.968, 1194.086, 3025.617, 5000.000, 0.000
2633.606, 1194.218, 3027.260, 5000.000, 0.000
2635.223, 1194.414, 3028.886, 5000.000, 0.000
2636.010, 1194.459, 3029.674, 5000.000, 0.000
2637.579, 1194.548, 3031.245, 5000.000, 0.000
2639.140, 1194.635, 3032.809, 5000.000, 0.000
2640.694, 1194.720, 3034.365, 5000.000, 0.000
2642.241, 1194.803, 3035.914, 5000.000, 0.000
2643.780, 1194.883, 3037.455, 5000.000, 0.000
2645.311, 1194.962, 3038.989, 5000.000, 0.000
2646.835, 1195.039, 3040.515, 5000.000, 0.000
2648.352, 1195.114, 3042.033, 5000.000, 0.000
2649.861, 1195.186, 3043.544, 5000.000, 0.000
2651.363, 1195.257, 3045.047, 5000.000, 0.000
2652.857, 1195.325, 3046.543, 5000.000, 0.000
2654.344, 1195.392, 3048.031, 5000.000, 0.000
2655.823, 1195.456, 3049.512, 5000.000, 0.000
2657.295, 1195.518, 3050.985, 5000.000, 0.000
