x, y, length, r, ctrl
0.000, 0.000, 0.000, 5000.000, 0.000
0.839, 0.833, 1.182, 5000.000, 0.000
1.679, 1.665, 2.365, 5000.000, 0.000
2.518, 2.498, 3.547, 5000.000, 0.000
3.357, 3.331, 4.729, 5000.000, 0.000
4.197, 4.163, 5.911, 5000.000, 0.000
5.036, 4.996, 7.094, 5000.000, 0.000
5.875, 5.828, 8.276, 5000.000, 0.000
6.715, 6.661, 9.458, 5000.000, 0.000
7.554, 7.494, 10.640, 5000.000, 0.000
8.393, 8.326, 11.823, 5000.000, 0.000
9.233, 9.159, 13.005, 5000.000, 0.000
10.072, 9.992, 14.187, 5000.000, 0.000
10.911, 10.824, 15.369, 5000.000, 0.000
11.751, 11.657, 16.552, 5000.000, 0.000
13.010, 12.906, 18.325, 5000.000, 0.000
13.849, 13.738, 19.507, 5000.000, 0.000
14.688, 14.571, 20.690, 5000.000, 0.000
15.527, 15.404, 21.872, 5000.000, 0.000
16.367, 16.236, 23.054, 5000.000, 0.000
17.206, 17.069, 24.236, 5000.000, 0.000
18.045, 17.902, 25.419, 5000.000, 0.000
18.885, 18.734, 26.601, 5000.000, 0.000
19.724, 19.567, 27.783, 5000.000, 0.000
20.563, 20.400, 28.965, 5000.000, 0.000
21.403, 21.232, 30.148, 5000.000, 0.000
22.242, 22.065, 31.330, 5000.000, 0.000
23.081, 22.897, 32.512, 5000.000, 0.000
23.921, 23.730, 33.694, 5000.000, 0.000
24.760, 24.563, 34.877, 5000.000, 0.000
25.599, 25.395, 36.059, 5000.000, 0.000
26.439, 26.228, 37.241, 5000.000, 0.000
27.278, 27.061, 38.424, 5000.000, 0.000
28.117, 27.893, 39.606, 5000.000, 0.000
28.957, 28.726, 40.788, 5000.000, 0.000
29.796, 29.559, 41.970, 5000.000, 0.000
30.635, 30.391, 43.153, 5000.000, 0.000
31.475, 31.224, 44.335, 5000.000, 0.000
32.314, 32.056, 45.517, 5000.000, 0.000
33.153, 32.889, 46.699, 5000.000, 0.000
33.993, 33.722, 47.882, 5000.000, 0.000
34.832, 34.554, 49.064, 5000.000, 0.000
35.671, 35.387, 50.246, 5000.000, 0.000
36.511, 36.220, 51.428, 5000.000, 0.000
37.350, 37.052, 52.611, 5000.000, 0.000
38.189, 37.885, 53.793, 5000.000, 0.000
39.029, 38.718, 54.975, 5000.000, 0.000
39.868, 39.550, 56.157, 5000.000, 0.000
40.707, 40.383, 57.340, 5000.000, 0.000
41.547, 41.215, 58.522, 5000.000, 0.000
42.386, 42.048, 59.704, 5000.000, 0.000
43.225, 42.881, 60.887, 5000.000, 0.000
44.064, 43.713, 62.069, 5000.000, 0.000
44.904, 44.546, 63.251, 5000.000, 0.000
45.743, 45.379, 64.433, 5000.000, 0.000
46.582, 46.211, 65.616, 5000.000, 0.000
47.422, 47.044, 66.798, 5000.000, 0.000
48.261, 47.877, 67.980, 5000.000, 0.000
49.100, 48.709, 69.162, 5000.000, 0.000
49.940, 49.542, 70.345, 5000.000, 0.000
50.779, 50.374, 71.527, 5000.000, 0.000
51.618, 51.207, 72.709, 5000.000, 0.000
52.458, 52.040, 73.891, 5000.000, 0.000
53.297, 52.872, 75.074, 5000.000, 0.000
54.136, 53.705, 76.256, 5000.000, 0.000
54.976, 54.538, 77.438, 5000.000, 0.000
55.815, 55.370, 78.620, 5000.000, 0.000
56.654, 56.203, 79.803, 5000.000, 0.000
57.494, 57.036, 80.985, 5000.000, 0.000
58.333, 57.868, 82.167, 5000.000, 0.000
59.172, 58.701, 83.350, 5000.000, 0.000
60.012, 59.533, 84.532, 5000.000, 0.000
60.851, 60.366, 85.714, 5000.000, 0.000
61.690, 61.199, 86.896, 5000.000, 0.000
62.530, 62.031, 88.079, 5000.000, 0.000
63.369, 62.864, 89.261, 5000.000, 0.000
64.208, 63.697, 90.443, 5000.000, 0.000
65.048, 64.529, 91.625, 5000.000, 0.000
65.887, 65.362, 92.808, 5000.000, 0.000
66.726, 66.195, 93.990, 5000.000, 0.000
67.566, 67.027, 95.172, 5000.000, 0.000
68.405, 67.860, 96.354, 5000.000, 0.000
69.244, 68.692, 97.537, 5000.000, 0.000
70.083, 69.525, 98.719, 5000.000, 0.000
70.923, 70.358, 99.901, 5000.000, 0.000
71.762, 71.190, 101.083, 5000.000, 0.000
72.601, 72.023, 102.266, 5000.000, 0.000
73.441, 72.856, 103.448, 5000.000, 0.000
74.280, 73.688, 104.630, 5000.000, 0.000
75.119, 74.521, 105.813, 5000.000, 0.000
75.959, 75.354, 106.995, 5000.000, 0.000
76.798, 76.186, 108.177, 5000.000, 0.000
77.673, 76.983, 109.360, 5000.000, 0.000
78.534, 77.794, 110.542, 5000.000, 0.000
79.383, 78.616, 111.724, 5000.000, 0.000
80.222, 79.450, 112.907, 5000.000, 0.000
81.050, 80.294, 114.089, 5000.000, 0.000
81.868, 81.147, 115.271, 5000.000, 0.000
82.679, 82.009, 116.453, 5000.000, 0.000
83.481, 82.879, 117.635, 5000.000, 0.000
84.278, 83.755, 118.818, 5000.000, 0.000
85.069, 84.636, 120.001, 5000.000, 0.000
85.855, 85.522, 121.184, 5000.000, 0.000
86.637, 86.412, 122.367, 5000.000, 0.000
87.417, 87.305, 123.551, 5000.000, 0.000
88.195, 88.200, 124.735, 5000.000, 0.000
88.972, 89.095, 125.919, 5000.000, 0.000
89.748, 89.991, 127.104, 5000.000, 0.000
90.526, 90.886, 128.288, 5000.000, 0.000
91.306, 91.778, 129.472, 5000.000, 0.000
92.088, 92.668, 130.657, 5000.000, 0.000
92.875, 93.555, 131.841, 5000.000, 0.000
93.665, 94.436, 133.026, 5000.000, 0.000
94.462, 95.312, 134.209, 5000.000, 0.000
95.265, 96.181, 135.393, 5000.000, 0.000
96.075, 97.043, 136.576, 5000.000, 0.000
96.894, 97.897, 137.758, 5000.000, 0.000
97.722, 98.741, 138.940, 5000.000, 0.000
98.560, 99.574, 140.121, 5000.000, 0.000
99.409, 100.397, 141.302, 5000.000, 0.000
100.271, 101.207, 142.483, 5000.000, 0.000
101.145, 102.005, 143.664, 5000.000, 0.000
101.984, 102.837, 144.846, 5000.000, 0.000
102.824, 103.670, 146.028, 5000.000, 0.000
103.663, 104.502, 147.210, 5000.000, 0.000
104.502, 105.335, 148.392, 5000.000, 0.000
105.342, 106.168, 149.575, 5000.000, 0.000
106.181, 107.000, 150.757, 5000.000, 0.000
107.020, 107.833, 151.939, 5000.000, 0.000
107.860, 108.666, 153.121, 5000.000, 0.000
108.699, 109.498, 154.303, 5000.000, 0.000
109.538, 110.331, 155.486, 5000.000, 0.000
110.378, 111.164, 156.668, 5000.000, 0.000
111.217, 111.996, 157.850, 5000.000, 0.000
112.056, 112.829, 159.032, 5000.000, 0.000
112.896, 113.661, 160.215, 5000.000, 0.000
113.735, 114.494, 161.397, 5000.000, 0.000
114.574, 115.327, 162.579, 5000.000, 0.000
115.414, 116.159, 163.761, 5000.000, 0.000
116.253, 116.992, 164.944, 5000.000, 0.000
117.092, 117.825, 166.126, 5000.000, 0.000
117.932, 118.657, 167.308, 5000.000, 0.000
118.771, 119.490, 168.490, 5000.000, 0.000
119.610, 120.323, 169.673, 5000.000, 0.000
120.450, 121.155, 170.855, 5000.000, 0.000
121.289, 121.988, 172.037, 5000.000, 0.000
122.128, 122.820, 173.219, 5000.000, 0.000
122.968, 123.653, 174.402, 5000.000, 0.000
123.807, 124.486, 175.584, 5000.000, 0.000
124.611, 125.354, 176.766, 5000.000, 0.000
125.463, 126.173, 177.948, 5000.000, 0.000
126.315, 126.994, 179.131, 5000.000, 0.000
127.165, 127.815, 180.313, 5000.000, 0.000
128.015, 128.637, 181.495, 5000.000, 0.000
128.863, 129.461, 182.678, 5000.000, 0.000
129.711, 130.285, 183.860, 5000.000, 0.000
130.558, 131.110, 185.042, 5000.000, 0.000
131.404, 131.936, 186.224, 5000.000, 0.000
132.249, 132.763, 187.407, 5000.000, 0.000
133.093, 133.591, 188.589, 5000.000, 0.000
133.936, 134.420, 189.771, 5000.000, 0.000
134.778, 135.250, 190.954, 5000.000, 0.000
135.619, 136.081, 192.136, 5000.000, 0.000
136.459, 136.912, 193.318, 5000.000, 0.000
137.298, 137.745, 194.500, 5000.000, 0.000
138.137, 138.578, 195.683, 5000.000, 0.000
138.974, 139.413, 196.865, 5000.000, 0.000
139.811, 140.248, 198.047, 5000.000, 0.000
140.646, 141.085, 199.229, 5000.000, 0.000
141.481, 141.922, 200.412, 5000.000, 0.000
142.315, 142.760, 201.594, 5000.000, 0.000
143.148, 143.600, 202.776, 5000.000, 0.000
143.980, 144.440, 203.958, 5000.000, 0.000
144.811, 145.281, 205.141, 5000.000, 0.000
145.641, 146.123, 206.323, 5000.000, 0.000
146.470, 146.966, 207.505, 5000.000, 0.000
147.298, 147.810, 208.687, 5000.000, 0.000
148.125, 148.654, 209.870, 5000.000, 0.000
148.951, 149.500, 211.052, 5000.000, 0.000
149.791, 150.333, 212.234, 5000.000, 0.000
150.608, 151.188, 213.417, 5000.000, 0.000
151.437, 152.030, 214.599, 5000.000, 0.000
152.278, 152.862, 215.781, 5000.000, 0.000
153.163, 153.648, 216.963, 5000.000, 0.000
154.046, 154.437, 218.146, 5000.000, 0.000
154.924, 155.231, 219.328, 5000.000, 0.000
155.799, 156.028, 220.511, 5000.000, 0.000
156.669, 156.828, 221.694, 5000.000, 0.000
157.537, 157.633, 222.876, 5000.000, 0.000
158.400, 158.441, 224.059, 5000.000, 0.000
159.260, 159.253, 225.242, 5000.000, 0.000
160.116, 160.069, 226.424, 5000.000, 0.000
160.968, 160.889, 227.607, 5000.000, 0.000
161.817, 161.712, 228.789, 5000.000, 0.000
162.662, 162.539, 229.971, 5000.000, 0.000
163.503, 163.370, 231.153, 5000.000, 0.000
164.340, 164.204, 232.335, 5000.000, 0.000
165.174, 165.042, 233.517, 5000.000, 0.000
166.004, 165.884, 234.699, 5000.000, 0.000
166.831, 166.730, 235.882, 5000.000, 0.000
167.653, 167.580, 237.064, 5000.000, 0.000
168.472, 168.433, 238.247, 5000.000, 0.000
169.287, 169.290, 239.430, 5000.000, 0.000
170.099, 170.151, 240.612, 5000.000, 0.000
170.906, 171.015, 241.796, 5000.000, 0.000
171.710, 171.883, 242.979, 5000.000, 0.000
172.511, 172.755, 244.162, 5000.000, 0.000
173.307, 173.631, 245.346, 5000.000, 0.000
174.100, 174.511, 246.530, 5000.000, 0.000
174.938, 175.344, 247.711, 5000.000, 0.000
175.788, 176.167, 248.892, 5000.000, 0.000
176.649, 176.977, 250.073, 5000.000, 0.000
177.524, 177.774, 251.254, 5000.000, 0.000
178.363, 178.607, 252.436, 5000.000, 0.000
179.202, 179.440, 253.618, 5000.000, 0.000
180.042, 180.272, 254.801, 5000.000, 0.000
180.846, 181.140, 255.983, 5000.000, 0.000
181.698, 181.960, 257.165, 5000.000, 0.000
182.549, 182.780, 258.347, 5000.000, 0.000
183.400, 183.602, 259.529, 5000.000, 0.000
184.249, 184.424, 260.711, 5000.000, 0.000
185.098, 185.247, 261.893, 5000.000, 0.000
185.946, 186.071, 263.076, 5000.000, 0.000
186.793, 186.897, 264.258, 5000.000, 0.000
187.638, 187.723, 265.440, 5000.000, 0.000
188.483, 188.550, 266.623, 5000.000, 0.000
189.327, 189.378, 267.805, 5000.000, 0.000
190.170, 190.207, 268.987, 5000.000, 0.000
191.012, 191.036, 270.169, 5000.000, 0.000
191.854, 191.867, 271.352, 5000.000, 0.000
192.694, 192.699, 272.534, 5000.000, 0.000
193.533, 193.531, 273.716, 5000.000, 0.000
194.372, 194.365, 274.898, 5000.000, 0.000
195.209, 195.200, 276.081, 5000.000, 0.000
196.046, 196.035, 277.263, 5000.000, 0.000
196.881, 196.871, 278.445, 5000.000, 0.000
197.716, 197.709, 279.627, 5000.000, 0.000
198.550, 198.547, 280.810, 5000.000, 0.000
199.382, 199.386, 281.992, 5000.000, 0.000
200.214, 200.226, 283.174, 5000.000, 0.000
201.045, 201.067, 284.356, 5000.000, 0.000
201.875, 201.909, 285.539, 5000.000, 0.000
202.704, 202.752, 286.721, 5000.000, 0.000
203.533, 203.596, 287.903, 5000.000, 0.000
204.360, 204.441, 289.086, 5000.000, 0.000
205.186, 205.287, 290.268, 5000.000, 0.000
206.061, 206.084, 291.450, 5000.000, 0.000
206.900, 206.917, 292.632, 5000.000, 0.000
207.739, 207.749, 293.814, 5000.000, 0.000
208.579, 208.582, 294.997, 5000.000, 0.000
209.418, 209.415, 296.179, 5000.000, 0.000
210.257, 210.247, 297.361, 5000.000, 0.000
211.096, 211.080, 298.543, 5000.000, 0.000
211.936, 211.912, 299.726, 5000.000, 0.000
212.775, 212.745, 300.908, 5000.000, 0.000
213.614, 213.578, 302.090, 5000.000, 0.000
214.454, 214.410, 303.273, 5000.000, 0.000
215.293, 215.243, 304.455, 5000.000, 0.000
216.132, 216.076, 305.637, 5000.000, 0.000
216.972, 216.908, 306.819, 5000.000, 0.000
217.811, 217.741, 308.002, 5000.000, 0.000
218.650, 218.573, 309.184, 5000.000, 0.000
219.490, 219.406, 310.366, 5000.000, 0.000
220.329, 220.239, 311.548, 5000.000, 0.000
221.168, 221.071, 312.731, 5000.000, 0.000
222.008, 221.904, 313.913, 5000.000, 0.000
222.847, 222.737, 315.095, 5000.000, 0.000
223.686, 223.569, 316.277, 5000.000, 0.000
224.526, 224.402, 317.460, 5000.000, 0.000
225.365, 225.235, 318.642, 5000.000, 0.000
226.204, 226.067, 319.824, 5000.000, 0.000
227.044, 226.900, 321.006, 5000.000, 0.000
227.883, 227.732, 322.189, 5000.000, 0.000
228.722, 228.565, 323.371, 5000.000, 0.005
229.562, 229.398, 324.553, 5000.000, 0.020
230.401, 230.230, 325.735, 5000.000, 0.035
231.240, 231.063, 326.918, 5000.000, 0.050
232.080, 231.896, 328.100, 5000.000, 0.065
232.919, 232.728, 329.282, 5000.000, 0.080
233.758, 233.561, 330.465, 5000.000, 0.095
234.598, 234.394, 331.647, 5000.000, 0.111
235.437, 235.226, 332.829, 5000.000, 0.126
236.276, 236.059, 334.011, 5000.000, 0.141
237.116, 236.891, 335.194, 5000.000, 0.156
237.955, 237.724, 336.376, 5000.000, 0.171
238.794, 238.557, 337.558, 5000.000, 0.186
239.633, 239.389, 338.740, 5000.000, 0.201
240.473, 240.222, 339.923, 5000.000, 0.216
241.312, 241.055, 341.105, 5000.000, 0.232
242.151, 241.887, 342.287, 5000.000, 0.247
242.991, 242.720, 343.469, 5000.000, 0.262
243.830, 243.553, 344.652, 5000.000, 0.277
244.669, 244.385, 345.834, 5000.000, 0.292
245.509, 245.218, 347.016, 5000.000, 0.307
246.348, 246.050, 348.198, 5000.000, 0.322
247.187, 246.883, 349.381, 5000.000, 0.337
248.027, 247.716, 350.563, 5000.000, 0.353
248.831, 248.584, 351.745, 5000.000, 0.368
249.648, 249.439, 352.928, 5000.000, 0.383
250.477, 250.281, 354.110, 5000.000, 0.398
251.318, 251.113, 355.292, 5000.000, 0.413
252.169, 251.934, 356.475, 5000.000, 0.428
253.028, 252.746, 357.657, 5000.000, 0.443
253.897, 253.549, 358.839, 5000.000, 0.458
254.773, 254.345, 360.021, 5000.000, 0.473
255.655, 255.135, 361.204, 5000.000, 0.489
256.543, 255.918, 362.386, 5000.000, 0.504
257.435, 256.697, 363.569, 5000.000, 0.519
258.366, 257.437, 364.753, 5000.000, 0.534
259.288, 258.188, 365.941, 5000.000, 0.549
260.198, 258.948, 367.127, 5000.000, 0.564
261.099, 259.719, 368.313, 5000.000, 0.580
261.989, 260.500, 369.497, 5000.000, 0.595
262.870, 261.291, 370.680, 5000.000, 0.610
263.740, 262.093, 371.863, 5000.000, 0.625
264.599, 262.905, 373.044, 5000.000, 0.640
265.449, 263.728, 374.225, 5000.000, 0.655
266.288, 264.560, 375.406, 5000.000, 0.670
267.117, 265.403, 376.586, 5000.000, 0.685
267.936, 266.256, 377.767, 5000.000, 0.700
268.745, 267.120, 378.947, 5000.000, 0.716
269.579, 267.958, 380.128, 5000.000, 0.731
270.389, 268.820, 381.309, 5000.000, 0.746
271.177, 269.705, 382.490, 5000.000, 0.761
271.944, 270.610, 383.670, 5000.000, 0.776
272.690, 271.537, 384.852, 5000.000, 0.791
273.416, 272.483, 386.034, 5000.000, 0.806
274.174, 273.399, 387.217, 5000.000, 0.821
274.928, 274.317, 388.400, 5000.000, 0.836
275.681, 275.236, 389.584, 5000.000, 0.852
276.436, 276.154, 390.769, 5000.000, 0.867
277.193, 277.070, 391.957, 5000.000, 0.882
277.955, 277.980, 393.144, 5000.000, 0.897
278.723, 278.885, 394.331, 5000.000, 0.912
279.500, 279.780, 395.516, 5000.000, 0.927
280.287, 280.666, 396.700, 5000.000, 0.943
281.086, 281.539, 397.884, 5000.000, 0.958
281.899, 282.398, 399.065, 5000.000, 0.973
282.678, 283.291, 400.251, 5000.000, 0.988
283.461, 284.181, 401.436, 5000.000, 1.003
284.247, 285.067, 402.620, 5000.000, 1.018
285.038, 285.949, 403.804, 5000.000, 1.033
285.834, 286.825, 404.988, 5000.000, 1.049
286.637, 287.694, 406.171, 5000.000, 1.064
287.447, 288.556, 407.354, 5000.000, 1.079
288.266, 289.409, 408.536, 5000.000, 1.094
289.094, 290.254, 409.717, 5000.000, 1.109
289.932, 291.087, 410.897, 5000.000, 1.124
290.782, 291.910, 412.077, 5000.000, 1.139
291.643, 292.720, 413.256, 5000.000, 1.154
292.518, 293.517, 414.435, 5000.000, 1.169
293.357, 294.350, 415.616, 5000.000, 1.184
294.196, 295.183, 416.798, 5000.000, 1.200
295.036, 296.015, 417.980, 5000.000, 1.215
295.875, 296.848, 419.162, 5000.000, 1.230
296.714, 297.681, 420.345, 5000.000, 1.245
297.553, 298.513, 421.527, 5000.000, 1.260
298.393, 299.346, 422.709, 5000.000, 1.275
299.232, 300.178, 423.891, 5000.000, 1.290
300.071, 301.011, 425.074, 5000.000, 1.305
300.911, 301.844, 426.256, 5000.000, 1.321
301.750, 302.676, 427.438, 5000.000, 1.336
302.589, 303.509, 428.620, 5000.000, 1.351
303.429, 304.342, 429.803, 5000.000, 1.366
304.268, 305.174, 430.985, 5000.000, 1.381
305.072, 306.042, 432.167, 5000.000, 1.396
305.889, 306.897, 433.350, 5000.000, 1.411
306.719, 307.740, 434.532, 5000.000, 1.426
307.559, 308.572, 435.714, 5000.000, 1.442
308.410, 309.393, 436.896, 5000.000, 1.457
309.270, 310.205, 438.079, 5000.000, 1.472
310.138, 311.008, 439.261, 5000.000, 1.487
311.014, 311.804, 440.443, 5000.000, 1.502
311.896, 312.593, 441.626, 5000.000, 1.517
312.784, 313.377, 442.808, 5000.000, 1.532
313.676, 314.156, 443.993, 5000.000, 1.547
314.573, 314.931, 445.178, 5000.000, 1.563
315.472, 315.704, 446.363, 5000.000, 1.578
316.372, 316.474, 447.549, 5000.000, 1.593
317.274, 317.244, 448.734, 5000.000, 1.608
318.176, 318.014, 449.920, 5000.000, 1.623
319.077, 318.784, 451.105, 5000.000, 1.638
319.976, 319.557, 452.291, 5000.000, 1.654
320.872, 320.332, 453.476, 5000.000, 1.669
321.764, 321.111, 454.660, 5000.000, 1.684
322.652, 321.895, 455.844, 5000.000, 1.699
323.535, 322.684, 457.028, 5000.000, 1.714
324.410, 323.480, 458.211, 5000.000, 1.729
325.279, 324.284, 459.394, 5000.000, 1.744
326.139, 325.096, 460.575, 5000.000, 1.759
326.989, 325.917, 461.756, 5000.000, 1.775
327.830, 326.748, 462.937, 5000.000, 1.790
328.659, 327.591, 464.117, 5000.000, 1.805
329.476, 328.446, 465.296, 5000.000, 1.820
330.280, 329.314, 466.475, 5000.000, 1.835
331.120, 330.147, 467.656, 5000.000, 1.850
331.959, 330.979, 468.838, 5000.000, 1.865
332.798, 331.812, 470.020, 5000.000, 1.880
333.638, 332.645, 471.202, 5000.000, 1.895
334.512, 333.442, 472.385, 5000.000, 1.911
335.374, 334.252, 473.567, 5000.000, 1.926
336.223, 335.075, 474.750, 5000.000, 1.941
337.061, 335.908, 475.932, 5000.000, 1.956
337.889, 336.752, 477.114, 5000.000, 1.971
338.708, 337.606, 478.296, 5000.000, 1.986
339.518, 338.468, 479.478, 5000.000, 2.001
340.321, 339.337, 480.660, 5000.000, 2.016
341.117, 340.213, 481.843, 5000.000, 2.031
341.908, 341.095, 483.026, 5000.000, 2.047
342.694, 341.981, 484.209, 5000.000, 2.062
343.477, 342.871, 485.392, 5000.000, 2.077
344.257, 343.764, 486.576, 5000.000, 2.092
345.034, 344.658, 487.760, 5000.000, 2.107
345.811, 345.554, 488.945, 5000.000, 2.122
346.588, 346.449, 490.129, 5000.000, 2.137
347.366, 347.344, 491.314, 5000.000, 2.153
348.110, 348.272, 492.500, 5000.000, 2.168
348.871, 349.184, 493.686, 5000.000, 2.183
349.647, 350.081, 494.871, 5000.000, 2.198
350.474, 350.926, 496.053, 5000.000, 2.213
351.304, 351.768, 497.235, 5000.000, 2.228
352.137, 352.606, 498.418, 5000.000, 2.243
352.976, 353.440, 499.600, 5000.000, 2.259
353.819, 354.268, 500.782, 5000.000, 2.274
354.670, 355.090, 501.964, 5000.000, 2.289
355.527, 355.904, 503.147, 5000.000, 2.304
356.393, 356.710, 504.329, 5000.000, 2.319
357.269, 357.506, 505.511, 5000.000, 2.334
358.154, 358.292, 506.694, 5000.000, 2.349
359.002, 359.116, 507.877, 5000.000, 2.364
359.847, 359.943, 509.059, 5000.000, 2.380
360.689, 360.773, 510.241, 5000.000, 2.395
361.528, 361.606, 511.423, 5000.000, 2.410
362.365, 362.441, 512.606, 5000.000, 2.425
363.199, 363.279, 513.788, 5000.000, 2.440
364.030, 364.120, 514.970, 5000.000, 2.455
364.858, 364.964, 516.152, 5000.000, 2.470
365.683, 365.811, 517.334, 5000.000, 2.485
366.506, 366.660, 518.516, 5000.000, 2.501
367.326, 367.513, 519.698, 5000.000, 2.516
368.143, 368.368, 520.881, 5000.000, 2.531
368.957, 369.226, 522.063, 5000.000, 2.546
369.768, 370.086, 523.246, 5000.000, 2.561
370.577, 370.950, 524.429, 5000.000, 2.576
371.383, 371.816, 525.612, 5000.000, 2.591
372.186, 372.686, 526.796, 5000.000, 2.606
373.035, 373.508, 527.977, 5000.000, 2.621
373.897, 374.318, 529.158, 5000.000, 2.637
374.771, 375.116, 530.339, 5000.000, 2.652
375.611, 375.948, 531.522, 5000.000, 2.667
376.450, 376.781, 532.704, 5000.000, 2.682
377.289, 377.614, 533.886, 5000.000, 2.697
378.129, 378.446, 535.068, 5000.000, 2.712
378.968, 379.279, 536.250, 5000.000, 2.727
379.807, 380.111, 537.433, 5000.000, 2.742
380.646, 380.944, 538.615, 5000.000, 2.758
381.486, 381.777, 539.797, 5000.000, 2.773
382.325, 382.609, 540.979, 5000.000, 2.788
383.164, 383.442, 542.162, 5000.000, 2.803
384.004, 384.275, 543.344, 5000.000, 2.818
384.843, 385.107, 544.526, 5000.000, 2.833
385.682, 385.940, 545.708, 5000.000, 2.848
386.522, 386.773, 546.891, 5000.000, 2.863
387.361, 387.605, 548.073, 5000.000, 2.879
388.200, 388.438, 549.255, 5000.000, 2.894
389.040, 389.270, 550.437, 5000.000, 2.909
389.879, 390.103, 551.620, 5000.000, 2.924
390.718, 390.936, 552.802, 5000.000, 2.939
391.558, 391.768, 553.984, 5000.000, 2.954
392.397, 392.601, 555.166, 5000.000, 2.969
393.236, 393.434, 556.349, 5000.000, 2.984
394.076, 394.266, 557.531, 5000.000, 2.999
394.915, 395.099, 558.713, 5000.000, 3.015
395.719, 395.967, 559.896, 5000.000, 3.030
396.536, 396.822, 561.078, 5000.000, 3.045
397.366, 397.665, 562.260, 5000.000, 3.060
398.206, 398.496, 563.443, 5000.000, 3.075
399.092, 399.282, 564.625, 5000.000, 3.090
399.974, 400.071, 565.807, 5000.000, 3.105
400.852, 400.865, 566.989, 5000.000, 3.120
401.727, 401.662, 568.172, 5000.000, 3.136
402.598, 402.463, 569.354, 5000.000, 3.151
403.465, 403.267, 570.537, 5000.000, 3.166
404.329, 404.075, 571.719, 5000.000, 3.181
405.188, 404.887, 572.902, 5000.000, 3.196
406.044, 405.703, 574.084, 5000.000, 3.211
406.897, 406.523, 575.267, 5000.000, 3.226
407.745, 407.346, 576.449, 5000.000, 3.241
408.590, 408.173, 577.631, 5000.000, 3.257
409.431, 409.004, 578.814, 5000.000, 3.272
410.269, 409.838, 579.996, 5000.000, 3.287
411.103, 410.677, 581.178, 5000.000, 3.302
411.933, 411.519, 582.360, 5000.000, 3.317
412.759, 412.364, 583.542, 5000.000, 3.332
413.582, 413.214, 584.725, 5000.000, 3.347
414.400, 414.067, 585.907, 5000.000, 3.362
415.216, 414.924, 587.089, 5000.000, 3.377
416.027, 415.785, 588.272, 5000.000, 3.393
416.835, 416.649, 589.454, 5000.000, 3.408
417.639, 417.517, 590.637, 5000.000, 3.423
418.439, 418.389, 591.820, 5000.000, 3.438
419.236, 419.265, 593.003, 5000.000, 3.453
420.029, 420.145, 594.186, 5000.000, 3.468
420.867, 420.978, 595.368, 5000.000, 3.483
421.716, 421.801, 596.550, 5000.000, 3.498
422.578, 422.611, 597.732, 5000.000, 3.514
423.452, 423.408, 598.913, 5000.000, 3.529
424.291, 424.241, 600.096, 5000.000, 3.544
425.131, 425.074, 601.278, 5000.000, 3.559
425.970, 425.906, 602.460, 5000.000, 3.574
426.809, 426.739, 603.642, 5000.000, 3.589
427.649, 427.572, 604.825, 5000.000, 3.604
428.488, 428.404, 606.007, 5000.000, 3.619
429.327, 429.237, 607.189, 5000.000, 3.635
430.167, 430.070, 608.371, 5000.000, 3.650
431.006, 430.902, 609.554, 5000.000, 3.665
431.845, 431.735, 610.736, 5000.000, 3.680
432.685, 432.567, 611.918, 5000.000, 3.695
433.524, 433.400, 613.100, 5000.000, 3.710
434.363, 434.233, 614.283, 5000.000, 3.725
435.202, 435.065, 615.465, 5000.000, 3.740
436.042, 435.898, 616.647, 5000.000, 3.756
436.881, 436.731, 617.829, 5000.000, 3.771
437.720, 437.563, 619.012, 5000.000, 3.786
438.560, 438.396, 620.194, 5000.000, 3.801
439.399, 439.229, 621.376, 5000.000, 3.816
440.238, 440.061, 622.559, 5000.000, 3.831
441.078, 440.894, 623.741, 5000.000, 3.846
441.917, 441.726, 624.923, 5000.000, 3.861
442.756, 442.559, 626.105, 5000.000, 3.876
443.596, 443.392, 627.288, 5000.000, 3.892
444.435, 444.224, 628.470, 5000.000, 3.907
445.274, 445.057, 629.652, 5000.000, 3.922
446.114, 445.890, 630.834, 5000.000, 3.937
446.953, 446.722, 632.017, 5000.000, 3.952
447.792, 447.555, 633.199, 5000.000, 3.967
448.632, 448.388, 634.381, 5000.000, 3.982
449.471, 449.220, 635.563, 5000.000, 3.997
450.310, 450.053, 636.746, 5000.000, 4.013
451.150, 450.885, 637.928, 5000.000, 4.028
451.989, 451.718, 639.110, 5000.000, 4.043
452.828, 452.551, 640.292, 5000.000, 4.058
453.668, 453.383, 641.475, 5000.000, 4.073
454.507, 454.216, 642.657, 5000.000, 4.088
455.346, 455.049, 643.839, 5000.000, 4.103
456.186, 455.881, 645.022, 5000.000, 4.118
457.025, 456.714, 646.204, 5000.000, 4.134
457.864, 457.547, 647.386, 5000.000, 4.149
458.704, 458.379, 648.568, 5000.000, 4.164
459.543, 459.212, 649.751, 5000.000, 4.179
460.382, 460.044, 650.933, 5000.000, 4.194
461.222, 460.877, 652.115, 5000.000, 4.209
462.061, 461.710, 653.297, 5000.000, 4.224
462.900, 462.542, 654.480, 5000.000, 4.239
463.739, 463.375, 655.662, 5000.000, 4.254
464.579, 464.208, 656.844, 5000.000, 4.270
465.418, 465.040, 658.026, 5000.000, 4.285
466.257, 465.873, 659.209, 5000.000, 4.300
467.097, 466.706, 660.391, 5000.000, 4.315
467.936, 467.538, 661.573, 5000.000, 4.330
468.775, 468.371, 662.755, 5000.000, 4.345
469.615, 469.203, 663.938, 5000.000, 4.360
470.454, 470.036, 665.120, 5000.000, 4.375
471.293, 470.869, 666.302, 5000.000, 4.391
472.133, 471.701, 667.485, 5000.000, 4.406
472.972, 472.534, 668.667, 5000.000, 4.421
473.811, 473.367, 669.849, 5000.000, 4.436
474.651, 474.199, 671.031, 5000.000, 4.451
475.490, 475.032, 672.214, 5000.000, 4.466
476.329, 475.865, 673.396, 5000.000, 4.481
477.169, 476.697, 674.578, 5000.000, 4.496
478.008, 477.530, 675.760, 5000.000, 4.512
478.847, 478.362, 676.943, 5000.000, 4.527
479.687, 479.195, 678.125, 5000.000, 4.542
480.526, 480.028, 679.307, 5000.000, 4.557
481.365, 480.860, 680.489, 5000.000, 4.572
482.205, 481.693, 681.672, 5000.000, 4.587
483.044, 482.526, 682.854, 5000.000, 4.602
483.883, 483.358, 684.036, 5000.000, 4.617
484.723, 484.191, 685.218, 5000.000, 4.632
485.562, 485.024, 686.401, 5000.000, 4.648
486.401, 485.856, 687.583, 5000.000, 4.663
487.241, 486.689, 688.765, 5000.000, 4.678
488.080, 487.521, 689.948, 5000.000, 4.693
488.919, 488.354, 691.130, 5000.000, 4.708
489.759, 489.187, 692.312, 5000.000, 4.723
490.598, 490.019, 693.494, 5000.000, 4.738
491.437, 490.852, 694.677, 5000.000, 4.753
492.276, 491.685, 695.859, 5000.000, 4.769
493.116, 492.517, 697.041, 5000.000, 4.784
493.955, 493.350, 698.223, 5000.000, 4.799
494.794, 494.183, 699.406, 5000.000, 4.814
495.634, 495.015, 700.588, 5000.000, 4.829
496.473, 495.848, 701.770, 5000.000, 4.844
497.312, 496.680, 702.952, 5000.000, 4.859
498.152, 497.513, 704.135, 5000.000, 4.874
498.991, 498.346, 705.317, 5000.000, 4.890
499.830, 499.178, 706.499, 5000.000, 4.905
500.670, 500.011, 707.681, 5000.000, 4.920
501.509, 500.844, 708.864, 5000.000, 4.935
502.348, 501.676, 710.046, 5000.000, 4.950
503.188, 502.509, 711.228, 5000.000, 4.965
504.027, 503.341, 712.411, 5000.000, 4.980
504.866, 504.174, 713.593, 5000.000, 4.995
505.706, 505.007, 714.775, 5000.000, 5.011
506.545, 505.839, 715.957, 5000.000, 5.026
507.384, 506.672, 717.140, 5000.000, 5.041
508.224, 507.505, 718.322, 5000.000, 5.056
509.063, 508.337, 719.504, 5000.000, 5.071
509.902, 509.170, 720.686, 5000.000, 5.086
510.742, 510.003, 721.869, 5000.000, 5.101
511.581, 510.835, 723.051, 5000.000, 5.116
512.420, 511.668, 724.233, 5000.000, 5.131
513.260, 512.500, 725.415, 5000.000, 5.147
514.099, 513.333, 726.598, 5000.000, 5.162
514.938, 514.166, 727.780, 5000.000, 5.177
515.778, 514.998, 728.962, 5000.000, 5.192
516.617, 515.831, 730.144, 5000.000, 5.207
517.456, 516.664, 731.327, 5000.000, 5.222
518.295, 517.496, 732.509, 5000.000, 5.237
519.135, 518.329, 733.691, 5000.000, 5.252
519.974, 519.162, 734.874, 5000.000, 5.268
520.813, 519.994, 736.056, 5000.000, 5.283
521.653, 520.827, 737.238, 5000.000, 5.298
522.492, 521.659, 738.420, 5000.000, 5.313
523.331, 522.492, 739.603, 5000.000, 5.328
524.171, 523.325, 740.785, 5000.000, 5.343
525.010, 524.157, 741.967, 5000.000, 5.358
525.849, 524.990, 743.149, 5000.000, 5.373
526.689, 525.823, 744.332, 5000.000, 5.389
527.528, 526.655, 745.514, 5000.000, 5.404
528.367, 527.488, 746.696, 5000.000, 5.419
529.207, 528.321, 747.878, 5000.000, 5.434
530.046, 529.153, 749.061, 5000.000, 5.449
530.885, 529.986, 750.243, 5000.000, 5.464
531.725, 530.818, 751.425, 5000.000, 5.479
532.564, 531.651, 752.607, 5000.000, 5.494
533.403, 532.484, 753.790, 5000.000, 5.509
534.243, 533.316, 754.972, 5000.000, 5.525
535.082, 534.149, 756.154, 5000.000, 5.540
535.921, 534.982, 757.336, 5000.000, 5.555
536.761, 535.814, 758.519, 5000.000, 5.570
537.600, 536.647, 759.701, 5000.000, 5.585
538.439, 537.480, 760.883, 5000.000, 5.600
539.279, 538.312, 762.066, 5000.000, 5.615
540.118, 539.145, 763.248, 5000.000, 5.630
540.957, 539.977, 764.430, 5000.000, 5.646
541.797, 540.810, 765.612, 5000.000, 5.661
542.636, 541.643, 766.795, 5000.000, 5.676
543.475, 542.475, 767.977, 5000.000, 5.691
544.315, 543.308, 769.159, 5000.000, 5.706
545.154, 544.141, 770.341, 5000.000, 5.721
545.993, 544.973, 771.524, 5000.000, 5.736
546.832, 545.806, 772.706, 5000.000, 5.751
547.672, 546.639, 773.888, 5000.000, 5.767
548.511, 547.471, 775.070, 5000.000, 5.782
549.350, 548.304, 776.253, 5000.000, 5.797
550.190, 549.136, 777.435, 5000.000, 5.812
551.029, 549.969, 778.617, 5000.000, 5.827
551.868, 550.802, 779.799, 5000.000, 5.842
552.708, 551.634, 780.982, 5000.000, 5.857
553.547, 552.467, 782.164, 5000.000, 5.872
554.386, 553.300, 783.346, 5000.000, 5.887
555.226, 554.132, 784.529, 5000.000, 5.903
556.065, 554.965, 785.711, 5000.000, 5.918
556.904, 555.798, 786.893, 5000.000, 5.933
557.744, 556.630, 788.075, 5000.000, 5.948
558.583, 557.463, 789.258, 5000.000, 5.963
559.422, 558.295, 790.440, 5000.000, 5.978
560.262, 559.128, 791.622, 5000.000, 5.993
561.101, 559.961, 792.804, 5000.000, 6.008
561.940, 560.793, 793.987, 5000.000, 6.024
562.780, 561.626, 795.169, 5000.000, 6.039
563.619, 562.459, 796.351, 5000.000, 6.054
564.458, 563.291, 797.533, 5000.000, 6.069
565.298, 564.124, 798.716, 5000.000, 6.084
566.137, 564.957, 799.898, 5000.000, 6.099
566.941, 565.825, 801.080, 5000.000, 6.114
567.758, 566.679, 802.263, 5000.000, 6.129
568.588, 567.522, 803.445, 5000.000, 6.145
569.428, 568.354, 804.627, 5000.000, 6.160
570.279, 569.175, 805.809, 5000.000, 6.175
571.139, 569.987, 806.992, 5000.000, 6.190
572.007, 570.790, 808.175, 5000.000, 6.205
572.883, 571.586, 809.358, 5000.000, 6.220
573.765, 572.375, 810.542, 5000.000, 6.235
574.653, 573.159, 811.726, 5000.000, 6.250
575.545, 573.938, 812.910, 5000.000, 6.266
576.441, 574.714, 814.095, 5000.000, 6.281
577.340, 575.486, 815.280, 5000.000, 6.296
578.241, 576.257, 816.466, 5000.000, 6.311
579.143, 577.026, 817.651, 5000.000, 6.326
580.045, 577.796, 818.837, 5000.000, 6.341
580.946, 578.567, 820.022, 5000.000, 6.357
581.845, 579.339, 821.207, 5000.000, 6.372
582.741, 580.115, 822.392, 5000.000, 6.387
583.633, 580.894, 823.577, 5000.000, 6.402
584.521, 581.677, 824.761, 5000.000, 6.417
585.403, 582.467, 825.945, 5000.000, 6.432
586.279, 583.263, 827.128, 5000.000, 6.447
587.148, 584.066, 828.311, 5000.000, 6.463
588.007, 584.878, 829.493, 5000.000, 6.478
588.858, 585.699, 830.674, 5000.000, 6.493
589.699, 586.531, 831.855, 5000.000, 6.508
590.528, 587.373, 833.034, 5000.000, 6.523
591.345, 588.228, 834.217, 5000.000, 6.538
592.149, 589.096, 835.400, 5000.000, 6.553
592.989, 589.929, 836.582, 5000.000, 6.568
593.828, 590.762, 837.764, 5000.000, 6.583
594.667, 591.594, 838.946, 5000.000, 6.599
595.507, 592.427, 840.128, 5000.000, 6.614
596.346, 593.259, 841.311, 5000.000, 6.629
597.185, 594.092, 842.493, 5000.000, 6.644
598.025, 594.925, 843.675, 5000.000, 6.659
598.864, 595.757, 844.857, 5000.000, 6.674
599.703, 596.590, 846.040, 5000.000, 6.689
600.542, 597.423, 847.222, 5000.000, 6.704
601.382, 598.255, 848.404, 5000.000, 6.720
602.221, 599.088, 849.586, 5000.000, 6.735
603.060, 599.921, 850.769, 5000.000, 6.750
603.900, 600.753, 851.951, 5000.000, 6.765
604.739, 601.586, 853.133, 5000.000, 6.780
605.578, 602.418, 854.315, 5000.000, 6.795
606.418, 603.251, 855.498, 5000.000, 6.810
607.257, 604.084, 856.680, 5000.000, 6.825
608.096, 604.916, 857.862, 5000.000, 6.840
608.936, 605.749, 859.044, 5000.000, 6.856
609.775, 606.582, 860.227, 5000.000, 6.871
610.614, 607.414, 861.409, 5000.000, 6.886
611.454, 608.247, 862.591, 5000.000, 6.901
612.293, 609.080, 863.773, 5000.000, 6.916
613.132, 609.912, 864.956, 5000.000, 6.931
613.937, 610.780, 866.138, 5000.000, 6.946
614.754, 611.635, 867.321, 5000.000, 6.961
615.583, 612.478, 868.503, 5000.000, 6.977
616.423, 613.309, 869.685, 5000.000, 6.992
617.274, 614.131, 870.867, 5000.000, 7.007
618.134, 614.942, 872.049, 5000.000, 7.022
619.002, 615.746, 873.231, 5000.000, 7.037
619.878, 616.542, 874.414, 5000.000, 7.052
620.760, 617.331, 875.596, 5000.000, 7.067
621.648, 618.115, 876.779, 5000.000, 7.082
622.541, 618.894, 877.962, 5000.000, 7.098
623.437, 619.669, 879.146, 5000.000, 7.113
624.336, 620.442, 880.329, 5000.000, 7.128
625.237, 621.212, 881.513, 5000.000, 7.143
626.139, 621.982, 882.697, 5000.000, 7.158
627.040, 622.752, 883.881, 5000.000, 7.173
627.941, 623.522, 885.065, 5000.000, 7.188
628.840, 624.295, 886.251, 5000.000, 7.204
629.736, 625.070, 887.436, 5000.000, 7.219
630.629, 625.849, 888.620, 5000.000, 7.234
631.517, 626.633, 889.805, 5000.000, 7.249
632.399, 627.422, 890.988, 5000.000, 7.264
633.275, 628.218, 892.172, 5000.000, 7.279
634.143, 629.022, 893.354, 5000.000, 7.294
635.003, 629.833, 894.536, 5000.000, 7.310
635.854, 630.655, 895.718, 5000.000, 7.325
636.694, 631.486, 896.899, 5000.000, 7.340
637.523, 632.329, 898.080, 5000.000, 7.355
638.340, 633.184, 899.260, 5000.000, 7.370
639.145, 634.052, 900.440, 5000.000, 7.385
639.984, 634.885, 901.622, 5000.000, 7.400
640.823, 635.717, 902.804, 5000.000, 7.415
641.663, 636.550, 903.986, 5000.000, 7.430
642.502, 637.382, 905.168, 5000.000, 7.445
643.341, 638.215, 906.350, 5000.000, 7.461
644.181, 639.048, 907.532, 5000.000, 7.476
645.020, 639.880, 908.714, 5000.000, 7.491
645.859, 640.713, 909.896, 5000.000, 7.506
646.699, 641.546, 911.079, 5000.000, 7.521
647.538, 642.378, 912.261, 5000.000, 7.536
648.377, 643.211, 913.443, 5000.000, 7.551
649.217, 644.044, 914.625, 5000.000, 7.566
650.056, 644.876, 915.808, 5000.000, 7.582
650.895, 645.709, 916.990, 5000.000, 7.597
651.735, 646.541, 918.172, 5000.000, 7.612
652.574, 647.374, 919.354, 5000.000, 7.627
653.413, 648.207, 920.537, 5000.000, 7.642
654.252, 649.039, 921.719, 5000.000, 7.657
655.092, 649.872, 922.901, 5000.000, 7.672
655.931, 650.705, 924.083, 5000.000, 7.687
656.770, 651.537, 925.266, 5000.000, 7.703
657.610, 652.370, 926.448, 5000.000, 7.718
658.449, 653.202, 927.630, 5000.000, 7.733
659.288, 654.035, 928.812, 5000.000, 7.748
660.128, 654.868, 929.995, 4999.388, 7.763
660.967, 655.700, 931.177, 4997.064, 7.778
661.806, 656.533, 932.359, 4993.011, 7.793
662.611, 657.401, 933.542, 4987.867, 7.808
663.428, 658.256, 934.724, 4984.203, 7.823
664.257, 659.099, 935.906, 4982.610, 7.839
665.098, 659.930, 937.088, 4981.287, 7.854
665.948, 660.751, 938.271, 4979.445, 7.869
666.808, 661.563, 939.453, 4976.090, 7.884
667.676, 662.367, 940.636, 4970.024, 7.899
668.552, 663.163, 941.820, 4961.216, 7.914
669.434, 663.952, 943.003, 4950.369, 7.929
670.322, 664.736, 944.187, 4937.171, 7.945
671.215, 665.515, 945.371, 4922.710, 7.960
672.111, 666.290, 946.556, 4907.061, 7.975
673.010, 667.063, 947.741, 4892.261, 7.990
673.911, 667.833, 948.926, 4879.148, 8.005
674.813, 668.603, 950.111, 4866.059, 8.020
675.714, 669.373, 951.297, 4852.927, 8.035
676.580, 670.179, 952.479, 4838.483, 8.051
677.457, 670.973, 953.663, 4822.751, 8.066
678.343, 671.759, 954.847, 4806.489, 8.081
679.237, 672.537, 956.032, 4789.477, 8.096
680.136, 673.309, 957.217, 4772.895, 8.111
681.039, 674.078, 958.402, 4755.072, 8.126
681.943, 674.844, 959.588, 4737.147, 8.141
682.848, 675.611, 960.773, 4718.450, 8.157
683.751, 676.380, 961.959, 4701.803, 8.172
684.650, 677.152, 963.144, 4685.708, 8.187
685.544, 677.930, 964.329, 4669.879, 8.202
686.430, 678.715, 965.513, 4652.992, 8.217
687.307, 679.510, 966.696, 4635.929, 8.232
688.173, 680.316, 967.879, 4618.500, 8.248
689.074, 681.086, 969.064, 4601.213, 8.263
689.976, 681.855, 970.250, 4582.273, 8.278
690.877, 682.626, 971.435, 4561.357, 8.293
691.776, 683.399, 972.620, 4540.361, 8.308
692.672, 684.174, 973.805, 4520.164, 8.323
693.565, 684.953, 974.990, 4499.766, 8.338
694.452, 685.737, 976.174, 4479.150, 8.354
695.335, 686.526, 977.358, 4457.690, 8.369
696.210, 687.322, 978.541, 4435.825, 8.384
697.044, 688.161, 979.721, 4413.409, 8.399
697.882, 688.995, 980.901, 4390.387, 8.414
698.722, 689.826, 982.082, 4367.863, 8.429
699.564, 690.657, 983.263, 4344.325, 8.444
700.404, 691.488, 984.445, 4318.392, 8.459
701.242, 692.322, 985.626, 4292.583, 8.474
702.075, 693.161, 986.807, 4265.895, 8.490
702.951, 693.957, 987.990, 4240.396, 8.505
703.833, 694.746, 989.174, 4215.127, 8.520
704.721, 695.530, 990.358, 4189.374, 8.535
705.614, 696.309, 991.543, 4162.848, 8.550
706.510, 697.084, 992.728, 4135.942, 8.565
707.409, 697.857, 993.913, 4109.913, 8.580
708.310, 698.627, 995.098, 4084.369, 8.596
709.211, 699.397, 996.284, 4059.513, 8.611
710.113, 700.167, 997.470, 4034.666, 8.626
711.014, 700.937, 998.655, 4010.880, 8.641
711.878, 701.745, 999.837, 3988.188, 8.656
712.752, 702.543, 1001.020, 3967.939, 8.671
713.634, 703.332, 1002.204, 3948.693, 8.686
714.523, 704.115, 1003.388, 3930.034, 8.702
715.417, 704.893, 1004.573, 3912.238, 8.717
716.313, 705.668, 1005.758, 3897.198, 8.732
717.211, 706.442, 1006.943, 3884.529, 8.747
718.107, 707.217, 1008.128, 3872.889, 8.762
719.001, 707.995, 1009.313, 3861.735, 8.777
719.890, 708.778, 1010.497, 3851.315, 8.793
720.772, 709.567, 1011.681, 3841.041, 8.808
721.646, 710.364, 1012.864, 3832.163, 8.823
722.510, 711.172, 1014.046, 3823.192, 8.838
723.411, 711.943, 1015.232, 3813.680, 8.853
724.313, 712.713, 1016.417, 3803.904, 8.868
725.214, 713.482, 1017.603, 3795.045, 8.883
726.115, 714.253, 1018.788, 3787.662, 8.899
727.014, 715.025, 1019.973, 3782.345, 8.914
727.910, 715.801, 1021.158, 3776.513, 8.929
728.803, 716.580, 1022.343, 3770.986, 8.944
729.691, 717.363, 1023.527, 3763.602, 8.959
730.573, 718.153, 1024.711, 3755.274, 8.974
731.449, 718.949, 1025.894, 3745.975, 8.989
732.317, 719.752, 1027.077, 3736.782, 9.005
733.142, 720.599, 1028.256, 3727.099, 9.020
733.970, 721.443, 1029.436, 3717.071, 9.035
734.801, 722.284, 1030.616, 3708.430, 9.050
735.631, 723.126, 1031.797, 3701.549, 9.065
736.460, 723.970, 1032.977, 3694.698, 9.080
737.285, 724.817, 1034.158, 3687.593, 9.095
738.153, 725.620, 1035.341, 3679.100, 9.110
739.029, 726.416, 1036.525, 3669.626, 9.125
739.911, 727.206, 1037.708, 3659.917, 9.141
740.799, 727.989, 1038.892, 3650.024, 9.156
741.691, 728.768, 1040.076, 3640.391, 9.171
742.587, 729.544, 1041.261, 3629.988, 9.186
743.486, 730.316, 1042.446, 3620.253, 9.201
744.387, 731.087, 1043.632, 3611.321, 9.216
745.254, 731.892, 1044.814, 3602.899, 9.231
746.133, 732.684, 1045.998, 3593.885, 9.247
747.024, 733.465, 1047.182, 3583.774, 9.262
747.924, 734.236, 1048.367, 3571.442, 9.277
748.832, 735.000, 1049.553, 3558.608, 9.292
749.745, 735.758, 1050.740, 3545.641, 9.307
750.662, 736.513, 1051.927, 3532.974, 9.322
751.581, 737.265, 1053.114, 3519.888, 9.338
752.499, 738.018, 1054.302, 3506.623, 9.353
753.416, 738.772, 1055.489, 3493.170, 9.368
754.329, 739.531, 1056.676, 3479.867, 9.383
755.237, 740.295, 1057.862, 3466.218, 9.398
756.137, 741.066, 1059.047, 3452.544, 9.413
757.028, 741.847, 1060.232, 3437.605, 9.429
757.907, 742.639, 1061.415, 3422.666, 9.444
758.774, 743.444, 1062.597, 3407.773, 9.459
759.675, 744.214, 1063.782, 3393.199, 9.474
760.539, 745.022, 1064.964, 3380.204, 9.489
761.413, 745.820, 1066.147, 3367.559, 9.504
762.295, 746.609, 1067.330, 3355.131, 9.519
763.184, 747.392, 1068.515, 3343.781, 9.535
764.078, 748.170, 1069.700, 3333.014, 9.550
764.974, 748.945, 1070.885, 3323.738, 9.565
765.871, 749.719, 1072.070, 3314.585, 9.580
766.768, 750.494, 1073.255, 3305.988, 9.595
767.661, 751.272, 1074.440, 3298.477, 9.610
768.550, 752.055, 1075.624, 3292.049, 9.625
769.433, 752.844, 1076.808, 3286.814, 9.641
770.307, 753.641, 1077.991, 3282.677, 9.656
771.171, 754.449, 1079.173, 3279.045, 9.671
772.036, 755.255, 1080.355, 3276.095, 9.686
772.916, 756.047, 1081.539, 3273.586, 9.701
773.808, 756.827, 1082.724, 3270.991, 9.716
774.710, 757.597, 1083.909, 3267.921, 9.731
775.620, 758.358, 1085.095, 3264.157, 9.747
776.537, 759.112, 1086.282, 3260.309, 9.762
777.458, 759.862, 1087.469, 3256.643, 9.777
778.383, 760.609, 1088.657, 3253.131, 9.792
779.308, 761.355, 1089.844, 3250.786, 9.807
780.232, 762.102, 1091.032, 3248.434, 9.823
781.154, 762.852, 1092.220, 3245.728, 9.838
782.070, 763.606, 1093.407, 3242.872, 9.853
782.981, 764.367, 1094.593, 3239.440, 9.868
783.883, 765.137, 1095.779, 3237.256, 9.883
784.774, 765.917, 1096.963, 3234.851, 9.898
785.654, 766.709, 1098.147, 3231.759, 9.914
786.485, 767.550, 1099.326, 3228.113, 9.929
787.361, 768.345, 1100.510, 3223.060, 9.944
788.248, 769.130, 1101.694, 3217.898, 9.959
789.141, 769.908, 1102.878, 3212.659, 9.974
790.040, 770.681, 1104.063, 3206.235, 9.989
790.943, 771.449, 1105.249, 3199.125, 10.004
791.848, 772.216, 1106.435, 3190.869, 10.020
792.753, 772.983, 1107.620, 3181.803, 10.035
793.656, 773.751, 1108.806, 3171.830, 10.050
794.555, 774.523, 1109.991, 3161.151, 10.065
795.413, 775.337, 1111.173, 3151.037, 10.080
796.277, 776.144, 1112.355, 3140.625, 10.095
797.144, 776.949, 1113.538, 3129.202, 10.110
798.011, 777.754, 1114.720, 3117.958, 10.125
798.924, 778.513, 1115.907, 3105.176, 10.141
799.846, 779.261, 1117.094, 3090.933, 10.156
800.776, 780.003, 1118.282, 3076.023, 10.171
801.712, 780.739, 1119.470, 3060.961, 10.186
802.651, 781.471, 1120.661, 3045.754, 10.201
803.592, 782.201, 1121.852, 3030.369, 10.217
804.533, 782.931, 1123.043, 3014.679, 10.232
805.472, 783.663, 1124.234, 2999.790, 10.247
806.372, 784.434, 1125.418, 2984.527, 10.262
807.280, 785.198, 1126.604, 2969.715, 10.277
808.192, 785.957, 1127.790, 2955.012, 10.293
809.107, 786.714, 1128.977, 2939.805, 10.308
810.020, 787.472, 1130.164, 2924.794, 10.323
810.929, 788.234, 1131.350, 2909.210, 10.338
811.832, 789.002, 1132.536, 2893.334, 10.353
812.726, 789.780, 1133.720, 2877.035, 10.368
813.657, 790.520, 1134.909, 2861.190, 10.384
814.588, 791.261, 1136.099, 2846.274, 10.399
815.517, 792.003, 1137.288, 2831.890, 10.414
816.407, 792.785, 1138.471, 2817.866, 10.429
817.304, 793.559, 1139.656, 2804.550, 10.444
818.206, 794.328, 1140.842, 2791.440, 10.460
819.110, 795.095, 1142.027, 2778.867, 10.475
820.013, 795.864, 1143.213, 2766.745, 10.490
820.913, 796.636, 1144.398, 2755.066, 10.505
821.806, 797.415, 1145.582, 2744.032, 10.520
822.738, 798.153, 1146.772, 2732.153, 10.535
823.674, 798.889, 1147.962, 2720.820, 10.551
824.575, 799.659, 1149.147, 2711.050, 10.566
825.488, 800.417, 1150.334, 2701.687, 10.581
826.411, 801.166, 1151.522, 2693.176, 10.596
827.340, 801.908, 1152.711, 2684.690, 10.611
828.273, 802.647, 1153.901, 2676.920, 10.627
829.206, 803.384, 1155.091, 2669.465, 10.642
830.138, 804.123, 1156.280, 2661.929, 10.657
831.066, 804.867, 1157.469, 2654.990, 10.672
831.985, 805.619, 1158.657, 2649.021, 10.687
832.895, 806.381, 1159.843, 2642.983, 10.703
833.841, 807.106, 1161.034, 2637.418, 10.718
834.785, 807.833, 1162.226, 2631.914, 10.733
835.727, 808.562, 1163.417, 2626.484, 10.748
836.629, 809.331, 1164.602, 2621.001, 10.763
837.538, 810.094, 1165.788, 2615.370, 10.779
838.450, 810.853, 1166.975, 2609.540, 10.794
839.364, 811.611, 1168.162, 2603.542, 10.809
840.275, 812.371, 1169.348, 2597.745, 10.824
841.182, 813.136, 1170.534, 2591.644, 10.839
842.081, 813.908, 1171.719, 2585.829, 10.854
842.970, 814.690, 1172.903, 2580.213, 10.870
843.896, 815.436, 1174.091, 2574.870, 10.885
844.785, 816.219, 1175.276, 2569.418, 10.900
845.684, 816.991, 1176.461, 2563.694, 10.915
846.591, 817.755, 1177.647, 2557.601, 10.930
847.502, 818.515, 1178.834, 2551.779, 10.945
848.416, 819.273, 1180.020, 2545.708, 10.961
849.328, 820.032, 1181.207, 2539.497, 10.976
850.201, 820.831, 1182.390, 2533.519, 10.991
851.081, 821.622, 1183.573, 2527.771, 11.006
852.013, 822.361, 1184.762, 2522.296, 11.021
852.959, 823.087, 1185.952, 2517.497, 11.036
853.916, 823.801, 1187.144, 2513.054, 11.052
854.881, 824.506, 1188.338, 2509.072, 11.067
855.852, 825.206, 1189.532, 2504.092, 11.082
856.826, 825.904, 1190.727, 2498.662, 11.098
857.800, 826.601, 1191.923, 2493.672, 11.113
858.771, 827.301, 1193.118, 2488.700, 11.128
859.701, 828.042, 1194.307, 2483.376, 11.143
860.636, 828.778, 1195.497, 2478.352, 11.159
861.572, 829.514, 1196.687, 2474.058, 11.174
862.505, 830.252, 1197.877, 2470.224, 11.189
863.431, 830.997, 1199.066, 2466.876, 11.204
864.396, 831.702, 1200.261, 2463.685, 11.219
865.363, 832.407, 1201.456, 2460.431, 11.235
866.327, 833.113, 1202.652, 2456.891, 11.250
867.252, 833.860, 1203.840, 2453.310, 11.265
868.182, 834.601, 1205.029, 2449.727, 11.280
869.114, 835.340, 1206.218, 2447.087, 11.296
870.044, 836.081, 1207.407, 2444.638, 11.311
870.969, 836.828, 1208.596, 2442.456, 11.326
871.884, 837.584, 1209.782, 2440.674, 11.341
872.835, 838.304, 1210.975, 2439.301, 11.357
873.785, 839.025, 1212.167, 2437.879, 11.372
874.695, 839.787, 1213.353, 2436.266, 11.387
875.610, 840.543, 1214.540, 2434.026, 11.402
876.527, 841.297, 1215.727, 2431.306, 11.417
877.443, 842.053, 1216.914, 2427.969, 11.432
878.401, 842.765, 1218.108, 2424.436, 11.448
879.366, 843.472, 1219.303, 2420.948, 11.463
880.333, 844.175, 1220.498, 2416.926, 11.478
881.265, 844.914, 1221.688, 2412.247, 11.494
882.207, 845.643, 1222.879, 2407.647, 11.509
883.156, 846.366, 1224.071, 2403.118, 11.524
884.108, 847.085, 1225.264, 2398.438, 11.539
885.058, 847.805, 1226.457, 2393.962, 11.555
886.004, 848.531, 1227.649, 2388.898, 11.570
886.942, 849.264, 1228.839, 2383.837, 11.585
887.917, 849.960, 1230.037, 2378.957, 11.600
888.890, 850.658, 1231.234, 2374.251, 11.616
889.825, 851.394, 1232.424, 2369.171, 11.631
890.767, 852.124, 1233.615, 2363.826, 11.646
891.711, 852.851, 1234.806, 2358.534, 11.661
892.654, 853.579, 1235.998, 2353.597, 11.677
893.593, 854.311, 1237.188, 2348.399, 11.692
894.523, 855.052, 1238.377, 2343.359, 11.707
895.490, 855.756, 1239.573, 2338.571, 11.722
896.456, 856.461, 1240.769, 2333.805, 11.738
897.384, 857.204, 1241.957, 2329.057, 11.753
898.318, 857.942, 1243.147, 2324.797, 11.768
899.254, 858.676, 1244.337, 2320.880, 11.783
900.190, 859.412, 1245.527, 2316.870, 11.798
901.121, 860.152, 1246.716, 2312.990, 11.814
902.044, 860.900, 1247.904, 2309.484, 11.829
902.969, 861.647, 1249.092, 2306.136, 11.844
903.905, 862.381, 1250.283, 2302.520, 11.859
904.850, 863.107, 1251.474, 2298.509, 11.874
905.800, 863.829, 1252.667, 2294.306, 11.890
906.751, 864.549, 1253.860, 2290.458, 11.905
907.699, 865.272, 1255.052, 2287.122, 11.920
908.640, 866.002, 1256.243, 2284.052, 11.935
909.585, 866.728, 1257.435, 2281.059, 11.951
910.544, 867.440, 1258.629, 2277.681, 11.966
911.513, 868.142, 1259.825, 2273.909, 11.981
912.489, 868.837, 1261.023, 2270.368, 11.997
913.468, 869.529, 1262.221, 2266.677, 12.012
914.445, 870.222, 1263.419, 2263.267, 12.027
915.418, 870.920, 1264.616, 2259.326, 12.043
916.383, 871.627, 1265.812, 2255.639, 12.058
917.300, 872.381, 1266.998, 2252.210, 12.073
918.264, 873.088, 1268.193, 2249.274, 12.088
919.235, 873.788, 1269.390, 2246.478, 12.104
920.210, 874.484, 1270.588, 2243.294, 12.119
921.184, 875.180, 1271.785, 2239.552, 12.134
922.085, 875.950, 1272.968, 2235.713, 12.149
923.005, 876.702, 1274.155, 2231.761, 12.165
923.937, 877.441, 1275.344, 2227.976, 12.180
924.912, 878.137, 1276.542, 2224.411, 12.195
925.925, 878.795, 1277.749, 2221.146, 12.211
926.902, 879.489, 1278.947, 2218.211, 12.226
927.887, 880.174, 1280.147, 2215.910, 12.241
928.876, 880.856, 1281.348, 2214.383, 12.257
929.864, 881.539, 1282.549, 2212.725, 12.272
930.847, 882.227, 1283.749, 2210.673, 12.287
931.868, 882.876, 1284.958, 2208.187, 12.303
932.889, 883.526, 1286.168, 2205.236, 12.318
933.907, 884.179, 1287.377, 2202.221, 12.334
934.882, 884.874, 1288.574, 2199.536, 12.349
935.859, 885.568, 1289.772, 2196.869, 12.364
936.833, 886.265, 1290.969, 2193.760, 12.380
937.799, 886.970, 1292.165, 2190.862, 12.395
938.803, 887.637, 1293.370, 2188.828, 12.410
939.805, 888.305, 1294.574, 2187.073, 12.426
940.766, 889.015, 1295.768, 2185.023, 12.441
941.730, 889.722, 1296.963, 2182.448, 12.456
942.694, 890.429, 1298.158, 2179.543, 12.472
943.653, 891.141, 1299.352, 2176.304, 12.487
944.601, 891.864, 1300.543, 2173.373, 12.502
945.499, 892.638, 1301.722, 2170.184, 12.517
946.439, 893.368, 1302.912, 2166.413, 12.532
947.383, 894.096, 1304.104, 2162.385, 12.548
948.324, 894.826, 1305.295, 2158.792, 12.563
949.259, 895.562, 1306.485, 2155.092, 12.578
950.183, 896.309, 1307.673, 2151.143, 12.593
951.189, 896.974, 1308.875, 2147.051, 12.609
952.205, 897.629, 1310.081, 2143.121, 12.624
953.227, 898.277, 1311.289, 2138.772, 12.639
954.168, 899.007, 1312.479, 2134.569, 12.655
955.109, 899.737, 1313.670, 2130.448, 12.670
956.093, 900.424, 1314.870, 2126.061, 12.685
957.082, 901.106, 1316.070, 2121.305, 12.701
958.072, 901.787, 1317.271, 2116.325, 12.716
959.023, 902.506, 1318.464, 2111.546, 12.731
959.982, 903.219, 1319.658, 2106.594, 12.746
960.942, 903.930, 1320.853, 2101.369, 12.762
961.864, 904.679, 1322.039, 2096.443, 12.777
962.792, 905.422, 1323.227, 2091.535, 12.792
963.804, 906.081, 1324.433, 2086.448, 12.808
964.812, 906.743, 1325.638, 2081.283, 12.823
965.778, 907.449, 1326.833, 2076.249, 12.838
966.745, 908.152, 1328.030, 2071.472, 12.854
967.710, 908.858, 1329.225, 2066.010, 12.869
968.667, 909.572, 1330.419, 2060.398, 12.884
969.627, 910.284, 1331.614, 2055.132, 12.899
970.597, 910.984, 1332.811, 2049.993, 12.915
971.574, 911.678, 1334.009, 2044.665, 12.930
972.553, 912.370, 1335.207, 2039.741, 12.945
973.493, 913.101, 1336.398, 2034.972, 12.961
974.489, 913.776, 1337.600, 2030.289, 12.976
975.499, 914.436, 1338.806, 2026.203, 12.991
976.520, 915.086, 1340.014, 2022.245, 13.007
977.546, 915.731, 1341.224, 2017.824, 13.022
978.573, 916.374, 1342.435, 2013.439, 13.038
979.596, 917.021, 1343.644, 2009.624, 13.053
980.611, 917.677, 1344.852, 2005.828, 13.069
981.578, 918.381, 1346.048, 2001.616, 13.084
982.540, 919.090, 1347.242, 1997.655, 13.099
983.541, 919.759, 1348.446, 1994.101, 13.115
984.506, 920.465, 1349.642, 1990.883, 13.130
985.478, 921.164, 1350.839, 1988.220, 13.145
986.453, 921.860, 1352.036, 1985.967, 13.161
987.423, 922.561, 1353.233, 1983.650, 13.176
988.434, 923.221, 1354.439, 1980.895, 13.191
989.444, 923.881, 1355.646, 1978.010, 13.207
990.414, 924.582, 1356.843, 1975.204, 13.222
991.438, 925.229, 1358.052, 1972.116, 13.238
992.474, 925.863, 1359.266, 1968.928, 13.253
993.470, 926.538, 1360.469, 1965.641, 13.268
994.419, 927.260, 1361.660, 1962.810, 13.284
995.414, 927.936, 1362.862, 1960.324, 13.299
996.413, 928.607, 1364.066, 1957.675, 13.314
997.411, 929.279, 1365.270, 1955.084, 13.330
998.403, 929.958, 1366.472, 1952.176, 13.345
999.432, 930.600, 1367.684, 1948.456, 13.361
1000.458, 931.244, 1368.895, 1944.411, 13.376
1001.442, 931.931, 1370.094, 1940.379, 13.392
1002.426, 932.618, 1371.294, 1935.931, 13.407
1003.455, 933.259, 1372.506, 1931.300, 13.422
1004.489, 933.896, 1373.719, 1926.844, 13.438
1005.487, 934.568, 1374.923, 1922.252, 13.453
1006.494, 935.232, 1376.129, 1917.846, 13.469
1007.504, 935.893, 1377.335, 1913.832, 13.484
1008.510, 936.557, 1378.541, 1909.857, 13.500
1009.474, 937.265, 1379.735, 1905.297, 13.515
1010.436, 937.973, 1380.929, 1901.011, 13.530
1011.440, 938.640, 1382.135, 1896.850, 13.546
1012.445, 939.306, 1383.340, 1892.984, 13.561
1013.410, 940.011, 1384.535, 1889.232, 13.576
1014.427, 940.665, 1385.743, 1885.490, 13.592
1015.455, 941.307, 1386.955, 1881.544, 13.607
1016.489, 941.944, 1388.168, 1877.741, 13.623
1017.523, 942.580, 1389.382, 1873.955, 13.638
1018.551, 943.223, 1390.594, 1870.191, 13.654
1019.533, 943.912, 1391.793, 1866.466, 13.669
1020.560, 944.555, 1393.005, 1862.791, 13.685
1021.592, 945.193, 1394.218, 1858.954, 13.700
1022.623, 945.833, 1395.431, 1855.456, 13.716
1023.647, 946.479, 1396.642, 1851.907, 13.731
1024.674, 947.123, 1397.854, 1848.087, 13.747
1025.710, 947.757, 1399.068, 1843.769, 13.762
1026.751, 948.386, 1400.285, 1839.631, 13.778
1027.756, 949.052, 1401.490, 1835.886, 13.793
1028.768, 949.711, 1402.697, 1831.893, 13.809
1029.780, 950.370, 1403.904, 1828.051, 13.824
1030.785, 951.035, 1405.110, 1824.119, 13.839
1031.826, 951.664, 1406.326, 1820.130, 13.855
1032.827, 952.334, 1407.530, 1816.242, 13.870
1033.831, 953.000, 1408.735, 1812.349, 13.886
1034.832, 953.670, 1409.939, 1808.591, 13.901
1035.871, 954.301, 1411.155, 1804.993, 13.917
1036.909, 954.934, 1412.370, 1801.662, 13.932
1037.903, 955.610, 1413.572, 1798.349, 13.948
1038.898, 956.286, 1414.774, 1795.349, 13.963
1039.936, 956.919, 1415.989, 1792.496, 13.978
1040.975, 957.550, 1417.205, 1789.605, 13.994
1041.976, 958.220, 1418.409, 1787.311, 14.009
1042.980, 958.886, 1419.614, 1784.765, 14.025
1044.030, 959.506, 1420.832, 1782.297, 14.040
1045.086, 960.120, 1422.053, 1779.905, 14.056
1046.142, 960.735, 1423.274, 1777.809, 14.072
1047.158, 961.390, 1424.482, 1775.473, 14.087
1048.175, 962.043, 1425.691, 1773.271, 14.103
1049.187, 962.701, 1426.899, 1771.240, 14.118
1050.203, 963.356, 1428.107, 1769.212, 14.133
1051.228, 964.001, 1429.318, 1767.316, 14.149
1052.257, 964.643, 1430.531, 1765.525, 14.164
1053.284, 965.287, 1431.743, 1763.520, 14.180
1054.301, 965.940, 1432.952, 1761.683, 14.195
1055.316, 966.595, 1434.160, 1759.885, 14.211
1056.337, 967.245, 1435.370, 1758.587, 14.226
1057.357, 967.895, 1436.580, 1757.139, 14.242
1058.419, 968.504, 1437.803, 1755.248, 14.257
1059.481, 969.111, 1439.027, 1753.327, 14.273
1060.504, 969.759, 1440.237, 1751.350, 14.289
1061.530, 970.404, 1441.448, 1749.497, 14.304
1062.552, 971.053, 1442.658, 1747.440, 14.320
1063.612, 971.662, 1443.881, 1709.114, 14.335
1064.636, 972.309, 1445.092, 1707.236, 14.351
1065.665, 972.950, 1446.305, 1705.290, 14.366
1066.658, 973.628, 1447.506, 1703.391, 14.382
1067.657, 974.300, 1448.708, 1701.250, 14.397
1068.703, 974.924, 1449.926, 1699.251, 14.413
1069.755, 975.543, 1451.146, 1697.084, 14.428
1070.805, 976.162, 1452.366, 1695.348, 14.444
1071.849, 976.789, 1453.583, 1693.677, 14.459
1072.892, 977.416, 1454.800, 1691.829, 14.475
1073.943, 978.036, 1456.019, 1690.512, 14.490
1074.994, 978.655, 1457.239, 1689.232, 14.506
1076.040, 979.279, 1458.457, 1688.022, 14.522
1077.039, 979.951, 1459.660, 1686.825, 14.537
1078.081, 980.579, 1460.877, 1685.517, 14.553
1079.125, 981.205, 1462.094, 1684.105, 14.568
1080.165, 981.836, 1463.310, 1682.752, 14.584
1081.207, 982.464, 1464.527, 1681.612, 14.599
1082.260, 983.082, 1465.748, 1680.603, 14.615
1083.316, 983.696, 1466.969, 1679.811, 14.630
1084.334, 984.348, 1468.178, 1679.620, 14.646
1085.356, 984.996, 1469.388, 1679.949, 14.661
1086.423, 985.599, 1470.613, 1680.210, 14.677
1087.459, 986.234, 1471.828, 1680.360, 14.693
1088.506, 986.858, 1473.046, 1680.588, 14.708
1089.555, 987.479, 1474.265, 1680.817, 14.724
1090.599, 988.105, 1475.483, 1681.279, 14.739
1091.645, 988.729, 1476.701, 1681.867, 14.755
1092.700, 989.345, 1477.922, 1682.411, 14.771
1093.755, 989.960, 1479.143, 1683.347, 14.786
1094.804, 990.581, 1480.363, 1684.284, 14.802
1095.853, 991.202, 1481.582, 1685.462, 14.817
1096.909, 991.817, 1482.803, 1686.767, 14.833
1098.012, 992.383, 1484.041, 1687.739, 14.849
1099.087, 992.978, 1485.269, 1688.787, 14.865
1100.175, 993.560, 1486.502, 1690.017, 14.880
1101.234, 994.172, 1487.725, 1691.435, 14.896
1102.303, 994.772, 1488.951, 1692.619, 14.912
1103.376, 995.370, 1490.179, 1693.669, 14.927
1104.491, 995.924, 1491.424, 1695.147, 14.943
1105.608, 996.477, 1492.670, 1696.553, 14.959
1106.683, 997.072, 1493.898, 1697.893, 14.975
1107.758, 997.668, 1495.126, 1699.205, 14.991
1108.872, 998.223, 1496.371, 1700.204, 14.993
1109.948, 998.817, 1497.600, 1701.346, 14.978
1111.027, 999.408, 1498.830, 1702.661, 14.962
1112.100, 1000.005, 1500.058, 1704.225, 14.946
1113.208, 1000.567, 1501.300, 1705.688, 14.930
1114.274, 1001.171, 1502.525, 1707.351, 14.915
1115.338, 1001.777, 1503.749, 1709.175, 14.899
1116.441, 1002.344, 1504.989, 1710.298, 14.883
1117.540, 1002.915, 1506.227, 1711.320, 14.867
1118.628, 1003.497, 1507.461, 1712.534, 14.852
1119.712, 1004.083, 1508.693, 1714.036, 14.836
1120.797, 1004.668, 1509.926, 1715.536, 14.820
1121.877, 1005.258, 1511.156, 1717.236, 14.804
1122.908, 1005.897, 1512.367, 1719.126, 14.789
1123.981, 1006.494, 1513.595, 1720.802, 14.773
1125.053, 1007.092, 1514.823, 1722.886, 14.757
1126.082, 1007.734, 1516.033, 1724.815, 14.742
1127.108, 1008.378, 1517.245, 1726.867, 14.727
1128.172, 1008.985, 1518.469, 1728.906, 14.711
1129.231, 1009.596, 1519.691, 1730.450, 14.695
1130.243, 1010.254, 1520.898, 1732.118, 14.680
1131.298, 1010.870, 1522.119, 1733.672, 14.664
1132.352, 1011.486, 1523.340, 1735.342, 14.649
1133.413, 1012.095, 1524.563, 1737.283, 14.633
1134.487, 1012.691, 1525.791, 1739.377, 14.617
1135.567, 1013.281, 1527.021, 1741.475, 14.601
1136.645, 1013.874, 1528.250, 1743.602, 14.586
1137.678, 1014.511, 1529.464, 1745.907, 14.570
1138.757, 1015.102, 1530.694, 1747.871, 14.555
1139.803, 1015.726, 1531.912, 1749.798, 14.539
1140.858, 1016.341, 1533.133, 1751.751, 14.523
1141.962, 1016.907, 1534.372, 1753.370, 14.507
1143.072, 1017.467, 1535.613, 1754.694, 14.492
1144.146, 1018.063, 1536.842, 1756.034, 14.476
1145.225, 1018.654, 1538.072, 1757.607, 14.460
1146.314, 1019.235, 1539.306, 1758.667, 14.444
1147.419, 1019.800, 1540.545, 1759.648, 14.429
1148.531, 1020.357, 1541.788, 1761.016, 14.413
1149.643, 1020.915, 1543.031, 1762.418, 14.397
1150.710, 1021.519, 1544.256, 1764.009, 14.381
1151.821, 1022.077, 1545.499, 1765.470, 14.365
1152.934, 1022.634, 1546.743, 1767.092, 14.349
1154.003, 1023.235, 1547.970, 1768.807, 14.334
1155.119, 1023.788, 1549.215, 1770.364, 14.318
1156.238, 1024.339, 1550.462, 1772.212, 14.302
1157.316, 1024.931, 1551.691, 1773.589, 14.286
1158.443, 1025.474, 1552.941, 1775.158, 14.270
1159.574, 1026.013, 1554.193, 1776.544, 14.254
1160.701, 1026.556, 1555.444, 1777.764, 14.238
1161.781, 1027.146, 1556.674, 1779.190, 14.222
1162.903, 1027.694, 1557.922, 1780.917, 14.206
1163.987, 1028.279, 1559.155, 1783.004, 14.191
1165.075, 1028.861, 1560.388, 1785.400, 14.175
1166.205, 1029.401, 1561.640, 1787.690, 14.159
1167.299, 1029.977, 1562.876, 1790.278, 14.143
1168.396, 1030.549, 1564.114, 1792.812, 14.127
1169.488, 1031.127, 1565.349, 1795.245, 14.111
1170.579, 1031.706, 1566.584, 1797.569, 14.096
1171.674, 1032.281, 1567.821, 1800.562, 14.080
1172.778, 1032.848, 1569.061, 1803.128, 14.064
1173.894, 1033.401, 1570.307, 1805.750, 14.048
1175.014, 1033.951, 1571.555, 1808.977, 14.032
1176.128, 1034.506, 1572.800, 1812.685, 14.016
1177.242, 1035.062, 1574.044, 1816.161, 14.000
1178.359, 1035.615, 1575.291, 1819.631, 13.984
1179.519, 1036.124, 1576.557, 1823.234, 13.968
1180.645, 1036.668, 1577.807, 1826.996, 13.952
1181.775, 1037.207, 1579.059, 1831.122, 13.936
1182.901, 1037.751, 1580.309, 1835.495, 13.920
1184.061, 1038.260, 1581.576, 1840.047, 13.904
1185.179, 1038.813, 1582.822, 1844.442, 13.888
1186.257, 1039.404, 1584.051, 1849.201, 13.872
1187.419, 1039.911, 1585.318, 1854.199, 13.856
1188.538, 1040.462, 1586.565, 1859.093, 13.840
1189.654, 1041.016, 1587.810, 1863.784, 13.824
1190.805, 1041.534, 1589.073, 1868.505, 13.808
1191.914, 1042.095, 1590.315, 1873.256, 13.792
1193.020, 1042.659, 1591.556, 1878.063, 13.776
1194.079, 1043.270, 1592.776, 1882.931, 13.761
1195.178, 1043.841, 1594.014, 1887.689, 13.745
1196.274, 1044.415, 1595.251, 1892.489, 13.729
1197.406, 1044.953, 1596.504, 1897.632, 13.713
1198.495, 1045.533, 1597.737, 1902.387, 13.697
1199.582, 1046.117, 1598.971, 1907.543, 13.681
1200.670, 1046.698, 1600.205, 1912.156, 13.666
1201.730, 1047.309, 1601.427, 1916.975, 13.650
1202.835, 1047.874, 1602.668, 1921.773, 13.634
1203.941, 1048.437, 1603.909, 1926.769, 13.618
1205.053, 1048.995, 1605.153, 1931.324, 13.602
1206.210, 1049.508, 1606.415, 1936.298, 13.586
1207.368, 1050.019, 1607.680, 1941.197, 13.570
1208.486, 1050.571, 1608.926, 1945.970, 13.554
1209.566, 1051.161, 1610.156, 1950.620, 13.538
1210.697, 1051.699, 1611.409, 1955.609, 13.522
1211.835, 1052.231, 1612.664, 1960.659, 13.506
1212.969, 1052.766, 1613.918, 1965.676, 13.490
1214.106, 1053.299, 1615.173, 1970.723, 13.474
1215.249, 1053.825, 1616.431, 1975.722, 13.458
1216.355, 1054.390, 1617.672, 1980.825, 13.442
1217.461, 1054.953, 1618.913, 1986.104, 13.426
1218.572, 1055.512, 1620.157, 1991.647, 13.410
1219.740, 1056.013, 1621.426, 1996.583, 13.394
1220.872, 1056.551, 1622.679, 2001.300, 13.378
1222.007, 1057.085, 1623.934, 2006.075, 13.362
1223.149, 1057.613, 1625.191, 2011.072, 13.346
1224.287, 1058.145, 1626.447, 2016.100, 13.330
1225.424, 1058.677, 1627.703, 2020.768, 13.314
1226.566, 1059.205, 1628.961, 2025.328, 13.298
1227.715, 1059.725, 1630.222, 2029.865, 13.282
1228.875, 1060.235, 1631.489, 2034.759, 13.265
1230.036, 1060.743, 1632.756, 2039.552, 13.249
1231.153, 1061.296, 1634.002, 2043.826, 13.233
1232.312, 1061.806, 1635.268, 2048.019, 13.217
1233.468, 1062.319, 1636.533, 2051.737, 13.201
1234.661, 1062.796, 1637.816, 2055.764, 13.185
1235.859, 1063.267, 1639.102, 2059.480, 13.168
1237.018, 1063.777, 1640.368, 2063.478, 13.152
1238.177, 1064.287, 1641.635, 2067.200, 13.136
1239.340, 1064.794, 1642.903, 2070.988, 13.119
1240.461, 1065.342, 1644.151, 2074.478, 13.103
1241.579, 1065.894, 1645.396, 2078.264, 13.088
1242.695, 1066.448, 1646.642, 2081.831, 13.072
1243.863, 1066.949, 1647.912, 2085.581, 13.055
1245.036, 1067.446, 1649.186, 2089.074, 13.039
1246.169, 1067.982, 1650.439, 2092.538, 13.023
1247.301, 1068.520, 1651.692, 2095.805, 13.007
1248.468, 1069.022, 1652.962, 2099.091, 12.991
1249.592, 1069.568, 1654.211, 2102.488, 12.975
1250.757, 1070.072, 1655.481, 2105.844, 12.959
1251.920, 1070.578, 1656.749, 2108.602, 12.942
1253.084, 1071.084, 1658.018, 2111.642, 12.926
1254.252, 1071.585, 1659.289, 2114.618, 12.910
1255.415, 1072.091, 1660.557, 2117.650, 12.894
1256.576, 1072.599, 1661.825, 2120.471, 12.877
1257.739, 1073.106, 1663.093, 2122.900, 12.861
1258.859, 1073.656, 1664.339, 2124.962, 12.845
1260.022, 1074.163, 1665.608, 2127.216, 12.829
1261.183, 1074.671, 1666.875, 2129.593, 12.813
1262.345, 1075.178, 1668.144, 2132.160, 12.797
1263.514, 1075.678, 1669.415, 2134.645, 12.780
1264.678, 1076.184, 1670.684, 2137.400, 12.764
1265.841, 1076.690, 1671.952, 2140.431, 12.748
1267.006, 1077.194, 1673.222, 2143.529, 12.732
1268.130, 1077.741, 1674.470, 2146.993, 12.716
1269.248, 1078.292, 1675.716, 2150.135, 12.700
1270.400, 1078.809, 1676.979, 2153.301, 12.684
1271.504, 1079.375, 1678.218, 2156.261, 12.668
1272.649, 1079.900, 1679.477, 2159.583, 12.652
1273.752, 1080.466, 1680.716, 2162.891, 12.636
1274.902, 1080.986, 1681.978, 2166.716, 12.620
1276.053, 1081.504, 1683.240, 2170.908, 12.604
1277.208, 1082.018, 1684.504, 2175.598, 12.587
1278.372, 1082.524, 1685.773, 2180.140, 12.571
1279.499, 1083.067, 1687.024, 2185.352, 12.555
1280.676, 1083.559, 1688.299, 2189.977, 12.539
1281.822, 1084.082, 1689.559, 2195.284, 12.523
1282.976, 1084.598, 1690.823, 2200.275, 12.507
1284.175, 1085.068, 1692.109, 2205.357, 12.490
1285.374, 1085.538, 1693.396, 2210.244, 12.474
1286.563, 1086.018, 1694.678, 2215.596, 12.457
1287.746, 1086.505, 1695.956, 2220.974, 12.441
1288.925, 1086.994, 1697.234, 2226.555, 12.425
1290.057, 1087.532, 1698.486, 2231.895, 12.409
1291.227, 1088.031, 1699.758, 2237.924, 12.392
1292.356, 1088.572, 1701.009, 2243.290, 12.376
1293.530, 1089.068, 1702.283, 2249.199, 12.360
1294.704, 1089.563, 1703.557, 2254.716, 12.344
1295.833, 1090.104, 1704.808, 2260.408, 12.328
1296.968, 1090.638, 1706.062, 2265.949, 12.312
1298.112, 1091.163, 1707.321, 2271.367, 12.296
1299.255, 1091.690, 1708.579, 2276.818, 12.280
1300.399, 1092.216, 1709.838, 2281.993, 12.263
1301.546, 1092.738, 1711.098, 2287.728, 12.247
1302.700, 1093.254, 1712.362, 2292.803, 12.231
1303.863, 1093.760, 1713.630, 2297.835, 12.215
1305.024, 1094.268, 1714.898, 2302.960, 12.199
1306.186, 1094.775, 1716.166, 2307.970, 12.182
1307.352, 1095.279, 1717.436, 2313.183, 12.166
1308.524, 1095.776, 1718.709, 2318.653, 12.150
1309.706, 1096.263, 1719.987, 2324.078, 12.134
1310.851, 1096.788, 1721.246, 2329.036, 12.118
1312.044, 1097.264, 1722.530, 2334.264, 12.101
1313.241, 1097.736, 1723.816, 2339.732, 12.085
1314.443, 1098.203, 1725.105, 2344.890, 12.068
1315.618, 1098.697, 1726.380, 2350.163, 12.052
1316.853, 1099.131, 1727.686, 2354.855, 12.035
1318.101, 1099.552, 1728.999, 2359.774, 12.018
1319.315, 1100.007, 1730.295, 2364.645, 12.002
1320.533, 1100.457, 1731.593, 2370.194, 11.985
1321.743, 1100.917, 1732.886, 2375.824, 11.969
1322.946, 1101.383, 1734.176, 2381.113, 11.952
1324.145, 1101.853, 1735.464, 2386.882, 11.936
1325.341, 1102.326, 1736.750, 2392.674, 11.919
1326.535, 1102.801, 1738.035, 2397.909, 11.903
1327.731, 1103.274, 1739.321, 2403.785, 11.886
1328.930, 1103.744, 1740.609, 2408.935, 11.870
1330.084, 1104.260, 1741.872, 2414.495, 11.854
1331.279, 1104.734, 1743.158, 2420.313, 11.837
1332.516, 1105.165, 1744.467, 2426.513, 11.821
1333.715, 1105.636, 1745.754, 2433.372, 11.804
1334.912, 1106.108, 1747.041, 2439.726, 11.788
1336.108, 1106.580, 1748.327, 2446.884, 11.771
1337.307, 1107.051, 1749.615, 2453.295, 11.755
1338.544, 1107.482, 1750.924, 2460.161, 11.738
1339.739, 1107.956, 1752.210, 2466.964, 11.721
1340.928, 1108.436, 1753.492, 2473.259, 11.705
1342.149, 1108.884, 1754.792, 2479.887, 11.688
1343.320, 1109.383, 1756.064, 2486.435, 11.672
1344.527, 1109.845, 1757.357, 2493.085, 11.656
1345.688, 1110.353, 1758.623, 2499.752, 11.639
1346.890, 1110.820, 1759.913, 2506.470, 11.623
1348.052, 1111.328, 1761.180, 2513.235, 11.607
1349.209, 1111.840, 1762.445, 2520.246, 11.591
1350.400, 1112.318, 1763.728, 2527.039, 11.574
1351.592, 1112.795, 1765.012, 2534.009, 11.558
1352.788, 1113.269, 1766.298, 2540.767, 11.541
1353.941, 1113.785, 1767.561, 2547.538, 11.525
1355.137, 1114.258, 1768.847, 2554.409, 11.509
1356.296, 1114.768, 1770.113, 2561.384, 11.493
1357.454, 1115.280, 1771.378, 2568.516, 11.476
1358.647, 1115.756, 1772.663, 2575.953, 11.460
1359.796, 1116.277, 1773.924, 2583.525, 11.444
1360.985, 1116.757, 1775.206, 2591.197, 11.427
1362.133, 1117.278, 1776.466, 2598.690, 11.411
1363.327, 1117.753, 1777.751, 2606.199, 11.395
1364.485, 1118.265, 1779.017, 2614.100, 11.379
1365.692, 1118.726, 1780.309, 2621.495, 11.362
1366.869, 1119.219, 1781.584, 2628.340, 11.346
1368.051, 1119.706, 1782.862, 2635.374, 11.329
1369.275, 1120.151, 1784.164, 2641.140, 11.313
1370.461, 1120.635, 1785.444, 2647.045, 11.296
1371.693, 1121.071, 1786.750, 2652.502, 11.280
1372.892, 1121.541, 1788.037, 2658.259, 11.263
1374.093, 1122.009, 1789.326, 2663.309, 11.247
1375.299, 1122.472, 1790.618, 2667.711, 11.230
1376.512, 1122.928, 1791.913, 2672.643, 11.214
1377.684, 1123.426, 1793.186, 2676.172, 11.197
1378.900, 1123.878, 1794.484, 2679.399, 11.181
1380.078, 1124.369, 1795.760, 2682.649, 11.165
1381.304, 1124.813, 1797.062, 2686.350, 11.148
1382.529, 1125.256, 1798.366, 2690.437, 11.131
1383.757, 1125.697, 1799.670, 2695.045, 11.115
1384.988, 1126.135, 1800.976, 2699.416, 11.098
1386.175, 1126.617, 1802.257, 2703.524, 11.081
1387.405, 1127.056, 1803.563, 2706.855, 11.065
1388.593, 1127.537, 1804.844, 2711.032, 11.048
1389.826, 1127.973, 1806.152, 2715.380, 11.032
1391.056, 1128.411, 1807.458, 2720.499, 11.015
1392.286, 1128.851, 1808.763, 2725.751, 10.998
1393.516, 1129.289, 1810.069, 2731.921, 10.982
1394.700, 1129.775, 1811.348, 2738.554, 10.965
1395.922, 1130.221, 1812.649, 2745.034, 10.949
1397.102, 1130.711, 1813.925, 2752.069, 10.932
1398.323, 1131.159, 1815.226, 2759.754, 10.916
1399.503, 1131.648, 1816.503, 2766.585, 10.899
1400.692, 1132.128, 1817.785, 2773.510, 10.883
1401.892, 1132.597, 1819.073, 2780.462, 10.866
1403.138, 1133.020, 1820.388, 2787.353, 10.850
1404.348, 1133.479, 1821.682, 2794.089, 10.833
1405.558, 1133.938, 1822.976, 2801.992, 10.816
1406.769, 1134.396, 1824.271, 2810.083, 10.800
1407.981, 1134.852, 1825.566, 2817.882, 10.783
1409.197, 1135.306, 1826.864, 2825.967, 10.767
1410.416, 1135.755, 1828.163, 2833.847, 10.750
1411.675, 1136.165, 1829.486, 2842.018, 10.733
1412.891, 1136.617, 1830.784, 2849.674, 10.717
1414.150, 1137.027, 1832.107, 2858.873, 10.700
1415.370, 1137.477, 1833.407, 2868.414, 10.683
1416.599, 1137.916, 1834.712, 2878.181, 10.666
1417.840, 1138.344, 1836.024, 2888.261, 10.650
1419.078, 1138.774, 1837.336, 2898.883, 10.633
1420.316, 1139.205, 1838.646, 2908.910, 10.616
1421.554, 1139.636, 1839.957, 2918.625, 10.599
1422.793, 1140.066, 1841.268, 2928.816, 10.583
1424.033, 1140.494, 1842.580, 2939.607, 10.566
1425.277, 1140.920, 1843.894, 2949.072, 10.549
1426.524, 1141.341, 1845.211, 2958.876, 10.532
1427.726, 1141.808, 1846.500, 2968.842, 10.516
1428.969, 1142.234, 1847.813, 2979.518, 10.499
1430.168, 1142.704, 1849.101, 2989.453, 10.482
1431.407, 1143.133, 1850.412, 3000.758, 10.466
1432.605, 1143.605, 1851.699, 3011.255, 10.449
1433.843, 1144.035, 1853.010, 3022.536, 10.432
1435.040, 1144.507, 1854.297, 3033.646, 10.416
1436.280, 1144.936, 1855.608, 3045.345, 10.399
1437.528, 1145.357, 1856.924, 3056.583, 10.382
1438.785, 1145.768, 1858.247, 3067.671, 10.365
1440.039, 1146.183, 1859.567, 3078.885, 10.348
1441.290, 1146.601, 1860.886, 3090.753, 10.332
1442.504, 1147.056, 1862.182, 3101.516, 10.315
1443.765, 1147.464, 1863.506, 3112.937, 10.298
1445.025, 1147.872, 1864.831, 3125.381, 10.281
1446.285, 1148.281, 1866.155, 3137.475, 10.264
1447.511, 1148.724, 1867.459, 3150.756, 10.248
1448.738, 1149.166, 1868.762, 3163.328, 10.231
1449.965, 1149.607, 1870.067, 3175.942, 10.214
1451.194, 1150.047, 1871.372, 3188.340, 10.198
1452.459, 1150.451, 1872.699, 3200.536, 10.181
1453.725, 1150.853, 1874.028, 3213.122, 10.164
1454.995, 1151.252, 1875.358, 3225.040, 10.147
1456.219, 1151.696, 1876.660, 3236.491, 10.130
1457.482, 1152.102, 1877.986, 3248.430, 10.113
1458.700, 1152.553, 1879.285, 3260.049, 10.096
1459.958, 1152.963, 1880.608, 3272.220, 10.079
1461.173, 1153.417, 1881.905, 3283.355, 10.063
1462.429, 1153.830, 1883.226, 3295.956, 10.046
1463.641, 1154.286, 1884.522, 3308.304, 10.029
1464.896, 1154.700, 1885.843, 3320.840, 10.012
1466.109, 1155.156, 1887.138, 3332.735, 9.996
1467.364, 1155.570, 1888.459, 3345.958, 9.979
1468.579, 1156.024, 1889.756, 3357.482, 9.962
1469.837, 1156.434, 1891.079, 3370.766, 9.945
1471.056, 1156.885, 1892.378, 3382.925, 9.929
1472.319, 1157.290, 1893.704, 3395.681, 9.912
1473.543, 1157.735, 1895.006, 3408.216, 9.895
1474.812, 1158.134, 1896.336, 3420.166, 9.878
1476.044, 1158.572, 1897.643, 3432.098, 9.862
1477.272, 1159.012, 1898.948, 3444.749, 9.845
1478.533, 1159.419, 1900.273, 3455.774, 9.828
1479.793, 1159.829, 1901.597, 3468.114, 9.811
1481.051, 1160.239, 1902.920, 3478.847, 9.794
1482.260, 1160.699, 1904.213, 3489.268, 9.777
1483.504, 1161.123, 1905.528, 3499.205, 9.761
1484.749, 1161.547, 1906.843, 3507.584, 9.744
1485.997, 1161.968, 1908.160, 3516.113, 9.727
1487.246, 1162.387, 1909.478, 3523.350, 9.710
1488.500, 1162.802, 1910.798, 3530.426, 9.693
1489.709, 1163.262, 1912.091, 3537.405, 9.677
1490.958, 1163.682, 1913.409, 3544.136, 9.660
1492.164, 1164.145, 1914.700, 3551.812, 9.643
1493.410, 1164.568, 1916.015, 3559.994, 9.627
1494.613, 1165.033, 1917.305, 3566.977, 9.610
1495.824, 1165.492, 1918.599, 3575.758, 9.594
1497.040, 1165.944, 1919.897, 3583.038, 9.577
1498.298, 1166.355, 1921.220, 3591.691, 9.560
1499.515, 1166.807, 1922.518, 3598.523, 9.543
1500.774, 1167.216, 1923.841, 3606.107, 9.526
1501.993, 1167.667, 1925.140, 3612.800, 9.510
1503.255, 1168.073, 1926.466, 3620.408, 9.493
1504.477, 1168.520, 1927.767, 3628.780, 9.476
1505.743, 1168.922, 1929.095, 3639.145, 9.459
1506.971, 1169.363, 1930.400, 3648.613, 9.443
1508.244, 1169.759, 1931.732, 3660.543, 9.426
1509.479, 1170.192, 1933.041, 3671.526, 9.409
1510.761, 1170.579, 1934.378, 3684.168, 9.392
1512.005, 1171.003, 1935.693, 3696.065, 9.375
1513.297, 1171.380, 1937.037, 3708.460, 9.358
1514.553, 1171.793, 1938.359, 3719.929, 9.341
1515.807, 1172.207, 1939.680, 3731.362, 9.324
1517.061, 1172.622, 1941.001, 3742.719, 9.307
1518.314, 1173.037, 1942.321, 3756.002, 9.290
1519.566, 1173.454, 1943.640, 3768.429, 9.273
1520.817, 1173.872, 1944.959, 3781.021, 9.256
1522.067, 1174.290, 1946.277, 3794.316, 9.240
1523.316, 1174.710, 1947.595, 3808.498, 9.223
1524.564, 1175.130, 1948.912, 3823.070, 9.206
1525.812, 1175.552, 1950.229, 3837.251, 9.189
1527.058, 1175.974, 1951.545, 3851.637, 9.172
1528.303, 1176.397, 1952.860, 3865.862, 9.155
1529.548, 1176.822, 1954.175, 3878.620, 9.139
1530.792, 1177.247, 1955.489, 3892.128, 9.122
1532.034, 1177.673, 1956.803, 3906.545, 9.105
1533.325, 1178.050, 1958.146, 3918.705, 9.088
1534.581, 1178.463, 1959.468, 3931.118, 9.071
1535.801, 1178.912, 1960.768, 3943.001, 9.054
1537.070, 1179.312, 1962.098, 3955.544, 9.037
1538.302, 1179.748, 1963.405, 3967.200, 9.020
1539.582, 1180.136, 1964.742, 3979.061, 9.003
1540.860, 1180.527, 1966.078, 3990.854, 8.986
1542.136, 1180.919, 1967.413, 4001.777, 8.969
1543.410, 1181.314, 1968.747, 4011.582, 8.952
1544.683, 1181.710, 1970.079, 4023.482, 8.935
1545.953, 1182.108, 1971.411, 4034.175, 8.918
1547.222, 1182.507, 1972.741, 4045.477, 8.901
1548.454, 1182.945, 1974.047, 4055.347, 8.884
1549.732, 1183.335, 1975.383, 4065.987, 8.867
1550.972, 1183.764, 1976.695, 4075.373, 8.851
1552.222, 1184.182, 1978.013, 4084.011, 8.834
1553.481, 1184.591, 1979.338, 4093.881, 8.817
1554.749, 1184.992, 1980.667, 4103.369, 8.800
1556.025, 1185.385, 1982.002, 4114.226, 8.783
1557.306, 1185.772, 1983.340, 4126.561, 8.766
1558.594, 1186.153, 1984.683, 4139.936, 8.748
1559.886, 1186.529, 1986.028, 4152.647, 8.731
1561.147, 1186.937, 1987.353, 4163.785, 8.714
1562.458, 1187.293, 1988.711, 4175.776, 8.697
1563.771, 1187.649, 1990.070, 4186.223, 8.679
1565.118, 1187.969, 1991.452, 4195.175, 8.662
1566.417, 1188.339, 1992.802, 4204.729, 8.645
1567.750, 1188.674, 1994.175, 4214.555, 8.627
1569.032, 1189.060, 1995.514, 4223.967, 8.610
1570.313, 1189.447, 1996.852, 4233.881, 8.593
1571.556, 1189.873, 1998.166, 4245.191, 8.576
1572.844, 1190.254, 1999.508, 4255.911, 8.559
1574.175, 1190.591, 2000.880, 4265.877, 8.541
1575.500, 1190.934, 2002.248, 4276.255, 8.524
1576.820, 1191.282, 2003.612, 4284.963, 8.506
1578.099, 1191.671, 2004.949, 4293.707, 8.489
1579.371, 1192.067, 2006.282, 4300.941, 8.472
1580.637, 1192.471, 2007.609, 4308.567, 8.455
1581.893, 1192.883, 2008.931, 4316.593, 8.438
1583.176, 1193.268, 2010.271, 4323.906, 8.421
1584.400, 1193.713, 2011.571, 4331.699, 8.404
1585.614, 1194.168, 2012.865, 4340.908, 8.388
1586.866, 1194.585, 2014.184, 4349.000, 8.371
1588.072, 1195.048, 2015.473, 4358.108, 8.355
1589.314, 1195.474, 2016.786, 4365.359, 8.338
1590.559, 1195.898, 2018.101, 4374.243, 8.321
1591.770, 1196.356, 2019.394, 4383.134, 8.304
1592.996, 1196.799, 2020.697, 4392.822, 8.288
1594.271, 1197.192, 2022.031, 4401.790, 8.271
1595.546, 1197.585, 2023.365, 4410.635, 8.254
1596.786, 1198.014, 2024.677, 4418.429, 8.237
1598.075, 1198.394, 2026.020, 4428.022, 8.220
1599.411, 1198.726, 2027.396, 4437.855, 8.202
1600.712, 1199.093, 2028.748, 4446.619, 8.185
1601.978, 1199.496, 2030.076, 4456.568, 8.168
1603.243, 1199.899, 2031.403, 4466.512, 8.151
1604.507, 1200.304, 2032.730, 4475.708, 8.134
1605.767, 1200.712, 2034.054, 4485.770, 8.117
1607.024, 1201.124, 2035.376, 4496.038, 8.100
1608.325, 1201.491, 2036.728, 4506.781, 8.083
1609.635, 1201.849, 2038.086, 4518.361, 8.065
1610.920, 1202.233, 2039.427, 4530.506, 8.048
1612.213, 1202.608, 2040.773, 4542.223, 8.031
1613.500, 1202.990, 2042.115, 4552.026, 8.014
1614.779, 1203.379, 2043.452, 4562.086, 7.997
1616.063, 1203.763, 2044.793, 4570.592, 7.980
1617.352, 1204.142, 2046.137, 4579.648, 7.962
1618.610, 1204.553, 2047.459, 4588.734, 7.945
1619.919, 1204.912, 2048.816, 4598.854, 7.928
1621.180, 1205.320, 2050.141, 4609.280, 7.911
1622.475, 1205.694, 2051.489, 4620.056, 7.894
1623.803, 1206.033, 2052.858, 4630.313, 7.876
1625.080, 1206.425, 2054.194, 4641.467, 7.859
1626.354, 1206.819, 2055.528, 4650.373, 7.842
1627.625, 1207.217, 2056.860, 4660.010, 7.825
1628.856, 1207.654, 2058.165, 4668.560, 7.809
1630.143, 1208.035, 2059.508, 4678.545, 7.791
1631.486, 1208.360, 2060.887, 4689.521, 7.774
1632.787, 1208.728, 2062.238, 4701.742, 7.756
1634.079, 1209.104, 2063.584, 4715.890, 7.739
1635.411, 1209.441, 2064.956, 4730.895, 7.722
1636.698, 1209.822, 2066.299, 4743.915, 7.705
1637.940, 1210.248, 2067.611, 4759.536, 7.688
1639.184, 1210.673, 2068.924, 4774.123, 7.671
1640.477, 1211.048, 2070.271, 4786.644, 7.654
1641.734, 1211.460, 2071.593, 4800.441, 7.637
1643.037, 1211.825, 2072.946, 4814.011, 7.620
1644.337, 1212.194, 2074.297, 4827.810, 7.602
1645.632, 1212.567, 2075.644, 4843.701, 7.585
1646.921, 1212.946, 2076.988, 4861.693, 7.568
1648.204, 1213.332, 2078.328, 4880.668, 7.551
1649.528, 1213.675, 2079.695, 4896.561, 7.533
1650.810, 1214.062, 2081.034, 4913.239, 7.516
1652.084, 1214.457, 2082.367, 4929.457, 7.499
1653.348, 1214.861, 2083.694, 4943.612, 7.482
1654.616, 1215.262, 2085.024, 4955.733, 7.465
1655.886, 1215.660, 2086.355, 4967.003, 7.448
1657.208, 1216.006, 2087.720, 4975.760, 7.431
1658.461, 1216.422, 2089.040, 4983.408, 7.414
1659.763, 1216.788, 2090.393, 4991.126, 7.396
1661.065, 1217.154, 2091.745, 4998.716, 7.379
1662.315, 1217.573, 2093.062, 5000.000, 7.362
1663.562, 1217.995, 2094.378, 5000.000, 7.345
1664.852, 1218.373, 2095.722, 5000.000, 7.328
1666.136, 1218.757, 2097.063, 5000.000, 7.311
1667.461, 1219.100, 2098.430, 5000.000, 7.294
1668.758, 1219.472, 2099.779, 5000.000, 7.276
1670.060, 1219.838, 2101.132, 5000.000, 7.259
1671.318, 1220.248, 2102.455, 5000.000, 7.242
1672.579, 1220.656, 2103.779, 5000.000, 7.225
1673.840, 1221.063, 2105.105, 5000.000, 7.208
1675.101, 1221.471, 2106.429, 5000.000, 7.191
1676.408, 1221.833, 2107.785, 5000.000, 7.174
1677.725, 1222.183, 2109.147, 5000.000, 7.157
1679.052, 1222.525, 2110.516, 5000.000, 7.139
1680.386, 1222.858, 2111.890, 5000.000, 7.121
1681.694, 1223.219, 2113.246, 5000.000, 7.104
1683.006, 1223.575, 2114.606, 5000.000, 7.087
1684.358, 1223.891, 2115.994, 5000.000, 7.069
1685.663, 1224.254, 2117.348, 5000.000, 7.052
1686.969, 1224.616, 2118.704, 5000.000, 7.034
1688.274, 1224.979, 2120.059, 5000.000, 7.017
1689.577, 1225.345, 2121.411, 5000.000, 7.000
1690.840, 1225.751, 2122.736, 5000.000, 6.983
1692.144, 1226.115, 2124.090, 5000.000, 6.965
1693.488, 1226.438, 2125.472, 5000.000, 6.948
1694.787, 1226.808, 2126.823, 5000.000, 6.930
1696.087, 1227.175, 2128.174, 5000.000, 6.913
1697.437, 1227.494, 2129.560, 5000.000, 6.895
1698.751, 1227.848, 2130.921, 5000.000, 6.878
1700.062, 1228.205, 2132.279, 5000.000, 6.861
1701.368, 1228.567, 2133.635, 5000.000, 6.843
1702.717, 1228.887, 2135.020, 5000.000, 6.826
1704.023, 1229.249, 2136.375, 5000.000, 6.808
1705.285, 1229.655, 2137.700, 5000.000, 6.791
1706.583, 1230.025, 2139.050, 5000.000, 6.774
1707.882, 1230.394, 2140.400, 5000.000, 6.757
1709.179, 1230.766, 2141.749, 5000.000, 6.740
1710.472, 1231.141, 2143.095, 5000.000, 6.722
1711.809, 1231.472, 2144.472, 5000.000, 6.705
1713.104, 1231.845, 2145.820, 5000.000, 6.688
1714.440, 1232.178, 2147.196, 5000.000, 6.670
1715.731, 1232.555, 2148.541, 5000.000, 6.653
1717.025, 1232.929, 2149.888, 5000.000, 6.636
1718.320, 1233.302, 2151.235, 5000.000, 6.618
1719.614, 1233.676, 2152.582, 5000.000, 6.601
1720.955, 1234.004, 2153.962, 5000.000, 6.583
1722.256, 1234.371, 2155.314, 5000.000, 6.566
1723.517, 1234.778, 2156.638, 5000.000, 6.549
1724.819, 1235.145, 2157.990, 5000.000, 6.532
1726.124, 1235.508, 2159.345, 5000.000, 6.515
1727.431, 1235.869, 2160.701, 5000.000, 6.497
1728.738, 1236.230, 2162.057, 5000.000, 6.480
1730.092, 1236.544, 2163.446, 5000.000, 6.462
1731.409, 1236.895, 2164.808, 5000.000, 6.445
1732.721, 1237.252, 2166.168, 5000.000, 6.427
1734.026, 1237.615, 2167.522, 5000.000, 6.410
1735.337, 1237.972, 2168.881, 5000.000, 6.393
1736.651, 1238.326, 2170.242, 5000.000, 6.375
1737.968, 1238.677, 2171.605, 5000.000, 6.358
1739.284, 1239.029, 2172.968, 5000.000, 6.340
1740.599, 1239.383, 2174.329, 5000.000, 6.323
1741.909, 1239.740, 2175.687, 5000.000, 6.306
1743.215, 1240.103, 2177.042, 5000.000, 6.288
1744.562, 1240.424, 2178.426, 5000.000, 6.271
1745.865, 1240.789, 2179.780, 5000.000, 6.253
1747.207, 1241.114, 2181.161, 5000.000, 6.236
1748.503, 1241.487, 2182.509, 5000.000, 6.218
1749.835, 1241.823, 2183.882, 5000.000, 6.201
1751.118, 1242.208, 2185.221, 5000.000, 6.184
1752.399, 1242.595, 2186.559, 5000.000, 6.167
1753.677, 1242.986, 2187.894, 5000.000, 6.149
1754.949, 1243.383, 2189.226, 5000.000, 6.132
1756.227, 1243.773, 2190.562, 5000.000, 6.115
1757.510, 1244.159, 2191.901, 5000.000, 6.098
1758.796, 1244.541, 2193.243, 5000.000, 6.081
1760.082, 1244.923, 2194.585, 5000.000, 6.064
1761.368, 1245.306, 2195.926, 5000.000, 6.047
1762.700, 1245.642, 2197.299, 5000.000, 6.029
1763.993, 1246.017, 2198.646, 5000.000, 6.012
1765.330, 1246.348, 2200.022, 5000.000, 5.994
1766.625, 1246.721, 2201.370, 5000.000, 5.977
1767.926, 1247.089, 2202.721, 5000.000, 5.960
1769.230, 1247.453, 2204.076, 5000.000, 5.942
1770.501, 1247.850, 2205.407, 5000.000, 5.925
1771.785, 1248.235, 2206.747, 5000.000, 5.908
1773.114, 1248.573, 2208.118, 5000.000, 5.891
1774.452, 1248.903, 2209.496, 5000.000, 5.873
1775.797, 1249.227, 2210.878, 5000.000, 5.855
1777.181, 1249.510, 2212.288, 5000.000, 5.837
1778.519, 1249.840, 2213.667, 5000.000, 5.820
1779.860, 1250.167, 2215.046, 5000.000, 5.802
1781.165, 1250.530, 2216.401, 5000.000, 5.785
1782.517, 1250.846, 2217.789, 5000.000, 5.767
1783.864, 1251.167, 2219.173, 5000.000, 5.749
1785.205, 1251.494, 2220.553, 5000.000, 5.732
1786.537, 1251.830, 2221.927, 5000.000, 5.714
1787.859, 1252.176, 2223.294, 5000.000, 5.697
1789.134, 1252.570, 2224.626, 5000.000, 5.680
1790.443, 1252.929, 2225.984, 5000.000, 5.662
1791.749, 1253.291, 2227.339, 5000.000, 5.645
1793.015, 1253.693, 2228.666, 5000.000, 5.628
1794.323, 1254.053, 2230.022, 5000.000, 5.611
1795.636, 1254.408, 2231.382, 5000.000, 5.593
1796.952, 1254.761, 2232.744, 5000.000, 5.576
1798.268, 1255.113, 2234.107, 5000.000, 5.558
1799.548, 1255.501, 2235.444, 5000.000, 5.541
1800.874, 1255.843, 2236.813, 5000.000, 5.524
1802.194, 1256.191, 2238.178, 5000.000, 5.506
1803.507, 1256.547, 2239.538, 5000.000, 5.489
1804.775, 1256.947, 2240.868, 5000.000, 5.472
1806.045, 1257.345, 2242.198, 5000.000, 5.455
1807.364, 1257.695, 2243.562, 5000.000, 5.437
1808.679, 1258.048, 2244.924, 5000.000, 5.420
1810.004, 1258.391, 2246.292, 5000.000, 5.403
1811.350, 1258.713, 2247.675, 5000.000, 5.385
1812.702, 1259.029, 2249.062, 5000.000, 5.367
1814.057, 1259.341, 2250.452, 5000.000, 5.349
1815.379, 1259.687, 2251.819, 5000.000, 5.332
1816.701, 1260.034, 2253.185, 5000.000, 5.314
1818.018, 1260.385, 2254.549, 5000.000, 5.297
1819.378, 1260.692, 2255.942, 5000.000, 5.279
1820.744, 1260.994, 2257.340, 5000.000, 5.261
1822.078, 1261.328, 2258.715, 5000.000, 5.244
1823.413, 1261.661, 2260.091, 5000.000, 5.226
1824.782, 1261.960, 2261.491, 5000.000, 5.208
1826.097, 1262.313, 2262.853, 5000.000, 5.191
1827.442, 1262.636, 2264.235, 5000.000, 5.173
1828.743, 1263.004, 2265.586, 5000.000, 5.156
1830.046, 1263.368, 2266.940, 5000.000, 5.138
1831.385, 1263.697, 2268.318, 5000.000, 5.121
1832.722, 1264.029, 2269.695, 5000.000, 5.103
1834.020, 1264.399, 2271.045, 5000.000, 5.086
1835.360, 1264.726, 2272.425, 5000.000, 5.068
1836.657, 1265.097, 2273.774, 5000.000, 5.051
1837.992, 1265.430, 2275.149, 5000.000, 5.034
1839.328, 1265.762, 2276.526, 5000.000, 5.016
1840.663, 1266.095, 2277.902, 5000.000, 4.998
1841.946, 1266.481, 2279.241, 5000.000, 4.981
1843.259, 1266.836, 2280.600, 5000.000, 4.964
1844.564, 1267.199, 2281.955, 5000.000, 4.946
1845.909, 1267.522, 2283.338, 5000.000, 4.929
1847.209, 1267.890, 2284.689, 5000.000, 4.911
1848.462, 1268.307, 2286.006, 5000.000, 4.895
1849.797, 1268.639, 2287.382, 5000.000, 4.877
1851.096, 1269.008, 2288.732, 5000.000, 4.860
1852.391, 1269.382, 2290.080, 5000.000, 4.843
1853.681, 1269.760, 2291.424, 5000.000, 4.825
1855.012, 1270.097, 2292.797, 5000.000, 4.808
1856.299, 1270.478, 2294.139, 5000.000, 4.791
1857.591, 1270.855, 2295.484, 5000.000, 4.773
1858.884, 1271.230, 2296.831, 5000.000, 4.756
1860.177, 1271.605, 2298.177, 5000.000, 4.739
1861.517, 1271.933, 2299.556, 5000.000, 4.721
1862.820, 1272.299, 2300.909, 5000.000, 4.704
1864.118, 1272.669, 2302.259, 5000.000, 4.687
1865.409, 1273.046, 2303.604, 5000.000, 4.670
1866.692, 1273.432, 2304.943, 5000.000, 4.652
1868.014, 1273.778, 2306.310, 5000.000, 4.635
1869.303, 1274.157, 2307.653, 5000.000, 4.618
1870.594, 1274.535, 2308.998, 5000.000, 4.601
1871.848, 1274.949, 2310.318, 5000.000, 4.584
1873.162, 1275.303, 2311.678, 5000.000, 4.566
1874.484, 1275.650, 2313.045, 5000.000, 4.549
1875.812, 1275.989, 2314.415, 5000.000, 4.531
1877.145, 1276.324, 2315.789, 5000.000, 4.514
1878.481, 1276.656, 2317.165, 5000.000, 4.496
1879.818, 1276.987, 2318.542, 5000.000, 4.479
1881.154, 1277.319, 2319.918, 5000.000, 4.461
1882.487, 1277.654, 2321.292, 5000.000, 4.443
1883.816, 1277.994, 2322.663, 5000.000, 4.426
1885.103, 1278.375, 2324.005, 5000.000, 4.409
1886.429, 1278.716, 2325.375, 5000.000, 4.391
1887.759, 1279.055, 2326.746, 5000.000, 4.374
1889.054, 1279.428, 2328.094, 5000.000, 4.356
1890.396, 1279.754, 2329.475, 5000.000, 4.339
1891.700, 1280.118, 2330.829, 5000.000, 4.321
1893.046, 1280.440, 2332.212, 5000.000, 4.304
1894.349, 1280.806, 2333.565, 5000.000, 4.286
1895.654, 1281.168, 2334.920, 5000.000, 4.269
1897.009, 1281.482, 2336.309, 5000.000, 4.251
1898.326, 1281.832, 2337.673, 5000.000, 4.234
1899.688, 1282.138, 2339.068, 5000.000, 4.216
1901.008, 1282.486, 2340.433, 5000.000, 4.199
1902.333, 1282.829, 2341.802, 5000.000, 4.181
1903.660, 1283.170, 2343.172, 5000.000, 4.164
1904.986, 1283.512, 2344.541, 5000.000, 4.146
1906.308, 1283.858, 2345.908, 5000.000, 4.129
1907.624, 1284.211, 2347.270, 5000.000, 4.111
1908.979, 1284.523, 2348.660, 5000.000, 4.093
1910.289, 1284.882, 2350.018, 5000.000, 4.076
1911.647, 1285.192, 2351.410, 5000.000, 4.058
1913.017, 1285.489, 2352.811, 5000.000, 4.040
1914.349, 1285.825, 2354.185, 5000.000, 4.023
1915.723, 1286.119, 2355.589, 5000.000, 4.005
1917.053, 1286.457, 2356.962, 5000.000, 3.987
1918.422, 1286.756, 2358.362, 5000.000, 3.969
1919.742, 1287.104, 2359.727, 5000.000, 3.952
1921.060, 1287.453, 2361.091, 5000.000, 3.934
1922.374, 1287.808, 2362.451, 5000.000, 3.917
1923.716, 1288.134, 2363.832, 5000.000, 3.899
1925.048, 1288.470, 2365.206, 5000.000, 3.882
1926.334, 1288.852, 2366.546, 5000.000, 3.865
1927.620, 1289.235, 2367.887, 5000.000, 3.847
1928.952, 1289.570, 2369.261, 5000.000, 3.830
1930.244, 1289.946, 2370.606, 5000.000, 3.813
1931.579, 1290.280, 2371.981, 5000.000, 3.795
1932.868, 1290.659, 2373.324, 5000.000, 3.778
1934.195, 1291.000, 2374.694, 5000.000, 3.760
1935.521, 1291.342, 2376.064, 5000.000, 3.743
1936.811, 1291.720, 2377.408, 5000.000, 3.726
1938.145, 1292.054, 2378.783, 5000.000, 3.708
1939.438, 1292.430, 2380.128, 5000.000, 3.691
1940.735, 1292.801, 2381.477, 5000.000, 3.674
1942.083, 1293.121, 2382.862, 5000.000, 3.656
1943.396, 1293.477, 2384.222, 5000.000, 3.639
1944.755, 1293.785, 2385.615, 5000.000, 3.621
1946.074, 1294.134, 2386.980, 5000.000, 3.603
1947.400, 1294.476, 2388.349, 5000.000, 3.586
1948.730, 1294.814, 2389.721, 5000.000, 3.568
1950.060, 1295.152, 2391.094, 5000.000, 3.551
1951.438, 1295.442, 2392.501, 5000.000, 3.533
1952.777, 1295.771, 2393.880, 5000.000, 3.515
1954.158, 1296.057, 2395.290, 5000.000, 3.497
1955.496, 1296.387, 2396.668, 5000.000, 3.479
1956.872, 1296.679, 2398.074, 5000.000, 3.461
1958.200, 1297.019, 2399.444, 5000.000, 3.444
1959.526, 1297.361, 2400.813, 5000.000, 3.426
1960.896, 1297.659, 2402.215, 5000.000, 3.408
1962.225, 1297.998, 2403.586, 5000.000, 3.391
1963.544, 1298.347, 2404.951, 5000.000, 3.373
1964.852, 1298.707, 2406.306, 5000.000, 3.356
1966.193, 1299.034, 2407.687, 5000.000, 3.338
1967.532, 1299.363, 2409.066, 5000.000, 3.321
1968.866, 1299.697, 2410.441, 5000.000, 3.303
1970.193, 1300.038, 2411.811, 5000.000, 3.286
1971.477, 1300.422, 2413.150, 5000.000, 3.269
1972.799, 1300.768, 2414.517, 5000.000, 3.251
1974.073, 1301.163, 2415.849, 5000.000, 3.234
1975.380, 1301.524, 2417.205, 5000.000, 3.217
1976.684, 1301.888, 2418.559, 5000.000, 3.199
1977.947, 1302.294, 2419.885, 5000.000, 3.182
1979.215, 1302.695, 2421.214, 5000.000, 3.165
1980.535, 1303.042, 2422.579, 5000.000, 3.148
1981.821, 1303.425, 2423.921, 5000.000, 3.131
1983.154, 1303.760, 2425.294, 5000.000, 3.113
1984.448, 1304.134, 2426.642, 5000.000, 3.096
1985.785, 1304.465, 2428.018, 5000.000, 3.078
1987.163, 1304.755, 2429.423, 5000.000, 3.060
1988.496, 1305.090, 2430.797, 5000.000, 3.043
1989.832, 1305.422, 2432.173, 5000.000, 3.025
1991.169, 1305.753, 2433.550, 5000.000, 3.008
1992.505, 1306.085, 2434.926, 5000.000, 2.990
1993.838, 1306.420, 2436.301, 5000.000, 2.972
1995.166, 1306.759, 2437.672, 5000.000, 2.955
1996.488, 1307.105, 2439.038, 5000.000, 2.937
1997.802, 1307.460, 2440.399, 5000.000, 2.920
1999.119, 1307.811, 2441.762, 5000.000, 2.903
2000.438, 1308.160, 2443.127, 5000.000, 2.885
2001.758, 1308.509, 2444.491, 5000.000, 2.868
2003.075, 1308.859, 2445.855, 5000.000, 2.850
2004.389, 1309.214, 2447.215, 5000.000, 2.833
2005.662, 1309.609, 2448.547, 5000.000, 2.816
2006.975, 1309.964, 2449.908, 5000.000, 2.798
2008.243, 1310.364, 2451.237, 5000.000, 2.781
2009.513, 1310.763, 2452.567, 5000.000, 2.764
2010.829, 1311.115, 2453.930, 5000.000, 2.747
2012.107, 1311.506, 2455.265, 5000.000, 2.730
2013.427, 1311.854, 2456.630, 5000.000, 2.712
2014.703, 1312.246, 2457.966, 5000.000, 2.695
2015.983, 1312.635, 2459.303, 5000.000, 2.678
2017.311, 1312.974, 2460.673, 5000.000, 2.661
2018.652, 1313.302, 2462.052, 5000.000, 2.643
2020.003, 1313.619, 2463.438, 5000.000, 2.625
2021.362, 1313.927, 2464.831, 5000.000, 2.608
2022.692, 1314.265, 2466.203, 5000.000, 2.590
2024.076, 1314.549, 2467.612, 5000.000, 2.572
2025.426, 1314.867, 2468.999, 5000.000, 2.554
2026.775, 1315.186, 2470.384, 5000.000, 2.537
2028.120, 1315.508, 2471.768, 5000.000, 2.519
2029.508, 1315.788, 2473.181, 5000.000, 2.501
2030.853, 1316.111, 2474.564, 5000.000, 2.483
2032.200, 1316.432, 2475.949, 5000.000, 2.465
2033.547, 1316.752, 2477.333, 5000.000, 2.448
2034.892, 1317.076, 2478.716, 5000.000, 2.430
2036.231, 1317.405, 2480.095, 5000.000, 2.412
2037.526, 1317.778, 2481.442, 5000.000, 2.395
2038.872, 1318.099, 2482.826, 5000.000, 2.377
2040.183, 1318.457, 2484.184, 5000.000, 2.360
2041.537, 1318.770, 2485.574, 5000.000, 2.342
2042.885, 1319.091, 2486.959, 5000.000, 2.325
2044.222, 1319.422, 2488.336, 5000.000, 2.307
2045.560, 1319.752, 2489.715, 5000.000, 2.289
2046.896, 1320.084, 2491.091, 5000.000, 2.272
2048.262, 1320.385, 2492.490, 5000.000, 2.254
2049.623, 1320.692, 2493.884, 5000.000, 2.236
2050.939, 1321.044, 2495.247, 5000.000, 2.219
2052.259, 1321.393, 2496.611, 5000.000, 2.201
2053.578, 1321.741, 2497.976, 5000.000, 2.184
2054.895, 1322.093, 2499.338, 5000.000, 2.166
2056.220, 1322.436, 2500.707, 5000.000, 2.149
2057.550, 1322.773, 2502.080, 5000.000, 2.131
2058.919, 1323.073, 2503.480, 5000.000, 2.113
2060.239, 1323.420, 2504.845, 5000.000, 2.096
2061.557, 1323.770, 2506.209, 5000.000, 2.078
2062.920, 1324.075, 2507.605, 5000.000, 2.061
2064.241, 1324.422, 2508.971, 5000.000, 2.043
2065.602, 1324.729, 2510.366, 5000.000, 2.025
2066.917, 1325.082, 2511.727, 5000.000, 2.008
2068.232, 1325.435, 2513.088, 5000.000, 1.990
2069.544, 1325.792, 2514.448, 5000.000, 1.973
2070.850, 1326.153, 2515.803, 5000.000, 1.956
2072.197, 1326.474, 2517.187, 5000.000, 1.938
2073.464, 1326.876, 2518.514, 5000.000, 1.921
2074.780, 1327.229, 2519.876, 5000.000, 1.904
2076.093, 1327.584, 2521.236, 5000.000, 1.886
2077.484, 1327.860, 2522.653, 5000.000, 1.868
2078.834, 1328.178, 2524.039, 5000.000, 1.850
2080.189, 1328.490, 2525.430, 5000.000, 1.833
2081.548, 1328.799, 2526.823, 5000.000, 1.815
2082.825, 1329.190, 2528.157, 5000.000, 1.798
2084.184, 1329.499, 2529.550, 5000.000, 1.780
2085.540, 1329.811, 2530.941, 5000.000, 1.762
2086.855, 1330.165, 2532.302, 5000.000, 1.745
2088.161, 1330.527, 2533.657, 5000.000, 1.727
2089.456, 1330.900, 2535.005, 5000.000, 1.710
2090.752, 1331.273, 2536.353, 5000.000, 1.693
2092.093, 1331.599, 2537.733, 5000.000, 1.675
2093.395, 1331.966, 2539.085, 5000.000, 1.658
2094.703, 1332.326, 2540.442, 5000.000, 1.641
2096.064, 1332.632, 2541.836, 5000.000, 1.623
2097.427, 1332.937, 2543.232, 5000.000, 1.605
2098.741, 1333.292, 2544.592, 5000.000, 1.588
2100.052, 1333.649, 2545.951, 5000.000, 1.570
2101.406, 1333.962, 2547.341, 5000.000, 1.552
2102.718, 1334.318, 2548.700, 5000.000, 1.535
2104.069, 1334.635, 2550.087, 5000.000, 1.517
2105.373, 1335.000, 2551.441, 5000.000, 1.500
2106.710, 1335.330, 2552.819, 5000.000, 1.482
2108.045, 1335.663, 2554.195, 5000.000, 1.465
2109.341, 1336.036, 2555.542, 5000.000, 1.447
2110.677, 1336.367, 2556.919, 5000.000, 1.430
2111.970, 1336.743, 2558.265, 5000.000, 1.413
2113.313, 1337.068, 2559.646, 5000.000, 1.395
2114.671, 1337.378, 2561.038, 5000.000, 1.377
2115.991, 1337.726, 2562.403, 5000.000, 1.360
2117.307, 1338.078, 2563.765, 5000.000, 1.342
2118.615, 1338.438, 2565.122, 5000.000, 1.325
2119.927, 1338.795, 2566.482, 5000.000, 1.308
2121.240, 1339.150, 2567.842, 5000.000, 1.290
2122.600, 1339.458, 2569.235, 5000.000, 1.272
2123.921, 1339.804, 2570.601, 5000.000, 1.255
2125.236, 1340.158, 2571.963, 5000.000, 1.237
2126.555, 1340.507, 2573.327, 5000.000, 1.220
2127.876, 1340.853, 2574.693, 5000.000, 1.203
2129.232, 1341.166, 2576.084, 5000.000, 1.185
2130.584, 1341.481, 2577.472, 5000.000, 1.167
2131.897, 1341.836, 2578.832, 5000.000, 1.150
2133.217, 1342.185, 2580.197, 5000.000, 1.132
2134.589, 1342.480, 2581.600, 5000.000, 1.114
2135.928, 1342.809, 2582.978, 5000.000, 1.097
2137.266, 1343.139, 2584.356, 5000.000, 1.079
2138.600, 1343.473, 2585.732, 5000.000, 1.061
2139.942, 1343.799, 2587.112, 5000.000, 1.044
2141.288, 1344.121, 2588.497, 5000.000, 1.026
2142.636, 1344.441, 2589.882, 5000.000, 1.008
2143.984, 1344.761, 2591.267, 5000.000, 0.991
2145.327, 1345.086, 2592.649, 5000.000, 0.973
2146.629, 1345.452, 2594.001, 5000.000, 0.956
2147.970, 1345.779, 2595.381, 5000.000, 0.938
2149.347, 1346.070, 2596.788, 5000.000, 0.920
2150.673, 1346.411, 2598.157, 5000.000, 0.902
2151.997, 1346.756, 2599.524, 5000.000, 0.885
2153.362, 1347.058, 2600.923, 5000.000, 0.867
2154.720, 1347.369, 2602.315, 5000.000, 0.849
2156.067, 1347.689, 2603.700, 5000.000, 0.832
2157.366, 1348.058, 2605.050, 5000.000, 0.814
2158.665, 1348.427, 2606.399, 5000.000, 0.797
2160.010, 1348.751, 2607.782, 5000.000, 0.779
2161.348, 1349.080, 2609.161, 5000.000, 0.762
2162.680, 1349.417, 2610.534, 5000.000, 0.744
2163.967, 1349.798, 2611.875, 5000.000, 0.727
2165.255, 1350.178, 2613.217, 5000.000, 0.710
2166.592, 1350.509, 2614.594, 5000.000, 0.692
2167.891, 1350.878, 2615.944, 5000.000, 0.675
2169.184, 1351.253, 2617.290, 5000.000, 0.658
2170.469, 1351.637, 2618.630, 5000.000, 0.641
2171.792, 1351.982, 2619.998, 5000.000, 0.623
2173.116, 1352.326, 2621.365, 5000.000, 0.606
2174.439, 1352.671, 2622.733, 5000.000, 0.588
2175.759, 1353.019, 2624.098, 5000.000, 0.571
2177.040, 1353.407, 2625.436, 5000.000, 0.554
2178.362, 1353.753, 2626.802, 5000.000, 0.536
2179.688, 1354.095, 2628.171, 5000.000, 0.519
2181.018, 1354.433, 2629.543, 5000.000, 0.501
2182.348, 1354.771, 2630.916, 5000.000, 0.484
2183.677, 1355.109, 2632.287, 5000.000, 0.466
2185.004, 1355.451, 2633.657, 5000.000, 0.448
2186.340, 1355.783, 2635.034, 5000.000, 0.431
2187.683, 1356.107, 2636.415, 5000.000, 0.413
2188.983, 1356.476, 2637.766, 5000.000, 0.396
2190.286, 1356.841, 2639.119, 5000.000, 0.379
2191.638, 1357.157, 2640.507, 5000.000, 0.361
2192.952, 1357.511, 2641.868, 5000.000, 0.343
2194.263, 1357.869, 2643.226, 5000.000, 0.326
2195.565, 1358.235, 2644.579, 5000.000, 0.309
2196.872, 1358.596, 2645.934, 5000.000, 0.291
2198.228, 1358.908, 2647.325, 5000.000, 0.274
2199.513, 1359.291, 2648.666, 5000.000, 0.257
2200.843, 1359.629, 2650.038, 5000.000, 0.239
2202.165, 1359.975, 2651.404, 5000.000, 0.221
2203.491, 1360.317, 2652.774, 5000.000, 0.204
2204.867, 1360.609, 2654.179, 5000.000, 0.186
2206.207, 1360.937, 2655.558, 5000.000, 0.168
2207.592, 1361.220, 2656.971, 5000.000, 0.150
2208.936, 1361.543, 2658.354, 5000.000, 0.133
2210.321, 1361.826, 2659.767, 5000.000, 0.115
2211.661, 1362.154, 2661.146, 5000.000, 0.097
2213.002, 1362.481, 2662.526, 5000.000, 0.079
2214.341, 1362.810, 2663.905, 5000.000, 0.062
2215.675, 1363.144, 2665.280, 5000.000, 0.044
2217.051, 1363.435, 2666.686, 5000.000, 0.026
2218.383, 1363.772, 2668.060, 5000.000, 0.008
2219.716, 1364.107, 2669.434, 5000.000, 0.000
2221.048, 1364.442, 2670.808, 5000.000, 0.000
2222.377, 1364.781, 2672.179, 5000.000, 0.000
2223.699, 1365.127, 2673.545, 5000.000, 0.000
2225.047, 1365.447, 2674.931, 5000.000, 0.000
2226.384, 1365.778, 2676.308, 5000.000, 0.000
2227.673, 1366.158, 2677.650, 5000.000, 0.000
2228.960, 1366.539, 2678.991, 5000.000, 0.000
2230.256, 1366.912, 2680.338, 5000.000, 0.000
2231.558, 1367.277, 2681.691, 5000.000, 0.000
2232.865, 1367.639, 2683.046, 5000.000, 0.000
2234.172, 1368.000, 2684.402, 5000.000, 0.000
2235.478, 1368.363, 2685.756, 5000.000, 0.000
2236.792, 1368.716, 2687.118, 5000.000, 0.000
2238.149, 1369.027, 2688.509, 5000.000, 0.000
2239.545, 1369.299, 2689.929, 5000.000, 0.000
2240.860, 1369.651, 2691.291, 5000.000, 0.000
2242.212, 1369.967, 2692.679, 5000.000, 0.000
2243.563, 1370.284, 2694.066, 5000.000, 0.000
2244.876, 1370.640, 2695.426, 5000.000, 0.000
2246.197, 1370.987, 2696.792, 5000.000, 0.000
2247.524, 1371.328, 2698.162, 5000.000, 0.000
2248.854, 1371.666, 2699.534, 5000.000, 0.000
2250.183, 1372.005, 2700.906, 5000.000, 0.000
2251.545, 1372.310, 2702.301, 5000.000, 0.000
2252.867, 1372.656, 2703.668, 5000.000, 0.000
2254.196, 1372.996, 2705.039, 5000.000, 0.000
2255.564, 1373.296, 2706.439, 5000.000, 0.000
2256.884, 1373.644, 2707.804, 5000.000, 0.000
2258.238, 1373.957, 2709.194, 5000.000, 0.000
2259.590, 1374.273, 2710.582, 5000.000, 0.000
2260.902, 1374.629, 2711.941, 5000.000, 0.000
2262.256, 1374.943, 2713.331, 5000.000, 0.000
2263.565, 1375.302, 2714.688, 5000.000, 0.000
2264.862, 1375.674, 2716.037, 5000.000, 0.000
2266.144, 1376.060, 2717.376, 5000.000, 0.000
2267.458, 1376.414, 2718.736, 5000.000, 0.000
2268.766, 1376.775, 2720.093, 5000.000, 0.000
2270.080, 1377.128, 2721.454, 5000.000, 0.000
2271.400, 1377.477, 2722.819, 5000.000, 0.000
2272.722, 1377.823, 2724.185, 5000.000, 0.000
2274.009, 1378.204, 2725.528, 5000.000, 0.000
2275.344, 1378.537, 2726.903, 5000.000, 0.000
2276.690, 1378.859, 2728.286, 5000.000, 0.000
2277.924, 1379.294, 2729.591, 5000.000, 0.000
2279.246, 1379.640, 2730.958, 5000.000, 0.000
2280.604, 1379.949, 2732.350, 5000.000, 0.000
2281.912, 1380.309, 2733.706, 5000.000, 0.000
2283.217, 1380.673, 2735.061, 5000.000, 0.000
2284.564, 1380.994, 2736.445, 5000.000, 0.000
2285.917, 1381.309, 2737.833, 5000.000, 0.000
2287.238, 1381.656, 2739.199, 5000.000, 0.000
2288.609, 1381.952, 2740.600, 5000.000, 0.000
2289.944, 1382.285, 2741.976, 5000.000, 0.000
2291.276, 1382.622, 2743.349, 5000.000, 0.000
2292.650, 1382.915, 2744.753, 5000.000, 0.000
2294.030, 1383.203, 2746.162, 5000.000, 0.000
2295.364, 1383.537, 2747.537, 5000.000, 0.000
2296.734, 1383.834, 2748.939, 5000.000, 0.000
2298.054, 1384.182, 2750.304, 5000.000, 0.000
2299.406, 1384.498, 2751.692, 5000.000, 0.000
2300.752, 1384.820, 2753.076, 5000.000, 0.000
2302.056, 1385.185, 2754.429, 5000.000, 0.000
2303.398, 1385.510, 2755.810, 5000.000, 0.000
2304.694, 1385.883, 2757.157, 5000.000, 0.000
2306.023, 1386.222, 2758.529, 5000.000, 0.000
2307.265, 1386.648, 2759.837, 5000.000, 0.000
2308.550, 1387.031, 2761.177, 5000.000, 0.000
2309.875, 1387.375, 2762.546, 5000.000, 0.000
2311.154, 1387.765, 2763.881, 5000.000, 0.000
2312.432, 1388.154, 2765.217, 5000.000, 0.000
2313.757, 1388.498, 2766.586, 5000.000, 0.000
2315.077, 1388.846, 2767.951, 5000.000, 0.000
2316.391, 1389.200, 2769.311, 5000.000, 0.000
2317.759, 1389.500, 2770.711, 5000.000, 0.000
2319.097, 1389.830, 2772.089, 5000.000, 0.000
2320.388, 1390.207, 2773.433, 5000.000, 0.000
2321.680, 1390.583, 2774.778, 5000.000, 0.000
2323.018, 1390.914, 2776.156, 5000.000, 0.000
2324.316, 1391.284, 2777.506, 5000.000, 0.000
2325.620, 1391.648, 2778.860, 5000.000, 0.000
2326.977, 1391.958, 2780.251, 5000.000, 0.000
2328.301, 1392.302, 2781.619, 5000.000, 0.000
2329.674, 1392.598, 2783.022, 5000.000, 0.000
2331.008, 1392.931, 2784.397, 5000.000, 0.000
2332.386, 1393.221, 2785.804, 5000.000, 0.000
2333.721, 1393.554, 2787.180, 5000.000, 0.000
2335.095, 1393.848, 2788.585, 5000.000, 0.000
2336.422, 1394.189, 2789.955, 5000.000, 0.000
2337.783, 1394.496, 2791.350, 5000.000, 0.000
2339.092, 1394.855, 2792.707, 5000.000, 0.000
2340.395, 1395.219, 2794.060, 5000.000, 0.000
2341.740, 1395.543, 2795.442, 5000.000, 0.000
2343.039, 1395.912, 2796.792, 5000.000, 0.000
2344.374, 1396.245, 2798.168, 5000.000, 0.000
2345.659, 1396.629, 2799.508, 5000.000, 0.000
2346.989, 1396.966, 2800.880, 5000.000, 0.000
2348.328, 1397.295, 2802.259, 5000.000, 0.000
2349.624, 1397.668, 2803.606, 5000.000, 0.000
2350.924, 1398.036, 2804.957, 5000.000, 0.000
2352.274, 1398.354, 2806.344, 5000.000, 0.000
2353.623, 1398.673, 2807.730, 5000.000, 0.000
2354.920, 1399.044, 2809.078, 5000.000, 0.000
2356.211, 1399.421, 2810.423, 5000.000, 0.000
2357.543, 1399.757, 2811.797, 5000.000, 0.000
2358.830, 1400.138, 2813.138, 5000.000, 0.000
2360.118, 1400.519, 2814.481, 5000.000, 0.000
2361.453, 1400.852, 2815.856, 5000.000, 0.000
2362.749, 1401.224, 2817.205, 5000.000, 0.000
2364.088, 1401.553, 2818.583, 5000.000, 0.000
2365.432, 1401.877, 2819.965, 5000.000, 0.000
2366.745, 1402.232, 2821.325, 5000.000, 0.000
2368.108, 1402.537, 2822.721, 5000.000, 0.000
2369.435, 1402.878, 2824.091, 5000.000, 0.000
2370.807, 1403.174, 2825.493, 5000.000, 0.000
2372.139, 1403.510, 2826.867, 5000.000, 0.000
2373.476, 1403.841, 2828.244, 5000.000, 0.000
2374.815, 1404.169, 2829.623, 5000.000, 0.000
2376.155, 1404.497, 2831.003, 5000.000, 0.000
2377.492, 1404.828, 2832.380, 5000.000, 0.000
2378.824, 1405.165, 2833.753, 5000.000, 0.000
2380.196, 1405.460, 2835.156, 5000.000, 0.000
2381.523, 1405.801, 2836.526, 5000.000, 0.000
2382.886, 1406.106, 2837.922, 5000.000, 0.000
2384.199, 1406.462, 2839.282, 5000.000, 0.000
2385.508, 1406.821, 2840.639, 5000.000, 0.000
2386.859, 1407.137, 2842.027, 5000.000, 0.000
2388.168, 1407.497, 2843.384, 5000.000, 0.000
2389.479, 1407.854, 2844.742, 5000.000, 0.000
2390.839, 1408.161, 2846.136, 5000.000, 0.000
2392.162, 1408.506, 2847.504, 5000.000, 0.000
2393.480, 1408.856, 2848.868, 5000.000, 0.000
2394.791, 1409.213, 2850.226, 5000.000, 0.000
2396.106, 1409.567, 2851.588, 5000.000, 0.000
2397.422, 1409.919, 2852.950, 5000.000, 0.000
2398.736, 1410.273, 2854.310, 5000.000, 0.000
2400.059, 1410.618, 2855.678, 5000.000, 0.000
2401.388, 1410.957, 2857.050, 5000.000, 0.000
2402.722, 1411.291, 2858.424, 5000.000, 0.000
2404.021, 1411.661, 2859.774, 5000.000, 0.000
2405.366, 1411.983, 2861.158, 5000.000, 0.000
2406.720, 1412.297, 2862.547, 5000.000, 0.000
2408.044, 1412.641, 2863.915, 5000.000, 0.000
2409.419, 1412.933, 2865.320, 5000.000, 0.000
2410.758, 1413.262, 2866.699, 5000.000, 0.000
2412.142, 1413.546, 2868.111, 5000.000, 0.000
2413.532, 1413.824, 2869.528, 5000.000, 0.000
2414.926, 1414.098, 2870.948, 5000.000, 0.000
2416.320, 1414.371, 2872.369, 5000.000, 0.000
2417.713, 1414.645, 2873.788, 5000.000, 0.000
2419.101, 1414.925, 2875.204, 5000.000, 0.000
2420.482, 1415.212, 2876.615, 5000.000, 0.000
2421.853, 1415.509, 2878.017, 5000.000, 0.000
2423.210, 1415.819, 2879.409, 5000.000, 0.000
2424.552, 1416.145, 2880.789, 5000.000, 0.000
2425.889, 1416.476, 2882.166, 5000.000, 0.000
2427.218, 1416.815, 2883.537, 5000.000, 0.000
2428.538, 1417.163, 2884.901, 5000.000, 0.000
2429.893, 1417.476, 2886.291, 5000.000, 0.000
2431.199, 1417.838, 2887.645, 5000.000, 0.000
2432.535, 1418.170, 2889.022, 5000.000, 0.000
2433.818, 1418.556, 2890.358, 5000.000, 0.000
2435.092, 1418.950, 2891.688, 5000.000, 0.000
2436.403, 1419.307, 2893.046, 5000.000, 0.000
2437.702, 1419.676, 2894.395, 5000.000, 0.000
2438.986, 1420.061, 2895.733, 5000.000, 0.000
2440.267, 1420.448, 2897.072, 5000.000, 0.000
2441.508, 1420.875, 2898.384, 5000.000, 0.000
2442.791, 1421.261, 2899.724, 5000.000, 0.000
2444.079, 1421.642, 2901.066, 5000.000, 0.000
2445.369, 1422.020, 2902.411, 5000.000, 0.000
2446.661, 1422.397, 2903.756, 5000.000, 0.000
2447.965, 1422.760, 2905.110, 5000.000, 0.000
2449.281, 1423.113, 2906.471, 5000.000, 0.000
2450.605, 1423.456, 2907.839, 5000.000, 0.000
2451.938, 1423.792, 2909.212, 5000.000, 0.000
2453.275, 1424.122, 2910.589, 5000.000, 0.000
2454.617, 1424.449, 2911.968, 5000.000, 0.000
2455.960, 1424.773, 2913.350, 5000.000, 0.000
2457.268, 1425.133, 2914.706, 5000.000, 0.000
2458.623, 1425.447, 2916.096, 5000.000, 0.000
2459.938, 1425.800, 2917.457, 5000.000, 0.000
2461.259, 1426.147, 2918.823, 5000.000, 0.000
2462.584, 1426.490, 2920.191, 5000.000, 0.000
2463.945, 1426.797, 2921.585, 5000.000, 0.000
2465.305, 1427.104, 2922.979, 5000.000, 0.000
2466.627, 1427.450, 2924.345, 5000.000, 0.000
2467.993, 1427.752, 2925.743, 5000.000, 0.000
2469.316, 1428.097, 2927.110, 5000.000, 0.000
2470.643, 1428.438, 2928.480, 5000.000, 0.000
2471.971, 1428.779, 2929.851, 5000.000, 0.000
2473.296, 1429.121, 2931.220, 5000.000, 0.000
2474.632, 1429.454, 2932.596, 5000.000, 0.000
2475.973, 1429.780, 2933.977, 5000.000, 0.000
2477.270, 1430.152, 2935.325, 5000.000, 0.000
2478.601, 1430.488, 2936.698, 5000.000, 0.000
2479.930, 1430.828, 2938.069, 5000.000, 0.000
2481.302, 1431.123, 2939.472, 5000.000, 0.000
2482.667, 1431.426, 2940.869, 5000.000, 0.000
2484.022, 1431.739, 2942.260, 5000.000, 0.000
2485.331, 1432.098, 2943.617, 5000.000, 0.000
2486.676, 1432.421, 2945.000, 5000.000, 0.000
2488.018, 1432.747, 2946.381, 5000.000, 0.000
2489.322, 1433.111, 2947.734, 5000.000, 0.000
2490.633, 1433.468, 2949.093, 5000.000, 0.000
2491.948, 1433.821, 2950.455, 5000.000, 0.000
2493.266, 1434.172, 2951.818, 5000.000, 0.000
2494.547, 1434.558, 2953.156, 5000.000, 0.000
2495.873, 1434.901, 2954.525, 5000.000, 0.000
2497.241, 1435.201, 2955.924, 5000.000, 0.000
2498.564, 1435.546, 2957.292, 5000.000, 0.000
2499.924, 1435.853, 2958.686, 5000.000, 0.000
2501.284, 1436.161, 2960.080, 5000.000, 0.000
2502.642, 1436.471, 2961.473, 5000.000, 0.000
2503.948, 1436.833, 2962.827, 5000.000, 0.000
2505.247, 1437.203, 2964.177, 5000.000, 0.000
2506.585, 1437.532, 2965.555, 5000.000, 0.000
2507.878, 1437.908, 2966.900, 5000.000, 0.000
2509.205, 1438.248, 2968.271, 5000.000, 0.000
2510.531, 1438.591, 2969.640, 5000.000, 0.000
2511.853, 1438.937, 2971.007, 5000.000, 0.000
2513.170, 1439.289, 2972.369, 5000.000, 0.000
2514.492, 1439.634, 2973.736, 5000.000, 0.000
2515.785, 1440.010, 2975.082, 5000.000, 0.000
2517.128, 1440.334, 2976.463, 5000.000, 0.000
2518.437, 1440.694, 2977.820, 5000.000, 0.000
2519.791, 1441.007, 2979.210, 5000.000, 0.000
2521.106, 1441.361, 2980.571, 5000.000, 0.000
2522.413, 1441.722, 2981.927, 5000.000, 0.000
2523.710, 1442.093, 2983.276, 5000.000, 0.000
2525.043, 1442.428, 2984.651, 5000.000, 0.000
2526.326, 1442.813, 2985.989, 5000.000, 0.000
2527.606, 1443.202, 2987.327, 5000.000, 0.000
2528.928, 1443.548, 2988.693, 5000.000, 0.000
2530.255, 1443.888, 2990.063, 5000.000, 0.000
2531.552, 1444.261, 2991.411, 5000.000, 0.000
2532.898, 1444.582, 2992.795, 5000.000, 0.000
2534.257, 1444.891, 2994.188, 5000.000, 0.000
2535.627, 1445.188, 2995.589, 5000.000, 0.000
2536.958, 1445.526, 2996.961, 5000.000, 0.000
2538.330, 1445.821, 2998.364, 5000.000, 0.000
2539.658, 1446.162, 2999.735, 5000.000, 0.000
2540.987, 1446.500, 3001.107, 5000.000, 0.000
2542.281, 1446.875, 3002.453, 5000.000, 0.000
2543.584, 1447.240, 3003.806, 5000.000, 0.000
2544.941, 1447.550, 3005.198, 5000.000, 0.000
2546.301, 1447.858, 3006.592, 5000.000, 0.000
2547.662, 1448.165, 3007.986, 5000.000, 0.000
2549.019, 1448.476, 3009.378, 5000.000, 0.000
2550.371, 1448.792, 3010.766, 5000.000, 0.000
2551.715, 1449.116, 3012.148, 5000.000, 0.000
2553.047, 1449.452, 3013.522, 5000.000, 0.000
2554.380, 1449.787, 3014.896, 5000.000, 0.000
2555.758, 1450.076, 3016.304, 5000.000, 0.000
2557.097, 1450.405, 3017.683, 5000.000, 0.000
2558.478, 1450.692, 3019.093, 5000.000, 0.000
2559.814, 1451.024, 3020.469, 5000.000, 0.000
2561.187, 1451.319, 3021.873, 5000.000, 0.000
2562.511, 1451.663, 3023.241, 5000.000, 0.000
2563.832, 1452.010, 3024.606, 5000.000, 0.000
2565.113, 1452.397, 3025.942, 5000.000, 0.000
2566.433, 1452.745, 3027.308, 5000.000, 0.000
2567.755, 1453.091, 3028.674, 5000.000, 0.000
2569.076, 1453.438, 3030.040, 5000.000, 0.000
2570.394, 1453.789, 3031.403, 5000.000, 0.000
2571.754, 1454.096, 3032.797, 5000.000, 0.000
2573.071, 1454.448, 3034.160, 5000.000, 0.000
2574.390, 1454.796, 3035.525, 5000.000, 0.000
2575.709, 1455.145, 3036.889, 5000.000, 0.000
2577.026, 1455.497, 3038.252, 5000.000, 0.000
2578.337, 1455.854, 3039.611, 5000.000, 0.000
2579.675, 1456.255, 3041.006, 5000.000, 0.000
2581.038, 1456.675, 3042.431, 5000.000, 0.000
2581.694, 1456.836, 3043.106, 5000.000, 0.000
2583.005, 1457.152, 3044.455, 5000.000, 0.000
2584.315, 1457.459, 3045.800, 5000.000, 0.000
2585.625, 1457.758, 3047.143, 5000.000, 0.000
2586.934, 1458.047, 3048.484, 5000.000, 0.000
2588.242, 1458.328, 3049.822, 5000.000, 0.000
2589.550, 1458.600, 3051.158, 5000.000, 0.000
2590.858, 1458.862, 3052.492, 5000.000, 0.000
2592.165, 1459.116, 3053.823, 5000.000, 0.000
2593.471, 1459.361, 3055.151, 5000.000, 0.000
2594.777, 1459.598, 3056.478, 5000.000, 0.000
2596.082, 1459.825, 3057.802, 5000.000, 0.000
2597.387, 1460.043, 3059.125, 5000.000, 0.000
2598.691, 1460.253, 3060.445, 5000.000, 0.000
2599.994, 1460.453, 3061.763, 5000.000, 0.000
