x, y, length, r, ctrl
-0.012, 0.011, 0.000, 5000.000, 0.000
0.795, 0.875, 1.182, 5000.000, 0.000
1.603, 1.738, 2.365, 5000.000, 0.000
2.412, 2.600, 3.547, 5000.000, 0.000
3.223, 3.461, 4.729, 5000.000, 0.000
4.034, 4.321, 5.911, 5000.000, 0.000
4.845, 5.181, 7.094, 5000.000, 0.000
5.658, 6.039, 8.276, 5000.000, 0.000
6.472, 6.897, 9.458, 5000.000, 0.000
7.287, 7.754, 10.640, 5000.000, 0.000
8.102, 8.610, 11.823, 5000.000, 0.000
8.919, 9.465, 13.005, 5000.000, 0.000
9.736, 10.319, 14.187, 5000.000, 0.000
10.554, 11.173, 15.370, 5000.000, 0.000
11.374, 12.025, 16.552, 5000.000, 0.000
12.622, 13.286, 18.326, 5000.000, 0.000
13.419, 14.159, 19.508, 5000.000, 0.000
14.227, 15.023, 20.690, 5000.000, 0.000
15.043, 15.878, 21.873, 5000.000, 0.000
15.866, 16.727, 23.055, 5000.000, 0.000
16.697, 17.569, 24.237, 5000.000, 0.000
17.533, 18.406, 25.420, 5000.000, 0.000
18.374, 19.238, 26.603, 5000.000, 0.000
19.219, 20.066, 27.786, 5000.000, 0.000
20.067, 20.892, 28.970, 5000.000, 0.000
20.916, 21.716, 30.153, 5000.000, 0.000
21.767, 22.540, 31.337, 5000.000, 0.000
22.618, 23.363, 32.521, 5000.000, 0.000
23.431, 24.221, 33.702, 5000.000, 0.000
24.256, 25.068, 34.885, 5000.000, 0.000
25.090, 25.907, 36.067, 5000.000, 0.000
25.969, 26.704, 37.253, 5000.000, 0.000
26.840, 27.508, 38.438, 5000.000, 0.000
27.753, 28.273, 39.626, 5000.000, 0.000
28.672, 29.032, 40.815, 5000.000, 0.000
29.546, 29.834, 42.000, 5000.000, 0.000
30.410, 30.644, 43.185, 5000.000, 0.000
31.263, 31.465, 44.369, 5000.000, 0.000
32.105, 32.296, 45.552, 5000.000, 0.000
32.935, 33.139, 46.734, 5000.000, 0.000
33.751, 33.995, 47.915, 5000.000, 0.000
34.552, 34.864, 49.095, 5000.000, 0.000
35.389, 35.700, 50.278, 5000.000, 0.000
36.225, 36.537, 51.461, 5000.000, 0.000
36.973, 37.456, 52.638, 5000.000, 0.000
37.718, 38.378, 53.823, 5000.000, 0.000
38.509, 39.257, 55.005, 5000.000, 0.000
39.308, 40.128, 56.187, 5000.000, 0.000
40.116, 40.992, 57.369, 5000.000, 0.000
40.930, 41.849, 58.550, 5000.000, 0.000
41.750, 42.701, 59.732, 5000.000, 0.000
42.574, 43.549, 60.914, 5000.000, 0.000
43.403, 44.393, 62.096, 5000.000, 0.000
44.234, 45.234, 63.278, 5000.000, 0.000
45.067, 46.074, 64.461, 5000.000, 0.000
45.902, 46.912, 65.643, 5000.000, 0.000
46.736, 47.751, 66.826, 5000.000, 0.000
47.569, 48.590, 68.008, 5000.000, 0.000
48.452, 49.384, 69.192, 5000.000, 0.000
49.346, 50.166, 70.376, 5000.000, 0.000
50.254, 50.936, 71.561, 5000.000, 0.000
51.123, 51.742, 72.745, 5000.000, 0.000
51.989, 52.551, 73.929, 5000.000, 0.000
52.851, 53.363, 75.113, 5000.000, 0.000
53.709, 54.180, 76.297, 5000.000, 0.000
54.560, 55.002, 77.481, 5000.000, 0.000
55.405, 55.831, 78.664, 5000.000, 0.000
56.242, 56.667, 79.847, 5000.000, 0.000
57.071, 57.511, 81.030, 5000.000, 0.000
57.890, 58.363, 82.212, 5000.000, 0.000
58.698, 59.226, 83.394, 5000.000, 0.000
59.495, 60.100, 84.576, 5000.000, 0.000
60.279, 60.985, 85.758, 5000.000, 0.000
61.049, 61.883, 86.940, 5000.000, 0.000
61.856, 62.747, 88.122, 5000.000, 0.000
62.664, 63.611, 89.305, 5000.000, 0.000
63.471, 64.475, 90.487, 5000.000, 0.000
64.278, 65.339, 91.669, 5000.000, 0.000
65.085, 66.203, 92.851, 5000.000, 0.000
65.856, 67.101, 94.034, 5000.000, 0.000
66.640, 67.986, 95.216, 5000.000, 0.000
67.436, 68.860, 96.399, 5000.000, 0.000
68.245, 69.723, 97.581, 5000.000, 0.000
69.063, 70.575, 98.763, 5000.000, 0.000
69.892, 71.419, 99.945, 5000.000, 0.000
70.729, 72.255, 101.127, 5000.000, 0.000
71.574, 73.084, 102.310, 5000.000, 0.000
72.426, 73.906, 103.492, 5000.000, 0.000
73.283, 74.723, 104.675, 5000.000, 0.000
74.145, 75.535, 105.859, 5000.000, 0.000
75.011, 76.344, 107.044, 5000.000, 0.000
75.880, 77.150, 108.230, 5000.000, 0.000
76.751, 77.955, 109.415, 5000.000, 0.000
77.623, 78.758, 110.601, 5000.000, 0.000
78.495, 79.561, 111.786, 5000.000, 0.000
79.366, 80.366, 112.972, 5000.000, 0.000
80.235, 81.172, 114.157, 5000.000, 0.000
81.101, 81.980, 115.342, 5000.000, 0.000
81.963, 82.793, 116.527, 5000.000, 0.000
82.821, 83.610, 117.711, 5000.000, 0.000
83.672, 84.432, 118.894, 5000.000, 0.000
84.517, 85.261, 120.078, 5000.000, 0.000
85.355, 86.096, 121.260, 5000.000, 0.000
86.183, 86.940, 122.442, 5000.000, 0.000
87.002, 87.793, 123.623, 5000.000, 0.000
87.810, 88.656, 124.803, 5000.000, 0.000
88.607, 89.530, 125.983, 5000.000, 0.000
89.391, 90.415, 127.163, 5000.000, 0.000
90.125, 91.347, 128.339, 5000.000, 0.000
90.909, 92.232, 129.519, 5000.000, 0.000
91.706, 93.106, 130.700, 5000.000, 0.000
92.514, 93.969, 131.883, 5000.000, 0.000
93.333, 94.822, 133.065, 5000.000, 0.000
94.162, 95.666, 134.248, 5000.000, 0.000
94.999, 96.501, 135.430, 5000.000, 0.000
95.844, 97.330, 136.613, 5000.000, 0.000
96.695, 98.152, 137.797, 5000.000, 0.000
97.553, 98.969, 138.981, 5000.000, 0.000
98.415, 99.782, 140.165, 5000.000, 0.000
99.281, 100.590, 141.349, 5000.000, 0.000
100.150, 101.397, 142.534, 5000.000, 0.000
101.021, 102.201, 143.719, 5000.000, 0.000
101.893, 103.004, 144.904, 5000.000, 0.000
102.765, 103.808, 146.089, 5000.000, 0.000
103.636, 104.612, 147.275, 5000.000, 0.000
104.468, 105.452, 148.457, 5000.000, 0.000
105.311, 106.282, 149.640, 5000.000, 0.000
106.163, 107.104, 150.824, 5000.000, 0.000
107.022, 107.920, 152.008, 5000.000, 0.000
107.885, 108.731, 153.193, 5000.000, 0.000
108.752, 109.540, 154.378, 5000.000, 0.000
109.619, 110.348, 155.563, 5000.000, 0.000
110.485, 111.156, 156.748, 5000.000, 0.000
111.349, 111.968, 157.933, 5000.000, 0.000
112.207, 112.783, 159.117, 5000.000, 0.000
113.059, 113.606, 160.301, 5000.000, 0.000
113.902, 114.436, 161.484, 5000.000, 0.000
114.735, 115.276, 162.666, 5000.000, 0.000
115.606, 116.080, 163.852, 5000.000, 0.000
116.478, 116.884, 165.037, 5000.000, 0.000
117.349, 117.687, 166.222, 5000.000, 0.000
118.220, 118.491, 167.408, 5000.000, 0.000
119.089, 119.297, 168.593, 5000.000, 0.000
119.955, 120.106, 169.778, 5000.000, 0.000
120.818, 120.918, 170.963, 5000.000, 0.000
121.675, 121.735, 172.147, 5000.000, 0.000
122.527, 122.558, 173.331, 5000.000, 0.000
123.372, 123.386, 174.514, 5000.000, 0.000
124.209, 124.222, 175.696, 5000.000, 0.000
125.037, 125.066, 176.878, 5000.000, 0.000
125.856, 125.919, 178.060, 5000.000, 0.000
126.664, 126.782, 179.241, 5000.000, 0.000
127.461, 127.655, 180.421, 5000.000, 0.000
128.245, 128.541, 181.600, 5000.000, 0.000
129.016, 129.439, 182.779, 5000.000, 0.000
129.823, 130.303, 183.961, 5000.000, 0.000
130.630, 131.166, 185.144, 5000.000, 0.000
131.437, 132.030, 186.326, 5000.000, 0.000
132.244, 132.894, 187.508, 5000.000, 0.000
133.051, 133.758, 188.691, 5000.000, 0.000
133.858, 134.622, 189.873, 5000.000, 0.000
134.666, 135.486, 191.055, 5000.000, 0.000
135.473, 136.350, 192.237, 5000.000, 0.000
136.280, 137.214, 193.420, 5000.000, 0.000
137.050, 138.112, 194.602, 5000.000, 0.000
137.835, 138.997, 195.784, 5000.000, 0.000
138.631, 139.871, 196.967, 5000.000, 0.000
139.440, 140.734, 198.149, 5000.000, 0.000
140.258, 141.587, 199.331, 5000.000, 0.000
141.087, 142.430, 200.513, 5000.000, 0.000
141.924, 143.266, 201.695, 5000.000, 0.000
142.769, 144.095, 202.878, 5000.000, 0.000
143.621, 144.917, 204.060, 5000.000, 0.000
144.478, 145.734, 205.243, 5000.000, 0.000
145.340, 146.546, 206.426, 5000.000, 0.000
146.206, 147.355, 207.609, 5000.000, 0.000
147.075, 148.161, 208.792, 5000.000, 0.000
147.946, 148.966, 209.978, 5000.000, 0.000
148.818, 149.769, 211.163, 5000.000, 0.000
149.690, 150.572, 212.349, 5000.000, 0.000
150.561, 151.377, 213.534, 5000.000, 0.000
151.430, 152.183, 214.720, 5000.000, 0.000
152.296, 152.991, 215.905, 5000.000, 0.000
153.158, 153.804, 217.089, 5000.000, 0.000
154.016, 154.621, 218.274, 5000.000, 0.000
154.867, 155.443, 219.457, 5000.000, 0.000
155.712, 156.272, 220.640, 5000.000, 0.000
156.549, 157.107, 221.823, 5000.000, 0.000
157.378, 157.951, 223.005, 5000.000, 0.000
158.160, 158.838, 224.183, 5000.000, 0.000
158.946, 159.723, 225.362, 5000.000, 0.000
159.732, 160.606, 226.542, 5000.000, 0.000
160.517, 161.490, 227.722, 5000.000, 0.000
161.300, 162.377, 228.903, 5000.000, 0.000
162.128, 163.221, 230.085, 5000.000, 0.000
162.965, 164.057, 231.268, 5000.000, 0.000
163.810, 164.886, 232.451, 5000.000, 0.000
164.662, 165.708, 233.635, 5000.000, 0.000
165.519, 166.525, 234.819, 5000.000, 0.000
166.382, 167.337, 236.004, 5000.000, 0.000
167.248, 168.146, 237.189, 5000.000, 0.000
168.117, 168.952, 238.374, 5000.000, 0.000
168.988, 169.756, 239.560, 5000.000, 0.000
169.859, 170.560, 240.745, 5000.000, 0.000
170.731, 171.363, 241.931, 5000.000, 0.000
171.602, 172.167, 243.116, 5000.000, 0.000
172.471, 172.973, 244.301, 5000.000, 0.000
173.337, 173.782, 245.486, 5000.000, 0.000
174.200, 174.595, 246.671, 5000.000, 0.000
175.057, 175.411, 247.855, 5000.000, 0.000
175.909, 176.234, 249.039, 5000.000, 0.000
176.754, 177.062, 250.222, 5000.000, 0.000
177.591, 177.898, 251.404, 5000.000, 0.000
178.419, 178.742, 252.586, 5000.000, 0.000
179.238, 179.595, 253.767, 5000.000, 0.000
180.046, 180.458, 254.948, 5000.000, 0.000
180.843, 181.331, 256.128, 5000.000, 0.000
181.591, 182.251, 257.305, 5000.000, 0.000
182.338, 183.170, 258.483, 5000.000, 0.000
183.135, 184.044, 259.663, 5000.000, 0.000
183.943, 184.907, 260.845, 5000.000, 0.000
184.762, 185.760, 262.027, 5000.000, 0.000
185.591, 186.604, 263.210, 5000.000, 0.000
186.428, 187.439, 264.393, 5000.000, 0.000
187.273, 188.268, 265.576, 5000.000, 0.000
188.124, 189.090, 266.760, 5000.000, 0.000
188.982, 189.907, 267.944, 5000.000, 0.000
189.844, 190.720, 269.128, 5000.000, 0.000
190.710, 191.528, 270.313, 5000.000, 0.000
191.579, 192.334, 271.497, 5000.000, 0.000
192.450, 193.139, 272.683, 5000.000, 0.000
193.322, 193.942, 273.868, 5000.000, 0.000
194.194, 194.745, 275.053, 5000.000, 0.000
195.065, 195.550, 276.238, 5000.000, 0.000
195.934, 196.356, 277.424, 5000.000, 0.000
196.800, 197.165, 278.609, 5000.000, 0.000
197.662, 197.977, 279.793, 5000.000, 0.000
198.520, 198.794, 280.977, 5000.000, 0.000
199.371, 199.616, 282.161, 5000.000, 0.000
200.216, 200.445, 283.345, 5000.000, 0.000
201.053, 201.281, 284.527, 5000.000, 0.000
201.882, 202.124, 285.709, 5000.000, 0.000
202.701, 202.977, 286.891, 5000.000, 0.000
203.509, 203.840, 288.073, 5000.000, 0.000
204.306, 204.714, 289.255, 5000.000, 0.000
205.090, 205.599, 290.438, 5000.000, 0.000
205.860, 206.497, 291.621, 5000.000, 0.000
206.668, 207.361, 292.803, 5000.000, 0.000
207.475, 208.225, 293.985, 5000.000, 0.000
208.282, 209.089, 295.167, 5000.000, 0.000
209.052, 209.987, 296.350, 5000.000, 0.000
209.837, 210.872, 297.533, 5000.000, 0.000
210.633, 211.746, 298.715, 5000.000, 0.000
211.442, 212.609, 299.897, 5000.000, 0.000
212.260, 213.462, 301.079, 5000.000, 0.000
213.089, 214.305, 302.261, 5000.000, 0.000
213.926, 215.141, 303.443, 5000.000, 0.000
214.771, 215.970, 304.625, 5000.000, 0.000
215.623, 216.792, 305.807, 5000.000, 0.000
216.480, 217.609, 306.989, 5000.000, 0.000
217.342, 218.421, 308.172, 5000.000, 0.000
218.208, 219.230, 309.355, 5000.000, 0.000
219.077, 220.036, 310.538, 5000.000, 0.000
219.948, 220.841, 311.722, 5000.000, 0.000
220.820, 221.644, 312.905, 5000.000, 0.000
221.692, 222.447, 314.091, 5000.000, 0.000
222.563, 223.252, 315.276, 5000.000, 0.000
223.432, 224.058, 316.462, 5000.000, 0.000
224.298, 224.866, 317.647, 5000.000, 0.000
225.160, 225.679, 318.831, 5000.000, 0.000
225.981, 226.530, 320.012, 5000.000, 0.000
226.810, 227.374, 321.194, 5000.000, 0.000
227.644, 228.212, 322.377, 5000.000, 0.000
228.483, 229.047, 323.560, 5000.000, 0.006
229.323, 229.880, 324.743, 5000.000, 0.018
230.163, 230.712, 325.926, 5000.000, 0.030
231.002, 231.547, 327.109, 5000.000, 0.042
231.836, 232.386, 328.291, 5000.000, 0.054
232.665, 233.229, 329.474, 5000.000, 0.066
233.486, 234.080, 330.656, 5000.000, 0.078
234.348, 234.893, 331.840, 5000.000, 0.090
235.214, 235.701, 333.025, 5000.000, 0.103
236.083, 236.507, 334.210, 5000.000, 0.115
236.954, 237.312, 335.395, 5000.000, 0.127
237.826, 238.115, 336.580, 5000.000, 0.139
238.698, 238.918, 337.765, 5000.000, 0.151
239.569, 239.723, 338.951, 5000.000, 0.163
240.438, 240.529, 340.136, 5000.000, 0.175
241.304, 241.338, 341.321, 5000.000, 0.187
242.166, 242.150, 342.506, 5000.000, 0.200
243.024, 242.967, 343.690, 5000.000, 0.212
243.875, 243.789, 344.873, 5000.000, 0.224
244.720, 244.618, 346.057, 5000.000, 0.236
245.557, 245.454, 347.239, 5000.000, 0.248
246.386, 246.297, 348.421, 5000.000, 0.260
247.168, 247.184, 349.601, 5000.000, 0.272
247.954, 248.069, 350.781, 5000.000, 0.284
248.740, 248.952, 351.962, 5000.000, 0.296
249.525, 249.836, 353.143, 5000.000, 0.308
250.308, 250.723, 354.324, 5000.000, 0.320
251.136, 251.567, 355.506, 5000.000, 0.333
251.973, 252.403, 356.689, 5000.000, 0.345
252.855, 253.198, 357.874, 5000.000, 0.357
253.729, 253.998, 359.058, 5000.000, 0.369
254.597, 254.806, 360.242, 5000.000, 0.381
255.422, 255.653, 361.425, 5000.000, 0.393
256.253, 256.494, 362.607, 5000.000, 0.405
257.090, 257.330, 363.790, 5000.000, 0.417
257.932, 258.161, 364.974, 5000.000, 0.429
258.778, 258.989, 366.157, 5000.000, 0.442
259.627, 259.814, 367.341, 5000.000, 0.454
260.477, 260.637, 368.524, 5000.000, 0.466
261.329, 261.460, 369.708, 5000.000, 0.478
262.181, 262.282, 370.892, 5000.000, 0.490
263.031, 263.105, 372.076, 5000.000, 0.502
263.880, 263.930, 373.260, 5000.000, 0.514
264.726, 264.758, 374.443, 5000.000, 0.526
265.568, 265.589, 375.626, 5000.000, 0.538
266.405, 266.425, 376.809, 5000.000, 0.551
267.237, 267.266, 377.992, 5000.000, 0.563
268.061, 268.114, 379.174, 5000.000, 0.575
268.878, 268.968, 380.356, 5000.000, 0.587
269.686, 269.831, 381.537, 5000.000, 0.599
270.485, 270.703, 382.718, 5000.000, 0.611
271.273, 271.585, 383.899, 5000.000, 0.623
272.100, 272.430, 385.081, 5000.000, 0.635
272.931, 273.272, 386.264, 5000.000, 0.647
273.764, 274.112, 387.447, 5000.000, 0.659
274.600, 274.949, 388.630, 5000.000, 0.671
275.439, 275.783, 389.813, 5000.000, 0.684
276.244, 276.648, 390.995, 5000.000, 0.696
277.066, 277.499, 392.177, 5000.000, 0.708
277.852, 278.382, 393.359, 5000.000, 0.720
278.637, 279.266, 394.542, 5000.000, 0.732
279.420, 280.153, 395.724, 5000.000, 0.744
280.248, 280.997, 396.906, 5000.000, 0.756
281.085, 281.833, 398.088, 5000.000, 0.768
281.930, 282.661, 399.270, 5000.000, 0.780
282.782, 283.484, 400.453, 5000.000, 0.792
283.639, 284.301, 401.636, 5000.000, 0.805
284.502, 285.113, 402.820, 5000.000, 0.817
285.368, 285.922, 404.004, 5000.000, 0.829
286.237, 286.728, 405.188, 5000.000, 0.841
287.108, 287.532, 406.372, 5000.000, 0.853
287.980, 288.336, 407.557, 5000.000, 0.865
288.851, 289.139, 408.742, 5000.000, 0.877
289.722, 289.943, 409.926, 5000.000, 0.889
290.591, 290.749, 411.111, 5000.000, 0.902
291.458, 291.558, 412.296, 5000.000, 0.914
292.320, 292.370, 413.480, 5000.000, 0.926
293.177, 293.187, 414.665, 5000.000, 0.938
294.029, 294.010, 415.848, 5000.000, 0.950
294.874, 294.838, 417.032, 5000.000, 0.962
295.711, 295.674, 418.215, 5000.000, 0.974
296.503, 296.552, 419.396, 5000.000, 0.986
297.299, 297.426, 420.579, 5000.000, 0.998
298.097, 298.299, 421.761, 5000.000, 1.010
298.895, 299.171, 422.943, 5000.000, 1.023
299.690, 300.046, 424.125, 5000.000, 1.035
300.483, 300.924, 425.308, 5000.000, 1.047
301.320, 301.760, 426.490, 5000.000, 1.059
302.165, 302.588, 427.672, 5000.000, 1.071
303.016, 303.410, 428.855, 5000.000, 1.083
303.874, 304.227, 430.038, 5000.000, 1.095
304.736, 305.040, 431.221, 5000.000, 1.107
305.602, 305.849, 432.405, 5000.000, 1.119
306.471, 306.655, 433.588, 5000.000, 1.131
307.342, 307.459, 434.773, 5000.000, 1.144
308.214, 308.262, 435.957, 5000.000, 1.156
309.086, 309.066, 437.141, 5000.000, 1.168
309.957, 309.870, 438.326, 5000.000, 1.180
310.826, 310.676, 439.511, 5000.000, 1.192
311.692, 311.485, 440.695, 5000.000, 1.204
312.554, 312.297, 441.879, 5000.000, 1.216
313.411, 313.114, 443.064, 5000.000, 1.228
314.263, 313.936, 444.247, 5000.000, 1.241
315.108, 314.765, 445.431, 5000.000, 1.253
315.945, 315.601, 446.614, 5000.000, 1.265
316.774, 316.445, 447.796, 5000.000, 1.277
317.592, 317.298, 448.978, 5000.000, 1.289
318.401, 318.160, 450.160, 5000.000, 1.301
319.197, 319.034, 451.341, 5000.000, 1.313
319.945, 319.953, 452.522, 5000.000, 1.325
320.693, 320.873, 453.704, 5000.000, 1.337
321.489, 321.747, 454.886, 5000.000, 1.349
322.298, 322.609, 456.068, 5000.000, 1.361
323.117, 323.462, 457.251, 5000.000, 1.374
323.945, 324.306, 458.433, 5000.000, 1.386
324.782, 325.142, 459.615, 5000.000, 1.398
325.627, 325.971, 460.798, 5000.000, 1.410
326.479, 326.793, 461.981, 5000.000, 1.422
327.336, 327.610, 463.164, 5000.000, 1.434
328.198, 328.422, 464.347, 5000.000, 1.446
329.065, 329.231, 465.531, 5000.000, 1.458
329.934, 330.037, 466.714, 5000.000, 1.470
330.805, 330.841, 467.898, 5000.000, 1.483
331.676, 331.645, 469.083, 5000.000, 1.495
332.548, 332.448, 470.268, 5000.000, 1.507
333.419, 333.252, 471.454, 5000.000, 1.519
334.288, 334.058, 472.639, 5000.000, 1.531
335.154, 334.867, 473.824, 5000.000, 1.543
336.017, 335.680, 475.009, 5000.000, 1.555
336.874, 336.496, 476.193, 5000.000, 1.567
337.726, 337.319, 477.376, 5000.000, 1.579
338.571, 338.147, 478.560, 5000.000, 1.592
339.408, 338.983, 479.742, 5000.000, 1.604
340.236, 339.827, 480.924, 5000.000, 1.616
341.055, 340.680, 482.106, 5000.000, 1.628
341.863, 341.543, 483.286, 5000.000, 1.640
342.660, 342.416, 484.467, 5000.000, 1.652
343.408, 343.336, 485.645, 5000.000, 1.664
344.155, 344.255, 486.824, 5000.000, 1.676
344.952, 345.129, 488.005, 5000.000, 1.688
345.760, 345.992, 489.187, 5000.000, 1.700
346.579, 346.845, 490.370, 5000.000, 1.712
347.408, 347.689, 491.552, 5000.000, 1.725
348.245, 348.524, 492.735, 5000.000, 1.737
349.090, 349.353, 493.918, 5000.000, 1.749
349.941, 350.175, 495.102, 5000.000, 1.761
350.799, 350.992, 496.286, 5000.000, 1.773
351.661, 351.805, 497.471, 5000.000, 1.785
352.527, 352.613, 498.656, 5000.000, 1.797
353.396, 353.419, 499.841, 5000.000, 1.809
354.267, 354.224, 501.026, 5000.000, 1.821
355.139, 355.027, 502.212, 5000.000, 1.834
356.011, 355.830, 503.397, 5000.000, 1.846
356.882, 356.635, 504.583, 5000.000, 1.858
357.751, 357.441, 505.768, 5000.000, 1.870
358.617, 358.250, 506.953, 5000.000, 1.882
359.479, 359.062, 508.138, 5000.000, 1.894
360.337, 359.879, 509.322, 5000.000, 1.906
361.188, 360.701, 510.506, 5000.000, 1.918
362.033, 361.530, 511.689, 5000.000, 1.931
362.870, 362.366, 512.871, 5000.000, 1.943
363.699, 363.209, 514.053, 5000.000, 1.955
364.518, 364.062, 515.234, 5000.000, 1.967
365.326, 364.925, 516.415, 5000.000, 1.979
366.123, 365.799, 517.595, 5000.000, 1.991
366.907, 366.684, 518.774, 5000.000, 2.003
367.677, 367.582, 519.953, 5000.000, 2.015
368.485, 368.446, 521.134, 5000.000, 2.027
369.292, 369.310, 522.316, 5000.000, 2.039
370.099, 370.174, 523.498, 5000.000, 2.051
370.869, 371.072, 524.681, 5000.000, 2.063
371.654, 371.957, 525.864, 5000.000, 2.076
372.450, 372.831, 527.046, 5000.000, 2.088
373.258, 373.694, 528.228, 5000.000, 2.100
374.077, 374.547, 529.410, 5000.000, 2.112
374.906, 375.391, 530.592, 5000.000, 2.124
375.743, 376.226, 531.774, 5000.000, 2.136
376.588, 377.055, 532.956, 5000.000, 2.148
377.440, 377.877, 534.139, 5000.000, 2.160
378.297, 378.694, 535.322, 5000.000, 2.172
379.159, 379.506, 536.505, 5000.000, 2.184
380.025, 380.315, 537.689, 5000.000, 2.197
380.894, 381.121, 538.873, 5000.000, 2.209
381.765, 381.926, 540.057, 5000.000, 2.221
382.637, 382.729, 541.241, 5000.000, 2.233
383.509, 383.532, 542.425, 5000.000, 2.245
384.380, 384.337, 543.610, 5000.000, 2.257
385.249, 385.143, 544.794, 5000.000, 2.269
386.115, 385.952, 545.979, 5000.000, 2.281
386.977, 386.764, 547.163, 5000.000, 2.293
387.835, 387.581, 548.347, 5000.000, 2.306
388.650, 388.437, 549.529, 5000.000, 2.318
389.472, 389.287, 550.711, 5000.000, 2.330
390.299, 390.133, 551.894, 5000.000, 2.342
391.128, 390.976, 553.077, 5000.000, 2.354
391.959, 391.817, 554.259, 5000.000, 2.366
392.789, 392.660, 555.442, 5000.000, 2.378
393.615, 393.506, 556.624, 5000.000, 2.390
394.437, 394.356, 557.807, 5000.000, 2.402
395.252, 395.212, 558.989, 5000.000, 2.414
396.110, 396.029, 560.173, 5000.000, 2.427
396.972, 396.842, 561.357, 5000.000, 2.439
397.838, 397.650, 562.541, 5000.000, 2.451
398.707, 398.456, 563.725, 5000.000, 2.463
399.578, 399.261, 564.910, 5000.000, 2.475
400.450, 400.064, 566.095, 5000.000, 2.487
401.322, 400.867, 567.280, 5000.000, 2.499
402.193, 401.672, 568.465, 5000.000, 2.511
403.062, 402.478, 569.650, 5000.000, 2.524
403.928, 403.287, 570.834, 5000.000, 2.536
404.790, 404.099, 572.019, 5000.000, 2.548
405.648, 404.916, 573.203, 5000.000, 2.560
406.499, 405.738, 574.387, 5000.000, 2.572
407.344, 406.567, 575.570, 5000.000, 2.584
408.181, 407.403, 576.753, 5000.000, 2.596
409.010, 408.246, 577.936, 5000.000, 2.608
409.829, 409.099, 579.118, 5000.000, 2.620
410.637, 409.962, 580.299, 5000.000, 2.633
411.397, 410.870, 581.480, 5000.000, 2.645
412.158, 411.777, 582.661, 5000.000, 2.657
412.919, 412.684, 583.843, 5000.000, 2.669
413.727, 413.547, 585.026, 5000.000, 2.681
414.546, 414.400, 586.208, 5000.000, 2.693
415.374, 415.244, 587.390, 5000.000, 2.705
416.211, 416.080, 588.573, 5000.000, 2.717
417.056, 416.908, 589.755, 5000.000, 2.729
417.908, 417.731, 590.938, 5000.000, 2.741
418.765, 418.548, 592.121, 5000.000, 2.753
419.628, 419.360, 593.305, 5000.000, 2.766
420.494, 420.169, 594.488, 5000.000, 2.778
421.363, 420.975, 595.672, 5000.000, 2.790
422.234, 421.779, 596.856, 5000.000, 2.802
423.106, 422.583, 598.040, 5000.000, 2.814
423.977, 423.386, 599.225, 5000.000, 2.826
424.848, 424.190, 600.410, 5000.000, 2.838
425.717, 424.996, 601.595, 5000.000, 2.850
426.583, 425.805, 602.780, 5000.000, 2.863
427.446, 426.617, 603.965, 5000.000, 2.875
428.303, 427.434, 605.149, 5000.000, 2.887
429.155, 428.257, 606.333, 5000.000, 2.899
430.000, 429.085, 607.516, 5000.000, 2.911
430.837, 429.921, 608.699, 5000.000, 2.923
431.665, 430.765, 609.881, 5000.000, 2.935
432.484, 431.618, 611.062, 5000.000, 2.947
433.292, 432.481, 612.243, 5000.000, 2.959
434.089, 433.354, 613.424, 5000.000, 2.971
434.873, 434.240, 614.604, 5000.000, 2.984
435.644, 435.138, 615.784, 5000.000, 2.996
436.451, 436.002, 616.966, 5000.000, 3.008
437.222, 436.899, 618.146, 5000.000, 3.020
438.006, 437.785, 619.327, 5000.000, 3.032
438.803, 438.658, 620.509, 5000.000, 3.044
439.611, 439.521, 621.691, 5000.000, 3.056
440.430, 440.374, 622.874, 5000.000, 3.068
441.258, 441.218, 624.056, 5000.000, 3.080
442.095, 442.054, 625.239, 5000.000, 3.092
442.940, 442.883, 626.422, 5000.000, 3.104
443.792, 443.705, 627.606, 5000.000, 3.117
444.649, 444.522, 628.791, 5000.000, 3.129
445.512, 445.334, 629.975, 5000.000, 3.141
446.378, 446.143, 631.160, 5000.000, 3.153
447.247, 446.949, 632.345, 5000.000, 3.165
448.118, 447.753, 633.531, 5000.000, 3.177
448.989, 448.557, 634.716, 5000.000, 3.189
449.861, 449.360, 635.902, 5000.000, 3.201
450.732, 450.164, 637.087, 5000.000, 3.214
451.601, 450.970, 638.272, 5000.000, 3.226
452.467, 451.779, 639.457, 5000.000, 3.238
453.330, 452.592, 640.642, 5000.000, 3.250
454.187, 453.408, 641.826, 5000.000, 3.262
455.039, 454.231, 643.010, 5000.000, 3.274
455.884, 455.059, 644.193, 5000.000, 3.286
456.721, 455.895, 645.376, 5000.000, 3.298
457.513, 456.773, 646.555, 5000.000, 3.310
458.309, 457.647, 647.734, 5000.000, 3.322
459.107, 458.520, 648.914, 5000.000, 3.335
459.904, 459.393, 650.094, 5000.000, 3.347
460.700, 460.267, 651.275, 5000.000, 3.359
461.492, 461.145, 652.457, 5000.000, 3.371
462.330, 461.981, 653.639, 5000.000, 3.383
463.174, 462.809, 654.822, 5000.000, 3.395
464.026, 463.632, 656.006, 5000.000, 3.407
464.883, 464.448, 657.190, 5000.000, 3.419
465.746, 465.261, 658.374, 5000.000, 3.431
466.612, 466.070, 659.558, 5000.000, 3.443
467.481, 466.876, 660.743, 5000.000, 3.456
468.352, 467.680, 661.928, 5000.000, 3.468
469.224, 468.483, 663.114, 5000.000, 3.480
470.096, 469.287, 664.299, 5000.000, 3.492
470.966, 470.091, 665.484, 5000.000, 3.504
471.835, 470.897, 666.669, 5000.000, 3.516
472.702, 471.706, 667.854, 5000.000, 3.528
473.564, 472.518, 669.039, 5000.000, 3.540
474.421, 473.335, 670.223, 5000.000, 3.553
475.273, 474.157, 671.407, 5000.000, 3.565
476.081, 475.020, 672.588, 5000.000, 3.577
476.896, 475.877, 673.769, 5000.000, 3.589
477.714, 476.731, 674.950, 5000.000, 3.601
478.534, 477.583, 676.132, 5000.000, 3.613
479.354, 478.435, 677.314, 5000.000, 3.625
480.172, 479.288, 678.496, 5000.000, 3.637
480.986, 480.146, 679.678, 5000.000, 3.649
481.794, 481.008, 680.860, 5000.000, 3.661
482.646, 481.831, 682.043, 5000.000, 3.674
483.504, 482.647, 683.227, 5000.000, 3.686
484.366, 483.460, 684.411, 5000.000, 3.698
485.232, 484.269, 685.595, 5000.000, 3.710
486.101, 485.075, 686.780, 5000.000, 3.722
486.972, 485.879, 687.965, 5000.000, 3.734
487.844, 486.682, 689.150, 5000.000, 3.746
488.716, 487.486, 690.335, 5000.000, 3.758
489.586, 488.290, 691.520, 5000.000, 3.770
490.455, 489.096, 692.706, 5000.000, 3.783
491.322, 489.905, 693.890, 5000.000, 3.795
492.184, 490.717, 695.075, 5000.000, 3.807
493.041, 491.534, 696.259, 5000.000, 3.819
493.893, 492.356, 697.443, 5000.000, 3.831
494.738, 493.185, 698.627, 5000.000, 3.843
495.575, 494.021, 699.809, 5000.000, 3.855
496.403, 494.865, 700.991, 5000.000, 3.867
497.222, 495.718, 702.173, 5000.000, 3.879
498.031, 496.580, 703.354, 5000.000, 3.892
498.827, 497.454, 704.536, 5000.000, 3.904
499.611, 498.339, 705.719, 5000.000, 3.916
500.382, 499.237, 706.902, 5000.000, 3.928
501.189, 500.101, 708.084, 5000.000, 3.940
501.996, 500.965, 709.266, 5000.000, 3.952
502.803, 501.829, 710.448, 5000.000, 3.964
503.610, 502.693, 711.630, 5000.000, 3.976
504.381, 503.591, 712.813, 5000.000, 3.988
505.165, 504.476, 713.996, 5000.000, 4.000
505.962, 505.350, 715.178, 5000.000, 4.013
506.770, 506.213, 716.360, 5000.000, 4.025
507.589, 507.066, 717.542, 5000.000, 4.037
508.418, 507.910, 718.724, 5000.000, 4.049
509.255, 508.745, 719.906, 5000.000, 4.061
510.100, 509.574, 721.088, 5000.000, 4.073
510.951, 510.396, 722.270, 5000.000, 4.085
511.809, 511.213, 723.452, 5000.000, 4.097
512.671, 512.026, 724.635, 5000.000, 4.109
513.537, 512.834, 725.818, 5000.000, 4.121
514.406, 513.641, 727.001, 5000.000, 4.133
515.277, 514.445, 728.185, 5000.000, 4.146
516.149, 515.248, 729.368, 5000.000, 4.158
517.021, 516.052, 730.554, 5000.000, 4.170
517.892, 516.856, 731.739, 5000.000, 4.182
518.761, 517.662, 732.925, 5000.000, 4.194
519.627, 518.471, 734.110, 5000.000, 4.206
520.489, 519.283, 735.294, 5000.000, 4.218
521.346, 520.100, 736.479, 5000.000, 4.230
522.198, 520.922, 737.662, 5000.000, 4.243
523.043, 521.751, 738.845, 5000.000, 4.255
523.880, 522.587, 740.028, 5000.000, 4.267
524.709, 523.431, 741.210, 5000.000, 4.279
525.528, 524.284, 742.391, 5000.000, 4.291
526.336, 525.146, 743.572, 5000.000, 4.303
527.132, 526.020, 744.752, 5000.000, 4.315
527.880, 526.939, 745.931, 5000.000, 4.327
528.628, 527.859, 747.110, 5000.000, 4.339
529.425, 528.732, 748.291, 5000.000, 4.351
530.233, 529.595, 749.473, 5000.000, 4.363
531.052, 530.448, 750.655, 5000.000, 4.376
531.880, 531.292, 751.838, 5000.000, 4.388
532.717, 532.128, 753.021, 5000.000, 4.400
533.562, 532.956, 754.204, 5000.000, 4.412
534.414, 533.779, 755.387, 5000.000, 4.424
535.271, 534.596, 756.572, 5000.000, 4.436
536.134, 535.408, 757.756, 5000.000, 4.448
537.000, 536.217, 758.941, 5000.000, 4.460
537.869, 537.023, 760.127, 5000.000, 4.472
538.740, 537.827, 761.312, 5000.000, 4.485
539.611, 538.631, 762.498, 5000.000, 4.497
540.483, 539.434, 763.683, 5000.000, 4.509
541.354, 540.238, 764.869, 5000.000, 4.521
542.223, 541.044, 766.054, 5000.000, 4.533
543.089, 541.853, 767.239, 5000.000, 4.545
543.952, 542.665, 768.424, 5000.000, 4.557
544.773, 543.516, 769.604, 5000.000, 4.569
545.601, 544.360, 770.786, 5000.000, 4.581
546.436, 545.198, 771.969, 5000.000, 4.594
547.274, 546.033, 773.151, 5000.000, 4.606
548.114, 546.866, 774.334, 5000.000, 4.618
548.955, 547.699, 775.517, 5000.000, 4.630
549.793, 548.534, 776.700, 5000.000, 4.642
550.627, 549.372, 777.883, 5000.000, 4.654
551.456, 550.216, 779.065, 5000.000, 4.666
552.277, 551.067, 780.246, 5000.000, 4.678
553.139, 551.879, 781.431, 5000.000, 4.690
554.005, 552.688, 782.616, 5000.000, 4.703
554.874, 553.494, 783.801, 5000.000, 4.715
555.745, 554.298, 784.987, 5000.000, 4.727
556.617, 555.102, 786.172, 5000.000, 4.739
557.489, 555.905, 787.358, 5000.000, 4.751
558.360, 556.709, 788.543, 5000.000, 4.763
559.229, 557.515, 789.729, 5000.000, 4.775
560.095, 558.324, 790.914, 5000.000, 4.787
560.957, 559.137, 792.098, 5000.000, 4.800
561.815, 559.953, 793.283, 5000.000, 4.812
562.630, 560.810, 794.463, 5000.000, 4.824
563.452, 561.660, 795.644, 5000.000, 4.836
564.279, 562.505, 796.826, 5000.000, 4.848
565.108, 563.348, 798.008, 5000.000, 4.860
565.939, 564.190, 799.190, 5000.000, 4.872
566.769, 565.033, 800.373, 5000.000, 4.884
567.595, 565.879, 801.555, 5000.000, 4.896
568.417, 566.729, 802.737, 5000.000, 4.908
569.233, 567.585, 803.918, 5000.000, 4.920
570.090, 568.402, 805.102, 5000.000, 4.933
570.952, 569.214, 806.287, 5000.000, 4.945
571.818, 570.023, 807.471, 5000.000, 4.957
572.687, 570.829, 808.657, 5000.000, 4.969
573.558, 571.633, 809.842, 5000.000, 4.981
574.430, 572.437, 811.028, 5000.000, 4.993
575.302, 573.240, 812.213, 5000.000, 5.005
576.173, 574.044, 813.399, 5000.000, 5.017
577.042, 574.850, 814.584, 5000.000, 5.030
577.908, 575.659, 815.769, 5000.000, 5.042
578.770, 576.472, 816.954, 5000.000, 5.054
579.628, 577.288, 818.138, 5000.000, 5.066
580.479, 578.111, 819.322, 5000.000, 5.078
581.288, 578.973, 820.502, 5000.000, 5.090
582.102, 579.831, 821.682, 5000.000, 5.102
582.920, 580.684, 822.863, 5000.000, 5.114
583.740, 581.536, 824.045, 5000.000, 5.126
584.560, 582.388, 825.227, 5000.000, 5.138
585.378, 583.242, 826.408, 5000.000, 5.151
586.193, 584.099, 827.590, 5000.000, 5.163
587.001, 584.962, 828.771, 5000.000, 5.175
587.853, 585.784, 829.955, 5000.000, 5.187
588.710, 586.601, 831.139, 5000.000, 5.199
589.572, 587.413, 832.323, 5000.000, 5.211
590.438, 588.222, 833.508, 5000.000, 5.223
591.307, 589.028, 834.693, 5000.000, 5.235
592.178, 589.832, 835.879, 5000.000, 5.247
593.050, 590.636, 837.064, 5000.000, 5.260
593.922, 591.439, 838.250, 5000.000, 5.272
594.793, 592.243, 839.436, 5000.000, 5.284
595.662, 593.049, 840.621, 5000.000, 5.296
596.528, 593.858, 841.806, 5000.000, 5.308
597.390, 594.671, 842.990, 5000.000, 5.320
598.248, 595.487, 844.175, 5000.000, 5.332
599.099, 596.310, 845.358, 5000.000, 5.344
599.944, 597.138, 846.541, 5000.000, 5.357
600.782, 597.974, 847.724, 5000.000, 5.369
601.610, 598.818, 848.906, 5000.000, 5.381
602.429, 599.671, 850.087, 5000.000, 5.393
603.237, 600.534, 851.267, 5000.000, 5.405
603.997, 601.441, 852.445, 5000.000, 5.417
604.759, 602.348, 853.623, 5000.000, 5.429
605.519, 603.256, 854.802, 5000.000, 5.441
606.327, 604.119, 855.984, 5000.000, 5.453
607.146, 604.972, 857.166, 5000.000, 5.465
607.974, 605.816, 858.349, 5000.000, 5.477
608.812, 606.651, 859.532, 5000.000, 5.489
609.657, 607.480, 860.715, 5000.000, 5.502
610.508, 608.302, 861.899, 5000.000, 5.514
611.366, 609.119, 863.083, 5000.000, 5.526
612.228, 609.932, 864.268, 5000.000, 5.538
613.094, 610.740, 865.453, 5000.000, 5.550
613.963, 611.546, 866.638, 5000.000, 5.562
614.834, 612.351, 867.823, 5000.000, 5.574
615.706, 613.154, 869.009, 5000.000, 5.586
616.578, 613.957, 870.194, 5000.000, 5.599
617.449, 614.762, 871.380, 5000.000, 5.611
618.318, 615.568, 872.565, 5000.000, 5.623
619.184, 616.377, 873.750, 5000.000, 5.635
620.046, 617.189, 874.934, 5000.000, 5.647
620.903, 618.006, 876.119, 5000.000, 5.659
621.755, 618.828, 877.302, 5000.000, 5.671
622.600, 619.657, 878.486, 5000.000, 5.683
623.437, 620.493, 879.668, 5000.000, 5.695
624.266, 621.337, 880.850, 5000.000, 5.708
625.048, 622.223, 882.028, 5000.000, 5.720
625.833, 623.108, 883.207, 5000.000, 5.732
626.620, 623.991, 884.387, 5000.000, 5.744
627.405, 624.875, 885.567, 5000.000, 5.756
628.187, 625.762, 886.749, 5000.000, 5.768
629.016, 626.606, 887.931, 5000.000, 5.780
629.853, 627.442, 889.114, 5000.000, 5.792
630.698, 628.271, 890.296, 5000.000, 5.804
631.549, 629.093, 891.480, 5000.000, 5.816
632.407, 629.910, 892.664, 5000.000, 5.828
633.269, 630.722, 893.848, 5000.000, 5.841
634.135, 631.531, 895.032, 5000.000, 5.853
635.004, 632.337, 896.217, 5000.000, 5.865
635.875, 633.141, 897.402, 5000.000, 5.877
636.747, 633.945, 898.587, 5000.000, 5.889
637.619, 634.748, 899.772, 5000.000, 5.901
638.490, 635.552, 900.957, 5000.000, 5.913
639.359, 636.359, 902.142, 5000.000, 5.925
640.189, 637.201, 903.325, 5000.000, 5.938
641.028, 638.035, 904.508, 5000.000, 5.950
641.875, 638.862, 905.691, 5000.000, 5.962
642.728, 639.683, 906.875, 5000.000, 5.974
643.584, 640.501, 908.059, 5000.000, 5.986
644.443, 641.316, 909.244, 5000.000, 5.998
645.301, 642.132, 910.428, 5000.000, 6.010
646.158, 642.950, 911.612, 5000.000, 6.022
647.011, 643.771, 912.796, 5000.000, 6.034
647.858, 644.598, 913.980, 5000.000, 6.047
648.697, 645.432, 915.163, 5000.000, 6.059
649.527, 646.274, 916.345, 5000.000, 6.071
650.396, 647.080, 917.530, 5000.000, 6.083
651.267, 647.885, 918.715, 5000.000, 6.095
652.139, 648.688, 919.900, 5000.000, 6.107
653.011, 649.491, 921.086, 5000.000, 6.119
653.882, 650.296, 922.271, 5000.000, 6.131
654.751, 651.102, 923.456, 5000.000, 6.144
655.580, 651.945, 924.638, 5000.000, 6.156
656.419, 652.778, 925.821, 5000.000, 6.168
657.266, 653.605, 927.005, 5000.000, 6.180
658.119, 654.426, 928.189, 5000.000, 6.192
658.976, 655.244, 929.373, 5000.000, 6.204
659.835, 656.060, 930.557, 5000.000, 6.216
660.693, 656.876, 931.741, 5000.000, 6.228
661.550, 657.693, 932.926, 5000.000, 6.240
662.403, 658.514, 934.110, 5000.000, 6.252
663.250, 659.341, 935.293, 5000.000, 6.265
664.089, 660.175, 936.476, 5000.000, 6.277
664.919, 661.018, 937.658, 5000.000, 6.289
665.788, 661.824, 938.843, 5000.000, 6.301
666.658, 662.628, 940.029, 5000.000, 6.313
667.530, 663.431, 941.215, 5000.000, 6.325
668.402, 664.235, 942.400, 5000.000, 6.337
669.273, 665.039, 943.586, 5000.000, 6.349
670.142, 665.845, 944.771, 5000.000, 6.362
671.008, 666.654, 945.956, 5000.000, 6.374
671.871, 667.466, 947.141, 5000.000, 6.386
672.691, 668.317, 948.321, 5000.000, 6.398
673.520, 669.161, 949.503, 5000.000, 6.410
674.355, 669.999, 950.685, 5000.000, 6.422
675.193, 670.834, 951.868, 5000.000, 6.434
676.033, 671.667, 953.051, 5000.000, 6.446
676.874, 672.500, 954.234, 5000.000, 6.458
677.712, 673.335, 955.417, 5000.000, 6.471
678.546, 674.173, 956.600, 5000.000, 6.483
679.375, 675.017, 957.782, 5000.000, 6.495
680.196, 675.868, 958.964, 5000.000, 6.507
681.058, 676.680, 960.148, 5000.000, 6.519
681.924, 677.489, 961.333, 5000.000, 6.531
682.793, 678.295, 962.518, 5000.000, 6.543
683.664, 679.099, 963.703, 5000.000, 6.555
684.536, 679.902, 964.889, 5000.000, 6.567
685.372, 680.740, 966.071, 5000.000, 6.580
686.220, 681.566, 967.255, 5000.000, 6.592
687.078, 682.381, 968.439, 5000.000, 6.604
687.945, 683.189, 969.624, 5000.000, 6.616
688.819, 683.991, 970.810, 5000.000, 6.628
689.698, 684.787, 971.996, 5000.000, 6.640
690.580, 685.582, 973.182, 5000.000, 6.652
691.463, 686.375, 974.369, 5000.000, 6.664
692.344, 687.169, 975.555, 5000.000, 6.677
693.223, 687.966, 976.741, 5000.000, 6.689
694.097, 688.767, 977.927, 5000.000, 6.701
694.965, 689.575, 979.112, 5000.000, 6.713
695.823, 690.391, 980.297, 5000.000, 6.725
696.671, 691.217, 981.480, 5000.000, 6.737
697.507, 692.054, 982.662, 5000.000, 6.749
698.378, 692.857, 983.848, 5000.000, 6.761
699.249, 693.662, 985.033, 5000.000, 6.774
700.118, 694.468, 986.218, 5000.000, 6.786
700.948, 695.311, 987.400, 5000.000, 6.798
701.787, 696.144, 988.583, 5000.000, 6.810
702.634, 696.971, 989.766, 5000.000, 6.822
703.487, 697.792, 990.950, 5000.000, 6.834
704.344, 698.610, 992.134, 5000.000, 6.846
705.202, 699.426, 993.318, 5000.000, 6.858
706.061, 700.241, 994.503, 5000.000, 6.870
706.918, 701.059, 995.687, 5000.000, 6.883
707.770, 701.880, 996.871, 5000.000, 6.895
708.617, 702.707, 998.054, 5000.000, 6.907
709.457, 703.541, 999.237, 5000.000, 6.919
710.286, 704.384, 1000.420, 5000.000, 6.931
711.155, 705.190, 1001.605, 5000.000, 6.943
712.026, 705.994, 1002.790, 5000.000, 6.955
712.898, 706.797, 1003.975, 5000.000, 6.967
713.770, 707.601, 1005.161, 5000.000, 6.979
714.641, 708.405, 1006.346, 5000.000, 6.992
715.510, 709.211, 1007.531, 5000.000, 7.004
716.340, 710.054, 1008.713, 5000.000, 7.016
717.179, 710.888, 1009.896, 5000.000, 7.028
718.026, 711.714, 1011.080, 5000.000, 7.040
718.879, 712.536, 1012.263, 5000.000, 7.052
719.735, 713.353, 1013.448, 5000.000, 7.064
720.594, 714.169, 1014.632, 5000.000, 7.076
721.453, 714.985, 1015.816, 5000.000, 7.088
722.309, 715.802, 1017.001, 5000.000, 7.101
723.162, 716.624, 1018.184, 5000.000, 7.113
724.009, 717.450, 1019.368, 5000.000, 7.125
724.848, 718.284, 1020.551, 5000.000, 7.137
725.678, 719.127, 1021.733, 5000.000, 7.149
726.547, 719.933, 1022.918, 5000.000, 7.161
727.418, 720.737, 1024.103, 5000.000, 7.173
728.290, 721.541, 1025.289, 5000.000, 7.185
729.125, 722.378, 1026.471, 5000.000, 7.197
729.973, 723.204, 1027.655, 5000.000, 7.210
730.832, 724.020, 1028.839, 5000.000, 7.222
731.699, 724.827, 1030.024, 5000.000, 7.234
732.573, 725.629, 1031.210, 5000.000, 7.246
733.452, 726.426, 1032.396, 5000.000, 7.258
734.334, 727.220, 1033.582, 5000.000, 7.270
735.216, 728.013, 1034.768, 5000.000, 7.282
736.098, 728.807, 1035.955, 5000.000, 7.295
736.977, 729.604, 1037.141, 5000.000, 7.307
737.851, 730.406, 1038.326, 5000.000, 7.319
738.718, 731.213, 1039.512, 5000.000, 7.331
739.577, 732.029, 1040.696, 5000.000, 7.343
740.425, 732.855, 1041.879, 5000.000, 7.355
741.260, 733.692, 1043.062, 5000.000, 7.367
742.132, 734.496, 1044.247, 5000.000, 7.379
742.967, 735.334, 1045.430, 5000.000, 7.391
743.813, 736.161, 1046.613, 5000.000, 7.404
744.668, 736.980, 1047.797, 5000.000, 7.416
745.532, 737.791, 1048.982, 5000.000, 7.428
746.401, 738.597, 1050.167, 5000.000, 7.440
747.274, 739.399, 1051.353, 5000.000, 7.452
748.149, 740.200, 1052.538, 5000.000, 7.464
749.024, 741.000, 1053.724, 5000.000, 7.476
749.897, 741.803, 1054.910, 5000.000, 7.488
750.766, 742.609, 1056.095, 5000.000, 7.501
751.630, 743.420, 1057.280, 5000.000, 7.513
752.485, 744.238, 1058.464, 5000.000, 7.525
753.331, 745.066, 1059.647, 5000.000, 7.537
754.166, 745.904, 1060.829, 5000.000, 7.549
755.001, 746.742, 1062.012, 5000.000, 7.561
755.850, 747.567, 1063.195, 5000.000, 7.573
756.711, 748.381, 1064.380, 5000.000, 7.585
757.581, 749.186, 1065.565, 5000.000, 7.597
758.459, 749.983, 1066.751, 5000.000, 7.610
759.342, 750.776, 1067.938, 5000.000, 7.622
760.230, 751.564, 1069.125, 5000.000, 7.634
761.119, 752.351, 1070.313, 5000.000, 7.646
762.009, 753.138, 1071.500, 5000.000, 7.658
762.896, 753.927, 1072.688, 5000.000, 7.670
763.780, 754.720, 1073.874, 5000.000, 7.682
764.658, 755.517, 1075.061, 5000.000, 7.695
765.528, 756.322, 1076.246, 5000.000, 7.707
766.388, 757.136, 1077.430, 5000.000, 7.719
767.237, 757.961, 1078.613, 5000.000, 7.731
768.073, 758.799, 1079.795, 5000.000, 7.743
768.944, 759.603, 1080.980, 5000.000, 7.755
769.813, 760.409, 1082.165, 5000.000, 7.767
770.679, 761.218, 1083.350, 5000.000, 7.779
771.505, 762.064, 1084.531, 5000.000, 7.792
772.339, 762.903, 1085.713, 5000.000, 7.804
773.180, 763.735, 1086.896, 5000.000, 7.816
774.026, 764.562, 1088.079, 5000.000, 7.828
774.875, 765.387, 1089.263, 5000.000, 7.840
775.725, 766.211, 1090.446, 5000.000, 7.852
776.574, 767.036, 1091.630, 5000.000, 7.864
777.420, 767.863, 1092.813, 5000.000, 7.876
778.261, 768.695, 1093.996, 5000.000, 7.888
779.096, 769.534, 1095.179, 5000.000, 7.900
779.885, 770.414, 1096.361, 5000.000, 7.913
780.728, 771.244, 1097.543, 5000.000, 7.925
781.587, 772.060, 1098.727, 5000.000, 7.937
782.459, 772.863, 1099.912, 5000.000, 7.949
783.343, 773.656, 1101.097, 5000.000, 7.961
784.236, 774.439, 1102.284, 5000.000, 7.973
785.137, 775.215, 1103.472, 5000.000, 7.985
786.044, 775.986, 1104.660, 5000.000, 7.997
786.954, 776.753, 1105.849, 5000.000, 8.010
787.867, 777.518, 1107.039, 5000.000, 8.022
788.780, 778.284, 1108.229, 5000.000, 8.034
789.690, 779.051, 1109.419, 5000.000, 8.046
790.597, 779.822, 1110.608, 5000.000, 8.058
791.498, 780.598, 1111.797, 5000.000, 8.070
792.355, 781.415, 1112.981, 5000.000, 8.083
793.216, 782.229, 1114.165, 4997.322, 8.095
794.077, 783.042, 1115.350, 4993.104, 8.107
794.937, 783.857, 1116.534, 4986.588, 8.119
795.792, 784.676, 1117.718, 4976.505, 8.131
796.639, 785.503, 1118.900, 4966.589, 8.143
797.527, 786.291, 1120.088, 4955.098, 8.155
798.416, 787.078, 1121.275, 4942.651, 8.167
799.306, 787.865, 1122.463, 4930.564, 8.180
800.193, 788.654, 1123.650, 4916.758, 8.192
801.077, 789.446, 1124.837, 4902.141, 8.204
801.955, 790.244, 1126.023, 4884.367, 8.216
802.825, 791.049, 1127.209, 4866.180, 8.228
803.649, 791.897, 1128.389, 4846.190, 8.240
804.475, 792.744, 1129.570, 4828.217, 8.252
805.300, 793.591, 1130.751, 4810.186, 8.264
806.172, 794.394, 1131.936, 4793.710, 8.277
807.053, 795.189, 1133.123, 4778.650, 8.289
807.940, 795.978, 1134.310, 4764.319, 8.301
808.832, 796.762, 1135.497, 4748.758, 8.313
809.728, 797.544, 1136.685, 4732.482, 8.325
810.624, 798.324, 1137.873, 4713.290, 8.337
811.519, 799.106, 1139.061, 4693.787, 8.349
812.375, 799.924, 1140.245, 4673.210, 8.362
813.240, 800.734, 1141.430, 4653.843, 8.374
814.110, 801.539, 1142.616, 4636.072, 8.386
814.983, 802.341, 1143.801, 4621.619, 8.398
815.856, 803.144, 1144.987, 4606.535, 8.410
816.727, 803.948, 1146.172, 4593.000, 8.422
817.591, 804.759, 1147.357, 4578.135, 8.434
818.498, 805.529, 1148.547, 4562.139, 8.446
819.409, 806.297, 1149.737, 4543.895, 8.459
820.321, 807.062, 1150.928, 4524.543, 8.471
821.234, 807.827, 1152.119, 4505.911, 8.483
822.108, 808.628, 1153.304, 4489.773, 8.495
822.992, 809.421, 1154.491, 4474.763, 8.507
823.883, 810.207, 1155.679, 4461.228, 8.519
824.777, 810.989, 1156.867, 4448.660, 8.532
825.672, 811.770, 1158.056, 4435.871, 8.544
826.566, 812.553, 1159.244, 4422.690, 8.556
827.455, 813.341, 1160.431, 4408.988, 8.568
828.336, 814.136, 1161.618, 4394.258, 8.580
829.206, 814.941, 1162.803, 4378.917, 8.592
830.077, 815.745, 1163.988, 4366.162, 8.604
830.961, 816.537, 1165.175, 4356.066, 8.617
831.855, 817.320, 1166.363, 4349.122, 8.629
832.755, 818.097, 1167.552, 4342.479, 8.641
833.659, 818.870, 1168.742, 4335.155, 8.653
834.564, 819.643, 1169.931, 4326.679, 8.665
835.467, 820.417, 1171.121, 4317.979, 8.677
836.365, 821.196, 1172.309, 4307.454, 8.690
837.256, 821.982, 1173.497, 4296.182, 8.702
838.136, 822.777, 1174.684, 4286.241, 8.714
839.053, 823.538, 1175.875, 4278.931, 8.726
839.933, 824.334, 1177.061, 4273.127, 8.738
840.824, 825.120, 1178.249, 4269.418, 8.750
841.722, 825.899, 1179.438, 4266.302, 8.763
842.625, 826.673, 1180.627, 4263.744, 8.775
843.530, 827.445, 1181.817, 4259.544, 8.787
844.434, 828.219, 1183.007, 4254.368, 8.799
845.335, 828.995, 1184.196, 4246.813, 8.811
846.228, 829.779, 1185.384, 4237.632, 8.823
847.112, 830.571, 1186.571, 4229.157, 8.836
847.983, 831.375, 1187.756, 4222.238, 8.848
848.854, 832.180, 1188.941, 4216.139, 8.860
849.735, 832.975, 1190.127, 4210.883, 8.872
850.623, 833.762, 1191.315, 4205.461, 8.884
851.517, 834.545, 1192.503, 4199.696, 8.896
852.412, 835.327, 1193.692, 4192.561, 8.908
853.307, 836.109, 1194.880, 4184.401, 8.921
854.197, 836.895, 1196.068, 4174.962, 8.933
855.081, 837.687, 1197.254, 4164.131, 8.945
855.955, 838.488, 1198.440, 4152.688, 8.957
856.868, 839.254, 1199.631, 4142.270, 8.969
857.780, 840.019, 1200.822, 4131.173, 8.981
858.691, 840.786, 1202.013, 4119.698, 8.994
859.561, 841.591, 1203.197, 4108.854, 9.006
860.440, 842.389, 1204.383, 4100.003, 9.018
861.322, 843.182, 1205.570, 4090.023, 9.030
862.207, 843.973, 1206.757, 4078.216, 9.042
863.091, 844.765, 1207.944, 4066.005, 9.054
863.971, 845.561, 1209.130, 4053.344, 9.066
864.844, 846.363, 1210.316, 4038.925, 9.078
865.708, 847.174, 1211.500, 4026.251, 9.091
866.610, 847.950, 1212.689, 4015.462, 9.103
867.512, 848.725, 1213.878, 4005.861, 9.115
868.412, 849.502, 1215.067, 3995.984, 9.127
869.272, 850.317, 1216.251, 3986.608, 9.139
870.139, 851.124, 1217.436, 3975.931, 9.151
871.011, 851.927, 1218.621, 3964.667, 9.163
871.886, 852.729, 1219.807, 3953.538, 9.176
872.759, 853.531, 1220.993, 3943.428, 9.188
873.628, 854.336, 1222.178, 3932.144, 9.200
874.491, 855.148, 1223.362, 3920.939, 9.212
875.395, 855.922, 1224.552, 3911.117, 9.224
876.302, 856.693, 1225.742, 3901.973, 9.236
877.209, 857.463, 1226.932, 3893.911, 9.248
878.116, 858.233, 1228.122, 3887.361, 9.261
878.984, 859.041, 1229.306, 3880.189, 9.273
879.860, 859.840, 1230.492, 3872.088, 9.285
880.742, 860.634, 1231.679, 3864.041, 9.297
881.626, 861.426, 1232.866, 3855.979, 9.309
882.511, 862.217, 1234.053, 3847.834, 9.321
883.393, 863.011, 1235.239, 3839.639, 9.333
884.269, 863.810, 1236.425, 3833.030, 9.346
885.137, 864.618, 1237.610, 3827.347, 9.358
886.007, 865.423, 1238.795, 3823.147, 9.370
886.892, 866.214, 1239.982, 3818.839, 9.382
887.788, 866.994, 1241.171, 3815.182, 9.394
888.693, 867.767, 1242.360, 3811.612, 9.406
889.604, 868.534, 1243.551, 3808.566, 9.419
890.518, 869.298, 1244.742, 3807.226, 9.431
891.432, 870.062, 1245.932, 3806.921, 9.443
892.342, 870.829, 1247.123, 3804.994, 9.455
893.211, 871.636, 1248.308, 3802.831, 9.467
894.084, 872.438, 1249.493, 3800.509, 9.479
894.959, 873.239, 1250.679, 3798.988, 9.491
895.881, 873.995, 1251.872, 3795.881, 9.504
896.812, 874.743, 1253.066, 3793.082, 9.516
897.749, 875.486, 1254.261, 3788.056, 9.528
898.689, 876.226, 1255.458, 3782.142, 9.540
899.629, 876.966, 1256.654, 3775.183, 9.553
900.566, 877.708, 1257.849, 3769.329, 9.565
901.460, 878.490, 1259.036, 3763.181, 9.577
902.360, 879.268, 1260.225, 3757.903, 9.589
903.260, 880.045, 1261.414, 3753.674, 9.601
904.158, 880.824, 1262.602, 3750.946, 9.613
905.049, 881.610, 1263.789, 3746.627, 9.626
905.980, 882.358, 1264.983, 3741.017, 9.638
906.912, 883.105, 1266.178, 3733.276, 9.650
907.805, 883.888, 1267.365, 3723.293, 9.662
908.708, 884.663, 1268.555, 3713.446, 9.674
909.615, 885.433, 1269.745, 3704.843, 9.687
910.523, 886.203, 1270.935, 3696.691, 9.699
911.428, 886.975, 1272.125, 3688.671, 9.711
912.327, 887.754, 1273.314, 3682.204, 9.723
913.266, 888.495, 1274.509, 3677.548, 9.735
914.169, 889.269, 1275.698, 3673.085, 9.747
915.084, 890.032, 1276.890, 3667.178, 9.760
916.006, 890.788, 1278.083, 3659.445, 9.772
916.933, 891.540, 1279.276, 3650.445, 9.784
917.859, 892.293, 1280.470, 3640.098, 9.796
918.782, 893.049, 1281.662, 3630.187, 9.808
919.697, 893.812, 1282.854, 3620.708, 9.821
920.651, 894.538, 1284.052, 3611.216, 9.833
921.605, 895.265, 1285.251, 3601.852, 9.845
922.520, 896.028, 1286.443, 3592.060, 9.857
923.443, 896.784, 1287.635, 3582.897, 9.870
924.369, 897.536, 1288.829, 3572.429, 9.882
925.296, 898.289, 1290.022, 3561.287, 9.894
926.218, 899.045, 1291.215, 3549.589, 9.906
927.133, 899.808, 1292.406, 3537.263, 9.918
928.037, 900.582, 1293.596, 3525.538, 9.931
928.975, 901.323, 1294.791, 3515.301, 9.943
929.874, 902.101, 1295.980, 3505.649, 9.955
930.779, 902.873, 1297.169, 3496.761, 9.967
931.687, 903.643, 1298.359, 3487.027, 9.979
932.594, 904.413, 1299.549, 3477.882, 9.991
933.497, 905.188, 1300.739, 3468.630, 10.004
934.390, 905.971, 1301.926, 3459.066, 10.016
935.323, 906.719, 1303.121, 3448.327, 10.028
936.254, 907.467, 1304.315, 3436.578, 10.040
937.181, 908.218, 1305.509, 3424.224, 10.052
938.065, 909.010, 1306.695, 3413.858, 10.065
938.953, 909.799, 1307.882, 3404.547, 10.077
939.841, 910.587, 1309.069, 3395.903, 10.089
940.725, 911.379, 1310.255, 3386.050, 10.101
941.652, 912.131, 1311.449, 3375.477, 10.113
942.583, 912.879, 1312.642, 3365.118, 10.125
943.515, 913.626, 1313.837, 3355.229, 10.138
944.445, 914.375, 1315.031, 3344.316, 10.150
945.334, 915.163, 1316.218, 3333.149, 10.162
946.229, 915.945, 1317.406, 3321.457, 10.174
947.125, 916.725, 1318.594, 3310.729, 10.186
948.020, 917.507, 1319.783, 3301.197, 10.198
948.909, 918.295, 1320.970, 3292.937, 10.211
949.839, 919.044, 1322.164, 3284.657, 10.223
950.771, 919.791, 1323.358, 3275.531, 10.235
951.666, 920.573, 1324.546, 3267.477, 10.247
952.570, 921.346, 1325.736, 3259.983, 10.259
953.480, 922.114, 1326.926, 3252.159, 10.272
954.392, 922.880, 1328.117, 3244.596, 10.284
955.302, 923.647, 1329.308, 3236.964, 10.296
956.206, 924.420, 1330.497, 3229.790, 10.308
957.152, 925.155, 1331.694, 3222.892, 10.320
958.099, 925.888, 1332.892, 3217.380, 10.333
959.009, 926.655, 1334.082, 3212.807, 10.345
959.929, 927.414, 1335.274, 3206.643, 10.357
960.855, 928.167, 1336.468, 3199.602, 10.369
961.782, 928.919, 1337.661, 3192.497, 10.381
962.708, 929.672, 1338.855, 3186.599, 10.394
963.627, 930.431, 1340.047, 3180.340, 10.406
964.537, 931.199, 1341.237, 3173.734, 10.418
965.448, 931.965, 1342.428, 3165.814, 10.430
966.371, 932.721, 1343.621, 3157.019, 10.442
967.301, 933.470, 1344.815, 3148.094, 10.455
968.235, 934.215, 1346.010, 3140.190, 10.467
969.170, 934.961, 1347.205, 3131.773, 10.479
970.100, 935.709, 1348.399, 3122.261, 10.491
971.023, 936.465, 1349.592, 3111.951, 10.503
971.934, 937.232, 1350.782, 3102.428, 10.516
972.844, 938.000, 1351.973, 3092.862, 10.528
973.763, 938.759, 1353.165, 3083.169, 10.540
974.689, 939.512, 1354.358, 3072.870, 10.552
975.616, 940.263, 1355.552, 3062.871, 10.564
976.505, 941.051, 1356.740, 3052.217, 10.577
977.402, 941.831, 1357.928, 3043.003, 10.589
978.302, 942.608, 1359.117, 3034.291, 10.601
979.250, 943.340, 1360.314, 3024.402, 10.613
980.208, 944.064, 1361.512, 3014.155, 10.625
981.170, 944.783, 1362.712, 3004.453, 10.638
982.097, 945.535, 1363.906, 2995.634, 10.650
983.034, 946.277, 1365.101, 2988.107, 10.662
983.977, 947.014, 1366.298, 2980.996, 10.674
984.921, 947.750, 1367.495, 2974.460, 10.687
985.861, 948.490, 1368.691, 2966.706, 10.699
986.843, 949.190, 1369.895, 2959.236, 10.711
987.828, 949.888, 1371.101, 2951.952, 10.724
988.810, 950.588, 1372.306, 2944.889, 10.736
989.750, 951.328, 1373.502, 2937.040, 10.748
990.694, 952.064, 1374.699, 2928.862, 10.760
991.637, 952.801, 1375.896, 2921.390, 10.773
992.575, 953.543, 1377.091, 2915.316, 10.785
993.552, 954.248, 1378.295, 2909.987, 10.797
994.530, 954.952, 1379.500, 2904.816, 10.809
995.467, 955.695, 1380.695, 2898.739, 10.822
996.410, 956.432, 1381.892, 2892.212, 10.834
997.354, 957.168, 1383.089, 2885.965, 10.846
998.294, 957.907, 1384.285, 2879.879, 10.858
999.226, 958.655, 1385.480, 2874.446, 10.871
1000.144, 959.415, 1386.671, 2868.557, 10.883
1001.094, 960.145, 1387.870, 2863.566, 10.895
1002.001, 960.916, 1389.059, 2859.997, 10.907
1002.909, 961.686, 1390.249, 2857.927, 10.919
1003.814, 962.458, 1391.439, 2855.762, 10.932
1004.763, 963.189, 1392.636, 2853.429, 10.944
1005.715, 963.918, 1393.835, 2849.997, 10.956
1006.665, 964.648, 1395.033, 2847.159, 10.968
1007.574, 965.417, 1396.223, 2844.768, 10.981
1008.489, 966.181, 1397.414, 2843.142, 10.993
1009.403, 966.944, 1398.605, 2841.404, 11.005
1010.363, 967.665, 1399.805, 2840.572, 11.017
1011.329, 968.381, 1401.006, 2839.352, 11.030
1012.297, 969.094, 1402.208, 2839.397, 11.042
1013.263, 969.810, 1403.409, 2839.610, 11.054
1014.223, 970.531, 1404.610, 2839.958, 11.066
1015.137, 971.295, 1405.800, 2839.729, 11.079
1016.051, 972.059, 1406.991, 2839.476, 11.091
1016.961, 972.827, 1408.181, 2837.982, 11.103
1017.911, 973.557, 1409.380, 2837.522, 11.115
1018.863, 974.286, 1410.578, 2837.108, 11.127
1019.811, 975.018, 1411.777, 2836.653, 11.140
1020.717, 975.790, 1412.965, 2835.482, 11.152
1021.625, 976.559, 1414.155, 2834.315, 11.164
1022.531, 977.330, 1415.345, 2833.093, 11.176
1023.482, 978.060, 1416.543, 2832.627, 11.188
1024.436, 978.786, 1417.742, 2832.242, 11.201
1025.391, 979.512, 1418.941, 2832.142, 11.213
1026.305, 980.276, 1420.132, 2831.913, 11.225
1027.225, 981.035, 1421.324, 2830.445, 11.237
1028.109, 981.827, 1422.509, 2829.265, 11.250
1029.003, 982.609, 1423.697, 2827.546, 11.262
1029.952, 983.341, 1424.894, 2825.122, 11.274
1030.915, 984.060, 1426.095, 2822.071, 11.286
1031.886, 984.770, 1427.297, 2818.711, 11.298
1032.860, 985.478, 1428.500, 2814.837, 11.311
1033.834, 986.186, 1429.703, 2810.998, 11.323
1034.766, 986.933, 1430.897, 2807.282, 11.335
1035.751, 987.630, 1432.103, 2803.347, 11.348
1036.749, 988.316, 1433.311, 2798.451, 11.360
1037.755, 988.994, 1434.521, 2794.490, 11.372
1038.764, 989.670, 1435.735, 2789.767, 11.385
1039.770, 990.347, 1436.949, 2785.756, 11.397
1040.734, 991.065, 1438.149, 2781.107, 11.410
1041.699, 991.781, 1439.351, 2776.173, 11.422
1042.661, 992.501, 1440.552, 2771.319, 11.434
1043.664, 993.182, 1441.763, 2765.811, 11.447
1044.667, 993.863, 1442.975, 2760.882, 11.459
1045.665, 994.549, 1444.186, 2756.661, 11.471
1046.653, 995.243, 1445.394, 2751.051, 11.484
1047.590, 995.985, 1446.588, 2745.651, 11.496
1048.522, 996.733, 1447.781, 2740.070, 11.508
1049.493, 997.444, 1448.984, 2735.304, 11.520
1050.462, 998.156, 1450.187, 2729.593, 11.533
1051.424, 998.875, 1451.388, 2724.524, 11.545
1052.339, 999.639, 1452.577, 2719.126, 11.557
1053.250, 1000.405, 1453.765, 2713.908, 11.569
1054.153, 1001.180, 1454.951, 2708.820, 11.581
1055.092, 1001.920, 1456.147, 2703.876, 11.594
1056.027, 1002.665, 1457.341, 2699.213, 11.606
1056.966, 1003.406, 1458.537, 2694.197, 11.618
1057.919, 1004.133, 1459.736, 2688.970, 11.630
1058.883, 1004.851, 1460.937, 2683.631, 11.643
1059.851, 1005.564, 1462.140, 2677.907, 11.655
1060.819, 1006.278, 1463.343, 2672.502, 11.667
1061.746, 1007.030, 1464.535, 2667.789, 11.679
1062.676, 1007.778, 1465.729, 2663.712, 11.692
1063.656, 1008.481, 1466.934, 2659.641, 11.704
1064.644, 1009.176, 1468.141, 2656.118, 11.716
1065.597, 1009.903, 1469.340, 2653.221, 11.729
1066.563, 1010.619, 1470.542, 2650.066, 11.741
1067.534, 1011.330, 1471.746, 2647.856, 11.753
1068.505, 1012.040, 1472.949, 2645.600, 11.766
1069.522, 1012.709, 1474.164, 2643.782, 11.778
1070.542, 1013.374, 1475.379, 2642.131, 11.790
1071.561, 1014.039, 1476.595, 2640.466, 11.803
1072.538, 1014.745, 1477.800, 2639.313, 11.815
1073.518, 1015.447, 1479.006, 2637.805, 11.828
1074.495, 1016.152, 1480.211, 2636.611, 11.840
1075.463, 1016.866, 1481.413, 2636.476, 11.852
1076.431, 1017.579, 1482.616, 2636.445, 11.864
1077.408, 1018.284, 1483.821, 2636.770, 11.877
1078.388, 1018.987, 1485.026, 2636.825, 11.889
1079.365, 1019.692, 1486.231, 2638.649, 11.901
1080.334, 1020.405, 1487.434, 2639.923, 11.914
1081.338, 1021.084, 1488.647, 2641.849, 11.926
1082.338, 1021.768, 1489.858, 2643.952, 11.939
1083.329, 1022.461, 1491.067, 2645.754, 11.951
1084.268, 1023.201, 1492.261, 2647.513, 11.963
1085.202, 1023.947, 1493.454, 2648.859, 11.975
1086.174, 1024.656, 1494.658, 2650.212, 11.988
1087.145, 1025.367, 1495.861, 2652.189, 12.000
1088.110, 1026.084, 1497.063, 2704.208, 11.988
1089.026, 1026.846, 1498.252, 2707.439, 11.976
1089.939, 1027.610, 1499.442, 2709.892, 11.963
1090.895, 1028.335, 1500.641, 2713.047, 11.951
1091.851, 1029.060, 1501.841, 2715.820, 11.939
1092.768, 1029.822, 1503.031, 2718.940, 11.927
1093.689, 1030.579, 1504.223, 2722.322, 11.914
1094.660, 1031.290, 1505.426, 2725.380, 11.902
1095.639, 1031.993, 1506.631, 2728.035, 11.890
1096.587, 1032.726, 1507.829, 2730.582, 11.878
1097.546, 1033.447, 1509.030, 2733.009, 11.865
1098.513, 1034.162, 1510.232, 2735.070, 11.853
1099.443, 1034.910, 1511.426, 2736.571, 11.841
1100.383, 1035.651, 1512.621, 2738.006, 11.829
1101.375, 1036.341, 1513.830, 2739.253, 11.816
1102.378, 1037.022, 1515.042, 2740.114, 11.804
1103.386, 1037.699, 1516.256, 2740.990, 11.791
1104.357, 1038.410, 1517.458, 2742.359, 11.779
1105.385, 1039.067, 1518.678, 2743.647, 11.767
1106.428, 1039.710, 1519.903, 2745.213, 11.754
1107.481, 1040.344, 1521.131, 2745.959, 11.741
1108.538, 1040.975, 1522.361, 2746.303, 11.729
1109.557, 1041.641, 1523.578, 2747.115, 11.716
1110.582, 1042.302, 1524.797, 2747.106, 11.704
1111.605, 1042.964, 1526.016, 2746.953, 11.691
1112.621, 1043.633, 1527.232, 2746.607, 11.679
1113.673, 1044.268, 1528.460, 2746.871, 11.666
1114.683, 1044.942, 1529.674, 2748.292, 11.654
1115.695, 1045.615, 1530.889, 2749.412, 11.642
1116.702, 1046.292, 1532.103, 2750.882, 11.629
1117.697, 1046.980, 1533.312, 2752.198, 11.617
1118.689, 1047.671, 1534.521, 2752.640, 11.604
1119.684, 1048.359, 1535.730, 2753.223, 11.592
1120.677, 1049.050, 1536.939, 2753.241, 11.580
1121.660, 1049.749, 1538.145, 2753.894, 11.567
1122.678, 1050.417, 1539.362, 2754.454, 11.555
1123.687, 1051.091, 1540.576, 2754.878, 11.543
1124.647, 1051.812, 1541.777, 2756.290, 11.530
1125.601, 1052.539, 1542.976, 2758.200, 11.518
1126.557, 1053.264, 1544.176, 2759.790, 11.506
1127.523, 1053.980, 1545.378, 2760.946, 11.493
1128.491, 1054.693, 1546.580, 2761.669, 11.481
1129.507, 1055.362, 1547.795, 2763.154, 11.469
1130.527, 1056.027, 1549.011, 2764.723, 11.456
1131.547, 1056.692, 1550.227, 2767.473, 11.444
1132.523, 1057.398, 1551.432, 2771.483, 11.431
1133.536, 1058.069, 1552.647, 2776.341, 11.419
1134.545, 1058.745, 1553.860, 2781.493, 11.407
1135.558, 1059.416, 1555.075, 2787.026, 11.394
1136.532, 1060.124, 1556.279, 2792.514, 11.382
1137.512, 1060.826, 1557.485, 2798.676, 11.370
1138.491, 1061.530, 1558.690, 2803.806, 11.357
1139.514, 1062.193, 1559.908, 2809.147, 11.345
1140.537, 1062.854, 1561.126, 2815.714, 11.332
1141.555, 1063.521, 1562.342, 2822.250, 11.320
1142.563, 1064.197, 1563.556, 2828.972, 11.307
1143.518, 1064.923, 1564.754, 2836.450, 11.295
1144.515, 1065.609, 1565.965, 2842.788, 11.283
1145.513, 1066.296, 1567.175, 2849.335, 11.270
1146.468, 1067.021, 1568.375, 2855.226, 11.258
1147.425, 1067.745, 1569.575, 2861.774, 11.246
1148.428, 1068.426, 1570.786, 2868.186, 11.233
1149.434, 1069.103, 1571.999, 2874.263, 11.221
1150.439, 1069.782, 1573.211, 2880.505, 11.209
1151.437, 1070.469, 1574.422, 2886.845, 11.196
1152.384, 1071.202, 1575.618, 2893.688, 11.184
1153.325, 1071.940, 1576.814, 2901.255, 11.172
1154.305, 1072.643, 1578.019, 2907.745, 11.159
1155.245, 1073.383, 1579.215, 2913.085, 11.147
1156.239, 1074.072, 1580.424, 2918.261, 11.135
1157.246, 1074.749, 1581.637, 2924.326, 11.122
1158.260, 1075.420, 1582.851, 2931.086, 11.110
1159.274, 1076.090, 1584.067, 2937.571, 11.098
1160.248, 1076.799, 1585.270, 2945.862, 11.085
1161.224, 1077.504, 1586.475, 2953.866, 11.073
1162.247, 1078.166, 1587.693, 2961.819, 11.060
1163.188, 1078.905, 1588.888, 2969.154, 11.048
1164.177, 1079.600, 1590.096, 2976.059, 11.036
1165.170, 1080.289, 1591.305, 2982.959, 11.023
1166.213, 1080.933, 1592.528, 2989.224, 11.011
1167.262, 1081.571, 1593.753, 2995.537, 10.998
1168.312, 1082.208, 1594.981, 3002.232, 10.986
1169.321, 1082.883, 1596.195, 3008.621, 10.973
1170.297, 1083.590, 1597.398, 3014.124, 10.961
1171.282, 1084.287, 1598.605, 3019.869, 10.949
1172.269, 1084.983, 1599.812, 3027.584, 10.936
1173.301, 1085.637, 1601.033, 3034.248, 10.924
1174.335, 1086.289, 1602.255, 3041.731, 10.911
1175.328, 1086.979, 1603.464, 3049.126, 10.899
1176.373, 1087.620, 1604.690, 3055.234, 10.887
1177.429, 1088.252, 1605.919, 3060.643, 10.874
1178.487, 1088.882, 1607.149, 3066.348, 10.861
1179.541, 1089.514, 1608.378, 3071.940, 10.849
1180.549, 1090.191, 1609.591, 3078.297, 10.836
1181.552, 1090.872, 1610.803, 3085.309, 10.824
1182.595, 1091.516, 1612.028, 3092.301, 10.811
1183.634, 1092.163, 1613.252, 3098.670, 10.799
1184.625, 1092.854, 1614.461, 3106.420, 10.787
1185.664, 1093.502, 1615.684, 3115.480, 10.774
1186.707, 1094.145, 1616.910, 3125.468, 10.762
1187.710, 1094.826, 1618.122, 3135.673, 10.749
1188.718, 1095.503, 1619.335, 3146.310, 10.737
1189.685, 1096.217, 1620.535, 3157.131, 10.724
1190.704, 1096.883, 1621.753, 3166.367, 10.712
1191.733, 1097.540, 1622.973, 3176.106, 10.699
1192.762, 1098.196, 1624.194, 3185.178, 10.687
1193.836, 1098.811, 1625.430, 3194.698, 10.674
1194.911, 1099.425, 1626.667, 3204.054, 10.662
1195.979, 1100.044, 1627.902, 3213.712, 10.649
1196.999, 1100.710, 1629.119, 3223.386, 10.637
1198.013, 1101.380, 1630.334, 3232.522, 10.624
1199.014, 1102.063, 1631.545, 3241.630, 10.612
1200.044, 1102.719, 1632.766, 3250.744, 10.599
1201.075, 1103.373, 1633.987, 3260.712, 10.587
1202.115, 1104.020, 1635.211, 3270.579, 10.574
1203.157, 1104.664, 1636.436, 3277.987, 10.562
1204.157, 1105.348, 1637.647, 3285.788, 10.549
1205.160, 1106.029, 1638.859, 3292.926, 10.537
1206.207, 1106.668, 1640.086, 3298.847, 10.524
1207.257, 1107.306, 1641.313, 3304.529, 10.512
1208.301, 1107.948, 1642.539, 3309.602, 10.499
1209.298, 1108.635, 1643.749, 3314.720, 10.487
1210.290, 1109.326, 1644.957, 3319.708, 10.475
1211.284, 1110.015, 1646.165, 3325.046, 10.462
1212.286, 1110.697, 1647.377, 3329.837, 10.450
1213.289, 1111.377, 1648.589, 3335.740, 10.437
1214.286, 1112.064, 1649.800, 3342.417, 10.425
1215.319, 1112.717, 1651.021, 3348.592, 10.412
1216.309, 1113.410, 1652.229, 3354.930, 10.400
1217.299, 1114.103, 1653.438, 3360.637, 10.388
1218.332, 1114.756, 1654.659, 3367.459, 10.375
1219.365, 1115.409, 1655.881, 3373.649, 10.363
1220.442, 1116.020, 1657.117, 3379.820, 10.350
1221.485, 1116.664, 1658.342, 3387.062, 10.338
1222.538, 1117.299, 1659.570, 3393.470, 10.325
1223.593, 1117.931, 1660.800, 3400.685, 10.312
1224.608, 1118.601, 1662.016, 3408.359, 10.300
1225.626, 1119.268, 1663.233, 3417.597, 10.288
1226.639, 1119.939, 1664.448, 3426.458, 10.275
1227.690, 1120.575, 1665.676, 3435.530, 10.263
1228.700, 1121.249, 1666.890, 3444.516, 10.250
1229.712, 1121.921, 1668.105, 3454.067, 10.238
1230.719, 1122.599, 1669.318, 3463.727, 10.225
1231.726, 1123.276, 1670.532, 3471.593, 10.213
1232.741, 1123.946, 1671.748, 3479.553, 10.200
1233.756, 1124.615, 1672.964, 3488.600, 10.188
1234.814, 1125.245, 1674.194, 3497.403, 10.175
1235.872, 1125.874, 1675.425, 3506.191, 10.163
1236.924, 1126.510, 1676.654, 3514.974, 10.150
1237.925, 1127.192, 1677.864, 3524.426, 10.138
1238.920, 1127.881, 1679.073, 3534.567, 10.125
1239.951, 1128.535, 1680.295, 3544.087, 10.113
1240.939, 1129.230, 1681.501, 3553.264, 10.101
1241.978, 1129.878, 1682.725, 3561.158, 10.088
1243.024, 1130.518, 1683.952, 3568.461, 10.076
1244.036, 1131.191, 1685.167, 3573.701, 10.063
1245.054, 1131.857, 1686.384, 3578.880, 10.051
1246.073, 1132.523, 1687.601, 3585.448, 10.038
1247.135, 1133.149, 1688.833, 3590.467, 10.026
1248.161, 1133.809, 1690.052, 3596.391, 10.013
1249.157, 1134.496, 1691.262, 3601.336, 10.001
1250.165, 1135.172, 1692.475, 3606.854, 9.988
1251.177, 1135.844, 1693.691, 3612.735, 9.976
1252.236, 1136.474, 1694.921, 3618.201, 9.963
1253.296, 1137.101, 1696.152, 3624.004, 9.951
1254.351, 1137.734, 1697.381, 3629.312, 9.938
1255.406, 1138.366, 1698.611, 3634.671, 9.926
1256.469, 1138.990, 1699.843, 3641.361, 9.913
1257.532, 1139.615, 1701.076, 3648.005, 9.900
1258.551, 1140.281, 1702.293, 3655.977, 9.888
1259.619, 1140.901, 1703.527, 3663.809, 9.875
1260.692, 1141.517, 1704.764, 3672.255, 9.863
1261.762, 1142.135, 1705.999, 3682.111, 9.850
1262.836, 1142.750, 1707.237, 3693.679, 9.837
1263.920, 1143.355, 1708.478, 3707.312, 9.825
1265.008, 1143.957, 1709.720, 3722.151, 9.812
1266.054, 1144.597, 1710.947, 3739.237, 9.799
1267.101, 1145.237, 1712.174, 3757.952, 9.787
1268.140, 1145.884, 1713.397, 3777.301, 9.774
1269.177, 1146.533, 1714.621, 3798.180, 9.762
1270.219, 1147.178, 1715.845, 3817.777, 9.749
1271.255, 1147.828, 1717.068, 3837.194, 9.737
1272.329, 1148.443, 1718.305, 3856.408, 9.724
1273.396, 1149.064, 1719.540, 3876.629, 9.711
1274.412, 1149.732, 1720.755, 3898.215, 9.699
1275.470, 1150.362, 1721.986, 3921.325, 9.686
1276.527, 1150.992, 1723.217, 3943.525, 9.674
1277.537, 1151.667, 1724.430, 3964.730, 9.661
1278.543, 1152.344, 1725.642, 3987.348, 9.649
1279.588, 1152.986, 1726.868, 4010.569, 9.636
1280.678, 1153.586, 1728.111, 4033.647, 9.624
1281.734, 1154.217, 1729.341, 4055.058, 9.611
1282.798, 1154.841, 1730.575, 4075.076, 9.599
1283.863, 1155.464, 1731.809, 4095.483, 9.586
1284.885, 1156.127, 1733.026, 4117.082, 9.573
1285.906, 1156.791, 1734.243, 4139.152, 9.561
1286.968, 1157.417, 1735.476, 4161.572, 9.548
1288.027, 1158.045, 1736.708, 4181.612, 9.536
1289.076, 1158.683, 1737.935, 4202.141, 9.523
1290.121, 1159.325, 1739.161, 4222.401, 9.511
1291.169, 1159.964, 1740.389, 4244.563, 9.498
1292.212, 1160.608, 1741.614, 4266.801, 9.486
1293.206, 1161.297, 1742.822, 4288.076, 9.473
1294.207, 1161.979, 1744.033, 4309.865, 9.461
1295.223, 1162.649, 1745.248, 4331.264, 9.448
1296.243, 1163.314, 1746.466, 4353.646, 9.436
1297.310, 1163.935, 1747.700, 4373.672, 9.423
1298.380, 1164.553, 1748.935, 4391.334, 9.411
1299.445, 1165.176, 1750.168, 4409.130, 9.398
1300.512, 1165.797, 1751.402, 4426.448, 9.385
1301.587, 1166.410, 1752.640, 4443.574, 9.373
1302.628, 1167.056, 1753.864, 4461.579, 9.360
1303.675, 1167.696, 1755.091, 4481.561, 9.348
1304.720, 1168.338, 1756.318, 4500.304, 9.335
1305.805, 1168.942, 1757.559, 4517.235, 9.322
1306.887, 1169.549, 1758.800, 4532.790, 9.310
1307.920, 1170.202, 1760.021, 4547.617, 9.297
1308.999, 1170.812, 1761.260, 4559.952, 9.285
1310.078, 1171.421, 1762.500, 4571.466, 9.272
1311.151, 1172.037, 1763.737, 4582.198, 9.259
1312.173, 1172.700, 1764.954, 4594.613, 9.247
1313.237, 1173.324, 1766.187, 4607.959, 9.234
1314.299, 1173.949, 1767.420, 4624.326, 9.222
1315.315, 1174.618, 1768.635, 4637.942, 9.209
1316.342, 1175.277, 1769.854, 4647.988, 9.197
1317.385, 1175.920, 1771.079, 4656.759, 9.184
1318.436, 1176.556, 1772.308, 4665.335, 9.172
1319.486, 1177.193, 1773.536, 4674.226, 9.159
1320.526, 1177.839, 1774.760, 4681.330, 9.146
1321.563, 1178.489, 1775.983, 4686.017, 9.134
1322.601, 1179.137, 1777.207, 4691.286, 9.121
1323.633, 1179.791, 1778.428, 4697.691, 9.109
1324.700, 1180.412, 1779.663, 4706.208, 9.096
1325.809, 1180.994, 1780.913, 4714.531, 9.084
1326.881, 1181.611, 1782.149, 4719.275, 9.071
1327.958, 1182.222, 1783.388, 4723.016, 9.058
1329.034, 1182.835, 1784.626, 4727.723, 9.046
1330.064, 1183.491, 1785.846, 4735.021, 9.033
1331.089, 1184.150, 1787.065, 4741.796, 9.021
1332.117, 1184.808, 1788.285, 4747.065, 9.008
1333.153, 1185.459, 1789.508, 4755.389, 8.996
1334.238, 1186.063, 1790.749, 4766.376, 8.983
1335.329, 1186.661, 1791.992, 4777.154, 8.970
1336.382, 1187.296, 1793.222, 4787.368, 8.958
1337.438, 1187.926, 1794.452, 4794.867, 8.945
1338.490, 1188.562, 1795.681, 4802.808, 8.932
1339.580, 1189.162, 1796.924, 4814.280, 8.920
1340.662, 1189.769, 1798.164, 4829.468, 8.907
1341.694, 1190.423, 1799.385, 4846.270, 8.895
1342.716, 1191.085, 1800.603, 4862.619, 8.882
1343.773, 1191.716, 1801.834, 4878.080, 8.869
1344.782, 1192.391, 1803.046, 4894.108, 8.857
1345.787, 1193.070, 1804.258, 4906.511, 8.845
1346.792, 1193.749, 1805.469, 4916.612, 8.832
1347.856, 1194.374, 1806.702, 4924.105, 8.820
1348.896, 1195.020, 1807.927, 4929.388, 8.807
1349.955, 1195.648, 1809.158, 4934.538, 8.795
1351.025, 1196.266, 1810.394, 4938.618, 8.782
1352.097, 1196.882, 1811.631, 4946.754, 8.769
1353.177, 1197.492, 1812.871, 4956.352, 8.757
1354.270, 1198.088, 1814.116, 4965.208, 8.744
1355.369, 1198.680, 1815.363, 4974.306, 8.731
1356.463, 1199.276, 1816.609, 4980.870, 8.718
1357.508, 1199.917, 1817.834, 4987.548, 8.706
1358.596, 1200.518, 1819.078, 4994.038, 8.693
1359.683, 1201.121, 1820.320, 4997.399, 8.680
1360.722, 1201.768, 1821.543, 4999.843, 8.668
1361.807, 1202.373, 1822.785, 4999.826, 8.655
1362.892, 1202.977, 1824.027, 4999.806, 8.642
1363.982, 1203.577, 1825.271, 5000.000, 8.630
1365.084, 1204.165, 1826.520, 5000.000, 8.617
1366.189, 1204.751, 1827.770, 5000.000, 8.604
1367.251, 1205.376, 1829.003, 5000.000, 8.592
1368.364, 1205.955, 1830.256, 5000.000, 8.579
1369.481, 1206.529, 1831.511, 5000.000, 8.566
1370.558, 1207.140, 1832.750, 5000.000, 8.553
1371.636, 1207.751, 1833.989, 5000.000, 8.540
1372.706, 1208.370, 1835.224, 5000.000, 8.528
1373.808, 1208.958, 1836.473, 5000.000, 8.515
1374.861, 1209.593, 1837.703, 5000.000, 8.502
1375.906, 1210.234, 1838.929, 5000.000, 8.490
1376.985, 1210.844, 1840.168, 5000.000, 8.477
1378.016, 1211.499, 1841.389, 5000.000, 8.465
1379.090, 1212.113, 1842.626, 5000.000, 8.452
1380.164, 1212.727, 1843.863, 5000.000, 8.439
1381.280, 1213.303, 1845.117, 5000.000, 8.427
1382.356, 1213.916, 1846.355, 5000.000, 8.414
1383.434, 1214.526, 1847.594, 5000.000, 8.401
1384.471, 1215.176, 1848.817, 5000.000, 8.389
1385.558, 1215.779, 1850.059, 5000.000, 8.376
1386.649, 1216.377, 1851.303, 5000.000, 8.363
1387.700, 1217.013, 1852.532, 5000.000, 8.351
1388.752, 1217.648, 1853.760, 5000.000, 8.338
1389.846, 1218.244, 1855.006, 5000.000, 8.325
1390.937, 1218.842, 1856.250, 5000.000, 8.313
1391.981, 1219.485, 1857.475, 5000.000, 8.300
1393.068, 1220.087, 1858.718, 5000.000, 8.287
1394.155, 1220.690, 1859.960, 5000.000, 8.275
1395.232, 1221.302, 1861.199, 5000.000, 8.262
1396.305, 1221.917, 1862.436, 5000.000, 8.249
1397.380, 1222.531, 1863.674, 5000.000, 8.237
1398.448, 1223.151, 1864.909, 5000.000, 8.224
1399.515, 1223.772, 1866.143, 5000.000, 8.211
1400.587, 1224.388, 1867.380, 5000.000, 8.199
1401.655, 1225.008, 1868.615, 5000.000, 8.186
1402.725, 1225.627, 1869.851, 5000.000, 8.174
1403.767, 1226.272, 1871.075, 5000.000, 8.161
1404.821, 1226.905, 1872.305, 5000.000, 8.148
1405.878, 1227.536, 1873.536, 5000.000, 8.136
1406.979, 1228.125, 1874.783, 5000.000, 8.123
1408.079, 1228.715, 1876.031, 5000.000, 8.110
1409.169, 1229.314, 1877.275, 5000.000, 8.098
1410.255, 1229.917, 1878.518, 5000.000, 8.085
1411.344, 1230.518, 1879.761, 5000.000, 8.072
1412.389, 1231.160, 1880.987, 5000.000, 8.060
1413.432, 1231.803, 1882.212, 5000.000, 8.047
1414.515, 1232.409, 1883.453, 5000.000, 8.034
1415.592, 1233.021, 1884.691, 5000.000, 8.022
1416.669, 1233.633, 1885.930, 5000.000, 8.009
1417.752, 1234.240, 1887.170, 5000.000, 7.996
1418.831, 1234.849, 1888.410, 5000.000, 7.984
1419.914, 1235.455, 1889.651, 5000.000, 7.971
1421.005, 1236.054, 1890.895, 5000.000, 7.958
1422.097, 1236.652, 1892.140, 5000.000, 7.946
1423.179, 1237.258, 1893.381, 5000.000, 7.933
1424.259, 1237.868, 1894.621, 5000.000, 7.920
1425.342, 1238.474, 1895.862, 5000.000, 7.907
1426.419, 1239.086, 1897.100, 5000.000, 7.895
1427.445, 1239.745, 1898.318, 5000.000, 7.882
1428.512, 1240.366, 1899.553, 5000.000, 7.870
1429.575, 1240.991, 1900.786, 5000.000, 7.857
1430.626, 1241.627, 1902.014, 5000.000, 7.844
1431.670, 1242.269, 1903.240, 5000.000, 7.832
1432.713, 1242.913, 1904.465, 5000.000, 7.819
1433.710, 1243.599, 1905.672, 5000.000, 7.807
1434.753, 1244.243, 1906.898, 5000.000, 7.795
1435.848, 1244.838, 1908.143, 5000.000, 7.782
1436.951, 1245.425, 1909.391, 5000.000, 7.769
1438.017, 1246.047, 1910.626, 5000.000, 7.756
1439.089, 1246.664, 1911.862, 5000.000, 7.744
1440.122, 1247.317, 1913.084, 5000.000, 7.731
1441.157, 1247.968, 1914.306, 5000.000, 7.719
1442.235, 1248.579, 1915.544, 5000.000, 7.706
1443.274, 1249.226, 1916.768, 5000.000, 7.694
1444.367, 1249.822, 1918.013, 5000.000, 7.681
1445.469, 1250.411, 1919.262, 5000.000, 7.668
1446.571, 1250.999, 1920.512, 5000.000, 7.655
1447.628, 1251.630, 1921.741, 5000.000, 7.643
1448.732, 1252.217, 1922.991, 5000.000, 7.630
1449.838, 1252.801, 1924.242, 5000.000, 7.617
1450.900, 1253.427, 1925.474, 5000.000, 7.604
1452.012, 1254.006, 1926.728, 5000.000, 7.592
1453.091, 1254.616, 1927.967, 5000.000, 7.579
1454.179, 1255.218, 1929.210, 5000.000, 7.566
1455.265, 1255.820, 1930.453, 5000.000, 7.554
1456.392, 1256.385, 1931.713, 5000.000, 7.541
1457.478, 1256.989, 1932.955, 5000.000, 7.528
1458.564, 1257.593, 1934.197, 5000.000, 7.515
1459.654, 1258.192, 1935.441, 5000.000, 7.502
1460.755, 1258.782, 1936.690, 5000.000, 7.490
1461.855, 1259.372, 1937.938, 5000.000, 7.477
1462.945, 1259.971, 1939.182, 5000.000, 7.464
1464.031, 1260.574, 1940.425, 5000.000, 7.452
1465.117, 1261.178, 1941.667, 5000.000, 7.439
1466.244, 1261.743, 1942.927, 5000.000, 7.426
1467.331, 1262.346, 1944.169, 5000.000, 7.413
1468.418, 1262.948, 1945.412, 5000.000, 7.400
1469.497, 1263.557, 1946.652, 5000.000, 7.388
1470.609, 1264.137, 1947.905, 5000.000, 7.375
1471.671, 1264.762, 1949.137, 5000.000, 7.362
1472.777, 1265.347, 1950.388, 5000.000, 7.350
1473.845, 1265.968, 1951.623, 5000.000, 7.337
1474.915, 1266.586, 1952.858, 5000.000, 7.324
1476.030, 1267.162, 1954.113, 5000.000, 7.311
1477.143, 1267.740, 1955.367, 5000.000, 7.299
1478.210, 1268.361, 1956.601, 5000.000, 7.286
1479.237, 1269.020, 1957.818, 5000.000, 7.274
1480.276, 1269.667, 1959.042, 5000.000, 7.261
1481.370, 1270.263, 1960.287, 5000.000, 7.248
1482.420, 1270.900, 1961.515, 5000.000, 7.236
1483.518, 1271.492, 1962.762, 5000.000, 7.223
1484.618, 1272.082, 1964.010, 5000.000, 7.210
1485.762, 1272.631, 1965.276, 5000.000, 7.197
1486.903, 1273.183, 1966.542, 5000.000, 7.184
1487.998, 1273.778, 1967.788, 5000.000, 7.172
1489.086, 1274.379, 1969.031, 5000.000, 7.159
1490.174, 1274.981, 1970.274, 5000.000, 7.146
1491.266, 1275.579, 1971.519, 5000.000, 7.133
1492.402, 1276.135, 1972.783, 5000.000, 7.120
1493.539, 1276.691, 1974.048, 5000.000, 7.107
1494.630, 1277.290, 1975.292, 5000.000, 7.095
1495.718, 1277.891, 1976.535, 5000.000, 7.082
1496.807, 1278.492, 1977.778, 5000.000, 7.069
1497.901, 1279.088, 1979.024, 5000.000, 7.057
1498.992, 1279.687, 1980.268, 5000.000, 7.044
1500.120, 1280.251, 1981.529, 5000.000, 7.031
1501.204, 1280.856, 1982.770, 5000.000, 7.018
1502.284, 1281.464, 1984.010, 5000.000, 7.006
1503.353, 1282.084, 1985.245, 5000.000, 6.993
1504.414, 1282.711, 1986.476, 5000.000, 6.980
1505.471, 1283.341, 1987.707, 5000.000, 6.968
1506.531, 1283.969, 1988.938, 5000.000, 6.955
1507.598, 1284.590, 1990.172, 5000.000, 6.943
1508.625, 1285.249, 1991.390, 5000.000, 6.930
1509.653, 1285.906, 1992.608, 5000.000, 6.918
1510.722, 1286.525, 1993.844, 5000.000, 6.905
1511.838, 1287.101, 1995.098, 5000.000, 6.892
1512.968, 1287.662, 1996.359, 5000.000, 6.879
1514.070, 1288.252, 1997.608, 5000.000, 6.866
1515.219, 1288.796, 1998.877, 5000.000, 6.853
1516.334, 1289.371, 2000.131, 5000.000, 6.841
1517.458, 1289.940, 2001.390, 5000.000, 6.828
1518.579, 1290.510, 2002.648, 5000.000, 6.815
1519.653, 1291.125, 2003.885, 5000.000, 6.802
1520.769, 1291.700, 2005.140, 5000.000, 6.789
1521.883, 1292.278, 2006.395, 5000.000, 6.777
1522.999, 1292.853, 2007.650, 5000.000, 6.764
1524.121, 1293.423, 2008.909, 5000.000, 6.751
1525.204, 1294.029, 2010.149, 5000.000, 6.738
1526.288, 1294.634, 2011.390, 5000.000, 6.725
1527.413, 1295.201, 2012.650, 5000.000, 6.713
1528.534, 1295.772, 2013.908, 5000.000, 6.700
1529.654, 1296.343, 2015.165, 5000.000, 6.687
1530.779, 1296.910, 2016.425, 5000.000, 6.674
1531.863, 1297.515, 2017.666, 5000.000, 6.661
1532.946, 1298.121, 2018.907, 5000.000, 6.649
1534.069, 1298.690, 2020.165, 5000.000, 6.636
1535.148, 1299.300, 2021.404, 5000.000, 6.623
1536.224, 1299.912, 2022.642, 5000.000, 6.610
1537.302, 1300.524, 2023.880, 5000.000, 6.598
1538.347, 1301.165, 2025.104, 5000.000, 6.585
1539.488, 1301.717, 2026.371, 5000.000, 6.572
1540.627, 1302.271, 2027.636, 5000.000, 6.559
1541.805, 1302.788, 2028.923, 5000.000, 6.546
1542.941, 1303.345, 2030.187, 5000.000, 6.533
1544.039, 1303.937, 2031.434, 5000.000, 6.520
1545.141, 1304.526, 2032.682, 5000.000, 6.508
1546.285, 1305.075, 2033.951, 5000.000, 6.495
1547.390, 1305.660, 2035.201, 5000.000, 6.482
1548.497, 1306.244, 2036.452, 5000.000, 6.469
1549.644, 1306.790, 2037.723, 5000.000, 6.456
1550.787, 1307.341, 2038.991, 5000.000, 6.443
1551.878, 1307.939, 2040.235, 5000.000, 6.430
1553.010, 1308.499, 2041.498, 5000.000, 6.417
1554.137, 1309.065, 2042.758, 5000.000, 6.404
1555.211, 1309.679, 2043.994, 5000.000, 6.392
1556.325, 1310.257, 2045.249, 5000.000, 6.379
1557.395, 1310.874, 2046.483, 5000.000, 6.366
1558.514, 1311.447, 2047.740, 5000.000, 6.354
1559.634, 1312.018, 2048.997, 5000.000, 6.341
1560.747, 1312.597, 2050.251, 5000.000, 6.328
1561.806, 1313.225, 2051.481, 5000.000, 6.315
1562.902, 1313.819, 2052.727, 5000.000, 6.302
1563.953, 1314.455, 2053.953, 5000.000, 6.290
1565.051, 1315.048, 2055.200, 5000.000, 6.277
1566.148, 1315.641, 2056.448, 5000.000, 6.264
1567.199, 1316.276, 2057.675, 5000.000, 6.252
1568.296, 1316.870, 2058.922, 5000.000, 6.239
1569.391, 1317.465, 2060.168, 5000.000, 6.226
1570.527, 1318.022, 2061.432, 5000.000, 6.213
1571.672, 1318.569, 2062.700, 5000.000, 6.200
1572.782, 1319.151, 2063.953, 5000.000, 6.188
1573.847, 1319.774, 2065.185, 5000.000, 6.175
1574.907, 1320.401, 2066.416, 5000.000, 6.162
1576.002, 1320.996, 2067.663, 5000.000, 6.150
1577.101, 1321.587, 2068.911, 5000.000, 6.137
1578.209, 1322.170, 2070.163, 5000.000, 6.124
1579.316, 1322.754, 2071.414, 5000.000, 6.111
1580.463, 1323.300, 2072.683, 5000.000, 6.098
1581.569, 1323.884, 2073.934, 5000.000, 6.086
1582.675, 1324.469, 2075.185, 5000.000, 6.073
1583.735, 1325.097, 2076.416, 5000.000, 6.060
1584.840, 1325.682, 2077.666, 5000.000, 6.047
1585.944, 1326.269, 2078.916, 5000.000, 6.035
1587.038, 1326.865, 2080.162, 5000.000, 6.022
1588.125, 1327.467, 2081.405, 5000.000, 6.009
1589.212, 1328.070, 2082.647, 5000.000, 5.996
1590.303, 1328.669, 2083.892, 5000.000, 5.984
1591.402, 1329.260, 2085.140, 5000.000, 5.971
1592.500, 1329.852, 2086.387, 5000.000, 5.958
1593.551, 1330.488, 2087.615, 5000.000, 5.946
1594.647, 1331.082, 2088.861, 5000.000, 5.933
1595.704, 1331.713, 2090.091, 5000.000, 5.920
1596.814, 1332.294, 2091.344, 5000.000, 5.907
1597.930, 1332.868, 2092.599, 5000.000, 5.895
1599.044, 1333.446, 2093.853, 5000.000, 5.882
1600.160, 1334.021, 2095.108, 5000.000, 5.869
1601.282, 1334.591, 2096.366, 5000.000, 5.856
1602.365, 1335.197, 2097.607, 5000.000, 5.843
1603.449, 1335.802, 2098.849, 5000.000, 5.831
1604.538, 1336.403, 2100.092, 5000.000, 5.818
1605.672, 1336.961, 2101.355, 5000.000, 5.805
1606.805, 1337.521, 2102.618, 5000.000, 5.792
1607.942, 1338.077, 2103.883, 5000.000, 5.779
1609.036, 1338.672, 2105.129, 5000.000, 5.766
1610.180, 1339.222, 2106.396, 5000.000, 5.753
1611.326, 1339.768, 2107.665, 5000.000, 5.740
1612.430, 1340.356, 2108.915, 5000.000, 5.728
1613.530, 1340.945, 2110.164, 5000.000, 5.715
1614.668, 1341.500, 2111.430, 5000.000, 5.702
1615.761, 1342.098, 2112.674, 5000.000, 5.689
1616.899, 1342.652, 2113.940, 5000.000, 5.676
1618.038, 1343.206, 2115.207, 5000.000, 5.663
1619.131, 1343.803, 2116.451, 5000.000, 5.651
1620.218, 1344.405, 2117.693, 5000.000, 5.638
1621.303, 1345.010, 2118.935, 5000.000, 5.625
1622.390, 1345.612, 2120.177, 5000.000, 5.612
1623.519, 1346.175, 2121.439, 5000.000, 5.599
1624.608, 1346.776, 2122.682, 5000.000, 5.587
1625.696, 1347.376, 2123.925, 5000.000, 5.574
1626.826, 1347.940, 2125.187, 5000.000, 5.561
1627.912, 1348.542, 2126.429, 5000.000, 5.548
1629.048, 1349.099, 2127.694, 5000.000, 5.535
1630.187, 1349.653, 2128.959, 5000.000, 5.523
1631.283, 1350.247, 2130.206, 5000.000, 5.510
1632.375, 1350.844, 2131.451, 5000.000, 5.497
1633.506, 1351.406, 2132.713, 5000.000, 5.484
1634.590, 1352.011, 2133.954, 5000.000, 5.471
1635.722, 1352.572, 2135.216, 5000.000, 5.459
1636.853, 1353.133, 2136.479, 5000.000, 5.446
1637.988, 1353.690, 2137.743, 5000.000, 5.433
1639.047, 1354.319, 2138.975, 5000.000, 5.420
1640.190, 1354.869, 2140.241, 5000.000, 5.407
1641.286, 1355.463, 2141.487, 5000.000, 5.394
1642.425, 1356.017, 2142.753, 5000.000, 5.381
1643.560, 1356.574, 2144.018, 5000.000, 5.368
1644.647, 1357.177, 2145.260, 5000.000, 5.356
1645.777, 1357.740, 2146.521, 5000.000, 5.343
1646.865, 1358.340, 2147.765, 5000.000, 5.330
1647.954, 1358.941, 2149.008, 5000.000, 5.317
1649.083, 1359.504, 2150.269, 5000.000, 5.304
1650.207, 1360.073, 2151.528, 5000.000, 5.292
1651.278, 1360.689, 2152.764, 5000.000, 5.279
1652.389, 1361.270, 2154.017, 5000.000, 5.266
1653.457, 1361.890, 2155.251, 5000.000, 5.254
1654.572, 1362.466, 2156.506, 5000.000, 5.241
1655.690, 1363.040, 2157.762, 5000.000, 5.228
1656.763, 1363.655, 2158.999, 5000.000, 5.215
1657.884, 1364.226, 2160.256, 5000.000, 5.202
1659.005, 1364.796, 2161.514, 5000.000, 5.189
1660.081, 1365.409, 2162.752, 5000.000, 5.177
1661.204, 1365.978, 2164.010, 5000.000, 5.164
1662.326, 1366.547, 2165.269, 5000.000, 5.151
1663.402, 1367.160, 2166.507, 5000.000, 5.138
1664.524, 1367.730, 2167.764, 5000.000, 5.125
1665.644, 1368.301, 2169.022, 5000.000, 5.113
1666.718, 1368.916, 2170.258, 5000.000, 5.100
1667.835, 1369.490, 2171.514, 5000.000, 5.087
1668.951, 1370.066, 2172.770, 5000.000, 5.074
1670.019, 1370.686, 2174.004, 5000.000, 5.062
1671.129, 1371.266, 2175.257, 5000.000, 5.049
1672.252, 1371.836, 2176.515, 5000.000, 5.036
1673.340, 1372.437, 2177.758, 5000.000, 5.023
1674.470, 1373.000, 2179.020, 5000.000, 5.010
1675.559, 1373.599, 2180.264, 5000.000, 4.998
1676.649, 1374.199, 2181.507, 5000.000, 4.985
1677.743, 1374.795, 2182.753, 5000.000, 4.972
1678.844, 1375.384, 2184.002, 5000.000, 4.959
1679.994, 1375.929, 2185.272, 5000.000, 4.946
1681.145, 1376.471, 2186.544, 5000.000, 4.933
1682.252, 1377.054, 2187.795, 5000.000, 4.921
1683.355, 1377.642, 2189.045, 5000.000, 4.908
1684.495, 1378.195, 2190.311, 5000.000, 4.895
1685.589, 1378.791, 2191.557, 5000.000, 4.882
1686.728, 1379.345, 2192.822, 5000.000, 4.869
1687.865, 1379.900, 2194.088, 5000.000, 4.856
1688.956, 1380.499, 2195.332, 5000.000, 4.843
1690.091, 1381.057, 2196.596, 5000.000, 4.831
1691.188, 1381.650, 2197.843, 5000.000, 4.818
1692.286, 1382.242, 2199.090, 5000.000, 4.805
1693.427, 1382.794, 2200.357, 5000.000, 4.792
1694.527, 1383.384, 2201.606, 5000.000, 4.779
1695.628, 1383.974, 2202.854, 5000.000, 4.766
1696.768, 1384.526, 2204.121, 5000.000, 4.754
1697.903, 1385.084, 2205.385, 5000.000, 4.741
1698.986, 1385.690, 2206.626, 5000.000, 4.728
1700.109, 1386.259, 2207.884, 5000.000, 4.715
1701.188, 1386.869, 2209.123, 5000.000, 4.702
1702.264, 1387.481, 2210.360, 5000.000, 4.690
1703.378, 1388.059, 2211.615, 5000.000, 4.677
1704.446, 1388.678, 2212.849, 5000.000, 4.664
1705.561, 1389.255, 2214.104, 5000.000, 4.651
1706.676, 1389.831, 2215.359, 5000.000, 4.639
1707.744, 1390.451, 2216.593, 5000.000, 4.626
1708.858, 1391.029, 2217.848, 5000.000, 4.613
1709.971, 1391.607, 2219.102, 5000.000, 4.600
1711.087, 1392.182, 2220.357, 5000.000, 4.587
1712.213, 1392.748, 2221.617, 5000.000, 4.575
1713.301, 1393.350, 2222.860, 5000.000, 4.562
1714.391, 1393.949, 2224.104, 5000.000, 4.549
1715.525, 1394.507, 2225.368, 5000.000, 4.536
1716.620, 1395.103, 2226.614, 5000.000, 4.523
1717.715, 1395.697, 2227.860, 5000.000, 4.511
1718.852, 1396.253, 2229.125, 5000.000, 4.498
1719.948, 1396.847, 2230.371, 5000.000, 4.485
1721.043, 1397.443, 2231.617, 5000.000, 4.472
1722.176, 1398.001, 2232.881, 5000.000, 4.459
1723.304, 1398.566, 2234.141, 5000.000, 4.446
1724.429, 1399.133, 2235.401, 5000.000, 4.433
1725.557, 1399.697, 2236.662, 5000.000, 4.421
1726.642, 1400.301, 2237.904, 5000.000, 4.408
1727.775, 1400.860, 2239.167, 5000.000, 4.395
1728.910, 1401.418, 2240.431, 5000.000, 4.382
1730.001, 1402.017, 2241.675, 5000.000, 4.369
1731.088, 1402.619, 2242.917, 5000.000, 4.357
1732.175, 1403.222, 2244.160, 5000.000, 4.344
1733.265, 1403.821, 2245.404, 5000.000, 4.331
1734.400, 1404.378, 2246.668, 5000.000, 4.318
1735.533, 1404.938, 2247.931, 5000.000, 4.305
1736.618, 1405.542, 2249.173, 5000.000, 4.293
1737.710, 1406.140, 2250.418, 5000.000, 4.280
1738.812, 1406.728, 2251.667, 5000.000, 4.267
1739.878, 1407.350, 2252.901, 5000.000, 4.254
1740.998, 1407.922, 2254.158, 5000.000, 4.242
1742.088, 1408.522, 2255.402, 5000.000, 4.229
1743.224, 1409.078, 2256.666, 5000.000, 4.216
1744.395, 1409.602, 2257.946, 5000.000, 4.203
1745.520, 1410.169, 2259.205, 5000.000, 4.190
1746.689, 1410.695, 2260.485, 5000.000, 4.177
1747.855, 1411.223, 2261.764, 5000.000, 4.164
1748.974, 1411.796, 2263.021, 5000.000, 4.151
1750.136, 1412.329, 2264.298, 5000.000, 4.138
1751.259, 1412.898, 2265.556, 5000.000, 4.125
1752.382, 1413.466, 2266.816, 5000.000, 4.112
1753.511, 1414.030, 2268.077, 5000.000, 4.099
1754.648, 1414.585, 2269.342, 5000.000, 4.086
1755.783, 1415.143, 2270.607, 5000.000, 4.073
1756.869, 1415.746, 2271.848, 5000.000, 4.061
1757.996, 1416.311, 2273.109, 5000.000, 4.048
1759.118, 1416.881, 2274.367, 5000.000, 4.035
1760.274, 1417.419, 2275.642, 5000.000, 4.022
1761.382, 1418.001, 2276.894, 5000.000, 4.009
1762.482, 1418.591, 2278.142, 5000.000, 3.996
1763.615, 1419.151, 2279.406, 5000.000, 3.983
1764.698, 1419.757, 2280.646, 5000.000, 3.971
1765.823, 1420.324, 2281.905, 5000.000, 3.958
1766.906, 1420.930, 2283.146, 5000.000, 3.945
1767.988, 1421.537, 2284.387, 5000.000, 3.932
1769.058, 1422.155, 2285.622, 5000.000, 3.920
1770.121, 1422.780, 2286.854, 5000.000, 3.907
1771.231, 1423.361, 2288.107, 5000.000, 3.894
1772.305, 1423.976, 2289.344, 5000.000, 3.882
1773.436, 1424.538, 2290.605, 5000.000, 3.869
1774.575, 1425.091, 2291.871, 5000.000, 3.856
1775.766, 1425.596, 2293.160, 5000.000, 3.843
1776.875, 1426.178, 2294.412, 5000.000, 3.830
1777.979, 1426.765, 2295.662, 5000.000, 3.817
1779.083, 1427.352, 2296.912, 5000.000, 3.804
1780.189, 1427.936, 2298.163, 5000.000, 3.791
1781.287, 1428.528, 2299.411, 5000.000, 3.779
1782.382, 1429.123, 2300.657, 5000.000, 3.766
1783.476, 1429.719, 2301.903, 5000.000, 3.753
1784.611, 1430.276, 2303.167, 5000.000, 3.740
1785.704, 1430.873, 2304.412, 5000.000, 3.727
1786.846, 1431.425, 2305.679, 5000.000, 3.714
1787.990, 1431.973, 2306.948, 5000.000, 3.701
1789.092, 1432.562, 2308.197, 5000.000, 3.689
1790.241, 1433.106, 2309.468, 5000.000, 3.676
1791.392, 1433.649, 2310.740, 5000.000, 3.663
1792.500, 1434.232, 2311.991, 5000.000, 3.650
1793.603, 1434.820, 2313.241, 5000.000, 3.637
1794.743, 1435.373, 2314.508, 5000.000, 3.624
1795.836, 1435.969, 2315.753, 5000.000, 3.611
1796.924, 1436.570, 2316.995, 5000.000, 3.599
1797.974, 1437.208, 2318.220, 5000.000, 3.586
1799.038, 1437.831, 2319.452, 5000.000, 3.574
1800.158, 1438.403, 2320.709, 5000.000, 3.561
1801.286, 1438.968, 2321.970, 5000.000, 3.548
1802.410, 1439.535, 2323.230, 5000.000, 3.535
1803.572, 1440.067, 2324.506, 5000.000, 3.522
1804.689, 1440.642, 2325.762, 5000.000, 3.509
1805.852, 1441.173, 2327.039, 5000.000, 3.496
1806.978, 1441.739, 2328.300, 5000.000, 3.483
1808.108, 1442.301, 2329.562, 5000.000, 3.470
1809.195, 1442.903, 2330.804, 5000.000, 3.457
1810.330, 1443.462, 2332.068, 5000.000, 3.444
1811.427, 1444.054, 2333.315, 5000.000, 3.432
1812.615, 1444.562, 2334.605, 5000.000, 3.418
1813.760, 1445.111, 2335.874, 5000.000, 3.405
1814.902, 1445.662, 2337.142, 5000.000, 3.393
1816.045, 1446.212, 2338.411, 5000.000, 3.380
1817.192, 1446.758, 2339.681, 5000.000, 3.367
1818.334, 1447.309, 2340.949, 5000.000, 3.354
1819.511, 1447.828, 2342.234, 5000.000, 3.340
1820.639, 1448.392, 2343.496, 5000.000, 3.328
1821.760, 1448.963, 2344.753, 5000.000, 3.315
1822.913, 1449.503, 2346.027, 5000.000, 3.302
1824.053, 1450.056, 2347.294, 5000.000, 3.289
1825.133, 1450.665, 2348.531, 5000.000, 3.276
1826.208, 1451.278, 2349.766, 5000.000, 3.263
1827.282, 1451.893, 2351.002, 5000.000, 3.251
1828.345, 1452.518, 2352.232, 5000.000, 3.238
1829.400, 1453.150, 2353.459, 5000.000, 3.226
1830.415, 1453.820, 2354.667, 5000.000, 3.213
1831.567, 1454.361, 2355.939, 5000.000, 3.200
1832.724, 1454.898, 2357.214, 5000.000, 3.187
1833.841, 1455.473, 2358.470, 5000.000, 3.174
1834.958, 1456.047, 2359.726, 5000.000, 3.161
1836.031, 1456.663, 2360.962, 5000.000, 3.149
1837.098, 1457.284, 2362.197, 5000.000, 3.136
1838.201, 1457.871, 2363.446, 5000.000, 3.123
1839.294, 1458.468, 2364.691, 5000.000, 3.111
1840.381, 1459.071, 2365.934, 5000.000, 3.098
1841.466, 1459.675, 2367.176, 5000.000, 3.085
1842.592, 1460.241, 2368.436, 5000.000, 3.072
1843.677, 1460.845, 2369.678, 5000.000, 3.060
1844.813, 1461.402, 2370.941, 5000.000, 3.047
1845.867, 1462.035, 2372.170, 5000.000, 3.034
1846.967, 1462.625, 2373.418, 5000.000, 3.021
1848.031, 1463.249, 2374.651, 5000.000, 3.009
1849.150, 1463.822, 2375.907, 5000.000, 2.996
1850.240, 1464.421, 2377.152, 5000.000, 2.983
1851.344, 1465.008, 2378.401, 5000.000, 2.970
1852.449, 1465.594, 2379.652, 5000.000, 2.958
1853.596, 1466.140, 2380.921, 5000.000, 2.945
1854.703, 1466.723, 2382.172, 5000.000, 2.932
1855.811, 1467.307, 2383.424, 5000.000, 2.919
1856.907, 1467.900, 2384.671, 5000.000, 2.906
1858.033, 1468.466, 2385.931, 5000.000, 2.893
1859.158, 1469.034, 2387.190, 5000.000, 2.880
1860.285, 1469.598, 2388.451, 5000.000, 2.868
1861.369, 1470.204, 2389.692, 5000.000, 2.855
1862.501, 1470.764, 2390.955, 5000.000, 2.842
1863.686, 1471.275, 2392.243, 5000.000, 2.829
1864.827, 1471.826, 2393.510, 5000.000, 2.816
1865.916, 1472.427, 2394.753, 5000.000, 2.803
1867.043, 1472.992, 2396.014, 5000.000, 2.790
1868.127, 1473.598, 2397.254, 5000.000, 2.778
1869.257, 1474.160, 2398.516, 5000.000, 2.765
1870.388, 1474.721, 2399.778, 5000.000, 2.752
1871.510, 1475.291, 2401.037, 5000.000, 2.739
1872.578, 1475.911, 2402.270, 5000.000, 2.726
1873.609, 1476.566, 2403.486, 5000.000, 2.714
1874.694, 1477.170, 2404.728, 5000.000, 2.701
1875.735, 1477.816, 2405.949, 5000.000, 2.689
1876.822, 1478.418, 2407.192, 5000.000, 2.676
1877.907, 1479.022, 2408.434, 5000.000, 2.663
1879.033, 1479.588, 2409.694, 5000.000, 2.650
1880.115, 1480.195, 2410.934, 5000.000, 2.638
1881.245, 1480.757, 2412.196, 5000.000, 2.625
1882.341, 1481.352, 2413.442, 5000.000, 2.612
1883.493, 1481.893, 2414.715, 5000.000, 2.599
1884.619, 1482.459, 2415.976, 5000.000, 2.586
1885.760, 1483.011, 2417.243, 5000.000, 2.573
1886.905, 1483.559, 2418.512, 5000.000, 2.560
1888.094, 1484.067, 2419.804, 5000.000, 2.547
1889.244, 1484.610, 2421.076, 5000.000, 2.534
1890.397, 1485.151, 2422.349, 5000.000, 2.521
1891.541, 1485.700, 2423.618, 5000.000, 2.508
1892.716, 1486.220, 2424.903, 5000.000, 2.495
1893.841, 1486.787, 2426.162, 5000.000, 2.482
1895.005, 1487.317, 2427.441, 5000.000, 2.469
1896.128, 1487.886, 2428.700, 5000.000, 2.456
1897.249, 1488.457, 2429.957, 5000.000, 2.443
1898.320, 1489.074, 2431.190, 5000.000, 2.430
1899.433, 1489.652, 2432.444, 5000.000, 2.417
1900.504, 1490.270, 2433.677, 5000.000, 2.405
1901.623, 1490.843, 2434.933, 5000.000, 2.392
1902.742, 1491.415, 2436.191, 5000.000, 2.379
1903.852, 1491.995, 2437.443, 5000.000, 2.366
1904.906, 1492.629, 2438.668, 5000.000, 2.354
1905.993, 1493.232, 2439.910, 5000.000, 2.341
1907.168, 1493.752, 2441.194, 5000.000, 2.328
1908.299, 1494.313, 2442.456, 5000.000, 2.315
1909.427, 1494.877, 2443.718, 5000.000, 2.302
1910.557, 1495.439, 2444.980, 5000.000, 2.289
1911.643, 1496.043, 2446.221, 5000.000, 2.276
1912.725, 1496.650, 2447.461, 5000.000, 2.264
1913.844, 1497.222, 2448.718, 5000.000, 2.251
1914.916, 1497.838, 2449.954, 5000.000, 2.238
1915.997, 1498.446, 2451.194, 5000.000, 2.226
1917.091, 1499.043, 2452.439, 5000.000, 2.213
1918.237, 1499.589, 2453.708, 5000.000, 2.200
1919.354, 1500.164, 2454.964, 5000.000, 2.187
1920.482, 1500.729, 2456.225, 5000.000, 2.174
1921.609, 1501.293, 2457.486, 5000.000, 2.161
1922.777, 1501.820, 2458.765, 5000.000, 2.148
1923.939, 1502.353, 2460.041, 5000.000, 2.135
1925.049, 1502.934, 2461.294, 5000.000, 2.122
1926.111, 1503.559, 2462.525, 5000.000, 2.110
1927.215, 1504.146, 2463.775, 5000.000, 2.097
1928.278, 1504.771, 2465.007, 5000.000, 2.084
1929.390, 1505.350, 2466.260, 5000.000, 2.071
1930.504, 1505.927, 2467.515, 5000.000, 2.059
1931.660, 1506.465, 2468.789, 5000.000, 2.046
1932.776, 1507.040, 2470.044, 5000.000, 2.033
1933.942, 1507.568, 2471.324, 5000.000, 2.020
1935.078, 1508.126, 2472.589, 5000.000, 2.007
1936.221, 1508.675, 2473.857, 5000.000, 1.994
1937.363, 1509.226, 2475.125, 5000.000, 1.981
1938.543, 1509.741, 2476.412, 5000.000, 1.968
1939.716, 1510.264, 2477.696, 5000.000, 1.954
1940.835, 1510.837, 2478.952, 5000.000, 1.942
1941.903, 1511.456, 2480.184, 5000.000, 1.929
1943.013, 1512.038, 2481.436, 5000.000, 1.916
1944.078, 1512.660, 2482.667, 5000.000, 1.904
1945.191, 1513.238, 2483.921, 5000.000, 1.891
1946.304, 1513.817, 2485.175, 5000.000, 1.878
1947.407, 1514.405, 2486.424, 5000.000, 1.865
1948.539, 1514.965, 2487.687, 5000.000, 1.852
1949.669, 1515.527, 2488.949, 5000.000, 1.839
1950.802, 1516.087, 2490.213, 5000.000, 1.826
1951.892, 1516.686, 2491.456, 5000.000, 1.814
1953.029, 1517.241, 2492.722, 5000.000, 1.801
1954.169, 1517.794, 2493.988, 5000.000, 1.788
1955.265, 1518.389, 2495.234, 5000.000, 1.775
1956.356, 1518.987, 2496.478, 5000.000, 1.762
1957.397, 1519.632, 2497.703, 5000.000, 1.750
1958.477, 1520.241, 2498.943, 5000.000, 1.737
1959.601, 1520.810, 2500.200, 5000.000, 1.724
1960.685, 1521.415, 2501.441, 5000.000, 1.712
1961.821, 1521.972, 2502.705, 5000.000, 1.699
1962.962, 1522.523, 2503.971, 5000.000, 1.686
1964.064, 1523.112, 2505.220, 5000.000, 1.673
1965.165, 1523.701, 2506.469, 5000.000, 1.660
1966.307, 1524.252, 2507.736, 5000.000, 1.647
1967.443, 1524.809, 2509.000, 5000.000, 1.634
1968.577, 1525.367, 2510.265, 5000.000, 1.621
1969.716, 1525.921, 2511.531, 5000.000, 1.608
1970.849, 1526.480, 2512.794, 5000.000, 1.595
1971.930, 1527.088, 2514.033, 5000.000, 1.583
1972.963, 1527.741, 2515.251, 5000.000, 1.570
1974.039, 1528.354, 2516.489, 5000.000, 1.558
1975.124, 1528.958, 2517.730, 5000.000, 1.545
1976.222, 1529.550, 2518.978, 5000.000, 1.532
1977.375, 1530.092, 2520.250, 5000.000, 1.519
1978.498, 1530.660, 2521.509, 5000.000, 1.506
1979.633, 1531.217, 2522.773, 5000.000, 1.493
1980.769, 1531.774, 2524.037, 5000.000, 1.480
1981.859, 1532.374, 2525.281, 5000.000, 1.468
1982.993, 1532.932, 2526.545, 5000.000, 1.455
1984.125, 1533.493, 2527.808, 5000.000, 1.442
1985.293, 1534.019, 2529.088, 5000.000, 1.429
1986.417, 1534.587, 2530.347, 5000.000, 1.416
1987.536, 1535.160, 2531.604, 5000.000, 1.403
1988.690, 1535.700, 2532.877, 5000.000, 1.390
1989.797, 1536.283, 2534.129, 5000.000, 1.377
1990.875, 1536.894, 2535.366, 5000.000, 1.364
1992.015, 1537.447, 2536.633, 5000.000, 1.351
1993.155, 1538.000, 2537.900, 5000.000, 1.338
1994.299, 1538.549, 2539.169, 5000.000, 1.326
1995.451, 1539.091, 2540.441, 5000.000, 1.312
1996.599, 1539.636, 2541.712, 5000.000, 1.299
1997.749, 1540.180, 2542.984, 5000.000, 1.286
1998.903, 1540.719, 2544.258, 5000.000, 1.273
2000.015, 1541.298, 2545.511, 5000.000, 1.261
2001.125, 1541.880, 2546.763, 5000.000, 1.248
2002.270, 1542.428, 2548.033, 5000.000, 1.235
2003.405, 1542.985, 2549.298, 5000.000, 1.222
2004.519, 1543.562, 2550.552, 5000.000, 1.209
2005.616, 1544.156, 2551.798, 5000.000, 1.196
2006.750, 1544.714, 2553.062, 5000.000, 1.183
2007.839, 1545.315, 2554.305, 5000.000, 1.171
2008.974, 1545.873, 2555.569, 5000.000, 1.158
2010.108, 1546.430, 2556.834, 5000.000, 1.145
2011.234, 1546.997, 2558.094, 5000.000, 1.132
2012.354, 1547.568, 2559.351, 5000.000, 1.119
2013.475, 1548.139, 2560.609, 5000.000, 1.106
2014.549, 1548.754, 2561.845, 5000.000, 1.094
2015.668, 1549.326, 2563.102, 5000.000, 1.081
2016.751, 1549.933, 2564.342, 5000.000, 1.068
2017.836, 1550.537, 2565.584, 5000.000, 1.055
2018.913, 1551.148, 2566.822, 5000.000, 1.043
2019.986, 1551.764, 2568.058, 5000.000, 1.030
2021.060, 1552.379, 2569.295, 5000.000, 1.017
2022.122, 1553.004, 2570.527, 5000.000, 1.005
2023.178, 1553.635, 2571.756, 5000.000, 0.992
2024.333, 1554.174, 2573.028, 5000.000, 0.979
2025.455, 1554.744, 2574.286, 5000.000, 0.966
2026.570, 1555.321, 2575.541, 5000.000, 0.953
2027.646, 1555.933, 2576.779, 5000.000, 0.941
2028.739, 1556.530, 2578.024, 5000.000, 0.928
2029.837, 1557.122, 2579.272, 5000.000, 0.915
2030.982, 1557.671, 2580.541, 5000.000, 0.902
2032.126, 1558.219, 2581.810, 5000.000, 0.889
2033.275, 1558.763, 2583.082, 5000.000, 0.876
2034.435, 1559.298, 2584.358, 5000.000, 0.863
2035.594, 1559.834, 2585.635, 5000.000, 0.850
2036.706, 1560.412, 2586.888, 5000.000, 0.837
2037.777, 1561.029, 2588.121, 5000.000, 0.825
2038.896, 1561.602, 2589.378, 5000.000, 0.812
2040.016, 1562.174, 2590.635, 5000.000, 0.799
2041.140, 1562.741, 2591.895, 5000.000, 0.786
2042.273, 1563.301, 2593.158, 5000.000, 0.773
2043.368, 1563.896, 2594.404, 5000.000, 0.760
2044.464, 1564.490, 2595.649, 5000.000, 0.748
2045.600, 1565.047, 2596.914, 5000.000, 0.735
2046.729, 1565.609, 2598.176, 5000.000, 0.722
2047.856, 1566.175, 2599.437, 5000.000, 0.709
2048.983, 1566.740, 2600.698, 5000.000, 0.696
2050.152, 1567.266, 2601.978, 5000.000, 0.683
2051.279, 1567.831, 2603.239, 5000.000, 0.670
2052.406, 1568.396, 2604.500, 5000.000, 0.657
2053.535, 1568.959, 2605.761, 5000.000, 0.644
2054.671, 1569.516, 2607.026, 5000.000, 0.631
2055.803, 1570.076, 2608.290, 5000.000, 0.618
2056.972, 1570.602, 2609.571, 5000.000, 0.605
2058.094, 1571.171, 2610.829, 5000.000, 0.592
2059.211, 1571.746, 2612.085, 5000.000, 0.579
2060.275, 1572.370, 2613.315, 5000.000, 0.567
2061.427, 1572.911, 2614.588, 5000.000, 0.554
2062.513, 1573.515, 2615.829, 5000.000, 0.541
2063.657, 1574.064, 2617.098, 5000.000, 0.528
2064.800, 1574.614, 2618.366, 5000.000, 0.515
2065.894, 1575.210, 2619.611, 5000.000, 0.502
2067.029, 1575.767, 2620.876, 5000.000, 0.490
2068.159, 1576.330, 2622.138, 5000.000, 0.477
2069.235, 1576.942, 2623.375, 5000.000, 0.464
2070.349, 1577.520, 2624.629, 5000.000, 0.451
2071.468, 1578.092, 2625.886, 5000.000, 0.438
2072.595, 1578.657, 2627.147, 5000.000, 0.425
2073.720, 1579.224, 2628.407, 5000.000, 0.412
2074.884, 1579.754, 2629.685, 5000.000, 0.399
2076.040, 1580.292, 2630.959, 5000.000, 0.386
2077.194, 1580.833, 2632.232, 5000.000, 0.373
2078.349, 1581.371, 2633.507, 5000.000, 0.360
2079.460, 1581.951, 2634.760, 5000.000, 0.347
2080.531, 1582.569, 2635.996, 5000.000, 0.335
2081.651, 1583.140, 2637.253, 5000.000, 0.322
2082.775, 1583.708, 2638.511, 5000.000, 0.309
2083.854, 1584.318, 2639.751, 5000.000, 0.296
2084.980, 1584.884, 2641.010, 5000.000, 0.284
2086.104, 1585.452, 2642.270, 5000.000, 0.271
2087.268, 1585.982, 2643.547, 5000.000, 0.258
2088.389, 1586.553, 2644.805, 5000.000, 0.245
2089.506, 1587.127, 2646.061, 5000.000, 0.232
2090.574, 1587.747, 2647.294, 5000.000, 0.219
2091.682, 1588.330, 2648.546, 5000.000, 0.206
2092.784, 1588.919, 2649.795, 5000.000, 0.194
2093.919, 1589.477, 2651.059, 5000.000, 0.181
2095.005, 1590.080, 2652.301, 5000.000, 0.168
2096.184, 1590.596, 2653.586, 5000.000, 0.155
2097.323, 1591.149, 2654.852, 5000.000, 0.142
2098.414, 1591.748, 2656.096, 5000.000, 0.129
2099.547, 1592.308, 2657.360, 5000.000, 0.116
2100.676, 1592.871, 2658.621, 5000.000, 0.103
2101.755, 1593.481, 2659.860, 5000.000, 0.091
2102.876, 1594.052, 2661.117, 5000.000, 0.078
2103.955, 1594.661, 2662.356, 5000.000, 0.065
2105.084, 1595.224, 2663.618, 5000.000, 0.052
2106.181, 1595.818, 2664.864, 5000.000, 0.039
2107.285, 1596.404, 2666.115, 5000.000, 0.027
2108.386, 1596.993, 2667.363, 5000.000, 0.014
2109.474, 1597.595, 2668.606, 5000.000, 0.001
2110.552, 1598.205, 2669.845, 5000.000, 0.000
2111.625, 1598.821, 2671.082, 5000.000, 0.000
2112.695, 1599.439, 2672.317, 5000.000, 0.000
2113.819, 1600.008, 2673.576, 5000.000, 0.000
2114.912, 1600.604, 2674.821, 5000.000, 0.000
2116.017, 1601.190, 2676.071, 5000.000, 0.000
2117.135, 1601.763, 2677.328, 5000.000, 0.000
2118.272, 1602.319, 2678.593, 5000.000, 0.000
2119.417, 1602.867, 2679.861, 5000.000, 0.000
2120.559, 1603.418, 2681.128, 5000.000, 0.000
2121.738, 1603.935, 2682.412, 5000.000, 0.000
2122.872, 1604.493, 2683.676, 5000.000, 0.000
2124.053, 1605.008, 2684.961, 5000.000, 0.000
2125.196, 1605.558, 2686.229, 5000.000, 0.000
2126.344, 1606.103, 2687.499, 5000.000, 0.000
2127.485, 1606.655, 2688.767, 5000.000, 0.000
2128.623, 1607.210, 2690.032, 5000.000, 0.000
2129.726, 1607.798, 2691.282, 5000.000, 0.000
2130.868, 1608.348, 2692.550, 5000.000, 0.000
2132.041, 1608.871, 2693.832, 5000.000, 0.000
2133.161, 1609.443, 2695.090, 5000.000, 0.000
2134.268, 1610.026, 2696.341, 5000.000, 0.000
2135.366, 1610.618, 2697.588, 5000.000, 0.000
2136.460, 1611.214, 2698.833, 5000.000, 0.000
2137.553, 1611.811, 2700.078, 5000.000, 0.000
2138.648, 1612.406, 2701.324, 5000.000, 0.000
2139.787, 1612.960, 2702.590, 5000.000, 0.000
2140.886, 1613.551, 2703.838, 5000.000, 0.000
2141.987, 1614.140, 2705.086, 5000.000, 0.000
2143.078, 1614.739, 2706.330, 5000.000, 0.000
2144.199, 1615.310, 2707.588, 5000.000, 0.000
2145.268, 1615.928, 2708.823, 5000.000, 0.000
2146.377, 1616.510, 2710.075, 5000.000, 0.000
2147.443, 1617.133, 2711.308, 5000.000, 0.000
2148.557, 1617.710, 2712.562, 5000.000, 0.000
2149.672, 1618.286, 2713.818, 5000.000, 0.000
2150.795, 1618.855, 2715.076, 5000.000, 0.000
2151.929, 1619.414, 2716.340, 5000.000, 0.000
2153.028, 1620.004, 2717.588, 5000.000, 0.000
2154.133, 1620.590, 2718.839, 5000.000, 0.000
2155.234, 1621.180, 2720.087, 5000.000, 0.000
2156.333, 1621.771, 2721.335, 5000.000, 0.000
2157.436, 1622.359, 2722.585, 5000.000, 0.000
2158.581, 1622.906, 2723.853, 5000.000, 0.000
2159.687, 1623.491, 2725.104, 5000.000, 0.000
2160.794, 1624.074, 2726.356, 5000.000, 0.000
2161.906, 1624.653, 2727.610, 5000.000, 0.000
2163.078, 1625.177, 2728.891, 5000.000, 0.000
2164.212, 1625.735, 2730.155, 5000.000, 0.000
2165.298, 1626.339, 2731.396, 5000.000, 0.000
2166.427, 1626.902, 2732.658, 5000.000, 0.000
2167.550, 1627.471, 2733.917, 5000.000, 0.000
2168.709, 1628.006, 2735.192, 5000.000, 0.000
2169.821, 1628.585, 2736.446, 5000.000, 0.000
2170.977, 1629.123, 2737.720, 5000.000, 0.000
2172.095, 1629.696, 2738.977, 5000.000, 0.000
2173.215, 1630.268, 2740.234, 5000.000, 0.000
2174.340, 1630.835, 2741.494, 5000.000, 0.000
2175.475, 1631.392, 2742.758, 5000.000, 0.000
2176.609, 1631.950, 2744.022, 5000.000, 0.000
2177.696, 1632.554, 2745.264, 5000.000, 0.000
2178.824, 1633.117, 2746.525, 5000.000, 0.000
2179.947, 1633.686, 2747.784, 5000.000, 0.000
2181.107, 1634.221, 2749.061, 5000.000, 0.000
2182.218, 1634.800, 2750.314, 5000.000, 0.000
2183.324, 1635.385, 2751.564, 5000.000, 0.000
2184.426, 1635.973, 2752.813, 5000.000, 0.000
2185.529, 1636.561, 2754.063, 5000.000, 0.000
2186.674, 1637.109, 2755.332, 5000.000, 0.000
2187.814, 1637.662, 2756.599, 5000.000, 0.000
2188.902, 1638.263, 2757.841, 5000.000, 0.000
2189.995, 1638.860, 2759.086, 5000.000, 0.000
2191.096, 1639.450, 2760.334, 5000.000, 0.000
2192.157, 1640.077, 2761.565, 5000.000, 0.000
2193.269, 1640.656, 2762.819, 5000.000, 0.000
2194.384, 1641.231, 2764.074, 5000.000, 0.000
2195.508, 1641.800, 2765.333, 5000.000, 0.000
2196.643, 1642.357, 2766.597, 5000.000, 0.000
2197.779, 1642.914, 2767.862, 5000.000, 0.000
2198.920, 1643.466, 2769.129, 5000.000, 0.000
2200.070, 1644.010, 2770.400, 5000.000, 0.000
2201.217, 1644.555, 2771.671, 5000.000, 0.000
2202.316, 1645.147, 2772.918, 5000.000, 0.000
2203.456, 1645.700, 2774.185, 5000.000, 0.000
2204.554, 1646.292, 2775.432, 5000.000, 0.000
2205.699, 1646.840, 2776.701, 5000.000, 0.000
2206.846, 1647.386, 2777.972, 5000.000, 0.000
2208.034, 1647.895, 2779.262, 5000.000, 0.000
2209.181, 1648.441, 2780.532, 5000.000, 0.000
2210.290, 1649.023, 2781.784, 5000.000, 0.000
2211.452, 1649.555, 2783.062, 5000.000, 0.000
2212.620, 1650.082, 2784.343, 5000.000, 0.000
2213.783, 1650.613, 2785.621, 5000.000, 0.000
2214.931, 1651.159, 2786.892, 5000.000, 0.000
2216.067, 1651.716, 2788.157, 5000.000, 0.000
2217.195, 1652.279, 2789.418, 5000.000, 0.000
2218.320, 1652.847, 2790.678, 5000.000, 0.000
2219.444, 1653.414, 2791.937, 5000.000, 0.000
2220.521, 1654.025, 2793.173, 5000.000, 0.000
2221.591, 1654.644, 2794.406, 5000.000, 0.000
2222.693, 1655.233, 2795.654, 5000.000, 0.000
2223.829, 1655.789, 2796.920, 5000.000, 0.000
2224.919, 1656.389, 2798.163, 5000.000, 0.000
2226.053, 1656.947, 2799.427, 5000.000, 0.000
2227.185, 1657.508, 2800.690, 5000.000, 0.000
2228.269, 1658.113, 2801.931, 5000.000, 0.000
2229.396, 1658.678, 2803.192, 5000.000, 0.000
2230.521, 1659.245, 2804.451, 5000.000, 0.000
2231.596, 1659.858, 2805.688, 5000.000, 0.000
2232.714, 1660.432, 2806.944, 5000.000, 0.000
2233.791, 1661.044, 2808.183, 5000.000, 0.000
2234.868, 1661.655, 2809.421, 5000.000, 0.000
2235.986, 1662.229, 2810.677, 5000.000, 0.000
2237.098, 1662.808, 2811.931, 5000.000, 0.000
2238.208, 1663.389, 2813.184, 5000.000, 0.000
2239.323, 1663.965, 2814.439, 5000.000, 0.000
2240.395, 1664.581, 2815.675, 5000.000, 0.000
2241.466, 1665.199, 2816.910, 5000.000, 0.000
2242.575, 1665.781, 2818.162, 5000.000, 0.000
2243.690, 1666.357, 2819.418, 5000.000, 0.000
2244.818, 1666.922, 2820.678, 5000.000, 0.000
2245.910, 1667.519, 2821.923, 5000.000, 0.000
2247.009, 1668.110, 2823.171, 5000.000, 0.000
2248.102, 1668.707, 2824.416, 5000.000, 0.000
2249.195, 1669.304, 2825.662, 5000.000, 0.000
2250.291, 1669.898, 2826.908, 5000.000, 0.000
2251.393, 1670.486, 2828.157, 5000.000, 0.000
2252.506, 1671.064, 2829.411, 5000.000, 0.000
2253.670, 1671.595, 2830.690, 5000.000, 0.000
2254.839, 1672.121, 2831.971, 5000.000, 0.000
2256.002, 1672.652, 2833.250, 5000.000, 0.000
2257.115, 1673.230, 2834.503, 5000.000, 0.000
2258.232, 1673.804, 2835.759, 5000.000, 0.000
2259.357, 1674.372, 2837.018, 5000.000, 0.000
2260.478, 1674.942, 2838.276, 5000.000, 0.000
2261.637, 1675.477, 2839.553, 5000.000, 0.000
2262.751, 1676.054, 2840.807, 5000.000, 0.000
2263.860, 1676.636, 2842.059, 5000.000, 0.000
2264.968, 1677.219, 2843.310, 5000.000, 0.000
2266.079, 1677.799, 2844.563, 5000.000, 0.000
2267.234, 1678.338, 2845.837, 5000.000, 0.000
2268.348, 1678.915, 2847.092, 5000.000, 0.000
2269.464, 1679.490, 2848.347, 5000.000, 0.000
2270.570, 1680.075, 2849.598, 5000.000, 0.000
2271.671, 1680.665, 2850.846, 5000.000, 0.000
2272.769, 1681.256, 2852.093, 5000.000, 0.000
2273.906, 1681.812, 2853.359, 5000.000, 0.000
2274.999, 1682.409, 2854.603, 5000.000, 0.000
2276.088, 1683.010, 2855.846, 5000.000, 0.000
2277.177, 1683.611, 2857.090, 5000.000, 0.000
2278.269, 1684.208, 2858.335, 5000.000, 0.000
2279.370, 1684.798, 2859.583, 5000.000, 0.000
2280.482, 1685.377, 2860.837, 5000.000, 0.000
2281.595, 1685.955, 2862.091, 5000.000, 0.000
2282.712, 1686.529, 2863.347, 5000.000, 0.000
2283.839, 1687.094, 2864.607, 5000.000, 0.000
2285.014, 1687.614, 2865.890, 5000.000, 0.000
2286.192, 1688.131, 2867.174, 5000.000, 0.000
2287.328, 1688.689, 2868.439, 5000.000, 0.000
2288.460, 1689.249, 2869.702, 5000.000, 0.000
2289.578, 1689.822, 2870.959, 5000.000, 0.000
2290.688, 1690.403, 2872.211, 5000.000, 0.000
2291.842, 1690.943, 2873.485, 5000.000, 0.000
2292.959, 1691.518, 2874.741, 5000.000, 0.000
2294.078, 1692.089, 2875.998, 5000.000, 0.000
2295.190, 1692.668, 2877.252, 5000.000, 0.000
2296.298, 1693.251, 2878.503, 5000.000, 0.000
2297.406, 1693.834, 2879.755, 5000.000, 0.000
2298.555, 1694.379, 2881.026, 5000.000, 0.000
2299.661, 1694.963, 2882.277, 5000.000, 0.000
2300.765, 1695.550, 2883.527, 5000.000, 0.000
2301.908, 1696.100, 2884.795, 5000.000, 0.000
2303.006, 1696.692, 2886.042, 5000.000, 0.000
2304.101, 1697.287, 2887.288, 5000.000, 0.000
2305.196, 1697.882, 2888.534, 5000.000, 0.000
2306.294, 1698.474, 2889.782, 5000.000, 0.000
2307.386, 1699.072, 2891.026, 5000.000, 0.000
2308.475, 1699.673, 2892.270, 5000.000, 0.000
2309.564, 1700.273, 2893.514, 5000.000, 0.000
2310.659, 1700.868, 2894.760, 5000.000, 0.000
2311.762, 1701.455, 2896.009, 5000.000, 0.000
2312.915, 1701.997, 2897.281, 5000.000, 0.000
2314.033, 1702.569, 2898.538, 5000.000, 0.000
2315.159, 1703.136, 2899.797, 5000.000, 0.000
2316.331, 1703.658, 2901.078, 5000.000, 0.000
2317.505, 1704.180, 2902.360, 5000.000, 0.000
2318.633, 1704.744, 2903.622, 5000.000, 0.000
2319.757, 1705.312, 2904.881, 5000.000, 0.000
2320.916, 1705.847, 2906.156, 5000.000, 0.000
2322.028, 1706.426, 2907.410, 5000.000, 0.000
2323.133, 1707.012, 2908.660, 5000.000, 0.000
2324.235, 1707.600, 2909.910, 5000.000, 0.000
2325.339, 1708.187, 2911.159, 5000.000, 0.000
2326.483, 1708.735, 2912.429, 5000.000, 0.000
2327.586, 1709.323, 2913.678, 5000.000, 0.000
2328.689, 1709.911, 2914.927, 5000.000, 0.000
2329.794, 1710.496, 2916.178, 5000.000, 0.000
2330.906, 1711.075, 2917.431, 5000.000, 0.000
2331.978, 1711.692, 2918.667, 5000.000, 0.000
2333.099, 1712.262, 2919.925, 5000.000, 0.000
2334.224, 1712.829, 2921.184, 5000.000, 0.000
2335.341, 1713.404, 2922.440, 5000.000, 0.000
2336.453, 1713.982, 2923.694, 5000.000, 0.000
2337.566, 1714.560, 2924.948, 5000.000, 0.000
2338.720, 1715.101, 2926.221, 5000.000, 0.000
2339.831, 1715.681, 2927.474, 5000.000, 0.000
2340.940, 1716.263, 2928.727, 5000.000, 0.000
2342.087, 1716.809, 2929.997, 5000.000, 0.000
2343.191, 1717.396, 2931.246, 5000.000, 0.000
2344.341, 1717.939, 2932.518, 5000.000, 0.000
2345.456, 1718.515, 2933.773, 5000.000, 0.000
2346.575, 1719.087, 2935.030, 5000.000, 0.000
2347.740, 1719.617, 2936.308, 5000.000, 0.000
2348.868, 1720.182, 2937.569, 5000.000, 0.000
2349.998, 1720.744, 2938.832, 5000.000, 0.000
2351.120, 1721.313, 2940.090, 5000.000, 0.000
2352.239, 1721.886, 2941.347, 5000.000, 0.000
2353.358, 1722.458, 2942.604, 5000.000, 0.000
2354.466, 1723.041, 2943.856, 5000.000, 0.000
2355.567, 1723.630, 2945.105, 5000.000, 0.000
2356.666, 1724.222, 2946.352, 5000.000, 0.000
2357.765, 1724.813, 2947.600, 5000.000, 0.000
2358.870, 1725.399, 2948.850, 5000.000, 0.000
2359.968, 1725.991, 2950.098, 5000.000, 0.000
2361.101, 1726.550, 2951.361, 5000.000, 0.000
2362.186, 1727.154, 2952.603, 5000.000, 0.000
2363.314, 1727.718, 2953.864, 5000.000, 0.000
2364.439, 1728.285, 2955.124, 5000.000, 0.000
2365.567, 1728.850, 2956.384, 5000.000, 0.000
2366.701, 1729.408, 2957.648, 5000.000, 0.000
2367.795, 1730.004, 2958.894, 5000.000, 0.000
2368.891, 1730.598, 2960.140, 5000.000, 0.000
2370.028, 1731.154, 2961.405, 5000.000, 0.000
2371.123, 1731.748, 2962.651, 5000.000, 0.000
2372.218, 1732.344, 2963.897, 5000.000, 0.000
2373.352, 1732.902, 2965.161, 5000.000, 0.000
2374.406, 1733.535, 2966.388, 5000.000, 0.000
2375.507, 1734.124, 2967.637, 5000.000, 0.000
2376.645, 1734.679, 2968.903, 5000.000, 0.000
2377.737, 1735.277, 2970.147, 5000.000, 0.000
2378.874, 1735.833, 2971.412, 5000.000, 0.000
2380.010, 1736.390, 2972.677, 5000.000, 0.000
2381.099, 1736.990, 2973.920, 5000.000, 0.000
2382.232, 1737.550, 2975.184, 5000.000, 0.000
2383.363, 1738.111, 2976.446, 5000.000, 0.000
2384.446, 1738.717, 2977.686, 5000.000, 0.000
2385.535, 1739.317, 2978.930, 5000.000, 0.000
2386.672, 1739.873, 2980.195, 5000.000, 0.000
2387.759, 1740.475, 2981.437, 5000.000, 0.000
2388.887, 1741.039, 2982.699, 5000.000, 0.000
2389.974, 1741.642, 2983.941, 5000.000, 0.000
2391.111, 1742.198, 2985.206, 5000.000, 0.000
2392.252, 1742.750, 2986.473, 5000.000, 0.000
2393.350, 1743.341, 2987.720, 5000.000, 0.000
2394.447, 1743.935, 2988.967, 5000.000, 0.000
2395.582, 1744.493, 2990.231, 5000.000, 0.000
2396.673, 1745.092, 2991.475, 5000.000, 0.000
2397.759, 1745.694, 2992.717, 5000.000, 0.000
2398.846, 1746.297, 2993.960, 5000.000, 0.000
2399.937, 1746.895, 2995.204, 5000.000, 0.000
2401.036, 1747.487, 2996.452, 5000.000, 0.000
2402.146, 1748.068, 2997.705, 5000.000, 0.000
2403.220, 1748.682, 2998.942, 5000.000, 0.000
2404.350, 1749.245, 3000.203, 5000.000, 0.000
2405.487, 1749.801, 3001.468, 5000.000, 0.000
2406.621, 1750.359, 3002.732, 5000.000, 0.000
2407.807, 1750.869, 3004.019, 5000.000, 0.000
2408.962, 1751.407, 3005.293, 5000.000, 0.000
2410.076, 1751.985, 3006.548, 5000.000, 0.000
2411.239, 1752.516, 3007.826, 5000.000, 0.000
2412.368, 1753.079, 3009.087, 5000.000, 0.000
2413.465, 1753.673, 3010.334, 5000.000, 0.000
2414.619, 1754.212, 3011.607, 5000.000, 0.000
2415.784, 1754.742, 3012.886, 5000.000, 0.000
2416.946, 1755.274, 3014.164, 5000.000, 0.000
2418.146, 1755.771, 3015.459, 5000.000, 0.000
2419.350, 1756.264, 3016.758, 5000.000, 0.000
2420.512, 1756.796, 3018.036, 5000.000, 0.000
2421.708, 1757.297, 3019.330, 5000.000, 0.000
2422.854, 1757.844, 3020.600, 5000.000, 0.000
2424.040, 1758.354, 3021.890, 5000.000, 0.000
2425.220, 1758.870, 3023.178, 5000.000, 0.000
2426.346, 1759.436, 3024.437, 5000.000, 0.000
2427.508, 1759.968, 3025.715, 5000.000, 0.000
2428.659, 1760.511, 3026.988, 5000.000, 0.000
2429.753, 1761.107, 3028.232, 5000.000, 0.000
2430.879, 1761.672, 3029.492, 5000.000, 0.000
2431.991, 1762.251, 3030.745, 5000.000, 0.000
2433.093, 1762.840, 3031.993, 5000.000, 0.000
2434.187, 1763.435, 3033.239, 5000.000, 0.000
2435.279, 1764.033, 3034.483, 5000.000, 0.000
2436.372, 1764.631, 3035.727, 5000.000, 0.000
2437.506, 1765.189, 3036.991, 5000.000, 0.000
2438.598, 1765.786, 3038.236, 5000.000, 0.000
2439.690, 1766.384, 3039.480, 5000.000, 0.000
2440.770, 1766.993, 3040.719, 5000.000, 0.000
2441.843, 1767.609, 3041.955, 5000.000, 0.000
2442.911, 1768.229, 3043.189, 5000.000, 0.000
2443.980, 1768.848, 3044.423, 5000.000, 0.000
2445.052, 1769.464, 3045.659, 5000.000, 0.000
2446.132, 1770.073, 3046.898, 5000.000, 0.000
2447.307, 1770.731, 3048.244, 5000.000, 0.000
2447.864, 1771.008, 3048.866, 5000.000, 0.000
2448.981, 1771.554, 3050.110, 5000.000, 0.000
2450.103, 1772.090, 3051.353, 5000.000, 0.000
2451.229, 1772.616, 3052.595, 5000.000, 0.000
2452.358, 1773.132, 3053.837, 5000.000, 0.000
2453.492, 1773.637, 3055.078, 5000.000, 0.000
2454.630, 1774.132, 3056.318, 5000.000, 0.000
2455.772, 1774.617, 3057.558, 5000.000, 0.000
2456.918, 1775.091, 3058.798, 5000.000, 0.000
2458.068, 1775.555, 3060.037, 5000.000, 0.000
2459.222, 1776.009, 3061.276, 5000.000, 0.000
2460.380, 1776.452, 3062.515, 5000.000, 0.000
2461.542, 1776.885, 3063.753, 5000.000, 0.000
2462.708, 1777.308, 3064.992, 5000.000, 0.000
2463.879, 1777.720, 3066.230, 5000.000, 0.000
