x, y, length, r, ctrl
-2.660, 2.007, 0.000, 5000.000, 0.000
-1.949, 2.951, 1.182, 5000.000, 0.000
-1.230, 3.890, 2.365, 5000.000, 0.000
-0.503, 4.822, 3.547, 5000.000, 0.000
0.233, 5.748, 4.729, 5000.000, 0.000
0.976, 6.668, 5.912, 5000.000, 0.000
1.728, 7.582, 7.095, 5000.000, 0.000
2.488, 8.490, 8.278, 5000.000, 0.000
3.256, 9.392, 9.462, 5000.000, 0.000
4.032, 10.287, 10.646, 5000.000, 0.000
4.816, 11.176, 11.831, 5000.000, 0.000
5.608, 12.059, 13.016, 5000.000, 0.000
6.409, 12.937, 14.202, 5000.000, 0.000
7.218, 13.807, 15.389, 5000.000, 0.000
8.034, 14.672, 16.577, 5000.000, 0.000
9.428, 15.842, 18.372, 5000.000, 0.000
10.310, 16.658, 19.567, 5000.000, 0.000
11.153, 17.503, 20.759, 5000.000, 0.000
11.990, 18.352, 21.950, 5000.000, 0.000
12.873, 19.168, 23.146, 5000.000, 0.000
13.756, 19.982, 24.343, 5000.000, 0.000
14.636, 20.799, 25.540, 5000.000, 0.000
15.470, 21.651, 26.732, 5000.000, 0.000
16.306, 22.501, 27.924, 5000.000, 0.000
17.140, 23.353, 29.116, 5000.000, 0.000
18.023, 24.168, 30.317, 5000.000, 0.000
18.909, 24.980, 31.519, 5000.000, 0.000
19.796, 25.792, 32.721, 5000.000, 0.000
20.638, 26.638, 33.914, 5000.000, 0.000
21.487, 27.478, 35.108, 5000.000, 0.000
22.337, 28.318, 36.303, 5000.000, 0.000
23.183, 29.161, 37.497, 5000.000, 0.000
24.019, 30.011, 38.689, 5000.000, 0.000
24.897, 30.830, 39.889, 5000.000, 0.000
25.731, 31.682, 41.081, 5000.000, 0.000
26.572, 32.528, 42.274, 5000.000, 0.000
27.416, 33.372, 43.468, 5000.000, 0.000
28.257, 34.219, 44.661, 5000.000, 0.000
29.144, 35.030, 45.863, 5000.000, 0.000
30.035, 35.839, 47.065, 5000.000, 0.000
30.925, 36.649, 48.268, 5000.000, 0.000
31.770, 37.493, 49.462, 5000.000, 0.000
32.620, 38.332, 50.656, 5000.000, 0.000
33.470, 39.172, 51.851, 5000.000, 0.000
34.314, 40.016, 53.045, 5000.000, 0.000
35.204, 40.825, 54.248, 5000.000, 0.000
36.095, 41.634, 55.451, 5000.000, 0.000
36.983, 42.446, 56.654, 5000.000, 0.000
37.863, 43.262, 57.855, 5000.000, 0.000
38.692, 44.118, 59.044, 5000.000, 0.000
39.520, 44.974, 60.234, 5000.000, 0.000
40.342, 45.836, 61.423, 5000.000, 0.000
41.207, 46.664, 62.621, 5000.000, 0.000
42.073, 47.492, 63.819, 5000.000, 0.000
42.934, 48.323, 65.016, 5000.000, 0.000
43.747, 49.190, 66.204, 5000.000, 0.000
44.562, 50.056, 67.392, 5000.000, 0.000
45.375, 50.924, 68.580, 5000.000, 0.000
46.234, 51.757, 69.776, 5000.000, 0.000
47.096, 52.588, 70.973, 5000.000, 0.000
47.958, 53.419, 72.170, 5000.000, 0.000
48.774, 54.284, 73.359, 5000.000, 0.000
49.595, 55.145, 74.549, 5000.000, 0.000
50.417, 56.006, 75.738, 5000.000, 0.000
51.289, 56.829, 76.937, 5000.000, 0.000
52.167, 57.648, 78.137, 5000.000, 0.000
53.047, 58.465, 79.337, 5000.000, 0.000
53.886, 59.313, 80.530, 5000.000, 0.000
54.733, 60.155, 81.724, 5000.000, 0.000
55.622, 60.965, 82.927, 5000.000, 0.000
56.456, 61.817, 84.118, 5000.000, 0.000
57.338, 62.633, 85.319, 5000.000, 0.000
58.226, 63.444, 86.521, 5000.000, 0.000
59.115, 64.254, 87.724, 5000.000, 0.000
60.000, 65.067, 88.926, 5000.000, 0.000
60.878, 65.886, 90.126, 5000.000, 0.000
61.705, 66.743, 91.316, 5000.000, 0.000
62.531, 67.601, 92.506, 5000.000, 0.000
63.350, 68.464, 93.695, 5000.000, 0.000
64.214, 69.293, 94.892, 5000.000, 0.000
65.077, 70.123, 96.089, 5000.000, 0.000
65.937, 70.955, 97.286, 5000.000, 0.000
66.748, 71.825, 98.473, 5000.000, 0.000
67.561, 72.692, 99.661, 5000.000, 0.000
68.371, 73.562, 100.849, 5000.000, 0.000
69.228, 74.396, 102.045, 5000.000, 0.000
70.088, 75.228, 103.241, 5000.000, 0.000
70.947, 76.061, 104.438, 5000.000, 0.000
71.801, 76.898, 105.634, 5000.000, 0.000
72.646, 77.742, 106.827, 5000.000, 0.000
73.437, 78.626, 108.013, 5000.000, 0.000
74.280, 79.470, 109.206, 5000.000, 0.000
75.132, 80.309, 110.401, 5000.000, 0.000
75.988, 81.144, 111.597, 5000.000, 0.000
76.845, 81.979, 112.793, 5000.000, 0.000
77.657, 82.847, 113.981, 5000.000, 0.000
78.475, 83.711, 115.171, 5000.000, 0.000
79.350, 84.532, 116.369, 5000.000, 0.000
80.238, 85.343, 117.571, 5000.000, 0.000
81.078, 86.190, 118.764, 5000.000, 0.000
81.962, 87.004, 119.964, 5000.000, 0.000
82.844, 87.819, 121.165, 5000.000, 0.000
83.682, 88.669, 122.358, 5000.000, 0.000
84.524, 89.514, 123.551, 5000.000, 0.000
85.367, 90.359, 124.745, 5000.000, 0.000
86.204, 91.209, 125.937, 5000.000, 0.000
87.087, 92.024, 127.138, 5000.000, 0.000
87.970, 92.838, 128.339, 5000.000, 0.000
88.850, 93.655, 129.539, 5000.000, 0.000
89.723, 94.477, 130.738, 5000.000, 0.000
90.545, 95.339, 131.928, 5000.000, 0.000
91.365, 96.201, 133.118, 5000.000, 0.000
92.235, 97.025, 134.316, 5000.000, 0.000
93.110, 97.846, 135.515, 5000.000, 0.000
93.986, 98.666, 136.715, 5000.000, 0.000
94.859, 99.489, 137.914, 5000.000, 0.000
95.725, 100.317, 139.112, 5000.000, 0.000
96.539, 101.183, 140.300, 5000.000, 0.000
97.352, 102.051, 141.488, 5000.000, 0.000
98.159, 102.923, 142.675, 5000.000, 0.000
99.010, 103.762, 143.870, 5000.000, 0.000
99.821, 104.631, 145.058, 5000.000, 0.000
100.682, 105.462, 146.255, 5000.000, 0.000
101.494, 106.331, 147.443, 5000.000, 0.000
102.308, 107.198, 148.631, 5000.000, 0.000
103.172, 108.027, 149.829, 5000.000, 0.000
104.044, 108.850, 151.027, 5000.000, 0.000
104.919, 109.671, 152.226, 5000.000, 0.000
105.793, 110.493, 153.425, 5000.000, 0.000
106.662, 111.318, 154.624, 5000.000, 0.000
107.481, 112.181, 155.813, 5000.000, 0.000
108.302, 113.043, 157.003, 5000.000, 0.000
109.174, 113.866, 158.201, 5000.000, 0.000
110.053, 114.684, 159.402, 5000.000, 0.000
110.935, 115.499, 160.603, 5000.000, 0.000
111.817, 116.315, 161.805, 5000.000, 0.000
112.693, 117.135, 163.005, 5000.000, 0.000
113.560, 117.962, 164.202, 5000.000, 0.000
114.413, 118.800, 165.398, 5000.000, 0.000
115.208, 119.681, 166.581, 5000.000, 0.000
116.051, 120.525, 167.775, 5000.000, 0.000
116.859, 121.397, 168.961, 5000.000, 0.000
117.682, 122.257, 170.151, 5000.000, 0.000
118.474, 123.141, 171.336, 5000.000, 0.000
119.245, 124.040, 172.517, 5000.000, 0.000
120.044, 124.918, 173.703, 5000.000, 0.000
120.943, 125.721, 174.906, 5000.000, 0.000
121.880, 126.495, 176.116, 5000.000, 0.000
122.812, 127.273, 177.326, 5000.000, 0.000
123.694, 128.088, 178.527, 5000.000, 0.000
124.578, 128.902, 179.728, 5000.000, 0.000
125.513, 129.678, 180.939, 5000.000, 0.000
126.400, 130.490, 182.141, 5000.000, 0.000
127.329, 131.270, 183.351, 5000.000, 0.000
128.256, 132.052, 184.561, 5000.000, 0.000
129.176, 132.839, 185.772, 5000.000, 0.000
130.046, 133.663, 186.970, 5000.000, 0.000
130.916, 134.488, 188.168, 5000.000, 0.000
131.781, 135.316, 189.366, 5000.000, 0.000
132.635, 136.153, 190.561, 5000.000, 0.000
133.489, 136.989, 191.756, 5000.000, 0.000
134.354, 137.818, 192.954, 5000.000, 0.000
135.224, 138.643, 194.153, 5000.000, 0.000
136.094, 139.467, 195.351, 5000.000, 0.000
136.959, 140.296, 196.549, 5000.000, 0.000
137.813, 141.132, 197.744, 5000.000, 0.000
138.651, 141.981, 198.937, 5000.000, 0.000
139.469, 142.845, 200.125, 5000.000, 0.000
140.260, 143.729, 201.308, 5000.000, 0.000
141.075, 144.596, 202.496, 5000.000, 0.000
141.830, 145.507, 203.674, 5000.000, 0.000
142.631, 146.383, 204.860, 5000.000, 0.000
143.435, 147.258, 206.047, 5000.000, 0.000
144.291, 148.093, 207.243, 5000.000, 0.000
145.215, 148.877, 208.450, 5000.000, 0.000
146.162, 149.643, 209.663, 5000.000, 0.000
146.980, 150.507, 210.852, 5000.000, 0.000
147.800, 151.370, 212.042, 5000.000, 0.000
148.615, 152.236, 213.231, 5000.000, 0.000
149.476, 153.067, 214.427, 5000.000, 0.000
150.340, 153.896, 215.624, 5000.000, 0.000
151.201, 154.728, 216.821, 5000.000, 0.000
152.016, 155.593, 218.010, 5000.000, 0.000
152.836, 156.456, 219.199, 5000.000, 0.000
153.654, 157.320, 220.389, 5000.000, 0.000
154.466, 158.188, 221.578, 5000.000, 0.000
155.322, 159.023, 222.773, 5000.000, 0.000
156.179, 159.858, 223.969, 5000.000, 0.000
157.030, 160.697, 225.164, 5000.000, 0.000
157.874, 161.541, 226.358, 5000.000, 0.000
158.721, 162.384, 227.552, 5000.000, 0.000
159.582, 163.215, 228.748, 5000.000, 0.000
160.454, 164.038, 229.947, 5000.000, 0.000
161.332, 164.856, 231.147, 5000.000, 0.000
162.212, 165.673, 232.347, 5000.000, 0.000
163.091, 166.492, 233.547, 5000.000, 0.000
163.963, 167.315, 234.745, 5000.000, 0.000
164.824, 168.146, 235.942, 5000.000, 0.000
165.631, 169.018, 237.129, 5000.000, 0.000
166.433, 169.894, 238.317, 5000.000, 0.000
167.282, 170.734, 239.511, 5000.000, 0.000
168.133, 171.573, 240.706, 5000.000, 0.000
168.982, 172.414, 241.900, 5000.000, 0.000
169.824, 173.260, 243.094, 5000.000, 0.000
170.656, 174.113, 244.285, 5000.000, 0.000
171.433, 175.007, 245.468, 5000.000, 0.000
172.262, 175.863, 246.660, 5000.000, 0.000
173.098, 176.713, 247.852, 5000.000, 0.000
173.937, 177.561, 249.045, 5000.000, 0.000
174.775, 178.410, 250.238, 5000.000, 0.000
175.608, 179.263, 251.430, 5000.000, 0.000
176.392, 180.152, 252.614, 5000.000, 0.000
177.193, 181.029, 253.801, 5000.000, 0.000
178.020, 181.886, 254.992, 5000.000, 0.000
178.870, 182.726, 256.187, 5000.000, 0.000
179.777, 183.522, 257.390, 5000.000, 0.000
180.681, 184.322, 258.593, 5000.000, 0.000
181.577, 185.127, 259.796, 5000.000, 0.000
182.421, 185.970, 260.989, 5000.000, 0.000
183.265, 186.815, 262.183, 5000.000, 0.000
184.158, 187.622, 263.385, 5000.000, 0.000
185.056, 188.426, 264.590, 5000.000, 0.000
185.956, 189.228, 265.796, 5000.000, 0.000
186.812, 190.063, 266.991, 5000.000, 0.000
187.676, 190.892, 268.188, 5000.000, 0.000
188.541, 191.720, 269.386, 5000.000, 0.000
189.404, 192.550, 270.583, 5000.000, 0.000
190.258, 193.387, 271.778, 5000.000, 0.000
191.154, 194.192, 272.983, 5000.000, 0.000
192.048, 194.998, 274.186, 5000.000, 0.000
192.936, 195.810, 275.389, 5000.000, 0.000
193.773, 196.659, 276.581, 5000.000, 0.000
194.611, 197.508, 277.772, 5000.000, 0.000
195.443, 198.361, 278.963, 5000.000, 0.000
196.264, 199.223, 280.152, 5000.000, 0.000
197.126, 200.054, 281.349, 5000.000, 0.000
197.983, 200.888, 282.545, 5000.000, 0.000
198.832, 201.729, 283.740, 5000.000, 0.000
199.628, 202.609, 284.924, 5000.000, 0.000
200.422, 203.491, 286.108, 5000.000, 0.000
201.209, 204.378, 287.291, 5000.000, 0.000
202.039, 205.233, 288.482, 5000.000, 0.000
202.923, 206.047, 289.683, 5000.000, 0.000
203.819, 206.852, 290.888, 5000.000, 0.000
204.723, 207.651, 292.095, 5000.000, 0.000
205.577, 208.487, 293.289, 5000.000, 0.000
206.377, 209.365, 294.473, 5000.000, 0.000
207.172, 210.246, 295.657, 5000.000, 0.000
208.013, 211.093, 296.851, 5000.000, 0.000
208.857, 211.937, 298.044, 5000.000, 0.000
209.658, 212.814, 299.231, 5000.000, 0.000
210.468, 213.683, 300.419, 5000.000, 0.000
211.281, 214.551, 301.607, 5000.000, 0.000
212.148, 215.378, 302.805, 5000.000, 0.000
213.024, 216.198, 304.004, 5000.000, 0.000
213.906, 217.014, 305.204, 5000.000, 0.000
214.788, 217.829, 306.405, 5000.000, 0.000
215.667, 218.647, 307.605, 5000.000, 0.000
216.539, 219.470, 308.804, 5000.000, 0.000
217.400, 220.302, 310.000, 5000.000, 0.000
218.204, 221.176, 311.187, 5000.000, 0.000
219.059, 222.012, 312.383, 5000.000, 0.000
219.921, 222.843, 313.580, 5000.000, 0.000
220.784, 223.673, 314.777, 5000.000, 0.000
221.646, 224.504, 315.974, 5000.000, 0.000
222.501, 225.340, 317.170, 5000.000, 0.000
223.345, 226.184, 318.363, 5000.000, 0.000
224.135, 227.069, 319.548, 5000.000, 0.000
224.976, 227.915, 320.741, 5000.000, 0.000
225.825, 228.756, 321.936, 5000.000, 0.000
226.677, 229.594, 323.131, 5000.000, 0.001
227.488, 230.463, 324.319, 5000.000, 0.007
228.309, 231.325, 325.509, 5000.000, 0.013
229.133, 232.184, 326.700, 5000.000, 0.019
229.957, 233.043, 327.890, 5000.000, 0.025
230.774, 233.908, 329.080, 5000.000, 0.031
231.636, 234.739, 330.276, 5000.000, 0.037
232.497, 235.570, 331.473, 5000.000, 0.043
233.354, 236.404, 332.669, 5000.000, 0.049
234.163, 237.275, 333.857, 5000.000, 0.056
235.030, 238.102, 335.054, 5000.000, 0.062
235.910, 238.919, 336.254, 5000.000, 0.068
236.800, 239.729, 337.455, 5000.000, 0.074
237.695, 240.534, 338.658, 5000.000, 0.080
238.551, 241.369, 339.854, 5000.000, 0.086
239.459, 242.165, 341.059, 5000.000, 0.092
240.318, 242.998, 342.255, 5000.000, 0.099
241.180, 243.829, 343.452, 5000.000, 0.105
242.038, 244.662, 344.649, 5000.000, 0.111
242.888, 245.502, 345.844, 5000.000, 0.117
243.780, 246.310, 347.046, 5000.000, 0.123
244.630, 247.150, 348.241, 5000.000, 0.129
245.489, 247.983, 349.438, 5000.000, 0.135
246.350, 248.814, 350.635, 5000.000, 0.141
247.210, 249.647, 351.831, 5000.000, 0.147
248.062, 250.485, 353.026, 5000.000, 0.154
248.901, 251.333, 354.219, 5000.000, 0.160
249.779, 252.152, 355.419, 5000.000, 0.166
250.610, 253.006, 356.610, 5000.000, 0.172
251.445, 253.857, 357.802, 5000.000, 0.178
252.279, 254.708, 358.994, 5000.000, 0.184
253.163, 255.523, 360.195, 5000.000, 0.190
254.051, 256.333, 361.397, 5000.000, 0.196
254.941, 257.143, 362.600, 5000.000, 0.203
255.788, 257.985, 363.794, 5000.000, 0.209
256.642, 258.822, 364.990, 5000.000, 0.215
257.499, 259.657, 366.186, 5000.000, 0.221
258.352, 260.494, 367.381, 5000.000, 0.227
259.196, 261.338, 368.575, 5000.000, 0.233
260.083, 262.150, 369.777, 5000.000, 0.239
260.968, 262.963, 370.979, 5000.000, 0.245
261.806, 263.812, 372.171, 5000.000, 0.252
262.649, 264.657, 373.364, 5000.000, 0.258
263.490, 265.503, 374.557, 5000.000, 0.264
264.381, 266.312, 375.760, 5000.000, 0.270
265.222, 267.159, 376.953, 5000.000, 0.276
266.102, 267.976, 378.153, 5000.000, 0.282
266.978, 268.796, 379.353, 5000.000, 0.288
267.806, 269.652, 380.544, 5000.000, 0.294
268.676, 270.477, 381.742, 5000.000, 0.301
269.488, 271.345, 382.930, 5000.000, 0.307
270.348, 272.177, 384.127, 5000.000, 0.313
271.213, 273.006, 385.324, 5000.000, 0.319
272.077, 273.835, 386.522, 5000.000, 0.325
272.937, 274.667, 387.718, 5000.000, 0.331
273.789, 275.505, 388.914, 5000.000, 0.337
274.629, 276.353, 390.106, 5000.000, 0.343
275.451, 277.213, 391.296, 5000.000, 0.349
276.308, 278.048, 392.492, 5000.000, 0.356
277.117, 278.919, 393.679, 5000.000, 0.362
277.929, 279.787, 394.867, 5000.000, 0.368
278.739, 280.656, 396.056, 5000.000, 0.374
279.545, 281.530, 397.244, 5000.000, 0.380
280.301, 282.440, 398.426, 5000.000, 0.386
281.114, 283.308, 399.615, 5000.000, 0.392
281.940, 284.166, 400.805, 5000.000, 0.398
282.734, 285.048, 401.992, 5000.000, 0.404
283.547, 285.915, 403.181, 5000.000, 0.410
284.414, 286.742, 404.377, 5000.000, 0.416
285.274, 287.574, 405.572, 5000.000, 0.422
286.084, 288.444, 406.761, 5000.000, 0.428
286.949, 289.272, 407.957, 5000.000, 0.435
287.827, 290.092, 409.155, 5000.000, 0.441
288.711, 290.905, 410.355, 5000.000, 0.447
289.599, 291.716, 411.555, 5000.000, 0.453
290.485, 292.529, 412.756, 5000.000, 0.459
291.327, 293.375, 413.949, 5000.000, 0.465
292.174, 294.217, 415.144, 5000.000, 0.471
293.076, 295.017, 416.347, 5000.000, 0.478
293.935, 295.850, 417.543, 5000.000, 0.484
294.839, 296.649, 418.748, 5000.000, 0.490
295.746, 297.446, 419.953, 5000.000, 0.496
296.651, 298.244, 421.157, 5000.000, 0.502
297.509, 299.078, 422.354, 5000.000, 0.508
298.372, 299.908, 423.551, 5000.000, 0.514
299.233, 300.739, 424.748, 5000.000, 0.521
300.088, 301.575, 425.944, 5000.000, 0.527
300.932, 302.419, 427.137, 5000.000, 0.533
301.759, 303.276, 428.328, 5000.000, 0.539
302.579, 304.138, 429.517, 5000.000, 0.545
303.404, 304.997, 430.708, 5000.000, 0.551
304.228, 305.857, 431.898, 5000.000, 0.557
305.045, 306.721, 433.087, 5000.000, 0.563
305.907, 307.552, 434.284, 5000.000, 0.569
306.768, 308.383, 435.481, 5000.000, 0.575
307.625, 309.218, 436.677, 5000.000, 0.582
308.490, 310.046, 437.874, 5000.000, 0.588
309.373, 310.861, 439.075, 5000.000, 0.594
310.216, 311.706, 440.268, 5000.000, 0.600
311.052, 312.556, 441.461, 5000.000, 0.606
311.932, 313.373, 442.661, 5000.000, 0.612
312.813, 314.190, 443.861, 5000.000, 0.618
313.689, 315.010, 445.061, 5000.000, 0.624
314.517, 315.866, 446.252, 5000.000, 0.631
315.347, 316.721, 447.443, 5000.000, 0.637
316.173, 317.578, 448.634, 5000.000, 0.643
317.048, 318.400, 449.833, 5000.000, 0.649
317.925, 319.219, 451.033, 5000.000, 0.655
318.801, 320.039, 452.233, 5000.000, 0.661
319.672, 320.863, 453.431, 5000.000, 0.667
320.533, 321.694, 454.628, 5000.000, 0.673
321.341, 322.566, 455.815, 5000.000, 0.679
322.146, 323.440, 457.001, 5000.000, 0.686
322.997, 324.278, 458.197, 5000.000, 0.692
323.853, 325.114, 459.392, 5000.000, 0.698
324.707, 325.950, 460.588, 5000.000, 0.704
325.555, 326.791, 461.782, 5000.000, 0.710
326.395, 327.639, 462.975, 5000.000, 0.716
327.180, 328.527, 464.159, 5000.000, 0.722
328.058, 329.346, 465.359, 5000.000, 0.728
328.890, 330.199, 466.550, 5000.000, 0.734
329.727, 331.049, 467.743, 5000.000, 0.740
330.565, 331.897, 468.935, 5000.000, 0.747
331.401, 332.748, 470.128, 5000.000, 0.753
332.188, 333.635, 471.312, 5000.000, 0.759
332.979, 334.519, 472.496, 5000.000, 0.765
333.784, 335.393, 473.684, 5000.000, 0.771
334.653, 336.218, 474.882, 5000.000, 0.777
335.526, 337.041, 476.081, 5000.000, 0.783
336.399, 337.863, 477.281, 5000.000, 0.789
337.267, 338.689, 478.479, 5000.000, 0.795
338.128, 339.521, 479.676, 5000.000, 0.802
338.936, 340.392, 480.862, 5000.000, 0.808
339.797, 341.223, 482.059, 5000.000, 0.814
340.668, 342.047, 483.258, 5000.000, 0.820
341.544, 342.867, 484.458, 5000.000, 0.826
342.421, 343.687, 485.658, 5000.000, 0.832
343.295, 344.508, 486.858, 5000.000, 0.838
344.162, 345.335, 488.056, 5000.000, 0.844
345.017, 346.171, 489.251, 5000.000, 0.850
345.816, 347.049, 490.436, 5000.000, 0.857
346.666, 347.889, 491.631, 5000.000, 0.863
347.522, 348.724, 492.827, 5000.000, 0.869
348.380, 349.558, 494.023, 5000.000, 0.875
349.197, 350.423, 495.212, 5000.000, 0.881
350.021, 351.282, 496.402, 5000.000, 0.887
350.849, 352.138, 497.592, 5000.000, 0.893
351.675, 352.996, 498.783, 5000.000, 0.899
352.549, 353.818, 499.982, 5000.000, 0.905
353.332, 354.708, 501.167, 5000.000, 0.911
354.168, 355.558, 502.359, 5000.000, 0.918
355.013, 356.402, 503.552, 5000.000, 0.924
355.861, 357.243, 504.746, 5000.000, 0.930
356.707, 358.086, 505.940, 5000.000, 0.936
357.601, 358.893, 507.142, 5000.000, 0.942
358.499, 359.696, 508.346, 5000.000, 0.948
359.453, 360.457, 509.560, 5000.000, 0.954
360.324, 361.281, 510.759, 5000.000, 0.961
361.202, 362.099, 511.959, 5000.000, 0.967
362.083, 362.916, 513.160, 5000.000, 0.973
362.960, 363.735, 514.361, 5000.000, 0.979
363.829, 364.560, 515.559, 5000.000, 0.985
364.740, 365.354, 516.766, 5000.000, 0.991
365.609, 366.180, 517.965, 5000.000, 0.997
366.486, 366.999, 519.165, 5000.000, 1.004
367.367, 367.815, 520.366, 5000.000, 1.010
368.245, 368.634, 521.566, 5000.000, 1.016
369.116, 369.457, 522.765, 5000.000, 1.022
369.975, 370.291, 523.962, 5000.000, 1.028
370.775, 371.168, 525.146, 5000.000, 1.034
371.623, 372.009, 526.340, 5000.000, 1.040
372.473, 372.849, 527.535, 5000.000, 1.046
373.320, 373.691, 528.729, 5000.000, 1.052
374.159, 374.539, 529.922, 5000.000, 1.059
375.039, 375.356, 531.122, 5000.000, 1.065
375.917, 376.175, 532.322, 5000.000, 1.071
376.789, 376.998, 533.522, 5000.000, 1.077
377.650, 377.829, 534.718, 5000.000, 1.083
378.497, 378.671, 535.913, 5000.000, 1.089
379.341, 379.516, 537.106, 5000.000, 1.095
380.192, 380.354, 538.301, 5000.000, 1.101
381.049, 381.189, 539.497, 5000.000, 1.108
381.905, 382.024, 540.693, 5000.000, 1.114
382.757, 382.863, 541.888, 5000.000, 1.120
383.560, 383.737, 543.075, 5000.000, 1.126
384.366, 384.610, 544.261, 5000.000, 1.132
385.169, 385.486, 545.448, 5000.000, 1.138
386.018, 386.326, 546.642, 5000.000, 1.144
386.871, 387.163, 547.838, 5000.000, 1.150
387.723, 388.002, 549.033, 5000.000, 1.156
388.570, 388.844, 550.227, 5000.000, 1.162
389.367, 389.723, 551.413, 5000.000, 1.168
390.165, 390.602, 552.599, 5000.000, 1.175
391.015, 391.442, 553.793, 5000.000, 1.181
391.872, 392.276, 554.990, 5000.000, 1.187
392.733, 393.108, 556.186, 5000.000, 1.193
393.592, 393.941, 557.383, 5000.000, 1.199
394.406, 394.808, 558.571, 5000.000, 1.205
395.226, 395.670, 559.761, 5000.000, 1.211
396.101, 396.491, 560.960, 5000.000, 1.217
396.987, 397.303, 562.161, 5000.000, 1.223
397.881, 398.110, 563.364, 5000.000, 1.230
398.779, 398.914, 564.568, 5000.000, 1.236
399.635, 399.749, 565.764, 5000.000, 1.242
400.501, 400.577, 566.962, 5000.000, 1.248
401.371, 401.401, 568.161, 5000.000, 1.254
402.240, 402.227, 569.359, 5000.000, 1.260
403.102, 403.057, 570.556, 5000.000, 1.266
403.953, 403.896, 571.751, 5000.000, 1.273
404.843, 404.705, 572.954, 5000.000, 1.279
405.688, 405.549, 574.148, 5000.000, 1.285
406.538, 406.389, 575.342, 5000.000, 1.291
407.388, 407.229, 576.537, 5000.000, 1.297
408.233, 408.072, 577.731, 5000.000, 1.303
409.122, 408.882, 578.933, 5000.000, 1.309
410.013, 409.691, 580.137, 5000.000, 1.315
410.901, 410.502, 581.339, 5000.000, 1.322
411.781, 411.319, 582.540, 5000.000, 1.328
412.610, 412.175, 583.730, 5000.000, 1.334
413.438, 413.031, 584.920, 5000.000, 1.340
414.260, 413.892, 586.109, 5000.000, 1.346
415.125, 414.720, 587.307, 5000.000, 1.352
415.991, 415.548, 588.505, 5000.000, 1.358
416.852, 416.379, 589.702, 5000.000, 1.364
417.665, 417.247, 590.890, 5000.000, 1.370
418.481, 418.113, 592.078, 5000.000, 1.377
419.293, 418.981, 593.266, 5000.000, 1.383
420.152, 419.814, 594.463, 5000.000, 1.389
421.014, 420.644, 595.660, 5000.000, 1.395
421.876, 421.475, 596.856, 5000.000, 1.401
422.692, 422.340, 598.045, 5000.000, 1.407
423.514, 423.202, 599.235, 5000.000, 1.413
424.335, 424.063, 600.425, 5000.000, 1.419
425.207, 424.886, 601.623, 5000.000, 1.425
426.085, 425.704, 602.823, 5000.000, 1.431
426.966, 426.521, 604.024, 5000.000, 1.438
427.844, 427.340, 605.224, 5000.000, 1.444
428.716, 428.163, 606.423, 5000.000, 1.450
429.537, 429.024, 607.612, 5000.000, 1.456
430.359, 429.885, 608.802, 5000.000, 1.462
431.231, 430.708, 610.001, 5000.000, 1.468
432.029, 431.587, 611.187, 5000.000, 1.474
432.939, 432.381, 612.392, 5000.000, 1.480
433.805, 433.209, 613.589, 5000.000, 1.487
434.677, 434.032, 614.788, 5000.000, 1.493
435.550, 434.854, 615.988, 5000.000, 1.499
436.419, 435.680, 617.186, 5000.000, 1.505
437.279, 436.512, 618.383, 5000.000, 1.511
438.179, 437.314, 619.587, 5000.000, 1.517
439.076, 438.118, 620.791, 5000.000, 1.523
439.966, 438.928, 621.994, 5000.000, 1.530
440.844, 439.746, 623.194, 5000.000, 1.536
441.667, 440.607, 624.383, 5000.000, 1.542
442.484, 441.471, 625.572, 5000.000, 1.548
443.347, 442.301, 626.769, 5000.000, 1.554
444.210, 443.131, 627.966, 5000.000, 1.560
445.031, 443.993, 629.155, 5000.000, 1.566
445.858, 444.849, 630.346, 5000.000, 1.572
446.688, 445.704, 631.537, 5000.000, 1.578
447.515, 446.561, 632.728, 5000.000, 1.584
448.389, 447.383, 633.927, 5000.000, 1.591
449.266, 448.202, 635.126, 5000.000, 1.597
450.143, 449.022, 636.326, 5000.000, 1.603
451.013, 449.846, 637.525, 5000.000, 1.609
451.875, 450.677, 638.722, 5000.000, 1.615
452.683, 451.549, 639.909, 5000.000, 1.621
453.487, 452.423, 641.095, 5000.000, 1.627
454.284, 453.303, 642.281, 5000.000, 1.633
455.122, 454.152, 643.473, 5000.000, 1.639
455.958, 455.002, 644.666, 5000.000, 1.646
456.788, 455.857, 645.857, 5000.000, 1.652
457.718, 456.636, 647.066, 5000.000, 1.658
458.556, 457.484, 648.259, 5000.000, 1.664
459.393, 458.334, 649.451, 5000.000, 1.670
460.241, 459.175, 650.646, 5000.000, 1.676
461.095, 460.012, 651.841, 5000.000, 1.682
461.951, 460.847, 653.037, 5000.000, 1.688
462.805, 461.684, 654.233, 5000.000, 1.694
463.573, 462.585, 655.413, 5000.000, 1.701
464.360, 463.473, 656.597, 5000.000, 1.707
465.160, 464.350, 657.783, 5000.000, 1.713
465.966, 465.223, 658.971, 5000.000, 1.719
466.827, 466.054, 660.167, 5000.000, 1.725
467.700, 466.877, 661.366, 5000.000, 1.731
468.577, 467.696, 662.566, 5000.000, 1.737
469.454, 468.515, 663.766, 5000.000, 1.743
470.382, 469.297, 664.976, 5000.000, 1.749
471.316, 470.073, 666.188, 5000.000, 1.756
472.252, 470.848, 667.402, 5000.000, 1.762
473.186, 471.624, 668.615, 5000.000, 1.768
474.114, 472.405, 669.827, 5000.000, 1.774
475.031, 473.194, 671.037, 5000.000, 1.780
475.894, 474.024, 672.233, 5000.000, 1.787
476.752, 474.857, 673.429, 5000.000, 1.793
477.601, 475.698, 674.622, 5000.000, 1.799
478.491, 476.508, 675.825, 5000.000, 1.805
479.378, 477.320, 677.028, 5000.000, 1.811
480.217, 478.167, 678.219, 5000.000, 1.817
481.060, 479.013, 679.412, 5000.000, 1.823
481.900, 479.860, 680.604, 5000.000, 1.829
482.734, 480.712, 681.794, 5000.000, 1.835
483.554, 481.574, 682.982, 5000.000, 1.842
484.357, 482.449, 684.167, 5000.000, 1.848
485.192, 483.300, 685.359, 5000.000, 1.854
486.015, 484.160, 686.549, 5000.000, 1.860
486.783, 485.062, 687.732, 5000.000, 1.866
487.546, 485.968, 688.915, 5000.000, 1.872
488.298, 486.881, 690.097, 5000.000, 1.878
489.145, 487.723, 691.290, 5000.000, 1.884
490.005, 488.555, 692.484, 5000.000, 1.890
490.875, 489.380, 693.681, 5000.000, 1.896
491.751, 490.200, 694.878, 5000.000, 1.902
492.590, 491.048, 696.071, 5000.000, 1.909
493.444, 491.885, 697.266, 5000.000, 1.915
494.308, 492.713, 698.463, 5000.000, 1.921
495.179, 493.537, 699.661, 5000.000, 1.927
496.052, 494.360, 700.859, 5000.000, 1.933
496.923, 495.184, 702.057, 5000.000, 1.939
497.748, 496.043, 703.248, 5000.000, 1.945
498.577, 496.898, 704.439, 5000.000, 1.951
499.405, 497.755, 705.630, 5000.000, 1.957
500.226, 498.616, 706.820, 5000.000, 1.964
501.092, 499.444, 708.018, 5000.000, 1.970
501.957, 500.272, 709.215, 5000.000, 1.976
502.819, 501.103, 710.412, 5000.000, 1.982
503.672, 501.940, 711.607, 5000.000, 1.988
504.472, 502.817, 712.793, 5000.000, 1.994
505.326, 503.654, 713.989, 5000.000, 2.000
506.190, 504.484, 715.186, 5000.000, 2.006
507.058, 505.309, 716.384, 5000.000, 2.012
507.928, 506.134, 717.582, 5000.000, 2.019
508.795, 506.961, 718.780, 5000.000, 2.025
509.614, 507.824, 719.969, 5000.000, 2.031
510.437, 508.684, 721.159, 5000.000, 2.037
511.257, 509.546, 722.349, 5000.000, 2.043
512.126, 510.372, 723.547, 5000.000, 2.049
512.999, 511.194, 724.746, 5000.000, 2.055
513.872, 512.017, 725.945, 5000.000, 2.061
514.741, 512.842, 727.143, 5000.000, 2.067
515.561, 513.704, 728.333, 5000.000, 2.074
516.384, 514.565, 729.523, 5000.000, 2.080
517.203, 515.427, 730.712, 5000.000, 2.086
518.070, 516.254, 731.910, 5000.000, 2.092
518.940, 517.079, 733.108, 5000.000, 2.098
519.808, 517.905, 734.306, 5000.000, 2.104
520.632, 518.764, 735.496, 5000.000, 2.110
521.461, 519.620, 736.688, 5000.000, 2.116
522.290, 520.476, 737.879, 5000.000, 2.122
523.169, 521.293, 739.079, 5000.000, 2.129
524.055, 522.106, 740.280, 5000.000, 2.135
524.943, 522.917, 741.483, 5000.000, 2.141
525.828, 523.730, 742.685, 5000.000, 2.147
526.707, 524.548, 743.885, 5000.000, 2.153
527.536, 525.403, 745.076, 5000.000, 2.159
528.365, 526.259, 746.266, 5000.000, 2.165
529.189, 527.119, 747.456, 5000.000, 2.171
530.058, 527.944, 748.654, 5000.000, 2.178
530.928, 528.769, 749.853, 5000.000, 2.184
531.794, 529.596, 751.051, 5000.000, 2.190
532.653, 530.429, 752.247, 5000.000, 2.196
533.461, 531.300, 753.434, 5000.000, 2.202
534.268, 532.173, 754.620, 5000.000, 2.208
535.124, 533.008, 755.816, 5000.000, 2.214
535.986, 533.839, 757.013, 5000.000, 2.220
536.808, 534.699, 758.203, 5000.000, 2.226
537.642, 535.551, 759.395, 5000.000, 2.232
538.483, 536.398, 760.588, 5000.000, 2.239
539.324, 537.244, 761.781, 5000.000, 2.245
540.162, 538.093, 762.974, 5000.000, 2.251
541.045, 538.908, 764.176, 5000.000, 2.257
541.931, 539.721, 765.378, 5000.000, 2.263
542.775, 540.565, 766.571, 5000.000, 2.269
543.627, 541.403, 767.766, 5000.000, 2.275
544.482, 542.239, 768.961, 5000.000, 2.281
545.335, 543.076, 770.157, 5000.000, 2.288
546.197, 543.907, 771.354, 5000.000, 2.294
547.117, 544.694, 772.563, 5000.000, 2.300
548.036, 545.481, 773.772, 5000.000, 2.306
548.950, 546.273, 774.980, 5000.000, 2.312
549.815, 547.101, 776.177, 5000.000, 2.318
550.681, 547.929, 777.375, 5000.000, 2.324
551.543, 548.760, 778.572, 5000.000, 2.331
552.395, 549.598, 779.767, 5000.000, 2.337
553.288, 550.406, 780.971, 5000.000, 2.343
554.177, 551.215, 782.174, 5000.000, 2.349
555.060, 552.030, 783.375, 5000.000, 2.355
555.891, 552.884, 784.565, 5000.000, 2.361
556.721, 553.739, 785.756, 5000.000, 2.367
557.545, 554.599, 786.945, 5000.000, 2.373
558.357, 555.467, 788.132, 5000.000, 2.379
559.207, 556.306, 789.326, 5000.000, 2.386
560.053, 557.149, 790.520, 5000.000, 2.392
560.889, 558.000, 791.713, 5000.000, 2.398
561.672, 558.890, 792.897, 5000.000, 2.404
562.507, 559.741, 794.089, 5000.000, 2.410
563.350, 560.586, 795.283, 5000.000, 2.416
564.198, 561.427, 796.477, 5000.000, 2.422
565.046, 562.269, 797.671, 5000.000, 2.428
565.889, 563.113, 798.865, 5000.000, 2.434
566.724, 563.964, 800.057, 5000.000, 2.440
567.507, 564.855, 801.241, 5000.000, 2.447
568.343, 565.705, 802.433, 5000.000, 2.453
569.188, 566.548, 803.627, 5000.000, 2.459
570.039, 567.387, 804.822, 5000.000, 2.465
570.891, 568.226, 806.017, 5000.000, 2.471
571.756, 569.054, 807.214, 5000.000, 2.477
572.589, 569.907, 808.406, 5000.000, 2.483
573.425, 570.757, 809.599, 5000.000, 2.489
574.259, 571.608, 810.791, 5000.000, 2.495
575.142, 572.424, 811.991, 5000.000, 2.502
576.028, 573.236, 813.192, 5000.000, 2.508
576.915, 574.048, 814.393, 5000.000, 2.514
577.797, 574.863, 815.593, 5000.000, 2.520
578.632, 575.715, 816.785, 5000.000, 2.526
579.468, 576.565, 817.978, 5000.000, 2.532
580.301, 577.417, 819.170, 5000.000, 2.538
581.181, 578.234, 820.370, 5000.000, 2.544
582.065, 579.049, 821.571, 5000.000, 2.551
582.947, 579.864, 822.771, 5000.000, 2.557
583.785, 580.713, 823.964, 5000.000, 2.563
584.627, 581.558, 825.157, 5000.000, 2.569
585.470, 582.404, 826.351, 5000.000, 2.575
586.307, 583.253, 827.543, 5000.000, 2.581
587.190, 584.068, 828.744, 5000.000, 2.587
588.073, 584.883, 829.945, 5000.000, 2.593
588.953, 585.699, 831.146, 5000.000, 2.600
589.826, 586.522, 832.345, 5000.000, 2.606
590.648, 587.383, 833.534, 5000.000, 2.612
591.469, 588.245, 834.724, 5000.000, 2.618
592.283, 589.112, 835.912, 5000.000, 2.624
593.141, 589.945, 837.108, 5000.000, 2.630
593.999, 590.779, 838.304, 5000.000, 2.636
594.853, 591.615, 839.500, 5000.000, 2.642
595.659, 592.488, 840.687, 5000.000, 2.648
596.467, 593.360, 841.874, 5000.000, 2.654
597.327, 594.192, 843.071, 5000.000, 2.661
598.196, 595.018, 844.269, 5000.000, 2.667
599.069, 595.840, 845.468, 5000.000, 2.673
599.942, 596.662, 846.668, 5000.000, 2.679
600.771, 597.518, 847.858, 5000.000, 2.685
601.606, 598.369, 849.050, 5000.000, 2.691
602.442, 599.219, 850.242, 5000.000, 2.697
603.274, 600.072, 851.434, 5000.000, 2.703
604.153, 600.890, 852.634, 5000.000, 2.709
605.033, 601.707, 853.835, 5000.000, 2.716
605.911, 602.526, 855.035, 5000.000, 2.722
606.783, 603.349, 856.234, 5000.000, 2.728
607.644, 604.180, 857.431, 5000.000, 2.734
608.451, 605.052, 858.617, 5000.000, 2.740
609.309, 605.886, 859.814, 5000.000, 2.746
610.175, 606.714, 861.011, 5000.000, 2.752
611.044, 607.539, 862.210, 5000.000, 2.758
611.872, 608.396, 863.400, 5000.000, 2.765
612.709, 609.245, 864.593, 5000.000, 2.771
613.550, 610.091, 865.786, 5000.000, 2.777
614.391, 610.938, 866.979, 5000.000, 2.783
615.225, 611.790, 868.171, 5000.000, 2.789
616.103, 612.608, 869.371, 5000.000, 2.795
616.982, 613.427, 870.572, 5000.000, 2.801
617.816, 614.278, 871.763, 5000.000, 2.807
618.656, 615.125, 872.956, 5000.000, 2.813
619.498, 615.971, 874.149, 5000.000, 2.820
620.335, 616.820, 875.342, 5000.000, 2.826
621.219, 617.635, 876.543, 5000.000, 2.832
622.104, 618.448, 877.744, 5000.000, 2.838
622.988, 619.262, 878.946, 5000.000, 2.844
623.825, 620.111, 880.138, 5000.000, 2.850
624.667, 620.957, 881.331, 5000.000, 2.856
625.507, 621.804, 882.524, 5000.000, 2.862
626.397, 622.614, 883.727, 5000.000, 2.869
627.292, 623.420, 884.930, 5000.000, 2.875
628.188, 624.225, 886.134, 5000.000, 2.881
629.041, 625.062, 887.329, 5000.000, 2.887
629.902, 625.894, 888.526, 5000.000, 2.893
630.765, 626.724, 889.723, 5000.000, 2.899
631.624, 627.557, 890.920, 5000.000, 2.905
632.475, 628.395, 892.115, 5000.000, 2.911
633.313, 629.245, 893.307, 5000.000, 2.918
634.187, 630.066, 894.507, 5000.000, 2.924
635.013, 630.923, 895.698, 5000.000, 2.930
635.843, 631.778, 896.889, 5000.000, 2.936
636.671, 632.635, 898.080, 5000.000, 2.942
637.547, 633.455, 899.279, 5000.000, 2.948
638.428, 634.272, 900.479, 5000.000, 2.954
639.308, 635.088, 901.680, 5000.000, 2.960
640.184, 635.908, 902.879, 5000.000, 2.966
641.012, 636.765, 904.070, 5000.000, 2.973
641.842, 637.620, 905.261, 5000.000, 2.979
642.669, 638.477, 906.452, 5000.000, 2.985
643.543, 639.298, 907.651, 5000.000, 2.991
644.420, 640.118, 908.851, 5000.000, 2.997
645.256, 640.968, 910.043, 5000.000, 3.003
646.102, 641.811, 911.237, 5000.000, 3.009
646.952, 642.650, 912.432, 5000.000, 3.015
647.801, 643.491, 913.627, 5000.000, 3.021
648.644, 644.336, 914.820, 5000.000, 3.028
649.530, 645.148, 916.022, 5000.000, 3.034
650.417, 645.960, 917.223, 5000.000, 3.040
651.299, 646.776, 918.424, 5000.000, 3.046
652.134, 647.627, 919.616, 5000.000, 3.052
652.970, 648.477, 920.808, 5000.000, 3.058
653.803, 649.330, 922.000, 5000.000, 3.064
654.683, 650.146, 923.200, 5000.000, 3.070
655.567, 650.961, 924.402, 5000.000, 3.077
656.449, 651.776, 925.603, 5000.000, 3.083
657.326, 652.595, 926.803, 5000.000, 3.089
658.154, 653.452, 927.993, 5000.000, 3.095
658.983, 654.307, 929.184, 5000.000, 3.101
659.808, 655.166, 930.374, 5000.000, 3.107
660.679, 655.990, 931.573, 5000.000, 3.113
661.552, 656.813, 932.772, 5000.000, 3.119
662.423, 657.637, 933.971, 5000.000, 3.126
663.247, 658.495, 935.161, 5000.000, 3.132
664.076, 659.351, 936.351, 5000.000, 3.138
664.904, 660.207, 937.542, 5000.000, 3.144
665.726, 661.069, 938.732, 5000.000, 3.150
666.591, 661.897, 939.929, 5000.000, 3.156
667.457, 662.724, 941.127, 5000.000, 3.162
668.318, 663.556, 942.324, 5000.000, 3.168
669.171, 664.393, 943.519, 5000.000, 3.174
669.972, 665.270, 944.705, 5000.000, 3.180
670.826, 666.107, 945.901, 5000.000, 3.187
671.689, 666.936, 947.098, 5000.000, 3.193
672.558, 667.762, 948.297, 5000.000, 3.199
673.428, 668.587, 949.495, 5000.000, 3.205
674.294, 669.414, 950.693, 5000.000, 3.211
675.114, 670.277, 951.882, 5000.000, 3.217
675.936, 671.137, 953.072, 5000.000, 3.223
676.757, 671.999, 954.261, 5000.000, 3.229
677.626, 672.825, 955.459, 5000.000, 3.235
678.499, 673.647, 956.658, 5000.000, 3.242
679.372, 674.469, 957.858, 5000.000, 3.248
680.201, 675.325, 959.048, 5000.000, 3.254
681.036, 676.176, 960.241, 5000.000, 3.260
681.872, 677.026, 961.433, 5000.000, 3.266
682.704, 677.879, 962.625, 5000.000, 3.272
683.582, 678.698, 963.825, 5000.000, 3.278
684.423, 679.544, 965.018, 5000.000, 3.284
685.276, 680.382, 966.213, 5000.000, 3.290
686.137, 681.214, 967.410, 5000.000, 3.297
686.999, 682.044, 968.607, 5000.000, 3.303
687.859, 682.876, 969.803, 5000.000, 3.309
688.765, 683.673, 971.009, 5000.000, 3.315
689.675, 684.468, 972.215, 5000.000, 3.321
690.584, 685.263, 973.421, 5000.000, 3.327
691.487, 686.063, 974.627, 5000.000, 3.334
692.342, 686.899, 975.822, 5000.000, 3.340
693.197, 687.735, 977.018, 5000.000, 3.346
694.048, 688.574, 978.212, 5000.000, 3.352
694.890, 689.420, 979.405, 5000.000, 3.358
695.772, 690.235, 980.607, 5000.000, 3.364
696.651, 691.053, 981.807, 5000.000, 3.370
697.483, 691.906, 982.998, 5000.000, 3.376
698.319, 692.757, 984.190, 5000.000, 3.382
699.152, 693.609, 985.382, 5000.000, 3.389
699.978, 694.467, 986.572, 5000.000, 3.395
700.846, 695.293, 987.770, 5000.000, 3.401
701.714, 696.119, 988.968, 5000.000, 3.407
702.537, 696.980, 990.158, 5000.000, 3.413
703.364, 697.836, 991.349, 5000.000, 3.419
704.192, 698.692, 992.540, 5000.000, 3.425
705.015, 699.553, 993.730, 5000.000, 3.431
705.883, 700.379, 994.928, 5000.000, 3.437
706.751, 701.205, 996.126, 5000.000, 3.444
707.617, 702.033, 997.323, 5000.000, 3.450
708.435, 702.896, 998.513, 5000.000, 3.456
709.257, 703.757, 999.702, 5000.000, 3.462
710.132, 704.578, 1000.902, 5000.000, 3.468
711.017, 705.392, 1002.104, 5000.000, 3.474
711.906, 706.202, 1003.307, 5000.000, 3.480
712.797, 707.011, 1004.510, 5000.000, 3.486
713.685, 707.822, 1005.713, 5000.000, 3.493
714.525, 708.669, 1006.905, 5000.000, 3.499
715.369, 709.513, 1008.098, 5000.000, 3.505
716.211, 710.359, 1009.291, 5000.000, 3.511
717.045, 711.211, 1010.482, 5000.000, 3.517
717.922, 712.030, 1011.682, 5000.000, 3.523
718.798, 712.850, 1012.882, 5000.000, 3.529
719.669, 713.674, 1014.081, 5000.000, 3.535
720.530, 714.505, 1015.278, 5000.000, 3.541
721.338, 715.377, 1016.464, 5000.000, 3.548
722.143, 716.251, 1017.650, 5000.000, 3.554
722.995, 717.089, 1018.845, 5000.000, 3.560
723.850, 717.925, 1020.041, 5000.000, 3.566
724.704, 718.762, 1021.237, 5000.000, 3.572
725.513, 719.632, 1022.424, 5000.000, 3.578
726.327, 720.499, 1023.612, 5000.000, 3.584
727.141, 721.366, 1024.800, 5000.000, 3.590
728.006, 722.194, 1025.997, 5000.000, 3.596
728.877, 723.018, 1027.196, 5000.000, 3.602
729.749, 723.841, 1028.396, 5000.000, 3.609
730.620, 724.665, 1029.595, 5000.000, 3.615
731.445, 725.524, 1030.784, 5000.000, 3.621
732.274, 726.379, 1031.975, 5000.000, 3.627
733.102, 727.236, 1033.166, 5000.000, 3.633
733.979, 728.055, 1034.366, 5000.000, 3.639
734.861, 728.870, 1035.567, 5000.000, 3.645
735.745, 729.685, 1036.768, 5000.000, 3.651
736.625, 730.501, 1037.968, 5000.000, 3.658
737.458, 731.354, 1039.160, 5000.000, 3.664
738.295, 732.204, 1040.352, 5000.000, 3.670
739.129, 733.056, 1041.544, 5000.000, 3.676
740.011, 733.871, 1042.745, 5000.000, 3.682
740.898, 734.683, 1043.947, 5000.000, 3.688
741.785, 735.495, 1045.149, 5000.000, 3.694
742.627, 736.340, 1046.342, 5000.000, 3.700
743.476, 737.181, 1047.536, 5000.000, 3.707
744.326, 738.020, 1048.731, 5000.000, 3.713
745.172, 738.863, 1049.925, 5000.000, 3.719
746.008, 739.713, 1051.117, 5000.000, 3.725
746.885, 740.533, 1052.317, 5000.000, 3.731
747.760, 741.354, 1053.517, 5000.000, 3.737
748.586, 742.211, 1054.707, 5000.000, 3.743
749.416, 743.066, 1055.898, 5000.000, 3.749
750.244, 743.923, 1057.089, 5000.000, 3.755
751.120, 744.743, 1058.289, 5000.000, 3.762
752.001, 745.559, 1059.489, 5000.000, 3.768
752.881, 746.376, 1060.690, 5000.000, 3.774
753.757, 747.196, 1061.889, 5000.000, 3.780
754.585, 748.053, 1063.080, 5000.000, 3.786
755.415, 748.908, 1064.271, 5000.000, 3.792
756.242, 749.765, 1065.462, 5000.000, 3.798
757.116, 750.586, 1066.661, 5000.000, 3.804
757.993, 751.406, 1067.861, 5000.000, 3.810
758.829, 752.256, 1069.053, 5000.000, 3.817
759.675, 753.099, 1070.247, 5000.000, 3.823
760.525, 753.938, 1071.442, 5000.000, 3.829
761.374, 754.779, 1072.637, 5000.000, 3.835
762.217, 755.624, 1073.830, 5000.000, 3.841
763.103, 756.436, 1075.032, 5000.000, 3.847
763.990, 757.248, 1076.233, 5000.000, 3.853
764.872, 758.063, 1077.434, 5000.000, 3.859
765.746, 758.885, 1078.634, 5000.000, 3.866
766.608, 759.716, 1079.831, 5000.000, 3.872
767.412, 760.590, 1081.017, 5000.000, 3.878
768.266, 761.427, 1082.213, 5000.000, 3.884
769.126, 762.259, 1083.409, 5000.000, 3.890
769.986, 763.091, 1084.606, 5000.000, 3.896
770.803, 763.956, 1085.795, 5000.000, 3.902
771.628, 764.815, 1086.985, 5000.000, 3.908
772.455, 765.672, 1088.176, 5000.000, 3.914
773.279, 766.531, 1089.367, 5000.000, 3.920
774.149, 767.355, 1090.565, 5000.000, 3.927
775.023, 768.177, 1091.764, 5000.000, 3.933
775.857, 769.029, 1092.956, 5000.000, 3.939
776.699, 769.875, 1094.149, 5000.000, 3.945
777.546, 770.717, 1095.344, 5000.000, 3.951
778.392, 771.560, 1096.538, 5000.000, 3.957
779.231, 772.407, 1097.731, 5000.000, 3.963
780.115, 773.222, 1098.931, 5000.000, 3.969
780.998, 774.036, 1100.132, 5000.000, 3.976
781.838, 774.884, 1101.325, 5000.000, 3.982
782.644, 775.757, 1102.512, 5000.000, 3.988
783.505, 776.588, 1103.709, 5000.000, 3.994
784.417, 777.381, 1104.915, 5000.000, 4.000
785.335, 778.169, 1106.125, 5000.000, 4.006
786.256, 778.956, 1107.336, 5000.000, 4.012
787.174, 779.744, 1108.546, 5000.000, 4.019
788.046, 780.567, 1109.744, 5000.000, 4.025
788.923, 781.387, 1110.943, 5000.000, 4.031
789.798, 782.207, 1112.143, 5000.000, 4.037
790.667, 783.033, 1113.341, 5000.000, 4.043
791.524, 783.867, 1114.536, 5000.000, 4.049
792.365, 784.714, 1115.728, 5000.000, 4.055
793.199, 785.566, 1116.919, 5000.000, 4.061
794.037, 786.414, 1118.111, 5000.000, 4.068
794.875, 787.263, 1119.303, 5000.000, 4.074
795.706, 788.117, 1120.493, 5000.000, 4.080
796.581, 788.938, 1121.693, 5000.000, 4.086
797.456, 789.759, 1122.893, 5000.000, 4.092
798.287, 790.613, 1124.084, 5000.000, 4.098
799.124, 791.462, 1125.276, 5000.000, 4.104
799.963, 792.311, 1126.468, 5000.000, 4.110
800.797, 793.162, 1127.660, 5000.000, 4.116
801.677, 793.979, 1128.861, 5000.000, 4.123
802.560, 794.794, 1130.062, 5000.000, 4.129
803.400, 795.641, 1131.255, 5000.000, 4.135
804.249, 796.482, 1132.449, 5000.000, 4.141
805.101, 797.320, 1133.644, 5000.000, 4.147
805.951, 798.160, 1134.839, 5000.000, 4.153
806.794, 799.005, 1136.033, 5000.000, 4.159
807.679, 799.818, 1137.234, 5000.000, 4.165
808.580, 800.619, 1138.439, 5000.000, 4.172
809.451, 801.443, 1139.638, 5000.000, 4.178
810.327, 802.263, 1140.838, 5000.000, 4.184
811.203, 803.083, 1142.038, 5000.000, 4.190
812.074, 803.907, 1143.236, 5000.000, 4.196
812.895, 804.769, 1144.425, 5000.000, 4.202
813.770, 805.589, 1145.625, 5000.000, 4.208
814.655, 806.403, 1146.827, 5000.000, 4.214
815.544, 807.213, 1148.029, 5000.000, 4.221
816.432, 808.024, 1149.232, 5000.000, 4.227
817.314, 808.840, 1150.433, 5000.000, 4.233
818.184, 809.665, 1151.631, 5000.000, 4.239
819.053, 810.490, 1152.830, 5000.000, 4.245
819.931, 811.308, 1154.030, 5000.000, 4.251
820.814, 812.124, 1155.232, 5000.000, 4.257
821.695, 812.939, 1156.433, 5000.000, 4.264
822.571, 813.760, 1157.633, 5000.000, 4.270
823.434, 814.589, 1158.830, 5000.000, 4.276
824.297, 815.420, 1160.027, 5000.000, 4.282
825.169, 816.243, 1161.226, 5000.000, 4.288
826.045, 817.063, 1162.426, 5000.000, 4.294
826.921, 817.883, 1163.626, 5000.000, 4.300
827.790, 818.709, 1164.825, 5000.000, 4.307
828.647, 819.543, 1166.021, 5000.000, 4.313
829.543, 820.348, 1167.225, 5000.000, 4.319
830.434, 821.157, 1168.428, 5000.000, 4.325
831.315, 821.973, 1169.629, 5000.000, 4.331
832.143, 822.829, 1170.819, 5000.000, 4.337
832.968, 823.688, 1172.008, 5000.000, 4.343
833.784, 824.553, 1173.196, 5000.000, 4.349
834.642, 825.386, 1174.393, 5000.000, 4.355
835.459, 826.252, 1175.581, 5000.000, 4.362
836.283, 827.110, 1176.771, 5000.000, 4.368
837.111, 827.967, 1177.962, 5000.000, 4.374
837.937, 828.825, 1179.152, 5000.000, 4.380
838.811, 829.646, 1180.351, 5000.000, 4.386
839.689, 830.465, 1181.551, 5000.000, 4.392
840.568, 831.283, 1182.751, 5000.000, 4.398
841.442, 832.105, 1183.951, 5000.000, 4.404
842.267, 832.963, 1185.142, 5000.000, 4.410
843.095, 833.819, 1186.333, 5000.000, 4.417
843.920, 834.678, 1187.523, 5000.000, 4.423
844.792, 835.501, 1188.721, 5000.000, 4.429
845.627, 836.352, 1189.914, 5000.000, 4.435
846.476, 837.193, 1191.108, 5000.000, 4.441
847.333, 838.027, 1192.304, 5000.000, 4.447
848.194, 838.859, 1193.501, 5000.000, 4.453
849.052, 839.692, 1194.697, 5000.000, 4.459
849.959, 840.489, 1195.902, 5000.000, 4.466
850.870, 841.283, 1197.108, 5000.000, 4.472
851.781, 842.076, 1198.315, 5000.000, 4.478
852.687, 842.873, 1199.521, 5000.000, 4.484
853.546, 843.707, 1200.717, 5000.000, 4.490
854.406, 844.539, 1201.914, 5000.000, 4.496
855.264, 845.373, 1203.110, 5000.000, 4.502
856.113, 846.213, 1204.305, 5000.000, 4.508
856.948, 847.064, 1205.497, 5000.000, 4.515
857.820, 847.887, 1206.696, 5000.000, 4.521
858.645, 848.746, 1207.886, 5000.000, 4.527
859.472, 849.602, 1209.076, 5000.000, 4.533
860.298, 850.460, 1210.266, 5000.000, 4.539
861.172, 851.282, 1211.466, 5000.000, 4.545
862.050, 852.100, 1212.666, 5000.000, 4.551
862.929, 852.919, 1213.867, 5000.000, 4.557
863.763, 853.771, 1215.058, 5000.000, 4.563
864.603, 854.617, 1216.251, 5000.000, 4.570
865.445, 855.464, 1217.444, 5000.000, 4.576
866.242, 856.343, 1218.629, 5000.000, 4.582
867.045, 857.218, 1219.815, 5000.000, 4.588
867.903, 858.052, 1221.012, 5000.000, 4.594
868.770, 858.879, 1222.209, 5000.000, 4.600
869.641, 859.703, 1223.408, 5000.000, 4.606
870.511, 860.528, 1224.606, 5000.000, 4.612
871.390, 861.345, 1225.807, 5000.000, 4.618
872.329, 862.118, 1227.018, 5000.000, 4.625
873.269, 862.890, 1228.231, 5000.000, 4.631
874.164, 863.695, 1229.435, 5000.000, 4.637
875.066, 864.496, 1230.640, 5000.000, 4.643
875.968, 865.296, 1231.845, 5000.000, 4.649
876.907, 866.069, 1233.058, 5000.000, 4.656
877.781, 866.891, 1234.258, 5000.000, 4.662
878.641, 867.723, 1235.454, 5000.000, 4.668
879.499, 868.557, 1236.650, 5000.000, 4.674
880.363, 869.385, 1237.848, 5000.000, 4.680
881.230, 870.212, 1239.046, 5000.000, 4.686
882.094, 871.042, 1240.244, 5000.000, 4.692
882.949, 871.877, 1241.439, 5000.000, 4.698
883.791, 872.724, 1242.633, 5000.000, 4.705
884.669, 873.542, 1243.833, 5000.000, 4.711
885.500, 874.396, 1245.024, 5000.000, 4.717
886.334, 875.248, 1246.216, 5000.000, 4.723
887.166, 876.101, 1247.407, 5000.000, 4.729
887.991, 876.960, 1248.597, 5000.000, 4.735
888.803, 877.828, 1249.786, 5000.000, 4.741
889.613, 878.698, 1250.973, 5000.000, 4.747
890.431, 879.561, 1252.163, 5000.000, 4.753
891.253, 880.423, 1253.353, 5000.000, 4.759
892.128, 881.243, 1254.552, 5000.000, 4.766
893.013, 882.057, 1255.753, 5000.000, 4.772
893.902, 882.867, 1256.954, 5000.000, 4.778
894.754, 883.706, 1258.149, 5000.000, 4.784
895.616, 884.536, 1259.346, 5000.000, 4.790
896.485, 885.361, 1260.545, 5000.000, 4.796
897.411, 886.144, 1261.753, 5000.000, 4.802
898.293, 886.959, 1262.954, 5000.000, 4.809
899.168, 887.780, 1264.154, 5000.000, 4.815
900.044, 888.600, 1265.354, 5000.000, 4.821
900.933, 889.411, 1266.557, 5000.000, 4.827
901.829, 890.215, 1267.761, 5000.000, 4.833
902.672, 891.061, 1268.954, 5000.000, 4.839
903.551, 891.879, 1270.154, 5000.000, 4.845
904.380, 892.734, 1271.344, 5000.000, 4.851
905.264, 893.548, 1272.546, 5000.000, 4.858
906.160, 894.353, 1273.750, 5000.000, 4.864
907.060, 895.155, 1274.955, 5000.000, 4.870
907.961, 895.956, 1276.161, 5000.000, 4.876
908.856, 896.762, 1277.365, 5000.000, 4.882
909.701, 897.606, 1278.558, 5000.000, 4.888
910.545, 898.450, 1279.751, 5000.000, 4.894
911.437, 899.258, 1280.955, 5000.000, 4.901
912.332, 900.063, 1282.159, 5000.000, 4.907
913.226, 900.870, 1283.363, 5000.000, 4.913
914.111, 901.683, 1284.565, 5000.000, 4.919
914.985, 902.505, 1285.764, 5000.000, 4.925
915.895, 903.299, 1286.972, 5000.000, 4.931
916.800, 904.098, 1288.178, 5000.000, 4.938
917.694, 904.904, 1289.382, 5000.000, 4.944
918.533, 905.752, 1290.575, 5000.000, 4.950
919.369, 906.603, 1291.767, 5000.000, 4.956
920.194, 907.461, 1292.958, 5000.000, 4.962
921.061, 908.288, 1294.155, 5000.000, 4.968
921.925, 909.118, 1295.352, 5000.000, 4.974
922.741, 909.983, 1296.541, 5000.000, 4.980
923.560, 910.845, 1297.731, 5000.000, 4.986
924.378, 911.710, 1298.920, 5000.000, 4.993
925.188, 912.580, 1300.109, 5000.000, 4.999
926.041, 913.417, 1301.304, 5000.000, 5.005
926.892, 914.255, 1302.499, 5000.000, 5.011
927.699, 915.128, 1303.687, 5000.000, 5.017
928.511, 915.996, 1304.875, 5000.000, 5.023
929.323, 916.864, 1306.064, 5000.000, 5.029
930.186, 917.695, 1307.260, 5000.000, 5.035
931.055, 918.520, 1308.458, 5000.000, 5.041
931.925, 919.344, 1309.656, 5000.000, 5.047
932.754, 920.200, 1310.847, 5000.000, 5.054
933.592, 921.049, 1312.040, 5000.000, 5.060
934.432, 921.896, 1313.233, 5000.000, 5.066
935.326, 922.703, 1314.435, 5000.000, 5.072
936.230, 923.502, 1315.639, 5000.000, 5.078
937.139, 924.297, 1316.847, 5000.000, 5.084
938.048, 925.092, 1318.055, 5000.000, 5.090
938.955, 925.889, 1319.262, 5000.000, 5.097
939.815, 926.721, 1320.457, 5000.000, 5.103
940.677, 927.552, 1321.654, 5000.000, 5.109
941.538, 928.383, 1322.850, 5000.000, 5.115
942.391, 929.221, 1324.045, 5000.000, 5.121
943.231, 930.068, 1325.238, 5000.000, 5.127
944.070, 930.916, 1326.430, 5000.000, 5.133
944.917, 931.758, 1327.624, 5000.000, 5.139
945.767, 932.598, 1328.818, 5000.000, 5.145
946.614, 933.439, 1330.012, 5000.000, 5.152
947.455, 934.286, 1331.205, 5000.000, 5.158
948.338, 935.101, 1332.407, 5000.000, 5.164
949.221, 935.916, 1333.608, 5000.000, 5.170
950.058, 936.765, 1334.800, 5000.000, 5.176
950.901, 937.610, 1335.993, 5000.000, 5.182
951.744, 938.456, 1337.186, 5000.000, 5.188
952.581, 939.305, 1338.379, 5000.000, 5.194
953.424, 940.150, 1339.572, 5000.000, 5.200
954.282, 940.984, 1340.769, 5000.000, 5.207
955.151, 941.809, 1341.967, 5000.000, 5.213
956.025, 942.630, 1343.167, 5000.000, 5.219
956.899, 943.452, 1344.366, 5000.000, 5.225
957.728, 944.307, 1345.557, 5000.000, 5.231
958.617, 945.118, 1346.759, 5000.000, 5.237
959.521, 945.917, 1347.965, 5000.000, 5.243
960.434, 946.709, 1349.173, 5000.000, 5.250
961.352, 947.498, 1350.382, 5000.000, 5.256
962.228, 948.317, 1351.582, 5000.000, 5.262
963.113, 949.131, 1352.784, 5000.000, 5.268
964.000, 949.942, 1353.986, 5000.000, 5.274
964.883, 950.757, 1355.188, 5000.000, 5.280
965.811, 951.538, 1356.400, 5000.000, 5.287
966.739, 952.319, 1357.612, 5000.000, 5.293
967.662, 953.104, 1358.822, 5000.000, 5.299
968.574, 953.897, 1360.031, 5000.000, 5.305
969.470, 954.702, 1361.235, 5000.000, 5.311
970.361, 955.510, 1362.439, 5000.000, 5.317
971.258, 956.315, 1363.643, 5000.000, 5.324
972.154, 957.120, 1364.848, 5000.000, 5.330
973.045, 957.929, 1366.051, 5000.000, 5.336
973.886, 958.775, 1367.243, 5000.000, 5.342
974.726, 959.623, 1368.434, 5000.000, 5.348
975.558, 960.476, 1369.626, 5000.000, 5.354
976.432, 961.297, 1370.825, 5000.000, 5.360
977.303, 962.121, 1372.024, 5000.000, 5.366
978.166, 962.951, 1373.221, 5000.000, 5.373
978.975, 963.822, 1374.408, 5000.000, 5.379
979.835, 964.654, 1375.605, 5000.000, 5.385
980.702, 965.481, 1376.803, 5000.000, 5.391
981.570, 966.307, 1378.001, 5000.000, 5.397
982.434, 967.136, 1379.198, 5000.000, 5.403
983.288, 967.973, 1380.394, 5000.000, 5.409
984.183, 968.779, 1381.597, 5000.000, 5.415
985.075, 969.587, 1382.800, 5000.000, 5.422
985.920, 970.430, 1383.994, 5000.000, 5.428
986.768, 971.272, 1385.188, 5000.000, 5.434
987.613, 972.115, 1386.382, 5000.000, 5.440
988.507, 972.921, 1387.586, 5000.000, 5.446
989.406, 973.724, 1388.790, 5000.000, 5.452
990.304, 974.528, 1389.994, 5000.000, 5.458
991.158, 975.364, 1391.190, 5000.000, 5.465
992.019, 976.196, 1392.387, 5000.000, 5.471
992.880, 977.027, 1393.584, 5000.000, 5.477
993.738, 977.861, 1394.780, 5000.000, 5.483
994.586, 978.703, 1395.974, 5000.000, 5.489
995.379, 979.585, 1397.160, 5000.000, 5.495
996.223, 980.430, 1398.353, 5000.000, 5.501
997.071, 981.270, 1399.548, 5000.000, 5.507
997.920, 982.111, 1400.742, 5000.000, 5.513
998.764, 982.955, 1401.936, 5000.000, 5.520
999.653, 983.766, 1403.137, 5000.000, 5.526
1000.543, 984.575, 1404.339, 5000.000, 5.532
1001.429, 985.387, 1405.541, 5000.000, 5.538
1002.269, 986.235, 1406.734, 5000.000, 5.544
1003.111, 987.080, 1407.927, 5000.000, 5.550
1003.952, 987.927, 1409.120, 5000.000, 5.556
1004.841, 988.738, 1410.322, 5000.000, 5.562
1005.734, 989.545, 1411.525, 5000.000, 5.569
1006.627, 990.352, 1412.728, 5000.000, 5.575
1007.476, 991.193, 1413.923, 5000.000, 5.581
1008.331, 992.028, 1415.119, 5000.000, 5.587
1009.187, 992.863, 1416.315, 5000.000, 5.593
1010.039, 993.701, 1417.510, 5000.000, 5.599
1010.882, 994.547, 1418.703, 5000.000, 5.605
1011.726, 995.391, 1419.897, 5000.000, 5.611
1012.581, 996.227, 1421.093, 5000.000, 5.618
1013.442, 997.058, 1422.290, 5000.000, 5.624
1014.305, 997.888, 1423.487, 5000.000, 5.630
1015.163, 998.722, 1424.683, 5000.000, 5.636
1016.012, 999.562, 1425.878, 5000.000, 5.642
1016.902, 1000.372, 1427.080, 5000.000, 5.648
1017.789, 1001.184, 1428.282, 5000.000, 5.654
1018.628, 1002.031, 1429.475, 5000.000, 5.660
1019.471, 1002.877, 1430.668, 5000.000, 5.666
1020.311, 1003.724, 1431.861, 5000.000, 5.673
1021.160, 1004.564, 1433.056, 5000.000, 5.679
1022.028, 1005.390, 1434.254, 5000.000, 5.685
1022.910, 1006.206, 1435.455, 5000.000, 5.691
1023.800, 1007.016, 1436.657, 5000.000, 5.697
1024.693, 1007.823, 1437.861, 5000.000, 5.703
1025.584, 1008.632, 1439.064, 5000.000, 5.709
1026.428, 1009.476, 1440.257, 5000.000, 5.716
1027.274, 1010.319, 1441.451, 5000.000, 5.722
1028.171, 1011.123, 1442.655, 5000.000, 5.728
1029.075, 1011.922, 1443.861, 5000.000, 5.734
1029.980, 1012.720, 1445.067, 5000.000, 5.740
1030.841, 1013.552, 1446.263, 5000.000, 5.746
1031.707, 1014.380, 1447.461, 5000.000, 5.752
1032.572, 1015.208, 1448.659, 5000.000, 5.759
1033.485, 1016.000, 1449.867, 5000.000, 5.765
1034.401, 1016.790, 1451.076, 5000.000, 5.771
1035.315, 1017.581, 1452.285, 5000.000, 5.777
1036.183, 1018.408, 1453.483, 5000.000, 5.783
1037.052, 1019.233, 1454.681, 5000.000, 5.789
1037.972, 1020.019, 1455.891, 5000.000, 5.796
1038.899, 1020.801, 1457.103, 5000.000, 5.802
1039.827, 1021.582, 1458.316, 5000.000, 5.808
1040.751, 1022.366, 1459.527, 5000.000, 5.814
1041.625, 1023.187, 1460.726, 5000.000, 5.820
1042.500, 1024.009, 1461.926, 5000.000, 5.826
1043.368, 1024.835, 1463.123, 5000.000, 5.833
1044.223, 1025.670, 1464.318, 5000.000, 5.839
1045.115, 1026.478, 1465.522, 5000.000, 5.845
1045.999, 1027.293, 1466.723, 5000.000, 5.851
1046.869, 1028.117, 1467.922, 5000.000, 5.857
1047.736, 1028.944, 1469.119, 5000.000, 5.863
1048.610, 1029.766, 1470.319, 5000.000, 5.869
1049.487, 1030.586, 1471.519, 5000.000, 5.875
1050.360, 1031.408, 1472.718, 5000.000, 5.882
1051.224, 1032.236, 1473.915, 5000.000, 5.888
1052.036, 1033.105, 1475.104, 5000.000, 5.894
1052.898, 1033.936, 1476.300, 5000.000, 5.900
1053.767, 1034.761, 1477.499, 5000.000, 5.906
1054.637, 1035.586, 1478.697, 5000.000, 5.912
1055.503, 1036.413, 1479.895, 5000.000, 5.918
1056.359, 1037.248, 1481.091, 5000.000, 5.924
1057.257, 1038.052, 1482.295, 5000.000, 5.931
1058.111, 1038.889, 1483.490, 5000.000, 5.937
1058.972, 1039.720, 1484.687, 5000.000, 5.943
1059.836, 1040.549, 1485.885, 5000.000, 5.949
1060.697, 1041.381, 1487.081, 5000.000, 5.955
1061.549, 1042.219, 1488.277, 5000.000, 5.961
1062.443, 1043.026, 1489.480, 5000.000, 5.967
1063.295, 1043.864, 1490.675, 5000.000, 5.973
1064.155, 1044.696, 1491.872, 5000.000, 5.980
1065.019, 1045.525, 1493.069, 5000.000, 5.986
1065.881, 1046.356, 1494.266, 5000.000, 5.992
1066.695, 1047.223, 1495.454, 5000.000, 5.998
1067.567, 1048.046, 1496.653, 5000.000, 5.996
1068.452, 1048.859, 1497.855, 5000.000, 5.990
1069.344, 1049.667, 1499.058, 5000.000, 5.984
1070.238, 1050.473, 1500.261, 5000.000, 5.977
1071.129, 1051.282, 1501.465, 5000.000, 5.971
1072.012, 1052.097, 1502.666, 5000.000, 5.965
1072.841, 1052.953, 1503.856, 5000.000, 5.959
1073.722, 1053.769, 1505.057, 5000.000, 5.953
1074.609, 1054.581, 1506.259, 5000.000, 5.947
1075.496, 1055.392, 1507.462, 5000.000, 5.941
1076.380, 1056.207, 1508.663, 5000.000, 5.935
1077.254, 1057.028, 1509.863, 5000.000, 5.928
1078.169, 1057.819, 1511.071, 5000.000, 5.922
1079.042, 1058.642, 1512.271, 5000.000, 5.916
1079.921, 1059.459, 1513.471, 5000.000, 5.910
1080.803, 1060.275, 1514.672, 5000.000, 5.904
1081.641, 1061.123, 1515.864, 5000.000, 5.898
1082.486, 1061.967, 1517.058, 5000.000, 5.892
1083.331, 1062.811, 1518.251, 5000.000, 5.885
1084.225, 1063.617, 1519.455, 5000.000, 5.879
1085.124, 1064.420, 1520.660, 5000.000, 5.873
1086.021, 1065.224, 1521.864, 5000.000, 5.867
1086.912, 1066.033, 1523.067, 5000.000, 5.861
1087.752, 1066.880, 1524.260, 5000.000, 5.855
1088.590, 1067.729, 1525.451, 5000.000, 5.849
1089.474, 1068.543, 1526.653, 5000.000, 5.842
1090.321, 1069.385, 1527.848, 5000.000, 5.836
1091.180, 1070.218, 1529.044, 5000.000, 5.830
1092.044, 1071.047, 1530.241, 5000.000, 5.824
1092.962, 1071.835, 1531.450, 5000.000, 5.818
1093.890, 1072.616, 1532.661, 5000.000, 5.812
1094.783, 1073.424, 1533.865, 5000.000, 5.806
1095.689, 1074.221, 1535.071, 5000.000, 5.799
1096.562, 1075.043, 1536.271, 5000.000, 5.793
1097.491, 1075.823, 1537.483, 5000.000, 5.787
1098.414, 1076.608, 1538.694, 5000.000, 5.781
1099.380, 1077.360, 1539.915, 5000.000, 5.775
1100.344, 1078.114, 1541.136, 5000.000, 5.768
1101.261, 1078.904, 1542.346, 5000.000, 5.762
1102.179, 1079.692, 1543.556, 5000.000, 5.756
1103.094, 1080.483, 1544.765, 5000.000, 5.750
1103.998, 1081.282, 1545.972, 5000.000, 5.744
1104.885, 1082.094, 1547.174, 5000.000, 5.737
1105.804, 1082.881, 1548.384, 5000.000, 5.731
1106.671, 1083.708, 1549.582, 5000.000, 5.725
1107.535, 1084.537, 1550.778, 5000.000, 5.719
1108.445, 1085.331, 1551.986, 5000.000, 5.713
1109.356, 1086.125, 1553.194, 5000.000, 5.707
1110.263, 1086.922, 1554.401, 5000.000, 5.701
1111.121, 1087.756, 1555.597, 5000.000, 5.694
1111.978, 1088.590, 1556.793, 5000.000, 5.688
1112.830, 1089.429, 1557.988, 5000.000, 5.682
1113.668, 1090.277, 1559.180, 5000.000, 5.676
1114.543, 1091.097, 1560.380, 5000.000, 5.670
1115.410, 1091.924, 1561.578, 5000.000, 5.664
1116.263, 1092.762, 1562.773, 5000.000, 5.658
1117.113, 1093.602, 1563.968, 5000.000, 5.652
1117.971, 1094.436, 1565.164, 5000.000, 5.645
1118.830, 1095.268, 1566.361, 5000.000, 5.639
1119.687, 1096.103, 1567.557, 5000.000, 5.633
1120.495, 1096.975, 1568.743, 5000.000, 5.627
1121.359, 1097.803, 1569.941, 5000.000, 5.621
1122.236, 1098.623, 1571.141, 5000.000, 5.615
1123.174, 1099.396, 1572.353, 5000.000, 5.609
1124.075, 1100.198, 1573.558, 5000.000, 5.603
1124.972, 1101.002, 1574.762, 5000.000, 5.596
1125.861, 1101.812, 1575.965, 5000.000, 5.590
1126.696, 1102.663, 1577.156, 5000.000, 5.584
1127.583, 1103.475, 1578.358, 5000.000, 5.578
1128.476, 1104.282, 1579.562, 5000.000, 5.572
1129.371, 1105.088, 1580.766, 5000.000, 5.566
1130.221, 1105.928, 1581.960, 5000.000, 5.560
1131.076, 1106.763, 1583.156, 5000.000, 5.553
1131.931, 1107.600, 1584.351, 5000.000, 5.547
1132.833, 1108.400, 1585.557, 5000.000, 5.541
1133.739, 1109.197, 1586.763, 5000.000, 5.535
1134.643, 1109.996, 1587.969, 5000.000, 5.529
1135.539, 1110.801, 1589.174, 5000.000, 5.523
1136.383, 1111.645, 1590.367, 5000.000, 5.517
1137.280, 1112.450, 1591.571, 5000.000, 5.510
1138.183, 1113.249, 1592.777, 5000.000, 5.504
1139.089, 1114.047, 1593.984, 5000.000, 5.498
1139.992, 1114.847, 1595.190, 5000.000, 5.492
1140.846, 1115.683, 1596.385, 5000.000, 5.486
1141.702, 1116.519, 1597.580, 5000.000, 5.480
1142.552, 1117.359, 1598.774, 5000.000, 5.474
1143.446, 1118.165, 1599.978, 5000.000, 5.467
1144.339, 1118.972, 1601.182, 5000.000, 5.461
1145.226, 1119.784, 1602.384, 5000.000, 5.455
1146.101, 1120.605, 1603.584, 5000.000, 5.449
1146.976, 1121.426, 1604.784, 5000.000, 5.443
1147.859, 1122.240, 1605.985, 5000.000, 5.437
1148.747, 1123.051, 1607.188, 5000.000, 5.430
1149.634, 1123.863, 1608.390, 5000.000, 5.424
1150.515, 1124.680, 1609.591, 5000.000, 5.418
1151.344, 1125.535, 1610.781, 5000.000, 5.412
1152.171, 1126.393, 1611.971, 5000.000, 5.406
1153.045, 1127.214, 1613.171, 5000.000, 5.400
1153.921, 1128.034, 1614.371, 5000.000, 5.394
1154.755, 1128.886, 1615.562, 5000.000, 5.388
1155.594, 1129.734, 1616.755, 5000.000, 5.382
1156.490, 1130.539, 1617.958, 5000.000, 5.375
1157.396, 1131.337, 1619.164, 5000.000, 5.369
1158.307, 1132.130, 1620.372, 5000.000, 5.363
1159.218, 1132.924, 1621.579, 5000.000, 5.357
1160.084, 1133.752, 1622.777, 5000.000, 5.351
1160.954, 1134.576, 1623.975, 5000.000, 5.345
1161.822, 1135.402, 1625.174, 5000.000, 5.338
1162.737, 1136.193, 1626.382, 5000.000, 5.332
1163.615, 1137.012, 1627.582, 5000.000, 5.326
1164.504, 1137.822, 1628.785, 5000.000, 5.320
1165.399, 1138.628, 1629.989, 5000.000, 5.314
1166.292, 1139.435, 1631.193, 5000.000, 5.308
1167.234, 1140.205, 1632.407, 5000.000, 5.301
1168.178, 1140.974, 1633.625, 5000.000, 5.295
1169.121, 1141.743, 1634.842, 5000.000, 5.289
1170.056, 1142.519, 1636.057, 5000.000, 5.283
1170.939, 1143.334, 1637.257, 5000.000, 5.277
1171.819, 1144.151, 1638.456, 5000.000, 5.271
1172.689, 1144.976, 1639.654, 5000.000, 5.264
1173.599, 1145.770, 1640.862, 5000.000, 5.258
1174.504, 1146.568, 1642.069, 5000.000, 5.252
1175.398, 1147.375, 1643.273, 5000.000, 5.246
1176.237, 1148.223, 1644.463, 5000.000, 5.240
1177.069, 1149.076, 1645.652, 5000.000, 5.234
1177.945, 1149.897, 1646.852, 5000.000, 5.228
1178.778, 1150.749, 1648.042, 5000.000, 5.221
1179.619, 1151.596, 1649.233, 5000.000, 5.215
1180.460, 1152.442, 1650.426, 5000.000, 5.209
1181.353, 1153.250, 1651.629, 5000.000, 5.203
1182.250, 1154.054, 1652.834, 5000.000, 5.197
1183.147, 1154.857, 1654.039, 5000.000, 5.191
1184.000, 1155.695, 1655.233, 5000.000, 5.185
1184.856, 1156.530, 1656.429, 5000.000, 5.179
1185.711, 1157.367, 1657.624, 5000.000, 5.172
1186.612, 1158.167, 1658.830, 5000.000, 5.166
1187.516, 1158.967, 1660.036, 5000.000, 5.160
1188.377, 1159.798, 1661.233, 5000.000, 5.154
1189.244, 1160.625, 1662.431, 5000.000, 5.148
1190.166, 1161.410, 1663.641, 5000.000, 5.142
1191.100, 1162.187, 1664.854, 5000.000, 5.135
1192.038, 1162.960, 1666.069, 5000.000, 5.129
1192.977, 1163.733, 1667.284, 5000.000, 5.123
1193.870, 1164.540, 1668.488, 5000.000, 5.117
1194.768, 1165.344, 1669.693, 5000.000, 5.111
1195.663, 1166.149, 1670.897, 5000.000, 5.105
1196.550, 1166.961, 1672.100, 5000.000, 5.098
1197.478, 1167.742, 1673.312, 5000.000, 5.092
1198.362, 1168.556, 1674.513, 5000.000, 5.086
1199.251, 1169.366, 1675.716, 5000.000, 5.080
1200.139, 1170.177, 1676.919, 5000.000, 5.074
1200.980, 1171.023, 1678.110, 5000.000, 5.068
1201.822, 1171.869, 1679.301, 5000.000, 5.062
1202.713, 1172.678, 1680.505, 5000.000, 5.055
1203.608, 1173.484, 1681.709, 5000.000, 5.049
1204.499, 1174.293, 1682.912, 5000.000, 5.043
1205.437, 1175.066, 1684.127, 5000.000, 5.037
1206.375, 1175.839, 1685.342, 5000.000, 5.031
1207.309, 1176.615, 1686.556, 5000.000, 5.024
1208.234, 1177.399, 1687.768, 5000.000, 5.018
1209.144, 1178.193, 1688.976, 5000.000, 5.012
1209.994, 1179.033, 1690.168, 5000.000, 5.006
1210.890, 1179.838, 1691.373, 5000.000, 5.000
1211.785, 1180.644, 1692.577, 5000.000, 4.994
1212.675, 1181.453, 1693.780, 5000.000, 4.988
1213.555, 1182.271, 1694.980, 5000.000, 4.981
1214.378, 1183.130, 1696.168, 5000.000, 4.975
1215.252, 1183.953, 1697.367, 5000.000, 4.969
1216.129, 1184.772, 1698.567, 5000.000, 4.963
1217.005, 1185.591, 1699.767, 5000.000, 4.957
1217.875, 1186.416, 1700.966, 5000.000, 4.951
1218.694, 1187.279, 1702.153, 5000.000, 4.945
1219.510, 1188.144, 1703.340, 5000.000, 4.939
1220.374, 1188.974, 1704.538, 5000.000, 4.932
1221.240, 1189.802, 1705.735, 5000.000, 4.926
1222.103, 1190.632, 1706.932, 5000.000, 4.920
1222.917, 1191.498, 1708.120, 5000.000, 4.914
1223.732, 1192.364, 1709.307, 5000.000, 4.908
1224.598, 1193.192, 1710.505, 5000.000, 4.902
1225.469, 1194.016, 1711.704, 5000.000, 4.896
1226.340, 1194.840, 1712.903, 5000.000, 4.890
1227.262, 1195.625, 1714.113, 5000.000, 4.883
1228.150, 1196.437, 1715.316, 5000.000, 4.877
1229.054, 1197.235, 1716.522, 5000.000, 4.871
1229.971, 1198.025, 1717.732, 5000.000, 4.865
1230.893, 1198.810, 1718.943, 5000.000, 4.859
1231.777, 1199.624, 1720.144, 5000.000, 4.853
1232.672, 1200.430, 1721.348, 5000.000, 4.846
1233.570, 1201.233, 1722.554, 5000.000, 4.840
1234.467, 1202.037, 1723.758, 5000.000, 4.834
1235.315, 1202.878, 1724.951, 5000.000, 4.828
1236.219, 1203.677, 1726.158, 5000.000, 4.822
1237.133, 1204.469, 1727.366, 5000.000, 4.816
1238.049, 1205.259, 1728.576, 5000.000, 4.810
1238.963, 1206.051, 1729.785, 5000.000, 4.803
1239.867, 1206.850, 1730.991, 5000.000, 4.797
1240.770, 1207.649, 1732.197, 5000.000, 4.791
1241.684, 1208.441, 1733.406, 5000.000, 4.785
1242.561, 1209.260, 1734.606, 5000.000, 4.779
1243.449, 1210.071, 1735.809, 5000.000, 4.773
1244.342, 1210.879, 1737.012, 5000.000, 4.766
1245.287, 1211.647, 1738.229, 5000.000, 4.760
1246.238, 1212.410, 1739.448, 5000.000, 4.754
1247.189, 1213.173, 1740.668, 5000.000, 4.748
1248.134, 1213.941, 1741.886, 5000.000, 4.741
1249.067, 1214.719, 1743.100, 5000.000, 4.735
1249.996, 1215.499, 1744.313, 5000.000, 4.729
1250.931, 1216.274, 1745.528, 5000.000, 4.723
1251.867, 1217.049, 1746.743, 5000.000, 4.717
1252.796, 1217.829, 1747.956, 5000.000, 4.710
1253.713, 1218.619, 1749.165, 5000.000, 4.704
1254.610, 1219.422, 1750.369, 5000.000, 4.698
1255.498, 1220.233, 1751.571, 5000.000, 4.692
1256.386, 1221.044, 1752.773, 5000.000, 4.686
1257.268, 1221.860, 1753.973, 5000.000, 4.680
1258.137, 1222.685, 1755.170, 5000.000, 4.673
1259.043, 1223.483, 1756.377, 5000.000, 4.667
1259.941, 1224.287, 1757.581, 5000.000, 4.661
1260.785, 1225.131, 1758.772, 5000.000, 4.655
1261.624, 1225.979, 1759.962, 5000.000, 4.649
1262.509, 1226.792, 1761.164, 5000.000, 4.643
1263.394, 1227.606, 1762.365, 5000.000, 4.637
1264.233, 1228.453, 1763.556, 5000.000, 4.631
1265.077, 1229.298, 1764.747, 5000.000, 4.624
1265.919, 1230.144, 1765.941, 5000.000, 4.618
1266.752, 1230.996, 1767.133, 5000.000, 4.612
1267.627, 1231.817, 1768.332, 5000.000, 4.606
1268.497, 1232.642, 1769.530, 5000.000, 4.600
1269.373, 1233.462, 1770.730, 5000.000, 4.594
1270.266, 1234.269, 1771.933, 5000.000, 4.588
1271.171, 1235.067, 1773.139, 5000.000, 4.582
1272.082, 1235.861, 1774.346, 5000.000, 4.575
1272.954, 1236.684, 1775.546, 5000.000, 4.569
1273.877, 1237.469, 1776.756, 5000.000, 4.563
1274.749, 1238.292, 1777.955, 5000.000, 4.557
1275.621, 1239.115, 1779.154, 5000.000, 4.551
1276.540, 1239.902, 1780.363, 5000.000, 4.545
1277.463, 1240.687, 1781.574, 5000.000, 4.538
1278.383, 1241.474, 1782.784, 5000.000, 4.532
1279.297, 1242.266, 1783.992, 5000.000, 4.526
1280.157, 1243.098, 1785.189, 5000.000, 4.520
1281.015, 1243.932, 1786.384, 5000.000, 4.514
1281.919, 1244.731, 1787.590, 5000.000, 4.508
1282.784, 1245.559, 1788.788, 5000.000, 4.501
1283.659, 1246.380, 1789.988, 5000.000, 4.495
1284.539, 1247.197, 1791.188, 5000.000, 4.489
1285.416, 1248.016, 1792.389, 5000.000, 4.483
1286.286, 1248.841, 1793.587, 5000.000, 4.477
1287.196, 1249.636, 1794.795, 5000.000, 4.471
1288.101, 1250.433, 1796.001, 5000.000, 4.465
1288.958, 1251.268, 1797.197, 5000.000, 4.458
1289.814, 1252.103, 1798.393, 5000.000, 4.452
1290.720, 1252.900, 1799.599, 5000.000, 4.446
1291.630, 1253.695, 1800.807, 5000.000, 4.440
1292.539, 1254.490, 1802.014, 5000.000, 4.434
1293.402, 1255.320, 1803.211, 5000.000, 4.428
1294.268, 1256.148, 1804.409, 5000.000, 4.422
1295.131, 1256.978, 1805.606, 5000.000, 4.415
1296.040, 1257.773, 1806.813, 5000.000, 4.409
1296.950, 1258.567, 1808.021, 5000.000, 4.403
1297.856, 1259.365, 1809.227, 5000.000, 4.397
1298.752, 1260.170, 1810.432, 5000.000, 4.391
1299.689, 1260.944, 1811.646, 5000.000, 4.385
1300.528, 1261.792, 1812.837, 5000.000, 4.378
1301.413, 1262.605, 1814.039, 5000.000, 4.372
1302.299, 1263.418, 1815.241, 5000.000, 4.366
1303.140, 1264.264, 1816.433, 5000.000, 4.360
1303.987, 1265.106, 1817.627, 5000.000, 4.354
1304.794, 1265.979, 1818.815, 5000.000, 4.348
1305.607, 1266.846, 1820.004, 5000.000, 4.342
1306.516, 1267.641, 1821.207, 5000.000, 4.336
1307.420, 1268.440, 1822.412, 5000.000, 4.329
1308.273, 1269.278, 1823.608, 5000.000, 4.323
1309.181, 1270.074, 1824.814, 5000.000, 4.317
1310.099, 1270.862, 1826.022, 5000.000, 4.311
1311.020, 1271.648, 1827.232, 5000.000, 4.305
1311.941, 1272.435, 1828.442, 5000.000, 4.299
1312.815, 1273.256, 1829.641, 5000.000, 4.292
1313.693, 1274.075, 1830.842, 5000.000, 4.286
1314.567, 1274.896, 1832.041, 5000.000, 4.280
1315.488, 1275.683, 1833.251, 5000.000, 4.274
1316.370, 1276.498, 1834.452, 5000.000, 4.268
1317.262, 1277.306, 1835.656, 5000.000, 4.262
1318.159, 1278.111, 1836.861, 5000.000, 4.256
1319.053, 1278.917, 1838.065, 5000.000, 4.249
1319.995, 1279.687, 1839.280, 5000.000, 4.243
1320.938, 1280.456, 1840.495, 5000.000, 4.237
1321.839, 1281.258, 1841.701, 5000.000, 4.231
1322.746, 1282.054, 1842.908, 5000.000, 4.225
1323.653, 1282.851, 1844.115, 5000.000, 4.218
1324.514, 1283.683, 1845.312, 5000.000, 4.212
1325.377, 1284.512, 1846.509, 5000.000, 4.206
1326.235, 1285.346, 1847.706, 5000.000, 4.200
1327.136, 1286.148, 1848.911, 5000.000, 4.194
1328.033, 1286.952, 1850.115, 5000.000, 4.188
1328.882, 1287.793, 1851.309, 5000.000, 4.182
1329.785, 1288.592, 1852.515, 5000.000, 4.175
1330.696, 1289.386, 1853.722, 5000.000, 4.169
1331.665, 1290.136, 1854.943, 5000.000, 4.163
1332.607, 1290.906, 1856.159, 5000.000, 4.157
1333.515, 1291.702, 1857.366, 5000.000, 4.151
1334.422, 1292.498, 1858.574, 5000.000, 4.144
1335.377, 1293.259, 1859.792, 5000.000, 4.138
1336.333, 1294.019, 1861.012, 5000.000, 4.132
1337.283, 1294.783, 1862.230, 5000.000, 4.126
1338.182, 1295.586, 1863.435, 5000.000, 4.120
1339.077, 1296.391, 1864.639, 5000.000, 4.113
1340.018, 1297.163, 1865.855, 5000.000, 4.107
1340.958, 1297.935, 1867.071, 5000.000, 4.101
1341.890, 1298.712, 1868.285, 5000.000, 4.095
1342.809, 1299.500, 1869.495, 5000.000, 4.089
1343.723, 1300.291, 1870.704, 5000.000, 4.082
1344.643, 1301.078, 1871.915, 5000.000, 4.076
1345.562, 1301.866, 1873.125, 5000.000, 4.070
1346.473, 1302.660, 1874.333, 5000.000, 4.064
1347.371, 1303.464, 1875.538, 5000.000, 4.058
1348.248, 1304.283, 1876.738, 5000.000, 4.052
1349.115, 1305.109, 1877.935, 5000.000, 4.045
1349.981, 1305.937, 1879.132, 5000.000, 4.039
1350.840, 1306.770, 1880.328, 5000.000, 4.033
1351.741, 1307.572, 1881.534, 5000.000, 4.027
1352.598, 1308.406, 1882.729, 5000.000, 4.021
1353.462, 1309.235, 1883.926, 5000.000, 4.015
1354.326, 1310.064, 1885.124, 5000.000, 4.009
1355.184, 1310.898, 1886.319, 5000.000, 4.003
1356.084, 1311.700, 1887.525, 5000.000, 3.996
1356.983, 1312.503, 1888.730, 5000.000, 3.990
1357.834, 1313.342, 1889.924, 5000.000, 3.984
1358.687, 1314.179, 1891.119, 5000.000, 3.978
1359.592, 1314.977, 1892.326, 5000.000, 3.972
1360.463, 1315.801, 1893.524, 5000.000, 3.966
1361.350, 1316.613, 1894.727, 5000.000, 3.960
1362.247, 1317.417, 1895.931, 5000.000, 3.953
1363.147, 1318.220, 1897.137, 5000.000, 3.947
1364.043, 1319.024, 1898.341, 5000.000, 3.941
1364.986, 1319.794, 1899.558, 5000.000, 3.935
1365.930, 1320.563, 1900.775, 5000.000, 3.929
1366.829, 1321.365, 1901.980, 5000.000, 3.922
1367.734, 1322.163, 1903.186, 5000.000, 3.916
1368.638, 1322.962, 1904.393, 5000.000, 3.910
1369.535, 1323.767, 1905.597, 5000.000, 3.904
1370.433, 1324.570, 1906.802, 5000.000, 3.898
1371.344, 1325.364, 1908.010, 5000.000, 3.892
1372.259, 1326.155, 1909.220, 5000.000, 3.885
1373.174, 1326.946, 1910.429, 5000.000, 3.879
1374.081, 1327.742, 1911.636, 5000.000, 3.873
1374.974, 1328.549, 1912.840, 5000.000, 3.867
1375.903, 1329.329, 1914.053, 5000.000, 3.861
1376.783, 1330.147, 1915.253, 5000.000, 3.855
1377.663, 1330.964, 1916.453, 5000.000, 3.848
1378.536, 1331.786, 1917.652, 5000.000, 3.842
1379.452, 1332.576, 1918.862, 5000.000, 3.836
1380.327, 1333.397, 1920.061, 5000.000, 3.830
1381.208, 1334.213, 1921.262, 5000.000, 3.824
1382.091, 1335.028, 1922.463, 5000.000, 3.818
1382.969, 1335.847, 1923.663, 5000.000, 3.811
1383.835, 1336.674, 1924.861, 5000.000, 3.805
1384.739, 1337.473, 1926.067, 5000.000, 3.799
1385.635, 1338.278, 1927.271, 5000.000, 3.793
1386.479, 1339.123, 1928.464, 5000.000, 3.787
1387.375, 1339.927, 1929.668, 5000.000, 3.781
1388.279, 1340.727, 1930.875, 5000.000, 3.775
1389.185, 1341.524, 1932.081, 5000.000, 3.768
1390.048, 1342.354, 1933.278, 5000.000, 3.762
1390.917, 1343.179, 1934.477, 5000.000, 3.756
1391.786, 1344.005, 1935.675, 5000.000, 3.750
1392.649, 1344.835, 1936.872, 5000.000, 3.744
1393.555, 1345.632, 1938.079, 5000.000, 3.738
1394.458, 1346.431, 1939.285, 5000.000, 3.732
1395.315, 1347.266, 1940.480, 5000.000, 3.725
1396.174, 1348.099, 1941.677, 5000.000, 3.719
1397.084, 1348.894, 1942.884, 5000.000, 3.713
1398.000, 1349.684, 1944.093, 5000.000, 3.707
1398.877, 1350.502, 1945.293, 5000.000, 3.701
1399.766, 1351.313, 1946.496, 5000.000, 3.695
1400.658, 1352.121, 1947.700, 5000.000, 3.689
1401.548, 1352.931, 1948.903, 5000.000, 3.682
1402.430, 1353.746, 1950.104, 5000.000, 3.676
1403.353, 1354.531, 1951.315, 5000.000, 3.670
1404.231, 1355.349, 1952.515, 5000.000, 3.664
1405.115, 1356.163, 1953.717, 5000.000, 3.658
1405.998, 1356.978, 1954.918, 5000.000, 3.652
1406.929, 1357.757, 1956.131, 5000.000, 3.645
1407.863, 1358.533, 1957.345, 5000.000, 3.639
1408.756, 1359.341, 1958.549, 5000.000, 3.633
1409.656, 1360.143, 1959.754, 5000.000, 3.627
1410.556, 1360.944, 1960.960, 5000.000, 3.621
1411.452, 1361.750, 1962.164, 5000.000, 3.615
1412.336, 1362.564, 1963.366, 5000.000, 3.608
1413.257, 1363.350, 1964.576, 5000.000, 3.602
1414.172, 1364.141, 1965.786, 5000.000, 3.596
1415.033, 1364.972, 1966.982, 5000.000, 3.590
1415.892, 1365.805, 1968.177, 5000.000, 3.584
1416.797, 1366.603, 1969.384, 5000.000, 3.578
1417.663, 1367.431, 1970.581, 5000.000, 3.571
1418.539, 1368.251, 1971.781, 5000.000, 3.565
1419.420, 1369.067, 1972.982, 5000.000, 3.559
1420.299, 1369.885, 1974.182, 5000.000, 3.553
1421.169, 1370.710, 1975.381, 5000.000, 3.547
1422.080, 1371.503, 1976.589, 5000.000, 3.541
1422.987, 1372.300, 1977.796, 5000.000, 3.535
1423.845, 1373.134, 1978.991, 5000.000, 3.528
1424.702, 1373.968, 1980.187, 5000.000, 3.522
1425.569, 1374.795, 1981.385, 5000.000, 3.516
1426.455, 1375.608, 1982.587, 5000.000, 3.510
1427.354, 1376.411, 1983.792, 5000.000, 3.504
1428.259, 1377.209, 1984.999, 5000.000, 3.498
1429.164, 1378.007, 1986.205, 5000.000, 3.492
1430.062, 1378.810, 1987.410, 5000.000, 3.485
1431.004, 1379.581, 1988.625, 5000.000, 3.479
1431.944, 1380.353, 1989.840, 5000.000, 3.473
1432.836, 1381.161, 1991.044, 5000.000, 3.467
1433.730, 1381.967, 1992.248, 5000.000, 3.461
1434.621, 1382.776, 1993.451, 5000.000, 3.454
1435.516, 1383.582, 1994.655, 5000.000, 3.448
1436.426, 1384.376, 1995.863, 5000.000, 3.442
1437.345, 1385.164, 1997.073, 5000.000, 3.436
1438.266, 1385.950, 1998.284, 5000.000, 3.430
1439.182, 1386.740, 1999.493, 5000.000, 3.424
1440.088, 1387.537, 2000.700, 5000.000, 3.417
1440.978, 1388.347, 2001.903, 5000.000, 3.411
1441.859, 1389.163, 2003.104, 5000.000, 3.405
1442.743, 1389.977, 2004.306, 5000.000, 3.399
1443.623, 1390.794, 2005.507, 5000.000, 3.393
1444.548, 1391.578, 2006.718, 5000.000, 3.387
1445.433, 1392.391, 2007.920, 5000.000, 3.380
1446.327, 1393.197, 2009.124, 5000.000, 3.374
1447.225, 1394.001, 2010.329, 5000.000, 3.368
1448.080, 1394.837, 2011.524, 5000.000, 3.362
1448.939, 1395.669, 2012.720, 5000.000, 3.356
1449.797, 1396.503, 2013.916, 5000.000, 3.350
1450.701, 1397.302, 2015.122, 5000.000, 3.344
1451.565, 1398.131, 2016.319, 5000.000, 3.337
1452.493, 1398.912, 2017.531, 5000.000, 3.331
1453.400, 1399.709, 2018.738, 5000.000, 3.325
1454.332, 1400.487, 2019.951, 5000.000, 3.319
1455.284, 1401.250, 2021.168, 5000.000, 3.313
1456.247, 1402.004, 2022.389, 5000.000, 3.306
1457.214, 1402.756, 2023.611, 5000.000, 3.300
1458.178, 1403.509, 2024.833, 5000.000, 3.294
1459.132, 1404.271, 2026.052, 5000.000, 3.288
1460.123, 1405.004, 2027.281, 5000.000, 3.281
1461.106, 1405.743, 2028.508, 5000.000, 3.275
1462.075, 1406.494, 2029.731, 5000.000, 3.269
1463.077, 1407.218, 2030.969, 5000.000, 3.263
1464.069, 1407.951, 2032.202, 5000.000, 3.256
1465.046, 1408.695, 2033.429, 5000.000, 3.250
1465.961, 1409.485, 2034.636, 5000.000, 3.244
1466.865, 1410.284, 2035.841, 5000.000, 3.238
1467.751, 1411.097, 2037.040, 5000.000, 3.231
1468.613, 1411.928, 2038.233, 5000.000, 3.225
1469.460, 1412.770, 2039.423, 5000.000, 3.219
1470.302, 1413.616, 2040.613, 5000.000, 3.213
1471.092, 1414.500, 2041.791, 5000.000, 3.207
1471.919, 1415.357, 2042.979, 5000.000, 3.201
1472.737, 1416.221, 2044.165, 5000.000, 3.195
1473.554, 1417.086, 2045.351, 5000.000, 3.189
1474.366, 1417.955, 2046.537, 5000.000, 3.183
1475.220, 1418.791, 2047.732, 5000.000, 3.177
1476.072, 1419.629, 2048.927, 5000.000, 3.171
1476.877, 1420.503, 2050.112, 5000.000, 3.165
1477.684, 1421.375, 2051.298, 5000.000, 3.159
1478.542, 1422.209, 2052.494, 5000.000, 3.152
1479.407, 1423.037, 2053.692, 5000.000, 3.146
1480.329, 1423.823, 2054.901, 5000.000, 3.140
1481.263, 1424.599, 2056.113, 5000.000, 3.134
1482.165, 1425.399, 2057.319, 5000.000, 3.128
1483.087, 1426.185, 2058.530, 5000.000, 3.122
1484.022, 1426.960, 2059.745, 5000.000, 3.115
1484.966, 1427.729, 2060.962, 5000.000, 3.109
1485.913, 1428.496, 2062.180, 5000.000, 3.103
1486.858, 1429.264, 2063.398, 5000.000, 3.097
1487.755, 1430.068, 2064.602, 5000.000, 3.090
1488.655, 1430.870, 2065.807, 5000.000, 3.084
1489.550, 1431.676, 2067.011, 5000.000, 3.078
1490.435, 1432.489, 2068.212, 5000.000, 3.072
1491.264, 1433.345, 2069.399, 5000.000, 3.066
1492.139, 1434.165, 2070.598, 5000.000, 3.060
1493.016, 1434.985, 2071.798, 5000.000, 3.054
1493.887, 1435.809, 2072.996, 5000.000, 3.048
1494.747, 1436.641, 2074.192, 5000.000, 3.041
1495.604, 1437.475, 2075.387, 5000.000, 3.035
1496.469, 1438.304, 2076.584, 5000.000, 3.029
1497.351, 1439.119, 2077.785, 5000.000, 3.023
1498.204, 1439.957, 2078.979, 5000.000, 3.017
1499.115, 1440.751, 2080.187, 5000.000, 3.011
1500.039, 1441.535, 2081.399, 5000.000, 3.005
1500.969, 1442.314, 2082.611, 5000.000, 2.998
1501.899, 1443.093, 2083.825, 5000.000, 2.992
1502.823, 1443.877, 2085.036, 5000.000, 2.986
1503.750, 1444.658, 2086.249, 5000.000, 2.980
1504.690, 1445.430, 2087.465, 5000.000, 2.974
1505.636, 1446.198, 2088.683, 5000.000, 2.967
1506.542, 1446.995, 2089.890, 5000.000, 2.961
1507.497, 1447.756, 2091.110, 5000.000, 2.955
1508.438, 1448.527, 2092.327, 5000.000, 2.949
1509.374, 1449.302, 2093.542, 5000.000, 2.942
1510.276, 1450.102, 2094.747, 5000.000, 2.936
1511.192, 1450.892, 2095.957, 5000.000, 2.930
1512.114, 1451.677, 2097.168, 5000.000, 2.924
1513.035, 1452.464, 2098.379, 5000.000, 2.918
1513.948, 1453.256, 2099.587, 5000.000, 2.912
1514.900, 1454.019, 2100.807, 5000.000, 2.905
1515.846, 1454.786, 2102.025, 5000.000, 2.899
1516.780, 1455.563, 2103.239, 5000.000, 2.893
1517.694, 1456.354, 2104.448, 5000.000, 2.887
1518.639, 1457.122, 2105.666, 5000.000, 2.880
1519.529, 1457.931, 2106.868, 5000.000, 2.874
1520.414, 1458.745, 2108.069, 5000.000, 2.868
1521.287, 1459.567, 2109.266, 5000.000, 2.862
1522.103, 1460.432, 2110.456, 5000.000, 2.856
1522.965, 1461.263, 2111.652, 5000.000, 2.850
1523.827, 1462.094, 2112.849, 5000.000, 2.844
1524.698, 1462.918, 2114.048, 5000.000, 2.838
1525.588, 1463.727, 2115.250, 5000.000, 2.831
1526.491, 1464.527, 2116.455, 5000.000, 2.825
1527.400, 1465.322, 2117.662, 5000.000, 2.819
1528.309, 1466.117, 2118.869, 5000.000, 2.813
1529.172, 1466.947, 2120.066, 5000.000, 2.807
1530.038, 1467.775, 2121.264, 5000.000, 2.801
1530.953, 1468.565, 2122.473, 5000.000, 2.794
1531.873, 1469.353, 2123.682, 5000.000, 2.788
1532.790, 1470.141, 2124.891, 5000.000, 2.782
1533.755, 1470.894, 2126.112, 5000.000, 2.776
1534.627, 1471.718, 2127.311, 5000.000, 2.770
1535.493, 1472.545, 2128.508, 5000.000, 2.764
1536.402, 1473.340, 2129.716, 5000.000, 2.757
1537.324, 1474.126, 2130.926, 5000.000, 2.751
1538.268, 1474.895, 2132.142, 5000.000, 2.745
1539.228, 1475.652, 2133.362, 5000.000, 2.739
1540.197, 1476.401, 2134.584, 5000.000, 2.732
1541.169, 1477.149, 2135.807, 5000.000, 2.726
1542.139, 1477.899, 2137.033, 5000.000, 2.720
1543.098, 1478.656, 2138.255, 5000.000, 2.714
1544.002, 1479.454, 2139.460, 5000.000, 2.708
1544.899, 1480.259, 2140.664, 5000.000, 2.701
1545.781, 1481.074, 2141.864, 5000.000, 2.695
1546.697, 1481.865, 2143.073, 5000.000, 2.689
1547.600, 1482.665, 2144.279, 5000.000, 2.683
1548.444, 1483.509, 2145.470, 5000.000, 2.677
1549.333, 1484.319, 2146.673, 5000.000, 2.671
1550.221, 1485.130, 2147.875, 5000.000, 2.664
1551.102, 1485.946, 2149.076, 5000.000, 2.658
1552.025, 1486.731, 2150.287, 5000.000, 2.652
1552.944, 1487.519, 2151.497, 5000.000, 2.646
1553.855, 1488.312, 2152.706, 5000.000, 2.640
1554.713, 1489.146, 2153.900, 5000.000, 2.634
1555.566, 1489.983, 2155.094, 5000.000, 2.628
1556.465, 1490.786, 2156.300, 5000.000, 2.621
1557.363, 1491.590, 2157.505, 5000.000, 2.615
1558.216, 1492.427, 2158.699, 5000.000, 2.609
1559.074, 1493.261, 2159.894, 5000.000, 2.603
1559.929, 1494.096, 2161.089, 5000.000, 2.597
1560.776, 1494.938, 2162.282, 5000.000, 2.591
1561.625, 1495.780, 2163.477, 5000.000, 2.585
1562.483, 1496.613, 2164.673, 5000.000, 2.579
1563.346, 1497.443, 2165.870, 5000.000, 2.572
1564.262, 1498.232, 2167.078, 5000.000, 2.566
1565.187, 1499.016, 2168.289, 5000.000, 2.560
1566.115, 1499.797, 2169.500, 5000.000, 2.554
1567.001, 1500.609, 2170.703, 5000.000, 2.548
1567.895, 1501.416, 2171.906, 5000.000, 2.542
1568.789, 1502.222, 2173.111, 5000.000, 2.535
1569.678, 1503.032, 2174.313, 5000.000, 2.529
1570.572, 1503.839, 2175.517, 5000.000, 2.523
1571.479, 1504.636, 2176.724, 5000.000, 2.517
1572.393, 1505.427, 2177.933, 5000.000, 2.511
1573.309, 1506.218, 2179.142, 5000.000, 2.505
1574.219, 1507.012, 2180.350, 5000.000, 2.498
1575.173, 1507.773, 2181.569, 5000.000, 2.492
1576.087, 1508.565, 2182.778, 5000.000, 2.486
1577.008, 1509.350, 2183.989, 5000.000, 2.480
1577.932, 1510.134, 2185.200, 5000.000, 2.474
1578.852, 1510.921, 2186.410, 5000.000, 2.467
1579.761, 1511.716, 2187.618, 5000.000, 2.461
1580.614, 1512.554, 2188.812, 5000.000, 2.455
1581.513, 1513.356, 2190.017, 5000.000, 2.449
1582.414, 1514.158, 2191.223, 5000.000, 2.443
1583.310, 1514.963, 2192.427, 5000.000, 2.437
1584.194, 1515.777, 2193.629, 5000.000, 2.430
1585.075, 1516.593, 2194.830, 5000.000, 2.424
1585.965, 1517.403, 2196.033, 5000.000, 2.418
1586.855, 1518.213, 2197.236, 5000.000, 2.412
1587.740, 1519.026, 2198.438, 5000.000, 2.406
1588.669, 1519.806, 2199.650, 5000.000, 2.400
1589.557, 1520.617, 2200.853, 5000.000, 2.393
1590.454, 1521.422, 2202.058, 5000.000, 2.387
1591.352, 1522.225, 2203.263, 5000.000, 2.381
1592.207, 1523.061, 2204.458, 5000.000, 2.375
1593.066, 1523.894, 2205.654, 5000.000, 2.369
1593.977, 1524.687, 2206.862, 5000.000, 2.363
1594.895, 1525.476, 2208.071, 5000.000, 2.357
1595.812, 1526.265, 2209.281, 5000.000, 2.350
1596.684, 1527.088, 2210.479, 5000.000, 2.344
1597.613, 1527.868, 2211.692, 5000.000, 2.338
1598.554, 1528.639, 2212.907, 5000.000, 2.332
1599.500, 1529.407, 2214.124, 5000.000, 2.326
1600.445, 1530.175, 2215.340, 5000.000, 2.319
1601.343, 1530.978, 2216.545, 5000.000, 2.313
1602.241, 1531.781, 2217.750, 5000.000, 2.307
1603.190, 1532.547, 2218.968, 5000.000, 2.301
1604.141, 1533.310, 2220.187, 5000.000, 2.295
1605.089, 1534.076, 2221.406, 5000.000, 2.288
1605.988, 1534.879, 2222.610, 5000.000, 2.282
1606.886, 1535.682, 2223.815, 5000.000, 2.276
1607.831, 1536.450, 2225.032, 5000.000, 2.270
1608.737, 1537.248, 2226.239, 5000.000, 2.264
1609.693, 1538.008, 2227.460, 5000.000, 2.257
1610.596, 1538.807, 2228.666, 5000.000, 2.251
1611.495, 1539.610, 2229.871, 5000.000, 2.245
1612.437, 1540.380, 2231.087, 5000.000, 2.239
1613.378, 1541.151, 2232.304, 5000.000, 2.233
1614.271, 1541.959, 2233.507, 5000.000, 2.226
1615.163, 1542.766, 2234.710, 5000.000, 2.220
1616.049, 1543.580, 2235.911, 5000.000, 2.214
1616.975, 1544.362, 2237.124, 5000.000, 2.208
1617.895, 1545.148, 2238.334, 5000.000, 2.202
1618.805, 1545.943, 2239.542, 5000.000, 2.196
1619.751, 1546.710, 2240.760, 5000.000, 2.189
1620.651, 1547.512, 2241.965, 5000.000, 2.183
1621.553, 1548.313, 2243.171, 5000.000, 2.177
1622.451, 1549.117, 2244.376, 5000.000, 2.171
1623.338, 1549.928, 2245.578, 5000.000, 2.165
1624.264, 1550.711, 2246.790, 5000.000, 2.158
1625.183, 1551.498, 2248.001, 5000.000, 2.152
1626.091, 1552.294, 2249.208, 5000.000, 2.146
1626.942, 1553.133, 2250.401, 5000.000, 2.140
1627.746, 1554.007, 2251.584, 5000.000, 2.134
1628.647, 1554.809, 2252.790, 5000.000, 2.128
1629.503, 1555.644, 2253.985, 5000.000, 2.122
1630.365, 1556.474, 2255.182, 5000.000, 2.116
1631.226, 1557.306, 2256.379, 5000.000, 2.109
1632.079, 1558.143, 2257.574, 5000.000, 2.103
1632.935, 1558.979, 2258.769, 5000.000, 2.097
1633.802, 1559.806, 2259.967, 5000.000, 2.091
1634.674, 1560.628, 2261.166, 5000.000, 2.085
1635.601, 1561.410, 2262.377, 5000.000, 2.079
1636.482, 1562.227, 2263.578, 5000.000, 2.073
1637.406, 1563.011, 2264.789, 5000.000, 2.066
1638.287, 1563.827, 2265.990, 5000.000, 2.060
1639.177, 1564.637, 2267.193, 5000.000, 2.054
1640.067, 1565.446, 2268.396, 5000.000, 2.048
1641.007, 1566.217, 2269.612, 5000.000, 2.042
1641.953, 1566.985, 2270.830, 5000.000, 2.035
1642.859, 1567.782, 2272.037, 5000.000, 2.029
1643.775, 1568.573, 2273.246, 5000.000, 2.023
1644.693, 1569.360, 2274.456, 5000.000, 2.017
1645.609, 1570.151, 2275.666, 5000.000, 2.011
1646.475, 1570.978, 2276.862, 5000.000, 2.005
1647.396, 1571.765, 2278.073, 5000.000, 1.998
1648.325, 1572.545, 2279.286, 5000.000, 1.992
1649.256, 1573.323, 2280.500, 5000.000, 1.986
1650.184, 1574.104, 2281.712, 5000.000, 1.980
1651.100, 1574.894, 2282.922, 5000.000, 1.974
1651.920, 1575.756, 2284.106, 5000.000, 1.968
1652.786, 1576.584, 2285.303, 5000.000, 1.961
1653.691, 1577.382, 2286.510, 5000.000, 1.955
1654.645, 1578.144, 2287.729, 5000.000, 1.949
1655.506, 1578.975, 2288.924, 5000.000, 1.943
1656.418, 1579.768, 2290.133, 5000.000, 1.937
1657.336, 1580.557, 2291.343, 5000.000, 1.931
1658.252, 1581.346, 2292.552, 5000.000, 1.924
1659.161, 1582.141, 2293.760, 5000.000, 1.918
1660.112, 1582.905, 2294.979, 5000.000, 1.912
1661.060, 1583.670, 2296.197, 5000.000, 1.906
1661.960, 1584.473, 2297.402, 5000.000, 1.900
1662.861, 1585.274, 2298.607, 5000.000, 1.893
1663.756, 1586.080, 2299.812, 5000.000, 1.887
1664.601, 1586.924, 2301.003, 5000.000, 1.881
1665.497, 1587.728, 2302.208, 5000.000, 1.875
1666.400, 1588.528, 2303.414, 5000.000, 1.869
1667.303, 1589.328, 2304.620, 5000.000, 1.863
1668.199, 1590.133, 2305.825, 5000.000, 1.856
1669.043, 1590.977, 2307.017, 5000.000, 1.850
1669.939, 1591.782, 2308.221, 5000.000, 1.844
1670.840, 1592.584, 2309.427, 5000.000, 1.838
1671.739, 1593.386, 2310.632, 5000.000, 1.832
1672.632, 1594.193, 2311.836, 5000.000, 1.826
1673.566, 1594.970, 2313.050, 5000.000, 1.820
1674.457, 1595.778, 2314.253, 5000.000, 1.813
1675.355, 1596.582, 2315.458, 5000.000, 1.807
1676.253, 1597.386, 2316.663, 5000.000, 1.801
1677.104, 1598.224, 2317.857, 5000.000, 1.795
1677.958, 1599.061, 2319.051, 5000.000, 1.789
1678.917, 1599.819, 2320.271, 5000.000, 1.783
1679.842, 1600.602, 2321.482, 5000.000, 1.776
1680.766, 1601.386, 2322.694, 5000.000, 1.770
1681.683, 1602.175, 2323.904, 5000.000, 1.764
1682.641, 1602.933, 2325.125, 5000.000, 1.758
1683.557, 1603.723, 2326.334, 5000.000, 1.752
1684.479, 1604.509, 2327.545, 5000.000, 1.745
1685.400, 1605.294, 2328.757, 5000.000, 1.739
1686.316, 1606.085, 2329.966, 5000.000, 1.733
1687.179, 1606.914, 2331.161, 5000.000, 1.727
1688.038, 1607.748, 2332.356, 5000.000, 1.721
1688.901, 1608.577, 2333.552, 5000.000, 1.715
1689.816, 1609.368, 2334.761, 5000.000, 1.708
1690.722, 1610.165, 2335.968, 5000.000, 1.702
1691.628, 1610.963, 2337.175, 5000.000, 1.696
1692.544, 1611.753, 2338.384, 5000.000, 1.690
1693.463, 1612.541, 2339.595, 5000.000, 1.684
1694.378, 1613.331, 2340.804, 5000.000, 1.678
1695.244, 1614.159, 2342.001, 5000.000, 1.671
1696.165, 1614.945, 2343.212, 5000.000, 1.665
1697.094, 1615.725, 2344.425, 5000.000, 1.659
1698.026, 1616.503, 2345.638, 5000.000, 1.653
1698.953, 1617.285, 2346.850, 5000.000, 1.647
1699.869, 1618.074, 2348.060, 5000.000, 1.640
1700.729, 1618.907, 2349.257, 5000.000, 1.634
1701.636, 1619.703, 2350.463, 5000.000, 1.628
1702.505, 1620.529, 2351.662, 5000.000, 1.622
1703.382, 1621.348, 2352.862, 5000.000, 1.616
1704.318, 1622.123, 2354.075, 5000.000, 1.610
1705.265, 1622.889, 2355.292, 5000.000, 1.603
1706.217, 1623.652, 2356.510, 5000.000, 1.597
1707.169, 1624.415, 2357.729, 5000.000, 1.591
1708.113, 1625.184, 2358.946, 5000.000, 1.585
1709.043, 1625.963, 2360.159, 5000.000, 1.579
1709.913, 1626.788, 2361.357, 5000.000, 1.572
1710.828, 1627.579, 2362.566, 5000.000, 1.566
1711.740, 1628.371, 2363.775, 5000.000, 1.560
1712.644, 1629.170, 2364.981, 5000.000, 1.554
1713.533, 1629.980, 2366.184, 5000.000, 1.548
1714.417, 1630.795, 2367.385, 5000.000, 1.542
1715.305, 1631.606, 2368.587, 5000.000, 1.535
1716.247, 1632.376, 2369.803, 5000.000, 1.529
1717.141, 1633.182, 2371.007, 5000.000, 1.523
1718.022, 1633.999, 2372.208, 5000.000, 1.517
1718.899, 1634.819, 2373.407, 5000.000, 1.511
1719.781, 1635.634, 2374.608, 5000.000, 1.505
1720.661, 1636.451, 2375.809, 5000.000, 1.498
1721.535, 1637.273, 2377.009, 5000.000, 1.492
1722.450, 1638.063, 2378.218, 5000.000, 1.486
1723.322, 1638.886, 2379.417, 5000.000, 1.480
1724.201, 1639.704, 2380.617, 5000.000, 1.474
1725.080, 1640.522, 2381.818, 5000.000, 1.468
1725.952, 1641.345, 2383.017, 5000.000, 1.462
1726.812, 1642.178, 2384.213, 5000.000, 1.455
1727.668, 1643.012, 2385.409, 5000.000, 1.449
1728.531, 1643.843, 2386.606, 5000.000, 1.443
1729.449, 1644.631, 2387.815, 5000.000, 1.437
1730.378, 1645.411, 2389.027, 5000.000, 1.431
1731.313, 1646.187, 2390.240, 5000.000, 1.425
1732.207, 1646.993, 2391.444, 5000.000, 1.418
1733.111, 1647.792, 2392.650, 5000.000, 1.412
1734.018, 1648.589, 2393.857, 5000.000, 1.406
1734.922, 1649.388, 2395.064, 5000.000, 1.400
1735.817, 1650.194, 2396.268, 5000.000, 1.394
1736.711, 1651.000, 2397.472, 5000.000, 1.388
1737.615, 1651.799, 2398.678, 5000.000, 1.381
1738.522, 1652.596, 2399.886, 5000.000, 1.375
1739.426, 1653.395, 2401.092, 5000.000, 1.369
1740.281, 1654.231, 2402.288, 5000.000, 1.363
1741.190, 1655.026, 2403.494, 5000.000, 1.357
1742.107, 1655.815, 2404.704, 5000.000, 1.351
1743.027, 1656.602, 2405.914, 5000.000, 1.344
1743.943, 1657.392, 2407.124, 5000.000, 1.338
1744.808, 1658.221, 2408.320, 5000.000, 1.332
1745.727, 1659.008, 2409.531, 5000.000, 1.326
1746.653, 1659.791, 2410.742, 5000.000, 1.320
1747.580, 1660.572, 2411.955, 5000.000, 1.314
1748.502, 1661.358, 2413.166, 5000.000, 1.307
1749.412, 1662.152, 2414.374, 5000.000, 1.301
1750.320, 1662.948, 2415.581, 5000.000, 1.295
1751.235, 1663.738, 2416.791, 5000.000, 1.289
1752.152, 1664.528, 2418.000, 5000.000, 1.283
1753.063, 1665.321, 2419.209, 5000.000, 1.276
1753.963, 1666.123, 2420.414, 5000.000, 1.270
1754.861, 1666.927, 2421.619, 5000.000, 1.264
1755.766, 1667.726, 2422.826, 5000.000, 1.258
1756.672, 1668.523, 2424.033, 5000.000, 1.252
1757.572, 1669.324, 2425.238, 5000.000, 1.246
1758.462, 1670.135, 2426.441, 5000.000, 1.239
1759.349, 1670.946, 2427.643, 5000.000, 1.233
1760.243, 1671.752, 2428.847, 5000.000, 1.227
1761.139, 1672.558, 2430.052, 5000.000, 1.221
1762.029, 1673.367, 2431.255, 5000.000, 1.215
1762.907, 1674.185, 2432.455, 5000.000, 1.209
1763.824, 1674.975, 2433.665, 5000.000, 1.202
1764.693, 1675.800, 2434.863, 5000.000, 1.196
1765.564, 1676.624, 2436.062, 5000.000, 1.190
1766.431, 1677.451, 2437.259, 5000.000, 1.184
1767.343, 1678.244, 2438.468, 5000.000, 1.178
1768.256, 1679.036, 2439.676, 5000.000, 1.172
1769.163, 1679.833, 2440.883, 5000.000, 1.166
1770.019, 1680.668, 2442.078, 5000.000, 1.159
1770.875, 1681.504, 2443.273, 5000.000, 1.153
1771.778, 1682.303, 2444.480, 5000.000, 1.147
1772.685, 1683.100, 2445.687, 5000.000, 1.141
1773.590, 1683.898, 2446.893, 5000.000, 1.135
1774.447, 1684.732, 2448.089, 5000.000, 1.129
1775.307, 1685.564, 2449.285, 5000.000, 1.123
1776.163, 1686.400, 2450.480, 5000.000, 1.116
1777.063, 1687.202, 2451.686, 5000.000, 1.110
1777.964, 1688.003, 2452.891, 5000.000, 1.104
1778.859, 1688.809, 2454.095, 5000.000, 1.098
1779.704, 1689.652, 2455.289, 5000.000, 1.092
1780.548, 1690.497, 2456.483, 5000.000, 1.086
1781.440, 1691.305, 2457.686, 5000.000, 1.080
1782.295, 1692.140, 2458.882, 5000.000, 1.073
1783.164, 1692.966, 2460.080, 5000.000, 1.067
1784.038, 1693.787, 2461.279, 5000.000, 1.061
1784.912, 1694.609, 2462.479, 5000.000, 1.055
1785.836, 1695.393, 2463.689, 5000.000, 1.049
1786.764, 1696.174, 2464.900, 5000.000, 1.043
1787.691, 1696.955, 2466.111, 5000.000, 1.036
1788.612, 1697.742, 2467.321, 5000.000, 1.030
1789.481, 1698.567, 2468.519, 5000.000, 1.024
1790.348, 1699.394, 2469.717, 5000.000, 1.018
1791.262, 1700.185, 2470.926, 5000.000, 1.012
1792.139, 1701.005, 2472.126, 5000.000, 1.006
1793.027, 1701.816, 2473.328, 5000.000, 1.000
1793.920, 1702.623, 2474.532, 5000.000, 0.993
1794.812, 1703.431, 2475.736, 5000.000, 0.987
1795.697, 1704.244, 2476.938, 5000.000, 0.981
1796.584, 1705.056, 2478.140, 5000.000, 0.975
1797.483, 1705.859, 2479.345, 5000.000, 0.969
1798.387, 1706.658, 2480.552, 5000.000, 0.963
1799.290, 1707.458, 2481.758, 5000.000, 0.956
1800.146, 1708.293, 2482.953, 5000.000, 0.950
1801.058, 1709.086, 2484.161, 5000.000, 0.944
1801.981, 1709.871, 2485.372, 5000.000, 0.938
1802.908, 1710.652, 2486.584, 5000.000, 0.932
1803.833, 1711.435, 2487.796, 5000.000, 0.926
1804.710, 1712.255, 2488.996, 5000.000, 0.919
1805.586, 1713.074, 2490.195, 5000.000, 0.913
1806.511, 1713.857, 2491.407, 5000.000, 0.907
1807.439, 1714.639, 2492.619, 5000.000, 0.901
1808.361, 1715.424, 2493.831, 5000.000, 0.895
1809.329, 1716.174, 2495.053, 5000.000, 0.888
1810.258, 1716.955, 2496.266, 5000.000, 0.882
1811.195, 1717.729, 2497.481, 5000.000, 0.876
1812.136, 1718.500, 2498.698, 5000.000, 0.870
1813.034, 1719.304, 2499.902, 5000.000, 0.864
1813.937, 1720.103, 2501.108, 5000.000, 0.857
1814.838, 1720.905, 2502.314, 5000.000, 0.851
1815.690, 1721.743, 2503.507, 5000.000, 0.845
1816.635, 1722.511, 2504.724, 5000.000, 0.839
1817.571, 1723.285, 2505.939, 5000.000, 0.833
1818.493, 1724.071, 2507.150, 5000.000, 0.827
1819.410, 1724.861, 2508.360, 5000.000, 0.820
1820.330, 1725.647, 2509.570, 5000.000, 0.814
1821.209, 1726.465, 2510.770, 5000.000, 0.808
1822.055, 1727.308, 2511.963, 5000.000, 0.802
1822.953, 1728.111, 2513.168, 5000.000, 0.796
1823.898, 1728.879, 2514.384, 5000.000, 0.790
1824.843, 1729.647, 2515.601, 5000.000, 0.783
1825.782, 1730.420, 2516.816, 5000.000, 0.777
1826.708, 1731.202, 2518.028, 5000.000, 0.771
1827.631, 1731.987, 2519.240, 5000.000, 0.765
1828.560, 1732.767, 2520.453, 5000.000, 0.759
1829.490, 1733.547, 2521.666, 5000.000, 0.752
1830.412, 1734.331, 2522.877, 5000.000, 0.746
1831.283, 1735.156, 2524.075, 5000.000, 0.740
1832.205, 1735.941, 2525.286, 5000.000, 0.734
1833.132, 1736.723, 2526.498, 5000.000, 0.728
1834.058, 1737.505, 2527.711, 5000.000, 0.721
1834.977, 1738.293, 2528.921, 5000.000, 0.715
1835.881, 1739.091, 2530.128, 5000.000, 0.709
1836.727, 1739.935, 2531.319, 5000.000, 0.703
1837.616, 1740.745, 2532.521, 5000.000, 0.697
1838.503, 1741.557, 2533.723, 5000.000, 0.691
1839.382, 1742.375, 2534.924, 5000.000, 0.684
1840.301, 1743.162, 2536.134, 5000.000, 0.678
1841.177, 1743.983, 2537.333, 5000.000, 0.672
1842.057, 1744.799, 2538.534, 5000.000, 0.666
1842.993, 1745.574, 2539.748, 5000.000, 0.660
1843.882, 1746.385, 2540.951, 5000.000, 0.654
1844.758, 1747.204, 2542.151, 5000.000, 0.648
1845.576, 1748.068, 2543.337, 5000.000, 0.641
1846.439, 1748.898, 2544.534, 5000.000, 0.635
1847.301, 1749.729, 2545.731, 5000.000, 0.629
1848.171, 1750.554, 2546.930, 5000.000, 0.623
1849.115, 1751.323, 2548.145, 5000.000, 0.617
1850.031, 1752.112, 2549.354, 5000.000, 0.611
1850.954, 1752.897, 2550.565, 5000.000, 0.604
1851.877, 1753.682, 2551.775, 5000.000, 0.598
1852.794, 1754.471, 2552.985, 5000.000, 0.592
1853.698, 1755.270, 2554.191, 5000.000, 0.586
1854.598, 1756.071, 2555.397, 5000.000, 0.580
1855.505, 1756.868, 2556.604, 5000.000, 0.574
1856.413, 1757.665, 2557.811, 5000.000, 0.567
1857.313, 1758.466, 2559.017, 5000.000, 0.561
1858.257, 1759.235, 2560.233, 5000.000, 0.555
1859.199, 1760.006, 2561.450, 5000.000, 0.549
1860.093, 1760.812, 2562.653, 5000.000, 0.543
1860.990, 1761.617, 2563.858, 5000.000, 0.536
1861.882, 1762.424, 2565.061, 5000.000, 0.530
1862.764, 1763.240, 2566.262, 5000.000, 0.524
1863.645, 1764.057, 2567.463, 5000.000, 0.518
1864.534, 1764.867, 2568.666, 5000.000, 0.512
1865.425, 1765.675, 2569.869, 5000.000, 0.506
1866.312, 1766.487, 2571.071, 5000.000, 0.500
1867.149, 1767.337, 2572.262, 5000.000, 0.493
1868.039, 1768.146, 2573.465, 5000.000, 0.487
1868.937, 1768.950, 2574.670, 5000.000, 0.481
1869.835, 1769.753, 2575.875, 5000.000, 0.475
1870.729, 1770.560, 2577.079, 5000.000, 0.469
1871.571, 1771.406, 2578.271, 5000.000, 0.463
1872.465, 1772.212, 2579.475, 5000.000, 0.457
1873.366, 1773.013, 2580.681, 5000.000, 0.450
1874.267, 1773.815, 2581.886, 5000.000, 0.444
1875.217, 1774.579, 2583.103, 5000.000, 0.438
1876.131, 1775.370, 2584.312, 5000.000, 0.432
1877.059, 1776.151, 2585.524, 5000.000, 0.426
1877.955, 1776.956, 2586.729, 5000.000, 0.419
1878.906, 1777.719, 2587.949, 5000.000, 0.413
1879.851, 1778.487, 2589.166, 5000.000, 0.407
1880.744, 1779.295, 2590.369, 5000.000, 0.401
1881.688, 1780.064, 2591.586, 5000.000, 0.395
1882.637, 1780.829, 2592.805, 5000.000, 0.388
1883.585, 1781.594, 2594.024, 5000.000, 0.382
1884.526, 1782.366, 2595.240, 5000.000, 0.376
1885.453, 1783.147, 2596.453, 5000.000, 0.370
1886.321, 1783.974, 2597.648, 5000.000, 0.364
1887.232, 1784.767, 2598.856, 5000.000, 0.357
1888.141, 1785.562, 2600.064, 5000.000, 0.351
1889.042, 1786.364, 2601.269, 5000.000, 0.345
1889.888, 1787.206, 2602.460, 5000.000, 0.339
1890.783, 1788.012, 2603.664, 5000.000, 0.333
1891.682, 1788.815, 2604.869, 5000.000, 0.327
1892.578, 1789.620, 2606.073, 5000.000, 0.320
1893.464, 1790.433, 2607.275, 5000.000, 0.314
1894.389, 1791.215, 2608.487, 5000.000, 0.308
1895.270, 1792.032, 2609.687, 5000.000, 0.302
1896.155, 1792.845, 2610.889, 5000.000, 0.296
1897.038, 1793.660, 2612.090, 5000.000, 0.290
1897.873, 1794.511, 2613.279, 5000.000, 0.284
1898.763, 1795.321, 2614.482, 5000.000, 0.277
1899.663, 1796.123, 2615.687, 5000.000, 0.271
1900.566, 1796.923, 2616.894, 5000.000, 0.265
1901.465, 1797.725, 2618.099, 5000.000, 0.259
1902.355, 1798.534, 2619.302, 5000.000, 0.253
1903.246, 1799.344, 2620.505, 5000.000, 0.247
1904.145, 1800.146, 2621.711, 5000.000, 0.240
1905.104, 1800.904, 2622.930, 5000.000, 0.234
1906.020, 1801.693, 2624.140, 5000.000, 0.228
1906.929, 1802.489, 2625.348, 5000.000, 0.222
1907.838, 1803.284, 2626.555, 5000.000, 0.216
1908.758, 1804.071, 2627.766, 5000.000, 0.210
1909.681, 1804.855, 2628.977, 5000.000, 0.203
1910.603, 1805.641, 2630.188, 5000.000, 0.197
1911.517, 1806.433, 2631.397, 5000.000, 0.191
1912.415, 1807.236, 2632.602, 5000.000, 0.185
1913.309, 1808.043, 2633.806, 5000.000, 0.179
1914.206, 1808.846, 2635.011, 5000.000, 0.172
1915.102, 1809.652, 2636.215, 5000.000, 0.166
1915.949, 1810.494, 2637.407, 5000.000, 0.160
1916.852, 1811.293, 2638.614, 5000.000, 0.154
1917.764, 1812.086, 2639.822, 5000.000, 0.148
1918.680, 1812.876, 2641.032, 5000.000, 0.142
1919.592, 1813.669, 2642.240, 5000.000, 0.135
1920.495, 1814.469, 2643.446, 5000.000, 0.129
1921.342, 1815.311, 2644.639, 5000.000, 0.123
1922.238, 1816.116, 2645.843, 5000.000, 0.117
1923.135, 1816.920, 2647.048, 5000.000, 0.111
1924.029, 1817.727, 2648.252, 5000.000, 0.105
1924.928, 1818.530, 2649.457, 5000.000, 0.099
1925.841, 1819.322, 2650.666, 5000.000, 0.092
1926.763, 1820.107, 2651.877, 5000.000, 0.086
1927.687, 1820.891, 2653.088, 5000.000, 0.080
1928.606, 1821.678, 2654.298, 5000.000, 0.074
1929.516, 1822.473, 2655.506, 5000.000, 0.068
1930.424, 1823.269, 2656.714, 5000.000, 0.061
1931.340, 1824.059, 2657.923, 5000.000, 0.055
1932.259, 1824.847, 2659.134, 5000.000, 0.049
1933.174, 1825.638, 2660.343, 5000.000, 0.043
1934.038, 1826.467, 2661.539, 5000.000, 0.037
1934.955, 1827.256, 2662.749, 5000.000, 0.031
1935.880, 1828.039, 2663.961, 5000.000, 0.024
1936.766, 1828.851, 2665.163, 5000.000, 0.018
1937.702, 1829.626, 2666.377, 5000.000, 0.012
1938.625, 1830.411, 2667.589, 5000.000, 0.006
1939.489, 1831.240, 2668.785, 5000.000, 0.000
1940.358, 1832.065, 2669.983, 5000.000, 0.000
1941.241, 1832.880, 2671.185, 5000.000, 0.000
1942.131, 1833.690, 2672.388, 5000.000, 0.000
1943.075, 1834.459, 2673.604, 5000.000, 0.000
1944.027, 1835.221, 2674.822, 5000.000, 0.000
1944.982, 1835.982, 2676.041, 5000.000, 0.000
1945.932, 1836.746, 2677.260, 5000.000, 0.000
1946.872, 1837.518, 2678.475, 5000.000, 0.000
1947.795, 1838.303, 2679.687, 5000.000, 0.000
1948.710, 1839.093, 2680.896, 5000.000, 0.000
1949.628, 1839.882, 2682.106, 5000.000, 0.000
1950.541, 1840.674, 2683.315, 5000.000, 0.000
1951.404, 1841.504, 2684.511, 5000.000, 0.000
1952.321, 1842.293, 2685.720, 5000.000, 0.000
1953.245, 1843.077, 2686.932, 5000.000, 0.000
1954.170, 1843.860, 2688.144, 5000.000, 0.000
1955.089, 1844.647, 2689.355, 5000.000, 0.000
1955.958, 1845.473, 2690.552, 5000.000, 0.000
1956.863, 1846.272, 2691.758, 5000.000, 0.000
1957.758, 1847.077, 2692.962, 5000.000, 0.000
1958.654, 1847.882, 2694.167, 5000.000, 0.000
1959.543, 1848.692, 2695.370, 5000.000, 0.000
1960.380, 1849.542, 2696.561, 5000.000, 0.000
1961.268, 1850.353, 2697.764, 5000.000, 0.000
1962.161, 1851.160, 2698.967, 5000.000, 0.000
1963.053, 1851.968, 2700.171, 5000.000, 0.000
1963.954, 1852.769, 2701.376, 5000.000, 0.000
1964.817, 1853.599, 2702.573, 5000.000, 0.000
1965.675, 1854.433, 2703.769, 5000.000, 0.000
1966.616, 1855.204, 2704.984, 5000.000, 0.000
1967.554, 1855.977, 2706.198, 5000.000, 0.000
1968.501, 1856.744, 2707.415, 5000.000, 0.000
1969.451, 1857.508, 2708.632, 5000.000, 0.000
1970.399, 1858.274, 2709.849, 5000.000, 0.000
1971.300, 1859.075, 2711.055, 5000.000, 0.000
1972.163, 1859.905, 2712.251, 5000.000, 0.000
1973.037, 1860.727, 2713.450, 5000.000, 0.000
1973.913, 1861.547, 2714.650, 5000.000, 0.000
1974.786, 1862.369, 2715.849, 5000.000, 0.000
1975.702, 1863.159, 2717.059, 5000.000, 0.000
1976.617, 1863.950, 2718.268, 5000.000, 0.000
1977.523, 1864.748, 2719.475, 5000.000, 0.000
1978.430, 1865.544, 2720.682, 5000.000, 0.000
1979.348, 1866.333, 2721.892, 5000.000, 0.000
1980.269, 1867.118, 2723.103, 5000.000, 0.000
1981.189, 1867.906, 2724.313, 5000.000, 0.000
1982.100, 1868.699, 2725.522, 5000.000, 0.000
1983.013, 1869.492, 2726.730, 5000.000, 0.000
1983.880, 1870.318, 2727.927, 5000.000, 0.000
1984.790, 1871.113, 2729.135, 5000.000, 0.000
1985.697, 1871.909, 2730.343, 5000.000, 0.000
1986.595, 1872.713, 2731.547, 5000.000, 0.000
1987.532, 1873.487, 2732.762, 5000.000, 0.000
1988.425, 1874.295, 2733.966, 5000.000, 0.000
1989.321, 1875.099, 2735.171, 5000.000, 0.000
1990.216, 1875.905, 2736.375, 5000.000, 0.000
1991.118, 1876.706, 2737.580, 5000.000, 0.000
1992.036, 1877.494, 2738.791, 5000.000, 0.000
1992.965, 1878.274, 2740.004, 5000.000, 0.000
1993.843, 1879.093, 2741.203, 5000.000, 0.000
1994.758, 1879.884, 2742.412, 5000.000, 0.000
1995.623, 1880.712, 2743.609, 5000.000, 0.000
1996.487, 1881.541, 2744.806, 5000.000, 0.000
1997.343, 1882.377, 2746.000, 5000.000, 0.000
1998.238, 1883.182, 2747.205, 5000.000, 0.000
1999.183, 1883.950, 2748.422, 5000.000, 0.000
2000.132, 1884.715, 2749.640, 5000.000, 0.000
2001.080, 1885.481, 2750.859, 5000.000, 0.000
2002.022, 1886.252, 2752.075, 5000.000, 0.000
2002.912, 1887.061, 2753.278, 5000.000, 0.000
2003.800, 1887.872, 2754.479, 5000.000, 0.000
2004.680, 1888.689, 2755.679, 5000.000, 0.000
2005.560, 1889.506, 2756.879, 5000.000, 0.000
2006.452, 1890.314, 2758.083, 5000.000, 0.000
2007.347, 1891.120, 2759.287, 5000.000, 0.000
2008.241, 1891.927, 2760.491, 5000.000, 0.000
2009.126, 1892.740, 2761.692, 5000.000, 0.000
2010.051, 1893.522, 2762.904, 5000.000, 0.000
2010.933, 1894.338, 2764.105, 5000.000, 0.000
2011.820, 1895.150, 2765.307, 5000.000, 0.000
2012.706, 1895.962, 2766.509, 5000.000, 0.000
2013.585, 1896.781, 2767.709, 5000.000, 0.000
2014.410, 1897.639, 2768.897, 5000.000, 0.000
2015.286, 1898.460, 2770.096, 5000.000, 0.000
2016.165, 1899.277, 2771.297, 5000.000, 0.000
2017.043, 1900.096, 2772.497, 5000.000, 0.000
2017.928, 1900.909, 2773.699, 5000.000, 0.000
2018.830, 1901.710, 2774.905, 5000.000, 0.000
2019.742, 1902.502, 2776.113, 5000.000, 0.000
2020.659, 1903.292, 2777.323, 5000.000, 0.000
2021.573, 1904.083, 2778.532, 5000.000, 0.000
2022.535, 1904.838, 2779.753, 5000.000, 0.000
2023.498, 1905.592, 2780.975, 5000.000, 0.000
2024.459, 1906.349, 2782.197, 5000.000, 0.000
2025.371, 1907.141, 2783.406, 5000.000, 0.000
2026.285, 1907.933, 2784.615, 5000.000, 0.000
2027.153, 1908.759, 2785.811, 5000.000, 0.000
2028.025, 1909.583, 2787.009, 5000.000, 0.000
2028.892, 1910.409, 2788.206, 5000.000, 0.000
2029.803, 1911.203, 2789.414, 5000.000, 0.000
2030.712, 1911.998, 2790.622, 5000.000, 0.000
2031.573, 1912.829, 2791.817, 5000.000, 0.000
2032.490, 1913.619, 2793.027, 5000.000, 0.000
2033.416, 1914.401, 2794.239, 5000.000, 0.000
2034.345, 1915.181, 2795.452, 5000.000, 0.000
2035.271, 1915.963, 2796.664, 5000.000, 0.000
2036.148, 1916.783, 2797.863, 5000.000, 0.000
2037.024, 1917.603, 2799.063, 5000.000, 0.000
2037.947, 1918.388, 2800.274, 5000.000, 0.000
2038.871, 1919.172, 2801.486, 5000.000, 0.000
2039.749, 1919.990, 2802.686, 5000.000, 0.000
2040.631, 1920.806, 2803.887, 5000.000, 0.000
2041.565, 1921.582, 2805.100, 5000.000, 0.000
2042.504, 1922.355, 2806.316, 5000.000, 0.000
2043.441, 1923.129, 2807.531, 5000.000, 0.000
2044.332, 1923.938, 2808.734, 5000.000, 0.000
2045.279, 1924.704, 2809.952, 5000.000, 0.000
2046.236, 1925.463, 2811.172, 5000.000, 0.000
2047.198, 1926.218, 2812.395, 5000.000, 0.000
2048.158, 1926.975, 2813.616, 5000.000, 0.000
2049.109, 1927.738, 2814.836, 5000.000, 0.000
2050.046, 1928.513, 2816.051, 5000.000, 0.000
2050.922, 1929.333, 2817.249, 5000.000, 0.000
2051.785, 1930.163, 2818.444, 5000.000, 0.000
2052.683, 1930.966, 2819.649, 5000.000, 0.000
2053.571, 1931.777, 2820.851, 5000.000, 0.000
2054.498, 1932.559, 2822.063, 5000.000, 0.000
2055.379, 1933.375, 2823.263, 5000.000, 0.000
2056.263, 1934.189, 2824.464, 5000.000, 0.000
2057.104, 1935.036, 2825.654, 5000.000, 0.000
2057.950, 1935.878, 2826.848, 5000.000, 0.000
2058.850, 1936.681, 2828.053, 5000.000, 0.000
2059.757, 1937.477, 2829.260, 5000.000, 0.000
2060.665, 1938.273, 2830.467, 5000.000, 0.000
2061.568, 1939.073, 2831.673, 5000.000, 0.000
2062.459, 1939.882, 2832.876, 5000.000, 0.000
2063.348, 1940.692, 2834.079, 5000.000, 0.000
2064.245, 1941.496, 2835.284, 5000.000, 0.000
2065.143, 1942.300, 2836.489, 5000.000, 0.000
2066.035, 1943.108, 2837.693, 5000.000, 0.000
2066.971, 1943.882, 2838.907, 5000.000, 0.000
2067.867, 1944.688, 2840.111, 5000.000, 0.000
2068.771, 1945.487, 2841.318, 5000.000, 0.000
2069.677, 1946.284, 2842.524, 5000.000, 0.000
2070.579, 1947.085, 2843.730, 5000.000, 0.000
2071.486, 1947.882, 2844.938, 5000.000, 0.000
2072.408, 1948.667, 2846.148, 5000.000, 0.000
2073.338, 1949.446, 2847.361, 5000.000, 0.000
2074.270, 1950.224, 2848.575, 5000.000, 0.000
2075.198, 1951.005, 2849.787, 5000.000, 0.000
2076.116, 1951.793, 2850.997, 5000.000, 0.000
2077.017, 1952.595, 2852.203, 5000.000, 0.000
2077.910, 1953.402, 2853.407, 5000.000, 0.000
2078.806, 1954.207, 2854.611, 5000.000, 0.000
2079.697, 1955.016, 2855.815, 5000.000, 0.000
2080.578, 1955.832, 2857.016, 5000.000, 0.000
2081.402, 1956.692, 2858.204, 5000.000, 0.000
2082.273, 1957.515, 2859.403, 5000.000, 0.000
2083.145, 1958.338, 2860.602, 5000.000, 0.000
2084.068, 1959.123, 2861.812, 5000.000, 0.000
2084.996, 1959.904, 2863.024, 5000.000, 0.000
2085.884, 1960.715, 2864.226, 5000.000, 0.000
2086.782, 1961.519, 2865.431, 5000.000, 0.000
2087.682, 1962.320, 2866.637, 5000.000, 0.000
2088.580, 1963.124, 2867.842, 5000.000, 0.000
2089.468, 1963.935, 2869.044, 5000.000, 0.000
2090.396, 1964.716, 2870.256, 5000.000, 0.000
2091.279, 1965.531, 2871.458, 5000.000, 0.000
2092.166, 1966.342, 2872.660, 5000.000, 0.000
2093.011, 1967.186, 2873.853, 5000.000, 0.000
2093.863, 1968.024, 2875.047, 5000.000, 0.000
2094.769, 1968.822, 2876.254, 5000.000, 0.000
2095.683, 1969.613, 2877.463, 5000.000, 0.000
2096.600, 1970.402, 2878.672, 5000.000, 0.000
2097.512, 1971.195, 2879.881, 5000.000, 0.000
2098.470, 1971.954, 2881.101, 5000.000, 0.000
2099.427, 1972.712, 2882.323, 5000.000, 0.000
2100.339, 1973.505, 2883.531, 5000.000, 0.000
2101.256, 1974.295, 2884.741, 5000.000, 0.000
2102.131, 1975.116, 2885.939, 5000.000, 0.000
2103.012, 1975.932, 2887.139, 5000.000, 0.000
2103.891, 1976.749, 2888.339, 5000.000, 0.000
2104.819, 1977.531, 2889.551, 5000.000, 0.000
2105.747, 1978.312, 2890.764, 5000.000, 0.000
2106.670, 1979.096, 2891.975, 5000.000, 0.000
2107.541, 1979.920, 2893.173, 5000.000, 0.000
2108.465, 1980.704, 2894.385, 5000.000, 0.000
2109.395, 1981.483, 2895.598, 5000.000, 0.000
2110.326, 1982.262, 2896.812, 5000.000, 0.000
2111.249, 1983.046, 2898.023, 5000.000, 0.000
2112.121, 1983.870, 2899.221, 5000.000, 0.000
2113.044, 1984.654, 2900.433, 5000.000, 0.000
2113.972, 1985.435, 2901.645, 5000.000, 0.000
2114.899, 1986.217, 2902.858, 5000.000, 0.000
2115.819, 1987.004, 2904.068, 5000.000, 0.000
2116.725, 1987.801, 2905.275, 5000.000, 0.000
2117.571, 1988.644, 2906.469, 5000.000, 0.000
2118.461, 1989.453, 2907.672, 5000.000, 0.000
2119.349, 1990.264, 2908.874, 5000.000, 0.000
2120.245, 1991.069, 2910.079, 5000.000, 0.000
2121.157, 1991.862, 2911.287, 5000.000, 0.000
2122.080, 1992.647, 2912.497, 5000.000, 0.000
2123.007, 1993.428, 2913.709, 5000.000, 0.000
2123.932, 1994.212, 2914.921, 5000.000, 0.000
2124.809, 1995.031, 2916.121, 5000.000, 0.000
2125.686, 1995.851, 2917.321, 5000.000, 0.000
2126.555, 1996.676, 2918.519, 5000.000, 0.000
2127.465, 1997.470, 2919.727, 5000.000, 0.000
2128.370, 1998.268, 2920.933, 5000.000, 0.000
2129.319, 1999.033, 2922.151, 5000.000, 0.000
2130.267, 1999.799, 2923.368, 5000.000, 0.000
2131.209, 2000.570, 2924.584, 5000.000, 0.000
2132.099, 2001.379, 2925.787, 5000.000, 0.000
2132.987, 2002.190, 2926.989, 5000.000, 0.000
2133.867, 2003.007, 2928.190, 5000.000, 0.000
2134.748, 2003.824, 2929.391, 5000.000, 0.000
2135.639, 2004.632, 2930.594, 5000.000, 0.000
2136.535, 2005.438, 2931.798, 5000.000, 0.000
2137.428, 2006.245, 2933.002, 5000.000, 0.000
2138.313, 2007.058, 2934.204, 5000.000, 0.000
2139.239, 2007.841, 2935.416, 5000.000, 0.000
2140.121, 2008.656, 2936.617, 5000.000, 0.000
2141.008, 2009.468, 2937.819, 5000.000, 0.000
2141.894, 2010.281, 2939.021, 5000.000, 0.000
2142.772, 2011.099, 2940.222, 5000.000, 0.000
2143.597, 2011.957, 2941.410, 5000.000, 0.000
2144.473, 2012.778, 2942.610, 5000.000, 0.000
2145.353, 2013.595, 2943.811, 5000.000, 0.000
2146.230, 2014.414, 2945.011, 5000.000, 0.000
2147.155, 2015.197, 2946.222, 5000.000, 0.000
2148.082, 2015.979, 2947.433, 5000.000, 0.000
2149.006, 2016.763, 2948.644, 5000.000, 0.000
2149.881, 2017.583, 2949.844, 5000.000, 0.000
2150.758, 2018.403, 2951.044, 5000.000, 0.000
2151.645, 2019.215, 2952.247, 5000.000, 0.000
2152.552, 2020.012, 2953.454, 5000.000, 0.000
2153.473, 2020.798, 2954.664, 5000.000, 0.000
2154.401, 2021.579, 2955.876, 5000.000, 0.000
2155.330, 2022.359, 2957.088, 5000.000, 0.000
2156.254, 2023.143, 2958.300, 5000.000, 0.000
2157.127, 2023.965, 2959.499, 5000.000, 0.000
2157.996, 2024.790, 2960.697, 5000.000, 0.000
2158.910, 2025.581, 2961.906, 5000.000, 0.000
2159.824, 2026.373, 2963.114, 5000.000, 0.000
2160.690, 2027.201, 2964.312, 5000.000, 0.000
2161.613, 2027.986, 2965.523, 5000.000, 0.000
2162.546, 2028.762, 2966.736, 5000.000, 0.000
2163.484, 2029.536, 2967.951, 5000.000, 0.000
2164.380, 2030.341, 2969.155, 5000.000, 0.000
2165.282, 2031.142, 2970.361, 5000.000, 0.000
2166.183, 2031.943, 2971.567, 5000.000, 0.000
2167.131, 2032.709, 2972.784, 5000.000, 0.000
2168.080, 2033.473, 2974.002, 5000.000, 0.000
2169.024, 2034.242, 2975.219, 5000.000, 0.000
2169.956, 2035.020, 2976.433, 5000.000, 0.000
2170.887, 2035.799, 2977.646, 5000.000, 0.000
2171.824, 2036.573, 2978.862, 5000.000, 0.000
2172.763, 2037.345, 2980.077, 5000.000, 0.000
2173.696, 2038.122, 2981.291, 5000.000, 0.000
2174.578, 2038.938, 2982.492, 5000.000, 0.000
2175.457, 2039.756, 2983.692, 5000.000, 0.000
2176.326, 2040.582, 2984.889, 5000.000, 0.000
2177.232, 2041.379, 2986.096, 5000.000, 0.000
2178.129, 2042.183, 2987.301, 5000.000, 0.000
2179.068, 2042.956, 2988.516, 5000.000, 0.000
2179.962, 2043.762, 2989.720, 5000.000, 0.000
2180.862, 2044.564, 2990.925, 5000.000, 0.000
2181.761, 2045.367, 2992.130, 5000.000, 0.000
2182.652, 2046.176, 2993.334, 5000.000, 0.000
2183.529, 2046.995, 2994.534, 5000.000, 0.000
2184.403, 2047.817, 2995.733, 5000.000, 0.000
2185.281, 2048.635, 2996.933, 5000.000, 0.000
2186.159, 2049.454, 2998.133, 5000.000, 0.000
2187.029, 2050.278, 2999.332, 5000.000, 0.000
2187.902, 2051.101, 3000.531, 5000.000, 0.000
2188.785, 2051.915, 3001.732, 5000.000, 0.000
2189.675, 2052.725, 3002.935, 5000.000, 0.000
2190.563, 2053.536, 3004.138, 5000.000, 0.000
2191.499, 2054.311, 3005.352, 5000.000, 0.000
2192.399, 2055.113, 3006.557, 5000.000, 0.000
2193.311, 2055.906, 3007.766, 5000.000, 0.000
2194.270, 2056.664, 3008.985, 5000.000, 0.000
2195.174, 2057.463, 3010.191, 5000.000, 0.000
2196.072, 2058.266, 3011.397, 5000.000, 0.000
2196.959, 2059.077, 3012.599, 5000.000, 0.000
2197.844, 2059.891, 3013.801, 5000.000, 0.000
2198.737, 2060.699, 3015.005, 5000.000, 0.000
2199.630, 2061.506, 3016.208, 5000.000, 0.000
2200.478, 2062.347, 3017.402, 5000.000, 0.000
2201.385, 2063.143, 3018.609, 5000.000, 0.000
2202.305, 2063.930, 3019.819, 5000.000, 0.000
2203.231, 2064.713, 3021.031, 5000.000, 0.000
2204.157, 2065.495, 3022.242, 5000.000, 0.000
2205.077, 2066.282, 3023.453, 5000.000, 0.000
2205.944, 2067.109, 3024.650, 5000.000, 0.000
2206.863, 2067.897, 3025.860, 5000.000, 0.000
2207.787, 2068.681, 3027.072, 5000.000, 0.000
2208.710, 2069.465, 3028.283, 5000.000, 0.000
2209.625, 2070.256, 3029.492, 5000.000, 0.000
2210.487, 2071.086, 3030.688, 5000.000, 0.000
2211.400, 2071.879, 3031.897, 5000.000, 0.000
2212.316, 2072.669, 3033.106, 5000.000, 0.000
2213.191, 2073.490, 3034.305, 5000.000, 0.000
2214.072, 2074.306, 3035.506, 5000.000, 0.000
2215.007, 2075.081, 3036.720, 5000.000, 0.000
2215.951, 2075.850, 3037.937, 5000.000, 0.000
2216.897, 2076.617, 3039.155, 5000.000, 0.000
2217.839, 2077.388, 3040.372, 5000.000, 0.000
2218.731, 2078.196, 3041.574, 5000.000, 0.000
2219.676, 2078.964, 3042.792, 5000.000, 0.000
2220.628, 2079.727, 3044.011, 5000.000, 0.000
2221.526, 2080.530, 3045.216, 5000.000, 0.000
2222.417, 2081.339, 3046.418, 5000.000, 0.000
2223.311, 2082.146, 3047.622, 5000.000, 0.000
2224.199, 2082.956, 3048.824, 5000.000, 0.000
2225.091, 2083.765, 3050.027, 5000.000, 0.000
2225.984, 2084.634, 3051.272, 5000.000, 0.000
2226.447, 2085.021, 3051.874, 5000.000, 0.000
2227.374, 2085.789, 3053.079, 5000.000, 0.000
2228.306, 2086.552, 3054.282, 5000.000, 0.000
2229.242, 2087.308, 3055.485, 5000.000, 0.000
2230.182, 2088.059, 3056.687, 5000.000, 0.000
2231.126, 2088.803, 3057.888, 5000.000, 0.000
2232.074, 2089.541, 3059.088, 5000.000, 0.000
2233.026, 2090.273, 3060.288, 5000.000, 0.000
2233.983, 2090.999, 3061.487, 5000.000, 0.000
2234.943, 2091.719, 3062.686, 5000.000, 0.000
2235.908, 2092.433, 3063.884, 5000.000, 0.000
2236.876, 2093.141, 3065.084, 5000.000, 0.000
2237.849, 2093.843, 3066.283, 5000.000, 0.000
2238.825, 2094.539, 3067.482, 5000.000, 0.000
2239.806, 2095.229, 3068.681, 5000.000, 0.000
