x, y, length, r, ctrl
-0.840, -0.424, 0.000, 5000.000, 0.000
-0.163, 0.500, 1.145, 5000.000, 0.000
0.523, 1.419, 2.292, 5000.000, 0.000
1.218, 2.333, 3.440, 5000.000, 0.000
1.923, 3.242, 4.590, 5000.000, 0.000
2.637, 4.146, 5.742, 5000.000, 0.000
3.360, 5.045, 6.896, 5000.000, 0.000
4.092, 5.940, 8.052, 5000.000, 0.000
4.834, 6.829, 9.209, 5000.000, 0.000
5.585, 7.714, 10.369, 5000.000, 0.000
6.345, 8.594, 11.530, 5000.000, 0.000
7.115, 9.469, 12.694, 5000.000, 0.000
7.893, 10.339, 13.860, 5000.000, 0.000
8.681, 11.204, 15.029, 5000.000, 0.000
9.478, 12.065, 16.200, 5000.000, 0.000
10.745, 13.373, 18.016, 5000.000, 0.000
11.601, 14.196, 19.197, 5000.000, 0.000
12.425, 15.046, 20.379, 5000.000, 0.000
13.308, 15.846, 21.561, 5000.000, 0.000
14.209, 16.629, 22.743, 5000.000, 0.000
15.075, 17.442, 23.927, 5000.000, 0.000
15.943, 18.255, 25.111, 5000.000, 0.000
16.809, 19.068, 26.295, 5000.000, 0.000
17.673, 19.884, 27.483, 5000.000, 0.000
18.531, 20.704, 28.670, 5000.000, 0.000
19.383, 21.531, 29.857, 5000.000, 0.000
20.225, 22.365, 31.042, 5000.000, 0.000
21.057, 23.208, 32.227, 5000.000, 0.000
21.876, 24.063, 33.410, 5000.000, 0.000
22.642, 24.964, 34.588, 5000.000, 0.000
23.457, 25.821, 35.772, 5000.000, 0.000
24.283, 26.670, 36.956, 5000.000, 0.000
25.117, 27.512, 38.140, 5000.000, 0.000
25.956, 28.349, 39.326, 5000.000, 0.000
26.800, 29.182, 40.511, 5000.000, 0.000
27.645, 30.013, 41.697, 5000.000, 0.000
28.491, 30.845, 42.883, 5000.000, 0.000
29.334, 31.678, 44.069, 5000.000, 0.000
30.174, 32.515, 45.254, 5000.000, 0.000
31.008, 33.357, 46.439, 5000.000, 0.000
31.833, 34.206, 47.623, 5000.000, 0.000
32.649, 35.063, 48.806, 5000.000, 0.000
33.453, 35.931, 49.988, 5000.000, 0.000
34.295, 36.765, 51.174, 5000.000, 0.000
35.137, 37.599, 52.359, 5000.000, 0.000
35.979, 38.435, 53.545, 5000.000, 0.000
36.818, 39.271, 54.730, 5000.000, 0.000
37.655, 40.111, 55.915, 5000.000, 0.000
38.487, 40.954, 57.100, 5000.000, 0.000
39.314, 41.801, 58.284, 5000.000, 0.000
40.098, 42.686, 59.464, 5000.000, 0.000
40.889, 43.565, 60.646, 5000.000, 0.000
41.685, 44.440, 61.828, 5000.000, 0.000
42.484, 45.312, 63.011, 5000.000, 0.000
43.283, 46.184, 64.193, 5000.000, 0.000
44.082, 47.056, 65.376, 5000.000, 0.000
44.878, 47.930, 66.558, 5000.000, 0.000
45.669, 48.810, 67.740, 5000.000, 0.000
46.452, 49.695, 68.922, 5000.000, 0.000
47.242, 50.575, 70.104, 5000.000, 0.000
48.051, 51.438, 71.287, 5000.000, 0.000
48.877, 52.287, 72.471, 5000.000, 0.000
49.717, 53.123, 73.656, 5000.000, 0.000
50.571, 53.947, 74.841, 5000.000, 0.000
51.435, 54.763, 76.027, 5000.000, 0.000
52.309, 55.570, 77.214, 5000.000, 0.000
53.189, 56.371, 78.402, 5000.000, 0.000
54.074, 57.168, 79.593, 5000.000, 0.000
54.963, 57.962, 80.785, 5000.000, 0.000
55.852, 58.756, 81.977, 5000.000, 0.000
56.741, 59.550, 83.169, 5000.000, 0.000
57.626, 60.347, 84.360, 5000.000, 0.000
58.506, 61.148, 85.550, 5000.000, 0.000
59.380, 61.955, 86.739, 5000.000, 0.000
60.244, 62.770, 87.927, 5000.000, 0.000
61.098, 63.595, 89.114, 5000.000, 0.000
61.938, 64.431, 90.298, 5000.000, 0.000
62.726, 65.312, 91.475, 5000.000, 0.000
63.511, 66.196, 92.653, 5000.000, 0.000
64.291, 67.086, 93.831, 5000.000, 0.000
65.076, 67.970, 95.010, 5000.000, 0.000
65.878, 68.838, 96.191, 5000.000, 0.000
66.734, 69.661, 97.378, 5000.000, 0.000
67.588, 70.486, 98.565, 5000.000, 0.000
68.399, 71.347, 99.747, 5000.000, 0.000
69.219, 72.200, 100.931, 5000.000, 0.000
70.044, 73.050, 102.114, 5000.000, 0.000
70.871, 73.898, 103.299, 5000.000, 0.000
71.697, 74.746, 104.483, 5000.000, 0.000
72.571, 75.553, 105.672, 5000.000, 0.000
73.455, 76.351, 106.863, 5000.000, 0.000
74.345, 77.144, 108.055, 5000.000, 0.000
75.240, 77.932, 109.248, 5000.000, 0.000
76.139, 78.718, 110.441, 5000.000, 0.000
77.038, 79.502, 111.635, 5000.000, 0.000
77.936, 80.288, 112.828, 5000.000, 0.000
78.832, 81.076, 114.021, 5000.000, 0.000
79.722, 81.869, 115.213, 5000.000, 0.000
80.606, 82.668, 116.404, 5000.000, 0.000
81.480, 83.474, 117.593, 5000.000, 0.000
82.344, 84.290, 118.781, 5000.000, 0.000
83.156, 85.150, 119.960, 5000.000, 0.000
83.968, 86.010, 121.140, 5000.000, 0.000
84.776, 86.875, 122.320, 5000.000, 0.000
85.577, 87.745, 123.499, 5000.000, 0.000
86.368, 88.624, 124.678, 5000.000, 0.000
87.146, 89.514, 125.855, 5000.000, 0.000
87.961, 90.372, 127.037, 5000.000, 0.000
88.773, 91.233, 128.219, 5000.000, 0.000
89.579, 92.099, 129.400, 5000.000, 0.000
90.432, 92.924, 130.587, 5000.000, 0.000
91.291, 93.744, 131.774, 5000.000, 0.000
92.104, 94.604, 132.957, 5000.000, 0.000
92.905, 95.473, 134.139, 5000.000, 0.000
93.747, 96.309, 135.324, 5000.000, 0.000
94.589, 97.143, 136.510, 5000.000, 0.000
95.432, 97.977, 137.695, 5000.000, 0.000
96.273, 98.812, 138.881, 5000.000, 0.000
97.112, 99.649, 140.066, 5000.000, 0.000
97.911, 100.521, 141.248, 5000.000, 0.000
98.720, 101.385, 142.431, 5000.000, 0.000
99.536, 102.241, 143.614, 5000.000, 0.000
100.359, 103.093, 144.798, 5000.000, 0.000
101.186, 103.941, 145.982, 5000.000, 0.000
102.014, 104.787, 147.166, 5000.000, 0.000
102.805, 105.666, 148.348, 5000.000, 0.000
103.608, 106.534, 149.530, 5000.000, 0.000
104.420, 107.395, 150.714, 5000.000, 0.000
105.238, 108.251, 151.897, 5000.000, 0.000
106.059, 109.104, 153.081, 5000.000, 0.000
106.880, 109.957, 154.265, 5000.000, 0.000
107.750, 110.767, 155.452, 5000.000, 0.000
108.631, 111.568, 156.640, 5000.000, 0.000
109.519, 112.362, 157.832, 5000.000, 0.000
110.413, 113.151, 159.025, 5000.000, 0.000
111.312, 113.937, 160.218, 5000.000, 0.000
112.212, 114.721, 161.412, 5000.000, 0.000
113.113, 115.505, 162.606, 5000.000, 0.000
114.011, 116.290, 163.799, 5000.000, 0.000
114.905, 117.079, 164.992, 5000.000, 0.000
115.794, 117.874, 166.183, 5000.000, 0.000
116.674, 118.675, 167.374, 5000.000, 0.000
117.545, 119.485, 168.562, 5000.000, 0.000
118.365, 120.338, 169.743, 5000.000, 0.000
119.186, 121.191, 170.924, 5000.000, 0.000
120.004, 122.046, 172.105, 5000.000, 0.000
120.816, 122.907, 173.285, 5000.000, 0.000
121.619, 123.775, 174.465, 5000.000, 0.000
122.410, 124.654, 175.644, 5000.000, 0.000
123.239, 125.501, 176.827, 5000.000, 0.000
124.065, 126.349, 178.011, 5000.000, 0.000
124.888, 127.200, 179.194, 5000.000, 0.000
125.705, 128.057, 180.376, 5000.000, 0.000
126.513, 128.920, 181.558, 5000.000, 0.000
127.312, 129.792, 182.739, 5000.000, 0.000
128.114, 130.662, 183.921, 5000.000, 0.000
128.931, 131.518, 185.105, 5000.000, 0.000
129.763, 132.361, 186.289, 5000.000, 0.000
130.607, 133.194, 187.475, 5000.000, 0.000
131.460, 134.019, 188.661, 5000.000, 0.000
132.322, 134.837, 189.848, 5000.000, 0.000
133.189, 135.649, 191.036, 5000.000, 0.000
134.061, 136.458, 192.224, 5000.000, 0.000
134.934, 137.265, 193.413, 5000.000, 0.000
135.808, 138.073, 194.602, 5000.000, 0.000
136.679, 138.882, 195.791, 5000.000, 0.000
137.546, 139.694, 196.979, 5000.000, 0.000
138.408, 140.512, 198.167, 5000.000, 0.000
139.261, 141.336, 199.354, 5000.000, 0.000
140.067, 142.202, 200.535, 5000.000, 0.000
140.875, 143.067, 201.717, 5000.000, 0.000
141.682, 143.932, 202.899, 5000.000, 0.000
142.485, 144.800, 204.080, 5000.000, 0.000
143.334, 145.629, 205.266, 5000.000, 0.000
144.188, 146.453, 206.453, 5000.000, 0.000
145.047, 147.273, 207.640, 5000.000, 0.000
145.907, 148.092, 208.828, 5000.000, 0.000
146.768, 148.910, 210.015, 5000.000, 0.000
147.626, 149.730, 211.203, 5000.000, 0.000
148.481, 150.554, 212.390, 5000.000, 0.000
149.329, 151.383, 213.576, 5000.000, 0.000
150.170, 152.219, 214.761, 5000.000, 0.000
151.001, 153.063, 215.945, 5000.000, 0.000
151.782, 153.951, 217.125, 5000.000, 0.000
152.563, 154.838, 218.305, 5000.000, 0.000
153.393, 155.683, 219.489, 5000.000, 0.000
154.234, 156.519, 220.675, 5000.000, 0.000
155.082, 157.348, 221.861, 5000.000, 0.000
155.937, 158.171, 223.047, 5000.000, 0.000
156.795, 158.992, 224.234, 5000.000, 0.000
157.656, 159.810, 225.422, 5000.000, 0.000
158.516, 160.629, 226.609, 5000.000, 0.000
159.375, 161.449, 227.796, 5000.000, 0.000
160.229, 162.273, 228.983, 5000.000, 0.000
161.078, 163.102, 230.169, 5000.000, 0.000
161.881, 163.970, 231.351, 5000.000, 0.000
162.688, 164.835, 232.533, 5000.000, 0.000
163.496, 165.699, 233.715, 5000.000, 0.000
164.302, 166.565, 234.898, 5000.000, 0.000
165.155, 167.390, 236.084, 5000.000, 0.000
166.017, 168.208, 237.272, 5000.000, 0.000
166.884, 169.020, 238.461, 5000.000, 0.000
167.756, 169.829, 239.650, 5000.000, 0.000
168.629, 170.636, 240.839, 5000.000, 0.000
169.503, 171.444, 242.028, 5000.000, 0.000
170.374, 172.253, 243.217, 5000.000, 0.000
171.242, 173.065, 244.406, 5000.000, 0.000
172.065, 173.915, 245.589, 5000.000, 0.000
172.895, 174.761, 246.772, 5000.000, 0.000
173.728, 175.603, 247.957, 5000.000, 0.000
174.561, 176.446, 249.141, 5000.000, 0.000
175.391, 177.291, 250.325, 5000.000, 0.000
176.214, 178.141, 251.508, 5000.000, 0.000
177.082, 178.954, 252.697, 5000.000, 0.000
177.953, 179.763, 253.886, 5000.000, 0.000
178.827, 180.570, 255.075, 5000.000, 0.000
179.700, 181.377, 256.264, 5000.000, 0.000
180.572, 182.186, 257.453, 5000.000, 0.000
181.439, 182.999, 258.641, 5000.000, 0.000
182.301, 183.816, 259.829, 5000.000, 0.000
183.154, 184.641, 261.016, 5000.000, 0.000
183.998, 185.474, 262.201, 5000.000, 0.000
184.830, 186.318, 263.386, 5000.000, 0.000
185.647, 187.174, 264.569, 5000.000, 0.000
186.411, 188.076, 265.749, 5000.000, 0.000
187.224, 188.936, 266.932, 5000.000, 0.000
188.046, 189.788, 268.116, 5000.000, 0.000
188.874, 190.634, 269.301, 5000.000, 0.000
189.708, 191.476, 270.485, 5000.000, 0.000
190.544, 192.316, 271.670, 5000.000, 0.000
191.382, 193.154, 272.855, 5000.000, 0.000
192.219, 193.993, 274.040, 5000.000, 0.000
193.052, 194.835, 275.225, 5000.000, 0.000
193.881, 195.681, 276.409, 5000.000, 0.000
194.703, 196.534, 277.593, 5000.000, 0.000
195.515, 197.394, 278.776, 5000.000, 0.000
196.317, 198.263, 279.958, 5000.000, 0.000
197.121, 199.131, 281.141, 5000.000, 0.000
197.939, 199.986, 282.325, 5000.000, 0.000
198.771, 200.830, 283.509, 5000.000, 0.000
199.614, 201.664, 284.694, 5000.000, 0.000
200.465, 202.490, 285.880, 5000.000, 0.000
201.324, 203.310, 287.067, 5000.000, 0.000
202.187, 204.126, 288.255, 5000.000, 0.000
203.054, 204.940, 289.443, 5000.000, 0.000
203.921, 205.752, 290.632, 5000.000, 0.000
204.788, 206.565, 291.820, 5000.000, 0.000
205.651, 207.381, 293.008, 5000.000, 0.000
206.510, 208.201, 294.196, 5000.000, 0.000
207.323, 209.061, 295.377, 5000.000, 0.000
208.142, 209.915, 296.560, 5000.000, 0.000
208.963, 210.768, 297.743, 5000.000, 0.000
209.783, 211.622, 298.926, 5000.000, 0.000
210.599, 212.479, 300.109, 5000.000, 0.000
211.460, 213.297, 301.297, 5000.000, 0.000
212.328, 214.109, 302.485, 5000.000, 0.000
213.199, 214.918, 303.674, 5000.000, 0.000
214.073, 215.726, 304.863, 5000.000, 0.000
214.946, 216.533, 306.052, 5000.000, 0.000
215.818, 217.342, 307.240, 5000.000, 0.000
216.685, 218.154, 308.429, 5000.000, 0.000
217.547, 218.972, 309.616, 5000.000, 0.000
218.400, 219.797, 310.803, 5000.000, 0.000
219.244, 220.630, 311.989, 5000.000, 0.000
220.038, 221.506, 313.169, 5000.000, 0.000
220.832, 222.383, 314.351, 5000.000, 0.000
221.623, 223.261, 315.534, 5000.000, 0.000
222.460, 224.100, 316.718, 5000.000, 0.000
223.305, 224.932, 317.903, 5000.000, 0.000
224.154, 225.760, 319.089, 5000.000, 0.000
225.007, 226.586, 320.275, 5000.000, 0.000
225.861, 227.410, 321.461, 5000.000, 0.000
226.713, 228.236, 322.648, 5000.000, 0.000
227.563, 229.064, 323.834, 5000.000, 0.006
228.407, 229.896, 325.020, 5000.000, 0.015
229.245, 230.735, 326.205, 5000.000, 0.025
230.073, 231.581, 327.389, 5000.000, 0.034
230.891, 232.437, 328.572, 5000.000, 0.043
231.658, 233.336, 329.751, 5000.000, 0.052
232.477, 234.191, 330.935, 5000.000, 0.061
233.307, 235.036, 332.120, 5000.000, 0.070
234.148, 235.871, 333.305, 5000.000, 0.079
234.997, 236.700, 334.491, 5000.000, 0.088
235.851, 237.524, 335.677, 5000.000, 0.097
236.710, 238.344, 336.864, 5000.000, 0.106
237.570, 239.163, 338.051, 5000.000, 0.115
238.431, 239.981, 339.239, 5000.000, 0.125
239.289, 240.802, 340.426, 5000.000, 0.134
240.144, 241.625, 341.613, 5000.000, 0.143
240.992, 242.454, 342.799, 5000.000, 0.152
241.833, 243.290, 343.984, 5000.000, 0.161
242.663, 244.135, 345.169, 5000.000, 0.170
243.482, 244.989, 346.352, 5000.000, 0.179
244.287, 245.856, 347.534, 5000.000, 0.188
245.128, 246.692, 348.719, 5000.000, 0.197
245.930, 247.561, 349.901, 5000.000, 0.206
246.743, 248.421, 351.084, 5000.000, 0.216
247.564, 249.273, 352.268, 5000.000, 0.225
248.393, 250.120, 353.452, 5000.000, 0.234
249.227, 250.962, 354.637, 5000.000, 0.243
250.063, 251.801, 355.822, 5000.000, 0.252
250.901, 252.639, 357.007, 5000.000, 0.261
251.737, 253.479, 358.192, 5000.000, 0.270
252.571, 254.320, 359.377, 5000.000, 0.279
253.400, 255.167, 360.561, 5000.000, 0.288
254.221, 256.019, 361.745, 5000.000, 0.297
254.996, 256.912, 362.925, 5000.000, 0.306
255.774, 257.802, 364.106, 5000.000, 0.315
256.605, 258.646, 365.290, 5000.000, 0.325
257.449, 259.480, 366.476, 5000.000, 0.334
258.303, 260.303, 367.663, 5000.000, 0.343
259.167, 261.119, 368.851, 5000.000, 0.352
260.037, 261.929, 370.039, 5000.000, 0.361
260.912, 262.735, 371.229, 5000.000, 0.370
261.791, 263.538, 372.419, 5000.000, 0.379
262.670, 264.340, 373.609, 5000.000, 0.388
263.549, 265.143, 374.799, 5000.000, 0.397
264.387, 265.981, 375.984, 5000.000, 0.407
265.233, 266.811, 377.169, 5000.000, 0.416
266.086, 267.637, 378.356, 5000.000, 0.425
266.942, 268.459, 379.543, 5000.000, 0.434
267.760, 269.315, 380.725, 5000.000, 0.443
268.589, 270.161, 381.909, 5000.000, 0.452
269.463, 270.968, 383.098, 5000.000, 0.461
270.325, 271.784, 384.286, 5000.000, 0.470
271.227, 272.567, 385.479, 5000.000, 0.479
272.127, 273.351, 386.672, 5000.000, 0.489
273.024, 274.138, 387.864, 5000.000, 0.498
273.917, 274.928, 389.056, 5000.000, 0.507
274.802, 275.725, 390.247, 5000.000, 0.516
275.679, 276.530, 391.436, 5000.000, 0.525
276.544, 277.344, 392.625, 5000.000, 0.534
277.397, 278.170, 393.811, 5000.000, 0.543
278.234, 279.008, 394.996, 5000.000, 0.552
279.055, 279.861, 396.179, 5000.000, 0.562
279.857, 280.731, 397.361, 5000.000, 0.571
280.652, 281.606, 398.543, 5000.000, 0.580
281.455, 282.474, 399.725, 5000.000, 0.589
282.263, 283.339, 400.908, 5000.000, 0.598
283.073, 284.201, 402.091, 5000.000, 0.607
283.885, 285.061, 403.274, 5000.000, 0.616
284.696, 285.923, 404.457, 5000.000, 0.625
285.504, 286.788, 405.640, 5000.000, 0.634
286.306, 287.656, 406.823, 5000.000, 0.643
287.064, 288.564, 408.003, 5000.000, 0.652
287.828, 289.467, 409.184, 5000.000, 0.661
288.593, 290.368, 410.365, 5000.000, 0.670
289.409, 291.225, 411.548, 5000.000, 0.679
290.238, 292.071, 412.732, 5000.000, 0.689
291.077, 292.909, 413.917, 5000.000, 0.698
291.923, 293.739, 415.102, 5000.000, 0.707
292.828, 294.519, 416.290, 5000.000, 0.716
293.753, 295.282, 417.481, 5000.000, 0.725
294.645, 296.073, 418.673, 5000.000, 0.734
295.538, 296.863, 419.866, 5000.000, 0.743
296.431, 297.653, 421.058, 5000.000, 0.752
297.323, 298.445, 422.250, 5000.000, 0.762
298.210, 299.240, 423.442, 5000.000, 0.771
299.092, 300.040, 424.632, 5000.000, 0.780
299.965, 300.848, 425.822, 5000.000, 0.789
300.791, 301.696, 427.003, 5000.000, 0.798
301.619, 302.543, 428.186, 5000.000, 0.807
302.446, 303.391, 429.369, 5000.000, 0.816
303.268, 304.242, 430.551, 5000.000, 0.825
304.084, 305.100, 431.733, 5000.000, 0.834
304.890, 305.965, 432.914, 5000.000, 0.843
305.736, 306.797, 434.100, 5000.000, 0.853
306.581, 307.628, 435.286, 5000.000, 0.862
307.425, 308.462, 436.471, 5000.000, 0.871
308.264, 309.298, 437.656, 5000.000, 0.880
309.098, 310.140, 438.841, 5000.000, 0.889
309.924, 310.989, 440.024, 5000.000, 0.898
310.739, 311.847, 441.207, 5000.000, 0.907
311.506, 312.747, 442.385, 5000.000, 0.916
312.324, 313.602, 443.568, 5000.000, 0.925
313.156, 314.446, 444.752, 5000.000, 0.934
313.998, 315.280, 445.938, 5000.000, 0.943
314.850, 316.106, 447.124, 5000.000, 0.952
315.708, 316.926, 448.312, 5000.000, 0.962
316.572, 317.742, 449.499, 5000.000, 0.971
317.438, 318.556, 450.688, 5000.000, 0.980
318.306, 319.368, 451.876, 5000.000, 0.989
319.172, 320.181, 453.064, 5000.000, 0.998
320.036, 320.997, 454.252, 5000.000, 1.007
320.894, 321.817, 455.440, 5000.000, 1.016
321.746, 322.644, 456.626, 5000.000, 1.025
322.588, 323.478, 457.812, 5000.000, 1.034
323.420, 324.322, 458.996, 5000.000, 1.044
324.239, 325.176, 460.179, 5000.000, 1.053
325.005, 326.077, 461.356, 5000.000, 1.062
325.821, 326.934, 462.539, 5000.000, 1.071
326.646, 327.783, 463.723, 5000.000, 1.080
327.480, 328.625, 464.907, 5000.000, 1.089
328.319, 329.462, 466.093, 5000.000, 1.098
329.163, 330.295, 467.278, 5000.000, 1.107
330.009, 331.127, 468.464, 5000.000, 1.116
330.854, 331.958, 469.650, 5000.000, 1.125
331.698, 332.791, 470.836, 5000.000, 1.134
332.537, 333.628, 472.021, 5000.000, 1.144
333.371, 334.470, 473.206, 5000.000, 1.153
334.196, 335.319, 474.390, 5000.000, 1.162
335.012, 336.176, 475.573, 5000.000, 1.171
335.778, 337.077, 476.753, 5000.000, 1.180
336.597, 337.932, 477.937, 5000.000, 1.189
337.429, 338.775, 479.121, 5000.000, 1.198
338.271, 339.609, 480.306, 5000.000, 1.207
339.123, 340.436, 481.492, 5000.000, 1.216
339.981, 341.256, 482.679, 5000.000, 1.225
340.845, 342.072, 483.866, 5000.000, 1.234
341.711, 342.885, 485.054, 5000.000, 1.244
342.579, 343.698, 486.242, 5000.000, 1.253
343.445, 344.511, 487.430, 5000.000, 1.262
344.309, 345.327, 488.617, 5000.000, 1.271
345.129, 346.180, 489.801, 5000.000, 1.280
345.957, 347.027, 490.985, 5000.000, 1.289
346.789, 347.870, 492.170, 5000.000, 1.298
347.622, 348.713, 493.354, 5000.000, 1.307
348.453, 349.557, 494.539, 5000.000, 1.316
349.279, 350.406, 495.723, 5000.000, 1.325
350.149, 351.216, 496.912, 5000.000, 1.335
351.025, 352.021, 498.101, 5000.000, 1.344
351.903, 352.824, 499.292, 5000.000, 1.353
352.782, 353.626, 500.482, 5000.000, 1.362
353.661, 354.429, 501.672, 5000.000, 1.371
354.536, 355.235, 502.862, 5000.000, 1.380
355.407, 356.044, 504.050, 5000.000, 1.389
356.270, 356.860, 505.238, 5000.000, 1.398
357.125, 357.684, 506.425, 5000.000, 1.408
357.968, 358.517, 507.610, 5000.000, 1.417
358.799, 359.362, 508.794, 5000.000, 1.426
359.577, 360.252, 509.971, 5000.000, 1.435
360.352, 361.145, 511.148, 5000.000, 1.444
361.174, 361.997, 512.332, 5000.000, 1.453
362.002, 362.843, 513.516, 5000.000, 1.462
362.836, 363.685, 514.700, 5000.000, 1.471
363.673, 364.524, 515.885, 5000.000, 1.480
364.510, 365.363, 517.070, 5000.000, 1.489
365.347, 366.202, 518.255, 5000.000, 1.498
366.180, 367.044, 519.440, 5000.000, 1.507
366.971, 367.923, 520.620, 5000.000, 1.516
367.769, 368.796, 521.802, 5000.000, 1.526
368.571, 369.665, 522.984, 5000.000, 1.535
369.374, 370.534, 524.167, 5000.000, 1.544
370.228, 371.358, 525.353, 5000.000, 1.553
371.092, 372.173, 526.540, 5000.000, 1.562
371.966, 372.981, 527.728, 5000.000, 1.571
372.846, 373.782, 528.917, 5000.000, 1.580
373.731, 374.579, 530.108, 5000.000, 1.589
374.620, 375.373, 531.298, 5000.000, 1.598
375.509, 376.166, 532.490, 5000.000, 1.608
376.398, 376.961, 533.681, 5000.000, 1.617
377.283, 377.758, 534.872, 5000.000, 1.626
378.163, 378.559, 536.062, 5000.000, 1.635
379.037, 379.366, 537.251, 5000.000, 1.644
379.901, 380.181, 538.439, 5000.000, 1.653
380.755, 381.006, 539.626, 5000.000, 1.662
381.558, 381.874, 540.806, 5000.000, 1.671
382.397, 382.711, 541.991, 5000.000, 1.680
383.219, 383.563, 543.174, 5000.000, 1.690
383.983, 384.466, 544.350, 5000.000, 1.699
384.792, 385.329, 545.532, 5000.000, 1.708
385.606, 386.188, 546.714, 5000.000, 1.717
386.422, 387.045, 547.897, 5000.000, 1.726
387.240, 387.901, 549.080, 5000.000, 1.735
388.057, 388.757, 550.264, 5000.000, 1.744
388.870, 389.616, 551.447, 5000.000, 1.753
389.679, 390.480, 552.630, 5000.000, 1.762
390.481, 391.350, 553.813, 5000.000, 1.771
391.274, 392.227, 554.995, 5000.000, 1.780
392.108, 393.068, 556.180, 5000.000, 1.789
392.945, 393.907, 557.364, 5000.000, 1.798
393.785, 394.744, 558.549, 5000.000, 1.807
394.625, 395.580, 559.734, 5000.000, 1.817
395.428, 396.448, 560.917, 5000.000, 1.826
396.244, 397.306, 562.100, 5000.000, 1.835
397.070, 398.154, 563.285, 5000.000, 1.844
397.906, 398.994, 564.469, 5000.000, 1.853
398.748, 399.828, 565.655, 5000.000, 1.862
399.596, 400.658, 566.840, 5000.000, 1.871
400.446, 401.485, 568.026, 5000.000, 1.880
401.298, 402.311, 569.212, 5000.000, 1.889
402.149, 403.138, 570.398, 5000.000, 1.898
402.996, 403.968, 571.584, 5000.000, 1.908
403.839, 404.802, 572.770, 5000.000, 1.917
404.674, 405.642, 573.955, 5000.000, 1.926
405.463, 406.523, 575.137, 5000.000, 1.935
406.308, 407.355, 576.322, 5000.000, 1.944
407.116, 408.220, 577.505, 5000.000, 1.953
407.922, 409.086, 578.688, 5000.000, 1.962
408.775, 409.910, 579.873, 5000.000, 1.971
409.637, 410.728, 581.060, 5000.000, 1.980
410.504, 411.540, 582.247, 5000.000, 1.989
411.376, 412.349, 583.436, 5000.000, 1.998
412.249, 413.157, 584.624, 5000.000, 2.008
413.085, 413.997, 585.809, 5000.000, 2.017
413.933, 414.826, 586.995, 5000.000, 2.026
414.789, 415.648, 588.182, 5000.000, 2.035
415.652, 416.465, 589.370, 5000.000, 2.044
416.518, 417.279, 590.558, 5000.000, 2.053
417.383, 418.093, 591.746, 5000.000, 2.062
418.246, 418.909, 592.934, 5000.000, 2.071
419.103, 419.731, 594.121, 5000.000, 2.080
419.951, 420.561, 595.307, 5000.000, 2.090
420.839, 421.355, 596.497, 5000.000, 2.099
421.728, 422.148, 597.688, 5000.000, 2.108
422.617, 422.943, 598.879, 5000.000, 2.117
423.502, 423.740, 600.070, 5000.000, 2.126
424.383, 424.541, 601.260, 5000.000, 2.135
425.256, 425.348, 602.449, 5000.000, 2.144
426.121, 426.163, 603.637, 5000.000, 2.153
426.936, 427.020, 604.819, 5000.000, 2.163
427.753, 427.877, 606.002, 5000.000, 2.172
428.568, 428.735, 607.184, 5000.000, 2.181
429.378, 429.597, 608.367, 5000.000, 2.190
430.180, 430.467, 609.549, 5000.000, 2.199
431.024, 431.300, 610.734, 5000.000, 2.208
431.869, 432.132, 611.920, 5000.000, 2.217
432.715, 432.963, 613.106, 5000.000, 2.226
433.558, 433.796, 614.292, 5000.000, 2.235
434.398, 434.633, 615.477, 5000.000, 2.244
435.232, 435.475, 616.662, 5000.000, 2.253
436.057, 436.324, 617.846, 5000.000, 2.263
436.873, 437.181, 619.029, 5000.000, 2.272
437.677, 438.049, 620.211, 5000.000, 2.281
438.519, 438.883, 621.396, 5000.000, 2.290
439.361, 439.718, 622.582, 5000.000, 2.299
440.203, 440.553, 623.767, 5000.000, 2.308
441.042, 441.390, 624.953, 5000.000, 2.317
441.878, 442.229, 626.138, 5000.000, 2.326
442.673, 443.105, 627.320, 5000.000, 2.335
443.477, 443.973, 628.503, 5000.000, 2.344
444.288, 444.834, 629.686, 5000.000, 2.353
445.103, 445.692, 630.870, 5000.000, 2.362
445.922, 446.547, 632.053, 5000.000, 2.372
446.742, 447.401, 633.237, 5000.000, 2.381
447.560, 448.256, 634.420, 5000.000, 2.390
448.376, 449.113, 635.604, 5000.000, 2.399
449.187, 449.975, 636.787, 5000.000, 2.408
449.991, 450.843, 637.970, 5000.000, 2.417
450.748, 451.751, 639.150, 5000.000, 2.426
451.560, 452.611, 640.334, 5000.000, 2.435
452.389, 453.457, 641.518, 5000.000, 2.444
453.232, 454.291, 642.703, 5000.000, 2.453
454.086, 455.115, 643.888, 5000.000, 2.462
454.951, 455.930, 645.074, 5000.000, 2.471
455.823, 456.738, 646.262, 5000.000, 2.481
456.701, 457.541, 647.449, 5000.000, 2.490
457.584, 458.341, 648.638, 5000.000, 2.499
458.468, 459.138, 649.826, 5000.000, 2.508
459.353, 459.936, 651.015, 5000.000, 2.517
460.235, 460.736, 652.204, 5000.000, 2.526
461.076, 461.571, 653.390, 5000.000, 2.535
461.925, 462.400, 654.576, 5000.000, 2.544
462.778, 463.224, 655.763, 5000.000, 2.553
463.634, 464.047, 656.950, 5000.000, 2.563
464.489, 464.871, 658.137, 5000.000, 2.572
465.340, 465.698, 659.323, 5000.000, 2.581
466.183, 466.531, 660.509, 5000.000, 2.590
467.017, 467.372, 661.693, 5000.000, 2.599
467.891, 468.180, 662.882, 5000.000, 2.608
468.764, 468.987, 664.071, 5000.000, 2.617
469.635, 469.796, 665.260, 5000.000, 2.626
470.503, 470.608, 666.449, 5000.000, 2.635
471.364, 471.426, 667.636, 5000.000, 2.645
472.218, 472.251, 668.823, 5000.000, 2.654
473.024, 473.117, 670.004, 5000.000, 2.663
473.832, 473.981, 671.186, 5000.000, 2.672
474.639, 474.846, 672.368, 5000.000, 2.681
475.442, 475.714, 673.549, 5000.000, 2.690
476.290, 476.543, 674.735, 5000.000, 2.699
477.145, 477.367, 675.922, 5000.000, 2.708
478.003, 478.187, 677.109, 5000.000, 2.717
478.864, 479.006, 678.297, 5000.000, 2.726
479.724, 479.824, 679.485, 5000.000, 2.735
480.583, 480.645, 680.672, 5000.000, 2.745
481.437, 481.468, 681.859, 5000.000, 2.754
482.286, 482.297, 683.045, 5000.000, 2.763
483.089, 483.166, 684.226, 5000.000, 2.772
483.896, 484.031, 685.408, 5000.000, 2.781
484.704, 484.895, 686.591, 5000.000, 2.790
485.510, 485.761, 687.773, 5000.000, 2.799
486.363, 486.586, 688.960, 5000.000, 2.808
487.225, 487.403, 690.147, 5000.000, 2.817
488.092, 488.216, 691.335, 5000.000, 2.826
488.964, 489.025, 692.523, 5000.000, 2.836
489.799, 489.865, 693.708, 5000.000, 2.845
490.649, 490.693, 694.894, 5000.000, 2.854
491.510, 491.511, 696.082, 5000.000, 2.863
492.378, 492.322, 697.270, 5000.000, 2.872
493.252, 493.129, 698.459, 5000.000, 2.881
494.128, 493.935, 699.648, 5000.000, 2.890
495.002, 494.741, 700.837, 5000.000, 2.899
495.873, 495.551, 702.026, 5000.000, 2.908
496.737, 496.366, 703.213, 5000.000, 2.918
497.591, 497.191, 704.400, 5000.000, 2.927
498.484, 497.981, 705.593, 5000.000, 2.936
499.377, 498.771, 706.785, 5000.000, 2.945
500.269, 499.562, 707.978, 5000.000, 2.954
501.156, 500.358, 709.169, 5000.000, 2.963
502.037, 501.158, 710.360, 5000.000, 2.972
502.911, 501.965, 711.549, 5000.000, 2.982
503.737, 502.814, 712.731, 5000.000, 2.991
504.565, 503.661, 713.913, 5000.000, 3.000
505.391, 504.509, 715.096, 5000.000, 3.009
506.214, 505.360, 716.279, 5000.000, 3.018
507.030, 506.217, 717.461, 5000.000, 3.027
507.836, 507.083, 718.642, 5000.000, 3.036
508.682, 507.915, 719.828, 5000.000, 3.045
509.527, 508.746, 721.014, 5000.000, 3.054
510.371, 509.579, 722.199, 5000.000, 3.063
511.210, 510.416, 723.385, 5000.000, 3.072
512.044, 511.258, 724.569, 5000.000, 3.081
512.870, 512.107, 725.753, 5000.000, 3.091
513.685, 512.964, 726.936, 5000.000, 3.100
514.489, 513.832, 728.117, 5000.000, 3.109
515.331, 514.666, 729.303, 5000.000, 3.118
516.174, 515.501, 730.488, 5000.000, 3.127
517.015, 516.336, 731.674, 5000.000, 3.136
517.855, 517.173, 732.859, 5000.000, 3.145
518.691, 518.012, 734.044, 5000.000, 3.154
519.523, 518.855, 735.229, 5000.000, 3.163
520.351, 519.702, 736.413, 5000.000, 3.172
521.172, 520.555, 737.597, 5000.000, 3.181
521.949, 521.446, 738.777, 5000.000, 3.190
522.732, 522.332, 739.958, 5000.000, 3.200
523.519, 523.214, 741.140, 5000.000, 3.209
524.308, 524.095, 742.322, 5000.000, 3.218
525.096, 524.976, 743.504, 5000.000, 3.227
525.883, 525.859, 744.686, 5000.000, 3.236
526.666, 526.745, 745.867, 5000.000, 3.245
527.443, 527.636, 747.049, 5000.000, 3.254
528.264, 528.488, 748.233, 5000.000, 3.263
529.054, 529.368, 749.415, 5000.000, 3.272
529.863, 530.232, 750.598, 5000.000, 3.281
530.688, 531.081, 751.782, 5000.000, 3.290
531.529, 531.916, 752.966, 5000.000, 3.299
532.382, 532.741, 754.152, 5000.000, 3.308
533.247, 533.556, 755.338, 5000.000, 3.318
534.120, 534.363, 756.525, 5000.000, 3.327
535.001, 535.165, 757.715, 5000.000, 3.336
535.886, 535.961, 758.906, 5000.000, 3.345
536.775, 536.756, 760.098, 5000.000, 3.354
537.664, 537.549, 761.290, 5000.000, 3.363
538.552, 538.343, 762.481, 5000.000, 3.372
539.438, 539.140, 763.673, 5000.000, 3.382
540.318, 539.942, 764.863, 5000.000, 3.391
541.154, 540.782, 766.046, 5000.000, 3.400
541.995, 541.617, 767.231, 5000.000, 3.409
542.838, 542.451, 768.416, 5000.000, 3.418
543.679, 543.286, 769.601, 5000.000, 3.427
544.517, 544.124, 770.785, 5000.000, 3.436
545.348, 544.969, 771.969, 5000.000, 3.445
546.169, 545.821, 773.151, 5000.000, 3.454
547.029, 546.640, 774.339, 5000.000, 3.463
547.890, 547.459, 775.527, 5000.000, 3.472
548.748, 548.279, 776.714, 5000.000, 3.482
549.603, 549.102, 777.901, 5000.000, 3.491
550.451, 549.931, 779.087, 5000.000, 3.500
551.292, 550.767, 780.272, 5000.000, 3.509
552.085, 551.644, 781.452, 5000.000, 3.518
552.880, 552.520, 782.632, 5000.000, 3.527
553.674, 553.396, 783.814, 5000.000, 3.536
554.517, 554.230, 784.999, 5000.000, 3.545
555.368, 555.057, 786.185, 5000.000, 3.554
556.227, 555.877, 787.372, 5000.000, 3.563
557.090, 556.693, 788.559, 5000.000, 3.572
557.957, 557.506, 789.747, 5000.000, 3.582
558.824, 558.319, 790.936, 5000.000, 3.591
559.691, 559.132, 792.124, 5000.000, 3.600
560.554, 559.948, 793.312, 5000.000, 3.609
561.413, 560.768, 794.499, 5000.000, 3.618
562.264, 561.594, 795.686, 5000.000, 3.627
563.107, 562.428, 796.871, 5000.000, 3.636
563.938, 563.272, 798.056, 5000.000, 3.645
564.719, 564.160, 799.234, 5000.000, 3.654
565.499, 565.048, 800.414, 5000.000, 3.663
566.328, 565.894, 801.598, 5000.000, 3.673
567.166, 566.733, 802.783, 5000.000, 3.682
568.010, 567.565, 803.969, 5000.000, 3.691
568.860, 568.393, 805.155, 5000.000, 3.700
569.712, 569.219, 806.342, 5000.000, 3.709
570.566, 570.043, 807.528, 5000.000, 3.718
571.418, 570.869, 808.715, 5000.000, 3.727
572.268, 571.697, 809.901, 5000.000, 3.736
573.112, 572.529, 811.087, 5000.000, 3.745
573.912, 573.400, 812.269, 5000.000, 3.754
574.717, 574.267, 813.451, 5000.000, 3.763
575.524, 575.132, 814.634, 5000.000, 3.773
576.330, 575.998, 815.817, 5000.000, 3.782
577.185, 576.822, 817.003, 5000.000, 3.791
578.048, 577.638, 818.190, 5000.000, 3.800
578.919, 578.448, 819.378, 5000.000, 3.809
579.794, 579.253, 820.566, 5000.000, 3.818
580.672, 580.056, 821.755, 5000.000, 3.827
581.552, 580.858, 822.945, 5000.000, 3.836
582.430, 581.661, 824.134, 5000.000, 3.845
583.306, 582.467, 825.323, 5000.000, 3.855
584.176, 583.276, 826.512, 5000.000, 3.864
585.040, 584.092, 827.700, 5000.000, 3.873
585.857, 584.949, 828.882, 5000.000, 3.882
586.676, 585.803, 830.065, 5000.000, 3.891
587.496, 586.656, 831.249, 5000.000, 3.900
588.313, 587.513, 832.432, 5000.000, 3.909
589.124, 588.375, 833.614, 5000.000, 3.918
589.979, 589.198, 834.801, 5000.000, 3.927
590.837, 590.018, 835.988, 5000.000, 3.936
591.698, 590.837, 837.176, 5000.000, 3.946
592.558, 591.656, 838.363, 5000.000, 3.955
593.417, 592.476, 839.551, 5000.000, 3.964
594.271, 593.299, 840.738, 5000.000, 3.973
595.082, 594.161, 841.919, 5000.000, 3.982
595.899, 595.018, 843.102, 5000.000, 3.991
596.719, 595.871, 844.285, 5000.000, 4.000
597.539, 596.725, 845.469, 5000.000, 4.009
598.356, 597.582, 846.652, 5000.000, 4.018
599.219, 598.398, 847.840, 5000.000, 4.027
600.090, 599.207, 849.028, 5000.000, 4.036
600.965, 600.013, 850.217, 5000.000, 4.046
601.843, 600.816, 851.406, 5000.000, 4.055
602.723, 601.618, 852.596, 5000.000, 4.064
603.601, 602.421, 853.785, 5000.000, 4.073
604.477, 603.226, 854.975, 5000.000, 4.082
605.347, 604.036, 856.163, 5000.000, 4.091
606.211, 604.852, 857.351, 5000.000, 4.100
607.065, 605.676, 858.538, 5000.000, 4.109
607.909, 606.509, 859.724, 5000.000, 4.119
608.702, 607.386, 860.904, 5000.000, 4.128
609.494, 608.264, 862.086, 5000.000, 4.137
610.282, 609.146, 863.269, 5000.000, 4.146
611.115, 609.988, 864.452, 5000.000, 4.155
611.955, 610.825, 865.637, 5000.000, 4.164
612.799, 611.658, 866.822, 5000.000, 4.173
613.644, 612.489, 868.008, 5000.000, 4.182
614.490, 613.321, 869.193, 5000.000, 4.191
615.333, 614.154, 870.379, 5000.000, 4.200
616.173, 614.991, 871.564, 5000.000, 4.209
617.006, 615.833, 872.749, 5000.000, 4.219
617.832, 616.681, 873.933, 5000.000, 4.228
618.648, 617.539, 875.116, 5000.000, 4.237
619.451, 618.407, 876.299, 5000.000, 4.246
620.294, 619.241, 877.484, 5000.000, 4.255
621.099, 620.108, 878.667, 5000.000, 4.264
621.916, 620.964, 879.850, 5000.000, 4.273
622.745, 621.810, 881.034, 5000.000, 4.282
623.582, 622.648, 882.219, 5000.000, 4.291
624.427, 623.481, 883.405, 5000.000, 4.300
625.277, 624.309, 884.591, 5000.000, 4.309
626.129, 625.134, 885.777, 5000.000, 4.318
626.983, 625.959, 886.964, 5000.000, 4.328
627.835, 626.784, 888.150, 5000.000, 4.337
628.647, 627.645, 889.333, 5000.000, 4.346
629.468, 628.498, 890.517, 5000.000, 4.355
630.295, 629.346, 891.701, 5000.000, 4.364
631.125, 630.191, 892.885, 5000.000, 4.373
631.954, 631.036, 894.070, 5000.000, 4.382
632.781, 631.884, 895.254, 5000.000, 4.391
633.617, 632.724, 896.439, 5000.000, 4.400
634.474, 633.546, 897.626, 5000.000, 4.409
635.348, 634.352, 898.814, 5000.000, 4.419
636.238, 635.145, 900.004, 5000.000, 4.428
637.140, 635.928, 901.196, 5000.000, 4.437
638.050, 636.703, 902.389, 5000.000, 4.446
638.967, 637.473, 903.583, 5000.000, 4.455
639.886, 638.240, 904.777, 5000.000, 4.464
640.806, 639.008, 905.973, 5000.000, 4.473
641.722, 639.777, 907.168, 5000.000, 4.483
642.633, 640.552, 908.362, 5000.000, 4.492
643.534, 641.335, 909.555, 5000.000, 4.501
644.424, 642.129, 910.747, 5000.000, 4.510
645.298, 642.935, 911.937, 5000.000, 4.519
646.155, 643.757, 913.124, 5000.000, 4.528
647.043, 644.551, 914.315, 5000.000, 4.537
647.924, 645.352, 915.506, 5000.000, 4.547
648.794, 646.162, 916.695, 5000.000, 4.556
649.653, 646.982, 917.882, 5000.000, 4.565
650.497, 647.815, 919.067, 5000.000, 4.574
651.326, 648.661, 920.250, 5000.000, 4.583
652.137, 649.523, 921.432, 5000.000, 4.592
652.927, 650.402, 922.612, 5000.000, 4.601
653.659, 651.333, 923.787, 5000.000, 4.610
654.433, 652.226, 924.967, 5000.000, 4.619
655.209, 653.118, 926.147, 5000.000, 4.628
655.987, 654.008, 927.328, 5000.000, 4.637
656.764, 654.899, 928.509, 5000.000, 4.646
657.538, 655.793, 929.690, 5000.000, 4.655
658.307, 656.691, 930.871, 5000.000, 4.665
659.121, 657.550, 932.054, 5000.000, 4.674
659.943, 658.402, 933.238, 5000.000, 4.683
660.770, 659.249, 934.422, 5000.000, 4.692
661.565, 660.125, 935.604, 5000.000, 4.701
662.378, 660.985, 936.788, 5000.000, 4.710
663.206, 661.831, 937.972, 5000.000, 4.719
664.049, 662.665, 939.157, 5000.000, 4.728
664.903, 663.489, 940.344, 5000.000, 4.737
665.768, 664.304, 941.532, 5000.000, 4.746
666.640, 665.112, 942.721, 5000.000, 4.755
667.519, 665.915, 943.911, 5000.000, 4.765
668.401, 666.715, 945.102, 5000.000, 4.774
669.286, 667.512, 946.293, 5000.000, 4.783
670.132, 668.343, 947.478, 5000.000, 4.792
670.991, 669.163, 948.665, 5000.000, 4.801
671.859, 669.975, 949.854, 5000.000, 4.810
672.732, 670.782, 951.043, 5000.000, 4.819
673.609, 671.587, 952.233, 5000.000, 4.828
674.486, 672.391, 953.423, 5000.000, 4.838
675.359, 673.198, 954.612, 5000.000, 4.847
676.227, 674.011, 955.801, 5000.000, 4.856
677.086, 674.831, 956.988, 5000.000, 4.865
677.932, 675.661, 958.174, 5000.000, 4.874
678.817, 676.459, 959.365, 5000.000, 4.883
679.699, 677.259, 960.555, 5000.000, 4.892
680.578, 678.061, 961.745, 5000.000, 4.901
681.450, 678.870, 962.935, 5000.000, 4.911
682.277, 679.717, 964.118, 5000.000, 4.920
683.108, 680.562, 965.301, 5000.000, 4.929
683.940, 681.405, 966.486, 5000.000, 4.938
684.769, 682.250, 967.670, 5000.000, 4.947
685.594, 683.100, 968.854, 5000.000, 4.956
686.411, 683.956, 970.038, 5000.000, 4.965
687.270, 684.776, 971.224, 5000.000, 4.974
688.130, 685.595, 972.412, 5000.000, 4.983
688.991, 686.414, 973.599, 5000.000, 4.992
689.849, 687.234, 974.786, 5000.000, 5.002
690.704, 688.057, 975.973, 5000.000, 5.011
691.552, 688.886, 977.159, 5000.000, 5.020
692.355, 689.755, 978.341, 5000.000, 5.029
693.162, 690.620, 979.523, 5000.000, 5.038
693.970, 691.484, 980.705, 5000.000, 5.047
694.776, 692.350, 981.888, 5000.000, 5.056
695.630, 693.175, 983.074, 5000.000, 5.065
696.491, 693.992, 984.261, 5000.000, 5.074
697.359, 694.805, 985.449, 5000.000, 5.083
698.230, 695.614, 986.638, 5000.000, 5.092
699.103, 696.421, 987.826, 5000.000, 5.102
699.977, 697.228, 989.015, 5000.000, 5.111
700.848, 698.037, 990.203, 5000.000, 5.120
701.716, 698.850, 991.392, 5000.000, 5.129
702.577, 699.668, 992.579, 5000.000, 5.138
703.431, 700.492, 993.766, 5000.000, 5.147
704.274, 701.325, 994.952, 5000.000, 5.156
705.106, 702.169, 996.136, 5000.000, 5.165
705.924, 703.025, 997.319, 5000.000, 5.174
706.688, 703.927, 998.498, 5000.000, 5.183
707.501, 704.787, 999.681, 5000.000, 5.193
708.322, 705.639, 1000.865, 5000.000, 5.202
709.151, 706.486, 1002.049, 5000.000, 5.211
709.984, 707.327, 1003.234, 5000.000, 5.220
710.821, 708.167, 1004.419, 5000.000, 5.229
711.659, 709.005, 1005.604, 5000.000, 5.238
712.458, 709.877, 1006.786, 5000.000, 5.247
713.267, 710.740, 1007.969, 5000.000, 5.256
714.085, 711.595, 1009.153, 5000.000, 5.265
714.908, 712.446, 1010.336, 5000.000, 5.274
715.733, 713.296, 1011.521, 5000.000, 5.283
716.557, 714.146, 1012.705, 5000.000, 5.292
717.429, 714.954, 1013.892, 5000.000, 5.302
718.311, 715.755, 1015.081, 5000.000, 5.311
719.199, 716.549, 1016.270, 5000.000, 5.320
720.093, 717.339, 1017.460, 5000.000, 5.329
720.989, 718.126, 1018.653, 5000.000, 5.338
721.886, 718.913, 1019.846, 5000.000, 5.347
722.745, 719.733, 1021.033, 5000.000, 5.356
723.615, 720.544, 1022.222, 5000.000, 5.366
724.492, 721.347, 1023.412, 5000.000, 5.375
725.375, 722.146, 1024.602, 5000.000, 5.384
726.259, 722.944, 1025.793, 5000.000, 5.393
727.143, 723.742, 1026.984, 5000.000, 5.402
728.023, 724.544, 1028.175, 5000.000, 5.411
728.895, 725.352, 1029.364, 5000.000, 5.420
729.758, 726.169, 1030.552, 5000.000, 5.429
730.608, 726.997, 1031.737, 5000.000, 5.439
731.442, 727.839, 1032.921, 5000.000, 5.448
732.309, 728.651, 1034.109, 5000.000, 5.457
733.133, 729.501, 1035.292, 5000.000, 5.466
733.963, 730.347, 1036.475, 5000.000, 5.475
734.796, 731.189, 1037.659, 5000.000, 5.484
735.628, 732.032, 1038.843, 5000.000, 5.493
736.458, 732.877, 1040.027, 5000.000, 5.502
737.282, 733.727, 1041.210, 5000.000, 5.511
738.150, 734.540, 1042.398, 5000.000, 5.520
739.021, 735.349, 1043.587, 5000.000, 5.529
739.894, 736.156, 1044.777, 5000.000, 5.539
740.768, 736.963, 1045.966, 5000.000, 5.548
741.639, 737.772, 1047.155, 5000.000, 5.557
742.469, 738.617, 1048.338, 5000.000, 5.566
743.307, 739.456, 1049.523, 5000.000, 5.575
744.150, 740.290, 1050.709, 5000.000, 5.584
744.995, 741.122, 1051.895, 5000.000, 5.593
745.838, 741.955, 1053.080, 5000.000, 5.602
746.678, 742.791, 1054.265, 5000.000, 5.611
747.511, 743.634, 1055.450, 5000.000, 5.620
748.386, 744.440, 1056.639, 5000.000, 5.630
749.265, 745.242, 1057.829, 5000.000, 5.639
750.144, 746.045, 1059.019, 5000.000, 5.648
751.023, 746.847, 1060.208, 5000.000, 5.657
751.898, 747.653, 1061.398, 5000.000, 5.666
752.769, 748.463, 1062.587, 5000.000, 5.675
753.594, 749.312, 1063.770, 5000.000, 5.684
754.425, 750.156, 1064.954, 5000.000, 5.693
755.258, 750.998, 1066.138, 5000.000, 5.703
756.090, 751.842, 1067.323, 5000.000, 5.712
756.918, 752.689, 1068.506, 5000.000, 5.721
757.739, 753.542, 1069.690, 5000.000, 5.730
758.602, 754.358, 1070.878, 5000.000, 5.739
759.469, 755.171, 1072.066, 5000.000, 5.748
760.336, 755.983, 1073.254, 5000.000, 5.757
761.203, 756.797, 1074.443, 5000.000, 5.766
762.066, 757.613, 1075.631, 5000.000, 5.775
762.887, 758.466, 1076.813, 5000.000, 5.784
763.715, 759.313, 1077.997, 5000.000, 5.794
764.547, 760.156, 1079.181, 5000.000, 5.803
765.379, 760.999, 1080.366, 5000.000, 5.812
766.210, 761.843, 1081.550, 5000.000, 5.821
767.036, 762.692, 1082.734, 5000.000, 5.830
767.906, 763.501, 1083.923, 5000.000, 5.839
768.782, 764.307, 1085.112, 5000.000, 5.848
769.623, 765.143, 1086.297, 5000.000, 5.857
770.478, 765.965, 1087.484, 5000.000, 5.866
771.346, 766.778, 1088.672, 5000.000, 5.875
772.223, 767.582, 1089.862, 5000.000, 5.885
773.105, 768.381, 1091.052, 5000.000, 5.894
773.991, 769.178, 1092.242, 5000.000, 5.903
774.877, 769.975, 1093.433, 5000.000, 5.912
775.759, 770.774, 1094.623, 5000.000, 5.921
776.636, 771.579, 1095.813, 5000.000, 5.930
777.504, 772.391, 1097.002, 5000.000, 5.939
778.359, 773.214, 1098.189, 5000.000, 5.948
779.253, 774.004, 1099.381, 5000.000, 5.958
780.144, 774.795, 1100.573, 5000.000, 5.967
781.031, 775.590, 1101.764, 5000.000, 5.976
781.875, 776.423, 1102.949, 5000.000, 5.985
782.725, 777.251, 1104.135, 5000.000, 5.994
783.578, 778.077, 1105.322, 5000.000, 6.003
784.430, 778.902, 1106.508, 5000.000, 6.012
785.280, 779.730, 1107.694, 5000.000, 6.021
786.124, 780.563, 1108.880, 5000.000, 6.030
786.959, 781.404, 1110.064, 5000.000, 6.040
787.782, 782.255, 1111.247, 5000.000, 6.049
788.642, 783.073, 1112.435, 5000.000, 6.058
789.501, 783.894, 1113.622, 5000.000, 6.067
790.355, 784.717, 1114.809, 5000.000, 6.076
791.204, 785.546, 1115.995, 5000.000, 6.085
792.007, 786.415, 1117.176, 5000.000, 6.094
792.813, 787.280, 1118.357, 5000.000, 6.103
793.621, 788.144, 1119.539, 5000.000, 6.112
794.427, 789.010, 1120.721, 5000.000, 6.121
795.281, 789.835, 1121.907, 5000.000, 6.130
796.142, 790.652, 1123.095, 5000.000, 6.140
797.010, 791.465, 1124.284, 5000.000, 6.149
797.881, 792.274, 1125.473, 5000.000, 6.158
798.755, 793.081, 1126.662, 5000.000, 6.167
799.628, 793.888, 1127.851, 5000.000, 6.176
800.462, 794.730, 1129.035, 5000.000, 6.185
801.306, 795.563, 1130.221, 5000.000, 6.194
802.157, 796.390, 1131.407, 5000.000, 6.203
803.011, 797.214, 1132.594, 5000.000, 6.212
803.867, 798.036, 1133.781, 5000.000, 6.222
804.721, 798.861, 1134.968, 5000.000, 6.231
805.569, 799.689, 1136.154, 5000.000, 6.240
806.410, 800.525, 1137.339, 5000.000, 6.249
807.293, 801.325, 1138.530, 5000.000, 6.258
808.177, 802.122, 1139.720, 5000.000, 6.267
809.061, 802.920, 1140.911, 5000.000, 6.276
809.944, 803.719, 1142.101, 5000.000, 6.285
810.822, 804.522, 1143.291, 5000.000, 6.295
811.657, 805.363, 1144.476, 5000.000, 6.304
812.498, 806.199, 1145.661, 5000.000, 6.313
813.342, 807.032, 1146.846, 5000.000, 6.322
814.185, 807.865, 1148.032, 5000.000, 6.331
815.026, 808.701, 1149.217, 5000.000, 6.340
815.861, 809.542, 1150.402, 5000.000, 6.349
816.687, 810.390, 1151.586, 5000.000, 6.358
817.516, 811.236, 1152.770, 5000.000, 6.367
818.360, 812.069, 1153.956, 5000.000, 6.376
819.215, 812.892, 1155.143, 5000.000, 6.385
820.080, 813.707, 1156.331, 5000.000, 6.395
820.951, 814.517, 1157.519, 5000.000, 6.404
821.824, 815.324, 1158.708, 5000.000, 6.413
822.698, 816.131, 1159.897, 5000.000, 6.422
823.569, 816.940, 1161.086, 5000.000, 6.431
824.433, 817.755, 1162.274, 5000.000, 6.440
825.289, 818.578, 1163.461, 5000.000, 6.449
826.185, 819.365, 1164.653, 5000.000, 6.458
827.045, 820.185, 1165.840, 5000.000, 6.468
827.918, 820.993, 1167.029, 5000.000, 6.477
828.800, 821.792, 1168.220, 5000.000, 6.486
829.690, 822.585, 1169.411, 5000.000, 6.495
830.583, 823.375, 1170.603, 5000.000, 6.504
831.478, 824.164, 1171.795, 5000.000, 6.513
832.371, 824.954, 1172.987, 5000.000, 6.522
833.258, 825.749, 1174.178, 5000.000, 6.532
834.138, 826.551, 1175.368, 5000.000, 6.541
835.006, 827.363, 1176.557, 5000.000, 6.550
835.824, 828.219, 1177.739, 5000.000, 6.559
836.638, 829.078, 1178.921, 5000.000, 6.568
837.497, 829.897, 1180.109, 5000.000, 6.577
838.362, 830.712, 1181.297, 5000.000, 6.586
839.229, 831.525, 1182.485, 5000.000, 6.595
840.094, 832.339, 1183.673, 5000.000, 6.604
840.956, 833.157, 1184.861, 5000.000, 6.614
841.811, 833.980, 1186.048, 5000.000, 6.623
842.618, 834.845, 1187.229, 5000.000, 6.632
843.479, 835.663, 1188.417, 5000.000, 6.641
844.352, 836.471, 1189.606, 5000.000, 6.650
845.236, 837.269, 1190.796, 5000.000, 6.659
846.127, 838.061, 1191.987, 5000.000, 6.668
847.021, 838.850, 1193.179, 5000.000, 6.677
847.917, 839.638, 1194.371, 5000.000, 6.687
848.810, 840.428, 1195.563, 5000.000, 6.696
849.699, 841.222, 1196.754, 5000.000, 6.705
850.542, 842.056, 1197.940, 5000.000, 6.714
851.388, 842.887, 1199.125, 5000.000, 6.723
852.233, 843.719, 1200.311, 5000.000, 6.732
853.125, 844.510, 1201.503, 5000.000, 6.741
854.025, 845.294, 1202.697, 5000.000, 6.750
854.928, 846.076, 1203.891, 5000.000, 6.760
855.833, 846.856, 1205.086, 5000.000, 6.769
856.735, 847.638, 1206.280, 5000.000, 6.778
857.633, 848.424, 1207.473, 5000.000, 6.787
858.523, 849.217, 1208.665, 5000.000, 6.796
859.401, 850.020, 1209.855, 5000.000, 6.805
860.228, 850.868, 1211.036, 5000.000, 6.814
861.052, 851.718, 1212.218, 5000.000, 6.823
861.922, 852.528, 1213.406, 5000.000, 6.833
862.797, 853.335, 1214.596, 5000.000, 6.842
863.673, 854.139, 1215.786, 5000.000, 6.851
864.549, 854.945, 1216.975, 5000.000, 6.860
865.421, 855.753, 1218.164, 5000.000, 6.869
866.285, 856.568, 1219.352, 5000.000, 6.878
867.102, 857.425, 1220.533, 5000.000, 6.887
867.920, 858.280, 1221.715, 5000.000, 6.896
868.788, 859.092, 1222.903, 5000.000, 6.905
869.665, 859.897, 1224.093, 5000.000, 6.915
870.547, 860.696, 1225.284, 5000.000, 6.924
871.433, 861.493, 1226.475, 5000.000, 6.933
872.319, 862.289, 1227.666, 5000.000, 6.942
873.201, 863.089, 1228.857, 5000.000, 6.951
874.078, 863.893, 1230.047, 5000.000, 6.960
874.945, 864.706, 1231.235, 5000.000, 6.969
875.801, 865.528, 1232.422, 5000.000, 6.978
876.695, 866.318, 1233.614, 5000.000, 6.988
877.586, 867.110, 1234.806, 5000.000, 6.997
878.436, 867.938, 1235.992, 5000.000, 7.006
879.293, 868.759, 1237.179, 5000.000, 7.015
880.156, 869.575, 1238.367, 5000.000, 7.024
881.021, 870.390, 1239.555, 5000.000, 7.033
881.884, 871.206, 1240.743, 5000.000, 7.042
882.744, 872.025, 1241.931, 5000.000, 7.051
883.597, 872.850, 1243.117, 5000.000, 7.061
884.440, 873.684, 1244.302, 5000.000, 7.070
885.270, 874.530, 1245.486, 5000.000, 7.079
886.098, 875.376, 1246.669, 5000.000, 7.088
886.938, 876.212, 1247.854, 5000.000, 7.097
887.786, 877.042, 1249.040, 5000.000, 7.106
888.639, 877.867, 1250.227, 5000.000, 7.115
889.493, 878.690, 1251.414, 5000.000, 7.124
890.347, 879.515, 1252.601, 5000.000, 7.133
891.197, 880.343, 1253.787, 5000.000, 7.142
892.040, 881.177, 1254.972, 5000.000, 7.152
892.887, 882.006, 1256.159, 5000.000, 7.161
893.752, 882.821, 1257.347, 5000.000, 7.170
894.631, 883.624, 1258.536, 5000.000, 7.179
895.520, 884.417, 1259.728, 5000.000, 7.188
896.418, 885.204, 1260.920, 5000.000, 7.197
897.320, 885.986, 1262.113, 5000.000, 7.206
898.225, 886.766, 1263.307, 5000.000, 7.215
899.128, 887.547, 1264.501, 5000.000, 7.225
900.028, 888.332, 1265.694, 5000.000, 7.234
900.921, 889.122, 1266.887, 5000.000, 7.243
901.766, 889.954, 1268.072, 5000.000, 7.252
902.611, 890.785, 1269.257, 5000.000, 7.261
903.454, 891.619, 1270.442, 5000.000, 7.270
904.343, 892.413, 1271.633, 5000.000, 7.279
905.237, 893.203, 1272.826, 5000.000, 7.289
906.132, 893.991, 1274.018, 5000.000, 7.298
907.027, 894.780, 1275.211, 5000.000, 7.307
907.917, 895.572, 1276.403, 5000.000, 7.316
908.763, 896.404, 1277.588, 5000.000, 7.325
909.613, 897.231, 1278.774, 5000.000, 7.334
910.463, 898.059, 1279.960, 5000.000, 7.343
911.309, 898.890, 1281.146, 5000.000, 7.352
912.200, 899.682, 1282.338, 5000.000, 7.362
913.057, 900.504, 1283.525, 5000.000, 7.371
913.929, 901.313, 1284.714, 5000.000, 7.380
914.811, 902.112, 1285.904, 5000.000, 7.389
915.701, 902.905, 1287.096, 5000.000, 7.398
916.594, 903.695, 1288.288, 5000.000, 7.407
917.486, 904.487, 1289.480, 5000.000, 7.416
918.372, 905.282, 1290.671, 5000.000, 7.425
919.303, 906.040, 1291.869, 5000.000, 7.435
920.236, 906.795, 1293.068, 5000.000, 7.444
921.170, 907.551, 1294.267, 5000.000, 7.453
922.100, 908.308, 1295.466, 5000.000, 7.462
922.987, 909.104, 1296.657, 5000.000, 7.471
923.879, 909.895, 1297.850, 5000.000, 7.481
924.772, 910.686, 1299.042, 5000.000, 7.490
925.661, 911.479, 1300.234, 5000.000, 7.499
926.544, 912.278, 1301.425, 5000.000, 7.508
927.416, 913.087, 1302.614, 5000.000, 7.517
928.325, 913.863, 1303.809, 5000.000, 7.526
929.232, 914.641, 1305.004, 5000.000, 7.535
930.133, 915.425, 1306.198, 5000.000, 7.545
930.986, 916.249, 1307.384, 5000.000, 7.554
931.842, 917.072, 1308.570, 5000.000, 7.563
932.696, 917.896, 1309.757, 5000.000, 7.572
933.544, 918.725, 1310.943, 5000.000, 7.581
934.382, 919.563, 1312.128, 5000.000, 7.590
935.259, 920.368, 1313.318, 5000.000, 7.599
936.134, 921.174, 1314.507, 5000.000, 7.608
936.966, 922.017, 1315.691, 5000.000, 7.617
937.804, 922.855, 1316.876, 5000.000, 7.627
938.644, 923.692, 1318.061, 5000.000, 7.636
939.534, 924.484, 1319.252, 5000.000, 7.645
940.435, 925.268, 1320.445, 5000.000, 7.654
941.342, 926.046, 1321.639, 5000.000, 7.663
942.254, 926.820, 1322.833, 5000.000, 7.672
943.166, 927.593, 1324.028, 5000.000, 7.681
944.077, 928.368, 1325.223, 5000.000, 7.691
944.945, 929.180, 1326.411, 5000.000, 7.700
945.818, 929.987, 1327.601, 5000.000, 7.709
946.694, 930.792, 1328.790, 5000.000, 7.718
947.568, 931.599, 1329.980, 5000.000, 7.727
948.436, 932.411, 1331.168, 5000.000, 7.736
949.347, 933.187, 1332.364, 5000.000, 7.745
950.259, 933.960, 1333.560, 5000.000, 7.755
951.171, 934.734, 1334.756, 5000.000, 7.764
952.078, 935.512, 1335.951, 5000.000, 7.773
952.941, 936.328, 1337.138, 5000.000, 7.782
953.808, 937.141, 1338.325, 5000.000, 7.791
954.675, 937.954, 1339.513, 5000.000, 7.800
955.538, 938.771, 1340.701, 5000.000, 7.809
956.392, 939.594, 1341.887, 5000.000, 7.818
957.288, 940.382, 1343.080, 5000.000, 7.828
958.184, 941.170, 1344.273, 5000.000, 7.837
959.039, 941.993, 1345.459, 5000.000, 7.846
959.901, 942.810, 1346.647, 5000.000, 7.855
960.768, 943.623, 1347.835, 5000.000, 7.864
961.635, 944.436, 1349.023, 5000.000, 7.873
962.498, 945.252, 1350.211, 5000.000, 7.882
963.406, 946.030, 1351.406, 5000.000, 7.892
964.317, 946.804, 1352.601, 5000.000, 7.901
965.230, 947.578, 1353.796, 5000.000, 7.910
966.102, 948.385, 1354.986, 5000.000, 7.919
966.984, 949.185, 1356.176, 5000.000, 7.928
967.871, 949.981, 1357.368, 5000.000, 7.937
968.759, 950.776, 1358.559, 5000.000, 7.946
969.644, 951.573, 1359.750, 5000.000, 7.956
970.522, 952.377, 1360.940, 5000.000, 7.965
971.441, 953.144, 1362.137, 5000.000, 7.974
972.324, 953.943, 1363.328, 5000.000, 7.983
973.219, 954.732, 1364.521, 5000.000, 7.992
974.121, 955.514, 1365.715, 5000.000, 8.001
975.028, 956.292, 1366.910, 5000.000, 8.010
975.935, 957.070, 1368.105, 5000.000, 8.020
976.837, 957.852, 1369.299, 5000.000, 8.029
977.732, 958.641, 1370.492, 5000.000, 8.038
978.615, 959.440, 1371.682, 5000.000, 8.047
979.535, 960.207, 1372.879, 5000.000, 8.056
980.450, 960.978, 1374.076, 5000.000, 8.065
981.321, 961.788, 1375.264, 5000.000, 8.075
982.196, 962.594, 1376.454, 5000.000, 8.084
983.071, 963.400, 1377.643, 5000.000, 8.093
983.941, 964.209, 1378.832, 5000.000, 8.102
984.804, 965.026, 1380.019, 5000.000, 8.111
985.670, 965.840, 1381.207, 5000.000, 8.120
986.550, 966.641, 1382.397, 5000.000, 8.129
987.440, 967.434, 1383.589, 4997.892, 8.138
988.336, 968.222, 1384.782, 4994.337, 8.148
989.233, 969.008, 1385.975, 4990.412, 8.157
990.129, 969.796, 1387.168, 4989.777, 8.166
991.019, 970.589, 1388.360, 4989.322, 8.175
991.899, 971.391, 1389.550, 4988.792, 8.184
992.817, 972.159, 1390.747, 4986.741, 8.193
993.696, 972.962, 1391.937, 4982.336, 8.203
994.584, 973.757, 1393.129, 4973.980, 8.212
995.477, 974.547, 1394.321, 4965.443, 8.221
996.370, 975.337, 1395.514, 4954.490, 8.230
997.261, 976.129, 1396.706, 4941.875, 8.239
998.107, 976.960, 1397.890, 4930.826, 8.248
999.009, 977.743, 1399.084, 4923.111, 8.257
999.925, 978.513, 1400.281, 4916.496, 8.267
1000.850, 979.275, 1401.479, 4908.065, 8.276
1001.782, 980.032, 1402.678, 4900.189, 8.285
1002.716, 980.787, 1403.878, 4890.825, 8.294
1003.647, 981.544, 1405.077, 4878.755, 8.303
1004.573, 982.305, 1406.276, 4869.231, 8.313
1005.489, 983.076, 1407.472, 4859.612, 8.322
1006.353, 983.891, 1408.659, 4851.769, 8.331
1007.213, 984.710, 1409.846, 4845.883, 8.340
1008.116, 985.491, 1411.040, 4842.075, 8.349
1009.022, 986.271, 1412.235, 4838.463, 8.358
1009.926, 987.051, 1413.430, 4834.779, 8.367
1010.824, 987.838, 1414.623, 4834.251, 8.377
1011.674, 988.665, 1415.808, 4833.626, 8.386
1012.577, 989.447, 1417.002, 4831.839, 8.395
1013.490, 990.219, 1418.198, 4832.140, 8.404
1014.411, 990.986, 1419.395, 4833.724, 8.413
1015.335, 991.749, 1420.593, 4833.474, 8.422
1016.257, 992.514, 1421.791, 4833.603, 8.432
1017.175, 993.283, 1422.988, 4835.713, 8.441
1018.046, 994.092, 1424.177, 4840.347, 8.450
1018.918, 994.900, 1425.365, 4844.792, 8.459
1019.786, 995.712, 1426.553, 4847.418, 8.468
1020.698, 996.486, 1427.749, 4848.550, 8.477
1021.612, 997.259, 1428.945, 4851.948, 8.487
1022.523, 998.033, 1430.141, 4852.710, 8.496
1023.429, 998.812, 1431.336, 4852.717, 8.505
1024.325, 999.600, 1432.529, 4853.216, 8.514
1025.259, 1000.354, 1433.729, 4853.195, 8.523
1026.154, 1001.143, 1434.922, 4853.489, 8.532
1027.058, 1001.924, 1436.116, 4854.720, 8.542
1027.966, 1002.700, 1437.311, 4855.754, 8.551
1028.876, 1003.476, 1438.507, 4853.905, 8.560
1029.783, 1004.255, 1439.702, 4850.228, 8.569
1030.682, 1005.039, 1440.896, 4845.842, 8.578
1031.534, 1005.866, 1442.080, 4838.130, 8.587
1032.384, 1006.693, 1443.266, 4831.125, 8.596
1033.281, 1007.480, 1444.459, 4825.564, 8.606
1034.182, 1008.263, 1445.653, 4819.691, 8.615
1035.085, 1009.045, 1446.847, 4816.229, 8.624
1035.985, 1009.829, 1448.040, 4814.206, 8.633
1036.840, 1010.652, 1449.226, 4812.477, 8.642
1037.698, 1011.473, 1450.413, 4807.169, 8.651
1038.607, 1012.250, 1451.608, 4801.098, 8.660
1039.524, 1013.018, 1452.805, 4792.983, 8.670
1040.447, 1013.783, 1454.002, 4784.102, 8.679
1041.333, 1014.579, 1455.194, 4774.584, 8.688
1042.230, 1015.366, 1456.387, 4770.671, 8.697
1043.133, 1016.148, 1457.581, 4767.361, 8.706
1044.037, 1016.929, 1458.775, 4763.877, 8.715
1044.989, 1017.667, 1459.978, 4759.991, 8.725
1045.949, 1018.400, 1461.183, 4753.768, 8.734
1046.874, 1019.162, 1462.381, 4747.294, 8.743
1047.812, 1019.914, 1463.583, 4741.578, 8.752
1048.757, 1020.658, 1464.786, 4733.308, 8.762
1049.706, 1021.400, 1465.990, 4724.265, 8.771
1050.653, 1022.143, 1467.194, 4714.235, 8.780
1051.593, 1022.893, 1468.396, 4702.887, 8.789
1052.520, 1023.653, 1469.596, 4692.894, 8.798
1053.484, 1024.382, 1470.804, 4681.862, 8.808
1054.404, 1025.149, 1472.001, 4668.651, 8.817
1055.328, 1025.913, 1473.199, 4652.857, 8.826
1056.251, 1026.677, 1474.397, 4636.036, 8.835
1057.167, 1027.446, 1475.594, 4617.724, 8.844
1058.073, 1028.225, 1476.788, 4600.993, 8.854
1059.016, 1028.973, 1477.991, 4587.024, 8.863
1059.953, 1029.724, 1479.193, 4572.696, 8.872
1060.844, 1030.516, 1480.384, 4558.152, 8.881
1061.736, 1031.307, 1481.575, 4544.897, 8.890
1062.624, 1032.102, 1482.765, 4530.615, 8.900
1063.503, 1032.904, 1483.954, 4516.150, 8.909
1064.421, 1033.673, 1485.151, 4501.897, 8.918
1065.336, 1034.445, 1486.348, 4490.651, 8.927
1066.206, 1035.255, 1487.535, 4478.907, 8.936
1067.079, 1036.063, 1488.722, 4469.534, 8.945
1067.950, 1036.872, 1489.911, 4464.437, 8.954
1068.867, 1037.642, 1491.108, 4461.760, 8.964
1069.787, 1038.408, 1492.305, 4458.145, 8.973
1070.708, 1039.174, 1493.503, 4457.586, 8.982
1071.625, 1039.944, 1494.700, 4457.271, 8.991
1072.496, 1040.753, 1495.888, 4457.710, 9.000
1073.369, 1041.561, 1497.077, 4459.934, 8.991
1074.291, 1042.325, 1498.274, 4461.651, 8.981
1075.222, 1043.083, 1499.474, 4461.699, 8.972
1076.157, 1043.837, 1500.674, 4461.287, 8.963
1077.091, 1044.591, 1501.875, 4462.628, 8.954
1077.984, 1045.381, 1503.067, 4465.308, 8.945
1078.883, 1046.167, 1504.260, 4470.110, 8.936
1079.783, 1046.951, 1505.454, 4474.404, 8.926
1080.679, 1047.739, 1506.647, 4476.274, 8.917
1081.619, 1048.488, 1507.848, 4477.164, 8.908
1082.560, 1049.236, 1509.050, 4479.020, 8.899
1083.500, 1049.986, 1510.252, 4481.261, 8.890
1084.434, 1050.741, 1511.452, 4484.394, 8.880
1085.320, 1051.538, 1512.643, 4486.428, 8.871
1086.206, 1052.334, 1513.834, 4487.852, 8.862
1087.087, 1053.135, 1515.024, 4491.565, 8.853
1088.010, 1053.898, 1516.222, 4495.771, 8.844
1088.897, 1054.694, 1517.413, 4499.178, 8.835
1089.795, 1055.480, 1518.606, 4501.005, 8.825
1090.699, 1056.261, 1519.801, 4545.024, 8.816
1091.604, 1057.040, 1520.996, 4551.477, 8.807
1092.505, 1057.824, 1522.189, 4556.818, 8.798
1093.450, 1058.569, 1523.392, 4563.762, 8.789
1094.396, 1059.313, 1524.595, 4568.812, 8.780
1095.341, 1060.059, 1525.797, 4571.193, 8.770
1096.242, 1060.842, 1526.991, 4573.186, 8.761
1097.147, 1061.622, 1528.186, 4570.526, 8.752
1098.050, 1062.403, 1529.380, 4566.674, 8.743
1098.948, 1063.189, 1530.573, 4564.729, 8.734
1099.888, 1063.938, 1531.775, 4564.610, 8.724
1100.790, 1064.721, 1532.969, 4569.394, 8.715
1101.702, 1065.495, 1534.165, 4576.449, 8.706
1102.619, 1066.264, 1535.362, 4582.156, 8.697
1103.498, 1067.067, 1536.551, 4585.318, 8.688
1104.386, 1067.861, 1537.742, 4586.699, 8.679
1105.330, 1068.607, 1538.945, 4586.503, 8.669
1106.287, 1069.342, 1540.150, 4584.123, 8.660
1107.251, 1070.070, 1541.357, 4582.322, 8.651
1108.219, 1070.796, 1542.566, 4582.154, 8.642
1109.185, 1071.523, 1543.775, 4580.188, 8.632
1110.143, 1072.256, 1544.982, 4580.131, 8.623
1111.052, 1073.032, 1546.176, 4583.260, 8.614
1111.959, 1073.811, 1547.369, 4585.968, 8.605
1112.908, 1074.552, 1548.574, 4587.430, 8.596
1113.859, 1075.292, 1549.779, 4586.132, 8.586
1114.806, 1076.036, 1550.983, 4583.136, 8.577
1115.706, 1076.820, 1552.175, 4581.389, 8.568
1116.659, 1077.558, 1553.380, 4580.137, 8.559
1117.621, 1078.288, 1554.588, 4580.111, 8.549
1118.589, 1079.013, 1555.797, 4580.470, 8.540
1119.557, 1079.739, 1557.006, 4580.064, 8.531
1120.519, 1080.468, 1558.214, 4582.976, 8.522
1121.435, 1081.239, 1559.410, 4586.150, 8.512
1122.349, 1082.011, 1560.606, 4589.698, 8.503
1123.256, 1082.789, 1561.800, 4589.159, 8.494
1124.165, 1083.566, 1562.995, 4586.773, 8.485
1125.085, 1084.333, 1564.192, 4587.347, 8.476
1126.010, 1085.095, 1565.391, 4586.507, 8.466
1126.934, 1085.858, 1566.589, 4584.988, 8.457
1127.851, 1086.628, 1567.786, 4584.262, 8.448
1128.808, 1087.363, 1568.992, 4582.403, 8.439
1129.762, 1088.100, 1570.198, 4579.358, 8.430
1130.707, 1088.844, 1571.402, 4578.518, 8.420
1131.655, 1089.587, 1572.606, 4579.075, 8.411
1132.615, 1090.320, 1573.813, 4578.457, 8.402
1133.581, 1091.046, 1575.022, 4578.805, 8.393
1134.550, 1091.770, 1576.231, 4581.714, 8.383
1135.516, 1092.497, 1577.440, 4585.273, 8.374
1136.474, 1093.231, 1578.647, 4586.220, 8.365
1137.418, 1093.977, 1579.850, 4589.470, 8.356
1138.345, 1094.738, 1581.049, 4592.019, 8.346
1139.264, 1095.505, 1582.245, 4593.316, 8.337
1140.185, 1096.272, 1583.442, 4595.527, 8.328
1141.103, 1097.040, 1584.639, 4597.036, 8.319
1142.013, 1097.816, 1585.834, 4601.537, 8.310
1142.872, 1098.635, 1587.016, 4607.548, 8.301
1143.780, 1099.413, 1588.211, 4614.979, 8.291
1144.694, 1100.185, 1589.407, 4623.890, 8.282
1145.609, 1100.956, 1590.603, 4634.489, 8.273
1146.520, 1101.731, 1591.799, 4647.854, 8.264
1147.384, 1102.546, 1592.984, 4663.467, 8.255
1148.248, 1103.361, 1594.169, 4678.916, 8.246
1149.159, 1104.136, 1595.365, 4691.484, 8.236
1150.074, 1104.907, 1596.561, 4698.974, 8.227
1150.950, 1105.712, 1597.750, 4708.813, 8.218
1151.925, 1106.432, 1598.959, 4718.765, 8.209
1152.903, 1107.148, 1600.169, 4727.626, 8.200
1153.844, 1107.896, 1601.372, 4739.061, 8.190
1154.795, 1108.637, 1602.576, 4752.820, 8.181
1155.750, 1109.372, 1603.782, 4768.273, 8.172
1156.706, 1110.108, 1604.988, 4782.138, 8.163
1157.657, 1110.848, 1606.193, 4797.299, 8.153
1158.560, 1111.630, 1607.386, 4809.674, 8.144
1159.515, 1112.366, 1608.592, 4821.227, 8.135
1160.478, 1113.095, 1609.800, 4834.902, 8.126
1161.446, 1113.821, 1611.009, 4848.704, 8.116
1162.375, 1114.580, 1612.208, 4861.192, 8.107
1163.312, 1115.332, 1613.410, 4872.727, 8.098
1164.251, 1116.082, 1614.612, 4885.204, 8.089
1165.186, 1116.836, 1615.813, 4895.511, 8.080
1166.111, 1117.598, 1617.011, 4906.635, 8.070
1167.073, 1118.329, 1618.219, 4917.821, 8.061
1168.029, 1119.065, 1619.425, 4926.088, 8.052
1168.973, 1119.810, 1620.628, 4935.119, 8.043
1169.864, 1120.602, 1621.820, 4945.005, 8.033
1170.801, 1121.354, 1623.021, 4955.660, 8.024
1171.703, 1122.136, 1624.215, 4963.966, 8.015
1172.617, 1122.908, 1625.411, 4971.849, 8.006
1173.538, 1123.675, 1626.609, 4978.492, 7.997
1174.458, 1124.442, 1627.807, 4987.333, 7.988
1175.424, 1125.168, 1629.014, 4995.043, 7.978
1176.395, 1125.891, 1630.223, 4997.847, 7.969
1177.365, 1126.615, 1631.432, 4999.383, 7.960
1178.291, 1127.376, 1632.630, 4999.939, 7.950
1179.272, 1128.089, 1633.842, 4999.932, 7.941
1180.177, 1128.870, 1635.036, 5000.000, 7.932
1181.087, 1129.645, 1636.231, 5000.000, 7.923
1182.049, 1130.375, 1637.439, 5000.000, 7.914
1183.019, 1131.099, 1638.648, 5000.000, 7.904
1183.991, 1131.821, 1639.858, 5000.000, 7.895
1184.958, 1132.546, 1641.066, 5000.000, 7.886
1185.879, 1133.313, 1642.264, 5000.000, 7.877
1186.850, 1134.035, 1643.474, 5000.000, 7.867
1187.827, 1134.752, 1644.685, 5000.000, 7.858
1188.806, 1135.467, 1645.897, 5000.000, 7.849
1189.780, 1136.188, 1647.107, 5000.000, 7.839
1190.758, 1136.904, 1648.319, 5000.000, 7.830
1191.749, 1137.609, 1649.536, 5000.000, 7.821
1192.746, 1138.309, 1650.754, 5000.000, 7.811
1193.745, 1139.007, 1651.973, 5000.000, 7.802
1194.739, 1139.710, 1653.190, 5000.000, 7.793
1195.722, 1140.422, 1654.403, 5000.000, 7.783
1196.650, 1141.182, 1655.601, 5000.000, 7.774
1197.569, 1141.949, 1656.796, 5000.000, 7.765
1198.525, 1142.685, 1658.002, 5000.000, 7.756
1199.474, 1143.426, 1659.206, 5000.000, 7.747
1200.463, 1144.134, 1660.421, 5000.000, 7.737
1201.448, 1144.843, 1661.636, 5000.000, 7.728
1202.426, 1145.560, 1662.848, 5000.000, 7.719
1203.391, 1146.288, 1664.056, 5000.000, 7.709
1204.300, 1147.064, 1665.249, 5000.000, 7.700
1205.200, 1147.849, 1666.440, 5000.000, 7.691
1206.085, 1148.646, 1667.627, 5000.000, 7.682
1206.964, 1149.448, 1668.813, 5000.000, 7.673
1207.847, 1150.248, 1670.000, 5000.000, 7.664
1208.778, 1151.004, 1671.200, 5000.000, 7.655
1209.717, 1151.755, 1672.402, 5000.000, 7.645
1210.658, 1152.503, 1673.604, 5000.000, 7.636
1211.558, 1153.287, 1674.798, 5000.000, 7.627
1212.464, 1154.066, 1675.993, 5000.000, 7.618
1213.370, 1154.845, 1677.188, 5000.000, 7.609
1214.323, 1155.584, 1678.392, 5000.000, 7.599
1215.280, 1156.318, 1679.597, 5000.000, 7.590
1216.198, 1157.087, 1680.794, 5000.000, 7.581
1217.124, 1157.849, 1681.993, 5000.000, 7.572
1218.052, 1158.608, 1683.193, 5000.000, 7.563
1219.029, 1159.326, 1684.403, 5000.000, 7.553
1220.011, 1160.038, 1685.615, 5000.000, 7.544
1220.957, 1160.783, 1686.819, 5000.000, 7.535
1221.913, 1161.518, 1688.025, 5000.000, 7.525
1222.873, 1162.250, 1689.232, 5000.000, 7.516
1223.831, 1162.984, 1690.438, 5000.000, 7.507
1224.796, 1163.712, 1691.646, 5000.000, 7.498
1225.777, 1164.426, 1692.858, 5000.000, 7.488
1226.767, 1165.131, 1694.073, 5000.000, 7.479
1227.762, 1165.833, 1695.289, 5000.000, 7.470
1228.755, 1166.537, 1696.505, 5000.000, 7.460
1229.740, 1167.247, 1697.719, 5000.000, 7.451
1230.711, 1167.970, 1698.929, 5000.000, 7.442
1231.624, 1168.743, 1700.124, 5000.000, 7.433
1232.578, 1169.480, 1701.329, 5000.000, 7.423
1233.529, 1170.220, 1702.534, 5000.000, 7.414
1234.433, 1171.000, 1703.728, 5000.000, 7.405
1235.389, 1171.736, 1704.934, 5000.000, 7.396
1236.353, 1172.465, 1706.142, 5000.000, 7.386
1237.319, 1173.192, 1707.350, 5000.000, 7.377
1238.281, 1173.922, 1708.558, 5000.000, 7.368
1239.233, 1174.661, 1709.763, 5000.000, 7.359
1240.221, 1175.368, 1710.978, 5000.000, 7.349
1241.166, 1176.113, 1712.181, 5000.000, 7.340
1242.114, 1176.856, 1713.385, 5000.000, 7.331
1243.021, 1177.634, 1714.579, 5000.000, 7.322
1243.934, 1178.407, 1715.774, 5000.000, 7.312
1244.897, 1179.137, 1716.982, 5000.000, 7.303
1245.867, 1179.860, 1718.192, 5000.000, 7.294
1246.837, 1180.583, 1719.402, 5000.000, 7.285
1247.803, 1181.310, 1720.611, 5000.000, 7.275
1248.721, 1182.079, 1721.807, 5000.000, 7.266
1249.687, 1182.805, 1723.016, 5000.000, 7.257
1250.660, 1183.526, 1724.226, 5000.000, 7.248
1251.633, 1184.247, 1725.437, 5000.000, 7.238
1252.562, 1185.006, 1726.636, 5000.000, 7.229
1253.546, 1185.717, 1727.850, 5000.000, 7.220
1254.541, 1186.419, 1729.068, 5000.000, 7.210
1255.541, 1187.117, 1730.287, 5000.000, 7.201
1256.502, 1187.848, 1731.494, 5000.000, 7.192
1257.470, 1188.573, 1732.703, 5000.000, 7.183
1258.438, 1189.298, 1733.912, 5000.000, 7.173
1259.399, 1190.029, 1735.120, 5000.000, 7.164
1260.399, 1190.726, 1736.339, 5000.000, 7.155
1261.394, 1191.428, 1737.556, 5000.000, 7.145
1262.377, 1192.140, 1738.770, 5000.000, 7.136
1263.359, 1192.853, 1739.983, 5000.000, 7.127
1264.348, 1193.560, 1741.199, 5000.000, 7.117
1265.338, 1194.266, 1742.415, 5000.000, 7.108
1266.285, 1195.009, 1743.618, 5000.000, 7.099
1267.235, 1195.750, 1744.822, 5000.000, 7.090
1268.181, 1196.494, 1746.025, 5000.000, 7.080
1269.116, 1197.248, 1747.225, 5000.000, 7.071
1270.049, 1198.004, 1748.424, 5000.000, 7.062
1270.986, 1198.756, 1749.625, 5000.000, 7.053
1271.974, 1199.464, 1750.840, 5000.000, 7.043
1272.968, 1200.165, 1752.057, 5000.000, 7.034
1273.964, 1200.866, 1753.274, 5000.000, 7.025
1274.955, 1201.572, 1754.491, 5000.000, 7.015
1275.935, 1202.287, 1755.703, 5000.000, 7.006
1276.860, 1203.049, 1756.901, 5000.000, 6.997
1277.829, 1203.773, 1758.110, 5000.000, 6.988
1278.798, 1204.498, 1759.320, 5000.000, 6.978
1279.723, 1205.260, 1760.518, 5000.000, 6.969
1280.650, 1206.020, 1761.716, 5000.000, 6.960
1281.625, 1206.740, 1762.928, 5000.000, 6.951
1282.604, 1207.455, 1764.140, 5000.000, 6.941
1283.581, 1208.173, 1765.352, 5000.000, 6.932
1284.550, 1208.897, 1766.561, 5000.000, 6.923
1285.520, 1209.621, 1767.771, 5000.000, 6.913
1286.499, 1210.335, 1768.984, 5000.000, 6.904
1287.483, 1211.047, 1770.198, 5000.000, 6.895
1288.465, 1211.760, 1771.411, 5000.000, 6.886
1289.439, 1212.480, 1772.622, 5000.000, 6.876
1290.361, 1213.245, 1773.819, 5000.000, 6.867
1291.277, 1214.015, 1775.014, 5000.000, 6.858
1292.233, 1214.750, 1776.221, 5000.000, 6.849
1293.185, 1215.490, 1777.426, 5000.000, 6.839
1294.127, 1216.237, 1778.628, 5000.000, 6.830
1295.068, 1216.986, 1779.830, 5000.000, 6.821
1296.017, 1217.728, 1781.035, 5000.000, 6.812
1296.968, 1218.467, 1782.240, 5000.000, 6.802
1297.877, 1219.244, 1783.434, 5000.000, 6.793
1298.843, 1219.971, 1784.643, 5000.000, 6.784
1299.822, 1220.686, 1785.855, 5000.000, 6.775
1300.808, 1221.396, 1787.069, 5000.000, 6.765
1301.795, 1222.105, 1788.283, 5000.000, 6.756
1302.777, 1222.818, 1789.496, 5000.000, 6.747
1303.747, 1223.540, 1790.706, 5000.000, 6.737
1304.664, 1224.310, 1791.902, 5000.000, 6.728
1305.624, 1225.043, 1793.109, 5000.000, 6.719
1306.546, 1225.807, 1794.306, 5000.000, 6.710
1307.476, 1226.565, 1795.506, 5000.000, 6.701
1308.460, 1227.277, 1796.719, 5000.000, 6.691
1309.454, 1227.980, 1797.936, 5000.000, 6.682
1310.451, 1228.679, 1799.153, 5000.000, 6.673
1311.447, 1229.380, 1800.370, 5000.000, 6.663
1312.435, 1230.088, 1801.585, 5000.000, 6.654
1313.371, 1230.840, 1802.786, 5000.000, 6.645
1314.354, 1231.553, 1803.999, 5000.000, 6.635
1315.340, 1232.262, 1805.214, 5000.000, 6.626
1316.323, 1232.975, 1806.427, 5000.000, 6.617
1317.296, 1233.695, 1807.638, 5000.000, 6.608
1318.218, 1234.460, 1808.835, 5000.000, 6.598
1319.185, 1235.186, 1810.044, 5000.000, 6.589
1320.153, 1235.911, 1811.254, 5000.000, 6.580
1321.118, 1236.639, 1812.462, 5000.000, 6.571
1322.073, 1237.375, 1813.668, 5000.000, 6.561
1322.975, 1238.158, 1814.860, 5000.000, 6.552
1323.883, 1238.935, 1816.054, 5000.000, 6.543
1324.769, 1239.732, 1817.243, 5000.000, 6.534
1325.714, 1240.477, 1818.447, 5000.000, 6.525
1326.711, 1241.176, 1819.663, 5000.000, 6.515
1327.718, 1241.867, 1820.882, 5000.000, 6.506
1328.728, 1242.556, 1822.102, 5000.000, 6.497
1329.735, 1243.248, 1823.322, 5000.000, 6.487
1330.695, 1243.980, 1824.529, 5000.000, 6.478
1331.654, 1244.713, 1825.736, 5000.000, 6.469
1332.605, 1245.452, 1826.941, 5000.000, 6.459
1333.556, 1246.192, 1828.146, 5000.000, 6.450
1334.515, 1246.925, 1829.353, 5000.000, 6.441
1335.528, 1247.611, 1830.574, 5000.000, 6.432
1336.551, 1248.289, 1831.798, 5000.000, 6.422
1337.577, 1248.963, 1833.024, 5000.000, 6.413
1338.564, 1249.672, 1834.239, 5000.000, 6.403
1339.557, 1250.375, 1835.456, 5000.000, 6.394
1340.549, 1251.079, 1836.672, 5000.000, 6.385
1341.533, 1251.791, 1837.886, 5000.000, 6.375
1342.555, 1252.469, 1839.112, 5000.000, 6.366
1343.533, 1253.185, 1840.324, 5000.000, 6.357
1344.513, 1253.900, 1841.537, 5000.000, 6.347
1345.488, 1254.619, 1842.749, 5000.000, 6.338
1346.413, 1255.381, 1843.945, 5000.000, 6.329
1347.386, 1256.102, 1845.156, 5000.000, 6.320
1348.362, 1256.820, 1846.368, 5000.000, 6.310
1349.335, 1257.542, 1847.578, 5000.000, 6.301
1350.258, 1258.305, 1848.775, 5000.000, 6.292
1351.177, 1259.073, 1849.970, 5000.000, 6.283
1352.138, 1259.805, 1851.177, 5000.000, 6.273
1353.146, 1260.494, 1852.398, 5000.000, 6.264
1354.175, 1261.167, 1853.625, 5000.000, 6.255
1355.180, 1261.860, 1854.845, 5000.000, 6.245
1356.192, 1262.547, 1856.068, 5000.000, 6.236
1357.204, 1263.234, 1857.290, 5000.000, 6.227
1358.209, 1263.927, 1858.511, 5000.000, 6.217
1359.162, 1264.665, 1859.716, 5000.000, 6.208
1360.161, 1265.363, 1860.934, 5000.000, 6.199
1361.161, 1266.060, 1862.153, 5000.000, 6.189
1362.155, 1266.763, 1863.371, 5000.000, 6.180
1363.188, 1267.431, 1864.601, 5000.000, 6.170
1364.180, 1268.135, 1865.817, 5000.000, 6.161
1365.176, 1268.836, 1867.035, 5000.000, 6.152
1366.169, 1269.540, 1868.252, 5000.000, 6.142
1367.115, 1270.284, 1869.453, 5000.000, 6.133
1368.110, 1270.986, 1870.671, 5000.000, 6.124
1369.110, 1271.683, 1871.890, 5000.000, 6.115
1370.108, 1272.382, 1873.108, 5000.000, 6.105
1371.096, 1273.089, 1874.324, 5000.000, 6.096
1372.070, 1273.810, 1875.535, 5000.000, 6.087
1373.072, 1274.505, 1876.755, 5000.000, 6.077
1374.023, 1275.245, 1877.958, 5000.000, 6.068
1374.969, 1275.990, 1879.160, 5000.000, 6.059
1375.953, 1276.700, 1880.375, 5000.000, 6.049
1376.934, 1277.414, 1881.588, 5000.000, 6.040
1377.867, 1278.170, 1882.787, 5000.000, 6.031
1378.799, 1278.927, 1883.985, 5000.000, 6.022
1379.774, 1279.646, 1885.196, 5000.000, 6.012
1380.711, 1280.398, 1886.397, 5000.000, 6.003
1381.656, 1281.143, 1887.600, 5000.000, 5.994
1382.602, 1281.887, 1888.804, 5000.000, 5.985
1383.595, 1282.590, 1890.019, 5000.000, 5.975
1384.591, 1283.291, 1891.237, 5000.000, 5.966
1385.546, 1284.028, 1892.442, 5000.000, 5.957
1386.506, 1284.760, 1893.650, 5000.000, 5.948
1387.464, 1285.493, 1894.856, 5000.000, 5.938
1388.466, 1286.189, 1896.075, 5000.000, 5.929
1389.467, 1286.885, 1897.294, 5000.000, 5.920
1390.426, 1287.619, 1898.501, 5000.000, 5.910
1391.386, 1288.351, 1899.708, 5000.000, 5.901
1392.341, 1289.087, 1900.914, 5000.000, 5.892
1393.337, 1289.788, 1902.131, 5000.000, 5.882
1394.329, 1290.491, 1903.348, 5000.000, 5.873
1395.275, 1291.236, 1904.551, 5000.000, 5.864
1396.273, 1291.935, 1905.769, 5000.000, 5.855
1397.279, 1292.627, 1906.989, 5000.000, 5.845
1398.249, 1293.350, 1908.199, 5000.000, 5.836
1399.229, 1294.065, 1909.412, 5000.000, 5.827
1400.212, 1294.777, 1910.626, 5000.000, 5.817
1401.191, 1295.493, 1911.839, 5000.000, 5.808
1402.121, 1296.250, 1913.037, 5000.000, 5.799
1403.101, 1296.966, 1914.250, 5000.000, 5.789
1404.084, 1297.678, 1915.464, 5000.000, 5.780
1405.064, 1298.393, 1916.677, 5000.000, 5.771
1406.034, 1299.116, 1917.887, 5000.000, 5.762
1407.002, 1299.841, 1919.096, 5000.000, 5.752
1407.976, 1300.561, 1920.307, 5000.000, 5.743
1408.949, 1301.282, 1921.518, 5000.000, 5.734
1409.966, 1301.964, 1922.742, 5000.000, 5.724
1410.985, 1302.645, 1923.967, 5000.000, 5.715
1411.999, 1303.330, 1925.190, 5000.000, 5.706
1412.964, 1304.058, 1926.398, 5000.000, 5.696
1413.926, 1304.788, 1927.606, 5000.000, 5.687
1414.931, 1305.481, 1928.826, 5000.000, 5.678
1415.897, 1306.208, 1930.035, 5000.000, 5.668
1416.870, 1306.929, 1931.246, 5000.000, 5.659
1417.843, 1307.649, 1932.456, 5000.000, 5.650
1418.809, 1308.376, 1933.665, 5000.000, 5.640
1419.776, 1309.102, 1934.874, 5000.000, 5.631
1420.752, 1309.820, 1936.086, 5000.000, 5.622
1421.730, 1310.537, 1937.298, 5000.000, 5.613
1422.703, 1311.257, 1938.509, 5000.000, 5.603
1423.664, 1311.989, 1939.717, 5000.000, 5.594
1424.659, 1312.690, 1940.934, 5000.000, 5.585
1425.606, 1313.434, 1942.137, 5000.000, 5.575
1426.551, 1314.179, 1943.340, 5000.000, 5.566
1427.540, 1314.886, 1944.556, 5000.000, 5.557
1428.529, 1315.593, 1945.771, 5000.000, 5.548
1429.474, 1316.338, 1946.974, 5000.000, 5.538
1430.421, 1317.081, 1948.178, 5000.000, 5.529
1431.416, 1317.783, 1949.394, 5000.000, 5.520
1432.415, 1318.481, 1950.613, 5000.000, 5.510
1433.374, 1319.214, 1951.820, 5000.000, 5.501
1434.339, 1319.942, 1953.028, 5000.000, 5.492
1435.303, 1320.670, 1954.237, 5000.000, 5.483
1436.312, 1321.360, 1955.458, 5000.000, 5.473
1437.284, 1322.081, 1956.668, 5000.000, 5.464
1438.265, 1322.795, 1957.881, 5000.000, 5.455
1439.248, 1323.507, 1959.095, 5000.000, 5.445
1440.226, 1324.224, 1960.307, 5000.000, 5.436
1441.154, 1324.983, 1961.506, 5000.000, 5.427
1442.130, 1325.701, 1962.717, 5000.000, 5.418
1443.109, 1326.417, 1963.930, 5000.000, 5.408
1444.085, 1327.136, 1965.141, 5000.000, 5.399
1445.064, 1327.851, 1966.354, 5000.000, 5.390
1446.055, 1328.557, 1967.570, 5000.000, 5.380
1447.050, 1329.257, 1968.788, 5000.000, 5.371
1448.044, 1329.960, 1970.005, 5000.000, 5.362
1449.044, 1330.657, 1971.224, 5000.000, 5.352
1450.058, 1331.342, 1972.448, 5000.000, 5.343
1451.042, 1332.054, 1973.662, 5000.000, 5.334
1452.039, 1332.754, 1974.880, 5000.000, 5.324
1453.042, 1333.449, 1976.100, 5000.000, 5.315
1454.043, 1334.145, 1977.319, 5000.000, 5.306
1455.087, 1334.804, 1978.553, 5000.000, 5.296
1456.128, 1335.465, 1979.786, 5000.000, 5.287
1457.124, 1336.167, 1981.003, 5000.000, 5.277
1458.117, 1336.870, 1982.220, 5000.000, 5.268
1459.153, 1337.536, 1983.451, 5000.000, 5.258
1460.186, 1338.204, 1984.681, 5000.000, 5.249
1461.174, 1338.913, 1985.896, 5000.000, 5.240
1462.159, 1339.623, 1987.110, 5000.000, 5.230
1463.187, 1340.296, 1988.338, 5000.000, 5.221
1464.213, 1340.971, 1989.566, 5000.000, 5.212
1465.192, 1341.686, 1990.778, 5000.000, 5.202
1466.169, 1342.403, 1991.990, 5000.000, 5.193
1467.189, 1343.083, 1993.216, 5000.000, 5.184
1468.207, 1343.765, 1994.441, 5000.000, 5.174
1469.178, 1344.487, 1995.650, 5000.000, 5.165
1470.147, 1345.211, 1996.860, 5000.000, 5.156
1471.159, 1345.898, 1998.083, 5000.000, 5.146
1472.169, 1346.587, 1999.305, 5000.000, 5.137
1473.170, 1347.284, 2000.524, 5000.000, 5.127
1474.117, 1348.027, 2001.727, 5000.000, 5.118
1475.108, 1348.732, 2002.943, 5000.000, 5.109
1476.098, 1349.438, 2004.159, 5000.000, 5.100
1477.043, 1350.183, 2005.361, 5000.000, 5.090
1477.986, 1350.930, 2006.563, 5000.000, 5.081
1478.973, 1351.639, 2007.778, 5000.000, 5.072
1479.959, 1352.348, 2008.993, 5000.000, 5.062
1480.990, 1353.019, 2010.221, 5000.000, 5.053
1481.984, 1353.721, 2011.438, 5000.000, 5.044
1482.987, 1354.416, 2012.658, 5000.000, 5.034
1483.992, 1355.109, 2013.878, 5000.000, 5.025
1484.991, 1355.806, 2015.097, 5000.000, 5.016
1485.942, 1356.547, 2016.301, 5000.000, 5.006
1486.940, 1357.246, 2017.519, 5000.000, 4.997
1487.941, 1357.942, 2018.739, 5000.000, 4.988
1488.938, 1358.642, 2019.957, 5000.000, 4.978
1489.924, 1359.352, 2021.172, 5000.000, 4.969
1490.907, 1360.064, 2022.385, 5000.000, 4.960
1491.895, 1360.772, 2023.601, 5000.000, 4.950
1492.881, 1361.481, 2024.815, 5000.000, 4.941
1493.858, 1362.198, 2026.027, 5000.000, 4.932
1494.834, 1362.917, 2027.239, 5000.000, 4.922
1495.817, 1363.629, 2028.453, 5000.000, 4.913
1496.800, 1364.341, 2029.667, 5000.000, 4.904
1497.776, 1365.059, 2030.879, 5000.000, 4.895
1498.753, 1365.776, 2032.091, 5000.000, 4.885
1499.739, 1366.486, 2033.305, 5000.000, 4.876
1500.689, 1367.226, 2034.509, 5000.000, 4.867
1501.649, 1367.959, 2035.716, 5000.000, 4.857
1502.609, 1368.690, 2036.923, 5000.000, 4.848
1503.615, 1369.383, 2038.144, 5000.000, 4.839
1504.622, 1370.074, 2039.365, 5000.000, 4.829
1505.623, 1370.770, 2040.584, 5000.000, 4.820
1506.663, 1371.432, 2041.815, 5000.000, 4.811
1507.662, 1372.131, 2043.034, 5000.000, 4.801
1508.665, 1372.825, 2044.254, 5000.000, 4.792
1509.665, 1373.523, 2045.473, 5000.000, 4.783
1510.655, 1374.229, 2046.688, 5000.000, 4.773
1511.643, 1374.937, 2047.904, 5000.000, 4.764
1512.637, 1375.639, 2049.121, 5000.000, 4.755
1513.630, 1376.343, 2050.338, 5000.000, 4.745
1514.577, 1377.086, 2051.541, 5000.000, 4.736
1515.576, 1377.784, 2052.759, 5000.000, 4.727
1516.582, 1378.476, 2053.980, 5000.000, 4.717
1517.588, 1379.168, 2055.201, 5000.000, 4.708
1518.587, 1379.866, 2056.420, 5000.000, 4.699
1519.534, 1380.609, 2057.623, 5000.000, 4.689
1520.527, 1381.313, 2058.839, 5000.000, 4.680
1521.521, 1382.015, 2060.057, 5000.000, 4.671
1522.509, 1382.723, 2061.272, 5000.000, 4.661
1523.447, 1383.475, 2062.472, 5000.000, 4.652
1524.431, 1384.186, 2063.686, 5000.000, 4.643
1525.417, 1384.896, 2064.901, 5000.000, 4.633
1526.398, 1385.609, 2066.114, 5000.000, 4.624
1527.367, 1386.334, 2067.324, 5000.000, 4.615
1528.332, 1387.061, 2068.532, 5000.000, 4.606
1529.301, 1387.785, 2069.742, 5000.000, 4.596
1530.320, 1388.466, 2070.966, 5000.000, 4.587
1531.344, 1389.142, 2072.193, 5000.000, 4.577
1532.331, 1389.851, 2073.408, 5000.000, 4.568
1533.326, 1390.553, 2074.625, 5000.000, 4.559
1534.322, 1391.253, 2075.843, 5000.000, 4.549
1535.312, 1391.959, 2077.059, 5000.000, 4.540
1536.252, 1392.709, 2078.259, 5000.000, 4.531
1537.238, 1393.419, 2079.474, 5000.000, 4.522
1538.226, 1394.127, 2080.689, 5000.000, 4.512
1539.209, 1394.839, 2081.903, 5000.000, 4.503
1540.142, 1395.594, 2083.102, 5000.000, 4.494
1541.123, 1396.308, 2084.316, 5000.000, 4.484
1542.107, 1397.019, 2085.530, 5000.000, 4.475
1543.049, 1397.766, 2086.732, 5000.000, 4.466
1544.047, 1398.465, 2087.950, 5000.000, 4.457
1545.056, 1399.155, 2089.171, 5000.000, 4.447
1546.069, 1399.841, 2090.394, 5000.000, 4.438
1547.079, 1400.530, 2091.616, 5000.000, 4.428
1548.079, 1401.227, 2092.835, 5000.000, 4.419
1549.077, 1401.926, 2094.053, 5000.000, 4.410
1550.081, 1402.620, 2095.273, 5000.000, 4.400
1551.084, 1403.315, 2096.493, 5000.000, 4.391
1552.041, 1404.049, 2097.699, 5000.000, 4.382
1553.050, 1404.739, 2098.921, 5000.000, 4.372
1554.066, 1405.422, 2100.145, 5000.000, 4.363
1555.082, 1406.106, 2101.369, 5000.000, 4.354
1556.053, 1406.828, 2102.579, 5000.000, 4.344
1557.024, 1407.550, 2103.789, 5000.000, 4.335
1558.040, 1408.234, 2105.013, 5000.000, 4.326
1559.056, 1408.917, 2106.237, 5000.000, 4.316
1560.027, 1409.640, 2107.447, 5000.000, 4.307
1560.999, 1410.362, 2108.657, 5000.000, 4.298
1562.015, 1411.045, 2109.881, 5000.000, 4.288
1563.030, 1411.729, 2111.105, 5000.000, 4.279
1564.039, 1412.419, 2112.327, 5000.000, 4.270
1565.034, 1413.120, 2113.545, 5000.000, 4.260
1566.023, 1413.827, 2114.760, 5000.000, 4.251
1567.014, 1414.532, 2115.976, 5000.000, 4.242
1568.000, 1415.242, 2117.191, 5000.000, 4.232
1568.937, 1415.994, 2118.390, 5000.000, 4.223
1569.921, 1416.705, 2119.604, 5000.000, 4.214
1570.908, 1417.414, 2120.819, 5000.000, 4.204
1571.891, 1418.126, 2122.033, 5000.000, 4.195
1572.878, 1418.835, 2123.248, 5000.000, 4.186
1573.877, 1419.533, 2124.467, 5000.000, 4.176
1574.881, 1420.227, 2125.687, 5000.000, 4.167
1575.845, 1420.955, 2126.895, 5000.000, 4.158
1576.814, 1421.679, 2128.105, 5000.000, 4.148
1577.780, 1422.406, 2129.314, 5000.000, 4.139
1578.788, 1423.096, 2130.535, 5000.000, 4.130
1579.793, 1423.789, 2131.755, 5000.000, 4.120
1580.751, 1424.524, 2132.961, 5000.000, 4.111
1581.758, 1425.215, 2134.182, 5000.000, 4.102
1582.769, 1425.902, 2135.405, 5000.000, 4.092
1583.779, 1426.591, 2136.627, 5000.000, 4.083
1584.780, 1427.287, 2137.847, 5000.000, 4.074
1585.780, 1427.985, 2139.066, 5000.000, 4.064
1586.787, 1428.676, 2140.287, 5000.000, 4.055
1587.794, 1429.367, 2141.508, 5000.000, 4.046
1588.756, 1430.097, 2142.715, 5000.000, 4.036
1589.771, 1430.782, 2143.939, 5000.000, 4.027
1590.794, 1431.459, 2145.166, 5000.000, 4.018
1591.818, 1432.136, 2146.392, 5000.000, 4.008
1592.798, 1432.850, 2147.605, 5000.000, 3.999
1593.779, 1433.564, 2148.818, 5000.000, 3.990
1594.754, 1434.283, 2150.029, 5000.000, 3.980
1595.766, 1434.970, 2151.252, 5000.000, 3.971
1596.733, 1435.696, 2152.461, 5000.000, 3.962
1597.700, 1436.422, 2153.670, 5000.000, 3.952
1598.712, 1437.109, 2154.893, 5000.000, 3.943
1599.686, 1437.829, 2156.103, 5000.000, 3.934
1600.668, 1438.542, 2157.317, 5000.000, 3.924
1601.648, 1439.257, 2158.529, 5000.000, 3.915
1602.672, 1439.933, 2159.756, 5000.000, 3.906
1603.694, 1440.611, 2160.982, 5000.000, 3.896
1604.672, 1441.328, 2162.194, 5000.000, 3.887
1605.701, 1442.000, 2163.423, 5000.000, 3.877
1606.736, 1442.666, 2164.653, 5000.000, 3.868
1607.772, 1443.332, 2165.884, 5000.000, 3.859
1608.801, 1444.005, 2167.113, 5000.000, 3.849
1609.816, 1444.689, 2168.337, 5000.000, 3.840
1610.825, 1445.379, 2169.559, 5000.000, 3.830
1611.836, 1446.066, 2170.782, 5000.000, 3.821
1612.804, 1446.791, 2171.990, 5000.000, 3.812
1613.774, 1447.515, 2173.200, 5000.000, 3.802
1614.738, 1448.243, 2174.407, 5000.000, 3.793
1615.704, 1448.970, 2175.615, 5000.000, 3.784
1616.677, 1449.691, 2176.825, 5000.000, 3.775
1617.650, 1450.411, 2178.036, 5000.000, 3.765
1618.668, 1451.093, 2179.261, 5000.000, 3.756
1619.686, 1451.775, 2180.485, 5000.000, 3.747
1620.659, 1452.496, 2181.696, 5000.000, 3.737
1621.633, 1453.216, 2182.907, 5000.000, 3.728
1622.650, 1453.898, 2184.132, 5000.000, 3.719
1623.668, 1454.580, 2185.356, 5000.000, 3.709
1624.642, 1455.300, 2186.567, 5000.000, 3.700
1625.615, 1456.021, 2187.778, 5000.000, 3.691
1626.633, 1456.703, 2189.002, 5000.000, 3.681
1627.651, 1457.384, 2190.227, 5000.000, 3.672
1628.661, 1458.072, 2191.450, 5000.000, 3.662
1629.711, 1458.726, 2192.685, 5000.000, 3.653
1630.718, 1459.418, 2193.906, 5000.000, 3.644
1631.728, 1460.106, 2195.128, 5000.000, 3.634
1632.696, 1460.831, 2196.337, 5000.000, 3.625
1633.667, 1461.554, 2197.547, 5000.000, 3.616
1634.686, 1462.234, 2198.772, 5000.000, 3.606
1635.708, 1462.913, 2199.998, 5000.000, 3.597
1636.726, 1463.595, 2201.223, 5000.000, 3.587
1637.733, 1464.286, 2202.445, 5000.000, 3.578
1638.684, 1465.025, 2203.648, 5000.000, 3.569
1639.625, 1465.775, 2204.848, 5000.000, 3.560
1640.599, 1466.494, 2206.059, 5000.000, 3.550
1641.524, 1467.257, 2207.254, 5000.000, 3.541
1642.498, 1467.976, 2208.466, 5000.000, 3.532
1643.476, 1468.693, 2209.678, 5000.000, 3.522
1644.451, 1469.412, 2210.889, 5000.000, 3.513
1645.431, 1470.126, 2212.102, 5000.000, 3.504
1646.424, 1470.830, 2213.319, 5000.000, 3.495
1647.423, 1471.528, 2214.538, 5000.000, 3.485
1648.383, 1472.260, 2215.745, 5000.000, 3.476
1649.350, 1472.987, 2216.954, 5000.000, 3.467
1650.329, 1473.702, 2218.166, 5000.000, 3.457
1651.366, 1474.367, 2219.396, 5000.000, 3.448
1652.401, 1475.034, 2220.626, 5000.000, 3.438
1653.389, 1475.742, 2221.841, 5000.000, 3.429
1654.428, 1476.405, 2223.072, 5000.000, 3.420
1655.435, 1477.097, 2224.294, 5000.000, 3.410
1656.455, 1477.776, 2225.519, 5000.000, 3.401
1657.480, 1478.452, 2226.746, 5000.000, 3.392
1658.502, 1479.130, 2227.972, 5000.000, 3.382
1659.513, 1479.818, 2229.195, 5000.000, 3.373
1660.520, 1480.509, 2230.416, 5000.000, 3.363
1661.530, 1481.197, 2231.639, 5000.000, 3.354
1662.588, 1481.845, 2232.877, 5000.000, 3.344
1663.611, 1482.522, 2234.103, 5000.000, 3.335
1664.644, 1483.191, 2235.334, 5000.000, 3.326
1665.679, 1483.857, 2236.565, 5000.000, 3.316
1666.670, 1484.562, 2237.781, 5000.000, 3.307
1667.699, 1485.234, 2239.010, 5000.000, 3.297
1668.720, 1485.913, 2240.236, 5000.000, 3.288
1669.741, 1486.593, 2241.462, 5000.000, 3.279
1670.752, 1487.281, 2242.685, 5000.000, 3.269
1671.798, 1487.938, 2243.920, 5000.000, 3.260
1672.836, 1488.602, 2245.152, 5000.000, 3.250
1673.820, 1489.313, 2246.365, 5000.000, 3.241
1674.796, 1490.032, 2247.575, 5000.000, 3.232
1675.807, 1490.720, 2248.798, 5000.000, 3.222
1676.771, 1491.448, 2250.005, 5000.000, 3.213
1677.733, 1492.178, 2251.211, 5000.000, 3.204
1678.738, 1492.871, 2252.432, 5000.000, 3.194
1679.741, 1493.566, 2253.652, 5000.000, 3.185
1680.788, 1494.223, 2254.887, 5000.000, 3.176
1681.744, 1494.958, 2256.091, 5000.000, 3.166
1682.692, 1495.700, 2257.293, 5000.000, 3.157
1683.677, 1496.411, 2258.507, 5000.000, 3.148
1684.617, 1497.160, 2259.707, 5000.000, 3.139
1685.608, 1497.866, 2260.923, 5000.000, 3.129
1686.606, 1498.565, 2262.141, 5000.000, 3.120
1687.603, 1499.264, 2263.360, 5000.000, 3.111
1688.557, 1500.002, 2264.564, 5000.000, 3.101
1689.510, 1500.740, 2265.769, 5000.000, 3.092
1690.508, 1501.439, 2266.988, 5000.000, 3.083
1691.506, 1502.138, 2268.206, 5000.000, 3.073
1692.459, 1502.876, 2269.411, 5000.000, 3.064
1693.465, 1503.568, 2270.631, 5000.000, 3.055
1694.479, 1504.253, 2271.855, 5000.000, 3.045
1695.494, 1504.937, 2273.078, 5000.000, 3.036
1696.556, 1505.581, 2274.316, 5000.000, 3.026
1697.530, 1506.301, 2275.527, 5000.000, 3.017
1698.552, 1506.979, 2276.753, 5000.000, 3.008
1699.577, 1507.655, 2277.980, 5000.000, 2.998
1700.597, 1508.334, 2279.206, 5000.000, 2.989
1701.607, 1509.023, 2280.429, 5000.000, 2.980
1702.562, 1509.760, 2281.633, 5000.000, 2.970
1703.558, 1510.461, 2282.851, 5000.000, 2.961
1704.513, 1511.197, 2284.056, 5000.000, 2.952
1705.472, 1511.929, 2285.262, 5000.000, 2.943
1706.480, 1512.620, 2286.484, 5000.000, 2.933
1707.492, 1513.307, 2287.706, 5000.000, 2.924
1708.501, 1513.996, 2288.928, 5000.000, 2.914
1709.462, 1514.727, 2290.135, 5000.000, 2.905
1710.421, 1515.461, 2291.342, 5000.000, 2.896
1711.421, 1516.158, 2292.561, 5000.000, 2.886
1712.380, 1516.891, 2293.767, 5000.000, 2.877
1713.343, 1517.620, 2294.975, 5000.000, 2.868
1714.355, 1518.307, 2296.198, 5000.000, 2.859
1715.371, 1518.991, 2297.421, 5000.000, 2.849
1716.384, 1519.677, 2298.644, 5000.000, 2.840
1717.387, 1520.371, 2299.864, 5000.000, 2.830
1718.350, 1521.101, 2301.072, 5000.000, 2.821
1719.371, 1521.780, 2302.297, 5000.000, 2.812
1720.390, 1522.461, 2303.522, 5000.000, 2.802
1721.362, 1523.182, 2304.733, 5000.000, 2.793
1722.385, 1523.860, 2305.959, 5000.000, 2.784
1723.414, 1524.532, 2307.187, 5000.000, 2.774
1724.442, 1525.205, 2308.415, 5000.000, 2.765
1725.424, 1525.918, 2309.629, 5000.000, 2.756
1726.405, 1526.631, 2310.842, 5000.000, 2.746
1727.430, 1527.307, 2312.069, 5000.000, 2.737
1728.416, 1528.016, 2313.283, 5000.000, 2.727
1729.408, 1528.721, 2314.500, 5000.000, 2.718
1730.398, 1529.426, 2315.716, 5000.000, 2.709
1731.379, 1530.141, 2316.929, 5000.000, 2.700
1732.356, 1530.858, 2318.141, 5000.000, 2.690
1733.337, 1531.572, 2319.354, 5000.000, 2.681
1734.367, 1532.243, 2320.582, 5000.000, 2.671
1735.401, 1532.911, 2321.812, 5000.000, 2.662
1736.432, 1533.581, 2323.041, 5000.000, 2.653
1737.415, 1534.293, 2324.255, 5000.000, 2.643
1738.395, 1535.008, 2325.468, 5000.000, 2.634
1739.417, 1535.686, 2326.694, 5000.000, 2.625
1740.398, 1536.400, 2327.907, 5000.000, 2.615
1741.383, 1537.110, 2329.121, 5000.000, 2.606
1742.417, 1537.778, 2330.351, 5000.000, 2.597
1743.417, 1538.475, 2331.571, 5000.000, 2.587
1744.428, 1539.163, 2332.793, 5000.000, 2.578
1745.442, 1539.848, 2334.017, 5000.000, 2.568
1746.452, 1540.537, 2335.239, 5000.000, 2.559
1747.448, 1541.238, 2336.457, 5000.000, 2.550
1748.528, 1541.865, 2337.702, 5000.000, 2.540
1749.559, 1542.536, 2338.932, 5000.000, 2.531
1750.533, 1543.255, 2340.142, 5000.000, 2.521
1751.548, 1543.940, 2341.366, 5000.000, 2.512
1752.559, 1544.628, 2342.589, 5000.000, 2.503
1753.521, 1545.358, 2343.796, 5000.000, 2.493
1754.480, 1546.091, 2345.003, 5000.000, 2.484
1755.479, 1546.790, 2346.221, 5000.000, 2.475
1756.436, 1547.524, 2347.427, 5000.000, 2.465
1757.396, 1548.256, 2348.635, 5000.000, 2.456
1758.404, 1548.946, 2349.856, 5000.000, 2.447
1759.377, 1549.667, 2351.067, 5000.000, 2.438
1760.361, 1550.379, 2352.280, 5000.000, 2.428
1761.346, 1551.089, 2353.495, 5000.000, 2.419
1762.378, 1551.758, 2354.723, 5000.000, 2.409
1763.411, 1552.426, 2355.953, 5000.000, 2.400
1764.403, 1553.131, 2357.169, 5000.000, 2.391
1765.396, 1553.835, 2358.386, 5000.000, 2.381
1766.383, 1554.543, 2359.601, 5000.000, 2.372
1767.409, 1555.218, 2360.828, 5000.000, 2.363
1768.391, 1555.931, 2362.042, 5000.000, 2.353
1769.374, 1556.643, 2363.255, 5000.000, 2.344
1770.403, 1557.315, 2364.483, 5000.000, 2.335
1771.433, 1557.986, 2365.712, 5000.000, 2.325
1772.419, 1558.695, 2366.927, 5000.000, 2.316
1773.459, 1559.358, 2368.158, 5000.000, 2.306
1774.508, 1560.013, 2369.395, 5000.000, 2.297
1775.558, 1560.666, 2370.632, 5000.000, 2.287
1776.566, 1561.357, 2371.853, 5000.000, 2.278
1777.577, 1562.045, 2373.075, 5000.000, 2.269
1778.581, 1562.739, 2374.295, 5000.000, 2.259
1779.571, 1563.445, 2375.511, 5000.000, 2.250
1780.554, 1564.157, 2376.724, 5000.000, 2.241
1781.537, 1564.869, 2377.937, 5000.000, 2.231
1782.513, 1565.587, 2379.148, 5000.000, 2.222
1783.524, 1566.274, 2380.371, 5000.000, 2.213
1784.491, 1567.001, 2381.579, 5000.000, 2.203
1785.456, 1567.728, 2382.787, 5000.000, 2.194
1786.465, 1568.418, 2384.009, 5000.000, 2.185
1787.473, 1569.108, 2385.230, 5000.000, 2.175
1788.473, 1569.806, 2386.450, 5000.000, 2.166
1789.473, 1570.503, 2387.669, 5000.000, 2.157
1790.481, 1571.194, 2388.890, 5000.000, 2.147
1791.490, 1571.883, 2390.112, 5000.000, 2.138
1792.455, 1572.611, 2391.320, 5000.000, 2.129
1793.421, 1573.337, 2392.528, 5000.000, 2.119
1794.433, 1574.024, 2393.751, 5000.000, 2.110
1795.446, 1574.710, 2394.975, 5000.000, 2.101
1796.453, 1575.402, 2396.196, 5000.000, 2.091
1797.409, 1576.137, 2397.401, 5000.000, 2.082
1798.412, 1576.832, 2398.621, 5000.000, 2.073
1799.417, 1577.525, 2399.842, 5000.000, 2.063
1800.417, 1578.222, 2401.061, 5000.000, 2.054
1801.367, 1578.962, 2402.265, 5000.000, 2.045
1802.365, 1579.662, 2403.483, 5000.000, 2.035
1803.366, 1580.358, 2404.702, 5000.000, 2.026
1804.363, 1581.058, 2405.920, 5000.000, 2.017
1805.312, 1581.800, 2407.124, 5000.000, 2.007
1806.308, 1582.500, 2408.342, 5000.000, 1.998
1807.309, 1583.197, 2409.561, 5000.000, 1.989
1808.307, 1583.896, 2410.779, 5000.000, 1.979
1809.258, 1584.636, 2411.983, 5000.000, 1.970
1810.258, 1585.334, 2413.202, 5000.000, 1.961
1811.263, 1586.027, 2414.423, 5000.000, 1.951
1812.228, 1586.754, 2415.631, 5000.000, 1.942
1813.198, 1587.477, 2416.841, 5000.000, 1.933
1814.218, 1588.157, 2418.066, 5000.000, 1.923
1815.243, 1588.833, 2419.293, 5000.000, 1.914
1816.266, 1589.510, 2420.519, 5000.000, 1.905
1817.242, 1590.228, 2421.731, 5000.000, 1.895
1818.216, 1590.948, 2422.942, 5000.000, 1.886
1819.233, 1591.631, 2424.166, 5000.000, 1.877
1820.248, 1592.315, 2425.390, 5000.000, 1.867
1821.216, 1593.040, 2426.599, 5000.000, 1.858
1822.235, 1593.721, 2427.824, 5000.000, 1.849
1823.222, 1594.429, 2429.039, 5000.000, 1.839
1824.222, 1595.126, 2430.258, 5000.000, 1.830
1825.228, 1595.819, 2431.479, 5000.000, 1.820
1826.230, 1596.515, 2432.699, 5000.000, 1.811
1827.236, 1597.207, 2433.920, 5000.000, 1.802
1828.253, 1597.889, 2435.144, 5000.000, 1.792
1829.273, 1598.569, 2436.370, 5000.000, 1.783
1830.288, 1599.253, 2437.594, 5000.000, 1.774
1831.305, 1599.936, 2438.819, 5000.000, 1.764
1832.331, 1600.610, 2440.046, 5000.000, 1.755
1833.358, 1601.284, 2441.275, 5000.000, 1.745
1834.378, 1601.964, 2442.500, 5000.000, 1.736
1835.436, 1602.611, 2443.739, 5000.000, 1.726
1836.449, 1603.297, 2444.962, 5000.000, 1.717
1837.462, 1603.983, 2446.186, 5000.000, 1.708
1838.467, 1604.676, 2447.406, 5000.000, 1.698
1839.509, 1605.337, 2448.640, 5000.000, 1.689
1840.543, 1606.005, 2449.870, 5000.000, 1.679
1841.524, 1606.719, 2451.083, 5000.000, 1.670
1842.550, 1607.393, 2452.311, 5000.000, 1.661
1843.576, 1608.068, 2453.538, 5000.000, 1.651
1844.595, 1608.749, 2454.764, 5000.000, 1.642
1845.600, 1609.442, 2455.985, 5000.000, 1.632
1846.546, 1610.186, 2457.186, 5000.000, 1.623
1847.531, 1610.897, 2458.400, 5000.000, 1.614
1848.510, 1611.612, 2459.612, 5000.000, 1.605
1849.438, 1612.372, 2460.808, 5000.000, 1.595
1850.361, 1613.136, 2462.003, 5000.000, 1.586
1851.322, 1613.867, 2463.211, 5000.000, 1.577
1852.239, 1614.636, 2464.405, 5000.000, 1.568
1853.211, 1615.359, 2465.615, 5000.000, 1.559
1854.191, 1616.073, 2466.828, 5000.000, 1.549
1855.173, 1616.786, 2468.042, 5000.000, 1.540
1856.150, 1617.504, 2469.254, 5000.000, 1.531
1857.130, 1618.218, 2470.466, 5000.000, 1.521
1858.121, 1618.923, 2471.683, 5000.000, 1.512
1859.078, 1619.658, 2472.889, 5000.000, 1.503
1860.046, 1620.383, 2474.098, 5000.000, 1.493
1861.070, 1621.059, 2475.324, 5000.000, 1.484
1862.105, 1621.726, 2476.555, 5000.000, 1.475
1863.144, 1622.390, 2477.788, 5000.000, 1.465
1864.179, 1623.056, 2479.020, 5000.000, 1.456
1865.168, 1623.764, 2480.234, 5000.000, 1.446
1866.205, 1624.428, 2481.466, 5000.000, 1.437
1867.248, 1625.088, 2482.700, 5000.000, 1.427
1868.251, 1625.783, 2483.920, 5000.000, 1.418
1869.222, 1626.506, 2485.128, 5000.000, 1.409
1870.203, 1627.219, 2486.341, 5000.000, 1.400
1871.239, 1627.885, 2487.572, 5000.000, 1.390
1872.284, 1628.544, 2488.807, 5000.000, 1.381
1873.330, 1629.201, 2490.041, 5000.000, 1.371
1874.369, 1629.864, 2491.274, 5000.000, 1.362
1875.393, 1630.541, 2492.501, 5000.000, 1.352
1876.409, 1631.224, 2493.726, 5000.000, 1.343
1877.424, 1631.908, 2494.950, 5000.000, 1.333
1878.431, 1632.600, 2496.171, 5000.000, 1.324
1879.472, 1633.261, 2497.404, 5000.000, 1.315
1880.467, 1633.963, 2498.621, 5000.000, 1.305
1881.461, 1634.666, 2499.838, 5000.000, 1.296
1882.534, 1635.300, 2501.083, 5000.000, 1.286
1883.554, 1635.980, 2502.308, 5000.000, 1.277
1884.566, 1636.667, 2503.531, 5000.000, 1.268
1885.525, 1637.399, 2504.738, 5000.000, 1.258
1886.477, 1638.139, 2505.942, 5000.000, 1.249
1887.427, 1638.879, 2507.146, 5000.000, 1.240
1888.383, 1639.615, 2508.353, 5000.000, 1.231
1889.390, 1640.306, 2509.573, 5000.000, 1.221
1890.403, 1640.992, 2510.796, 5000.000, 1.212
1891.377, 1641.712, 2512.007, 5000.000, 1.203
1892.357, 1642.426, 2513.220, 5000.000, 1.193
1893.336, 1643.142, 2514.432, 5000.000, 1.184
1894.304, 1643.867, 2515.642, 5000.000, 1.175
1895.307, 1644.562, 2516.861, 5000.000, 1.165
1896.300, 1645.266, 2518.078, 5000.000, 1.156
1897.276, 1645.984, 2519.290, 5000.000, 1.147
1898.243, 1646.710, 2520.499, 5000.000, 1.137
1899.224, 1647.423, 2521.712, 5000.000, 1.128
1900.265, 1648.085, 2522.943, 5000.000, 1.119
1901.269, 1648.779, 2524.163, 5000.000, 1.109
1902.281, 1649.465, 2525.386, 5000.000, 1.100
1903.259, 1650.183, 2526.598, 5000.000, 1.091
1904.245, 1650.892, 2527.813, 5000.000, 1.081
1905.232, 1651.600, 2529.028, 5000.000, 1.072
1906.265, 1652.269, 2530.258, 5000.000, 1.063
1907.299, 1652.937, 2531.489, 5000.000, 1.053
1908.289, 1653.643, 2532.704, 5000.000, 1.044
1909.242, 1654.381, 2533.908, 5000.000, 1.035
1910.255, 1655.066, 2535.131, 5000.000, 1.025
1911.320, 1655.708, 2536.372, 5000.000, 1.016
1912.324, 1656.401, 2537.592, 5000.000, 1.006
1913.313, 1657.109, 2538.807, 5000.000, 0.997
1914.292, 1657.824, 2540.020, 5000.000, 0.988
1915.307, 1658.509, 2541.244, 5000.000, 0.978
1916.313, 1659.201, 2542.465, 5000.000, 0.969
1917.317, 1659.894, 2543.685, 5000.000, 0.959
1918.329, 1660.581, 2544.908, 5000.000, 0.950
1919.341, 1661.268, 2546.132, 5000.000, 0.941
1920.309, 1661.993, 2547.340, 5000.000, 0.931
1921.328, 1662.673, 2548.565, 5000.000, 0.922
1922.356, 1663.347, 2549.794, 5000.000, 0.913
1923.347, 1664.052, 2551.010, 5000.000, 0.903
1924.347, 1664.750, 2552.229, 5000.000, 0.894
1925.346, 1665.448, 2553.448, 5000.000, 0.885
1926.337, 1666.153, 2554.664, 5000.000, 0.875
1927.312, 1666.871, 2555.875, 5000.000, 0.866
1928.316, 1667.565, 2557.095, 5000.000, 0.857
1929.357, 1668.227, 2558.328, 5000.000, 0.847
1930.300, 1668.974, 2559.528, 5000.000, 0.838
1931.281, 1669.688, 2560.741, 5000.000, 0.829
1932.217, 1670.440, 2561.941, 5000.000, 0.819
1933.206, 1671.147, 2563.156, 5000.000, 0.810
1934.203, 1671.847, 2564.374, 5000.000, 0.801
1935.164, 1672.579, 2565.581, 5000.000, 0.791
1936.132, 1673.304, 2566.791, 5000.000, 0.782
1937.100, 1674.029, 2568.000, 5000.000, 0.773
1938.113, 1674.715, 2569.223, 5000.000, 0.764
1939.179, 1675.355, 2570.462, 5000.000, 0.754
1940.253, 1675.988, 2571.704, 5000.000, 0.744
1941.278, 1676.664, 2572.931, 5000.000, 0.735
1942.246, 1677.388, 2574.140, 5000.000, 0.726
1943.255, 1678.078, 2575.362, 5000.000, 0.716
1944.260, 1678.771, 2576.583, 5000.000, 0.707
1945.216, 1679.506, 2577.788, 5000.000, 0.698
1946.169, 1680.245, 2578.992, 5000.000, 0.689
1947.162, 1680.948, 2580.209, 5000.000, 0.679
1948.151, 1681.655, 2581.425, 5000.000, 0.670
1949.129, 1682.372, 2582.637, 5000.000, 0.661
1950.104, 1683.091, 2583.848, 5000.000, 0.651
1951.084, 1683.805, 2585.061, 5000.000, 0.642
1952.062, 1684.522, 2586.274, 5000.000, 0.633
1953.046, 1685.233, 2587.488, 5000.000, 0.623
1954.044, 1685.932, 2588.706, 5000.000, 0.614
1955.049, 1686.625, 2589.926, 5000.000, 0.605
1956.054, 1687.318, 2591.147, 5000.000, 0.595
1957.052, 1688.017, 2592.365, 5000.000, 0.586
1957.998, 1688.761, 2593.568, 5000.000, 0.577
1958.937, 1689.511, 2594.769, 5000.000, 0.567
1959.877, 1690.261, 2595.970, 5000.000, 0.558
1960.861, 1690.972, 2597.184, 5000.000, 0.549
1961.845, 1691.683, 2598.398, 5000.000, 0.540
1962.761, 1692.453, 2599.592, 5000.000, 0.530
1963.745, 1693.165, 2600.806, 5000.000, 0.521
1964.786, 1693.826, 2602.037, 5000.000, 0.512
1965.842, 1694.475, 2603.273, 5000.000, 0.502
1966.905, 1695.118, 2604.511, 5000.000, 0.493
1967.968, 1695.761, 2605.749, 5000.000, 0.483
1969.023, 1696.410, 2606.986, 5000.000, 0.474
1970.027, 1697.103, 2608.206, 5000.000, 0.464
1970.987, 1697.836, 2609.412, 5000.000, 0.455
1971.998, 1698.523, 2610.635, 5000.000, 0.446
1973.015, 1699.206, 2611.860, 5000.000, 0.436
1974.030, 1699.890, 2613.084, 5000.000, 0.427
1975.088, 1700.537, 2614.323, 5000.000, 0.417
1976.144, 1701.186, 2615.562, 5000.000, 0.408
1977.153, 1701.876, 2616.784, 5000.000, 0.399
1978.160, 1702.567, 2618.005, 5000.000, 0.389
1979.157, 1703.266, 2619.223, 5000.000, 0.380
1980.151, 1703.969, 2620.439, 5000.000, 0.371
1981.149, 1704.668, 2621.658, 5000.000, 0.361
1982.143, 1705.370, 2622.875, 5000.000, 0.352
1983.178, 1706.037, 2624.106, 5000.000, 0.342
1984.209, 1706.708, 2625.335, 5000.000, 0.333
1985.191, 1707.420, 2626.548, 5000.000, 0.324
1986.170, 1708.137, 2627.760, 5000.000, 0.314
1987.136, 1708.863, 2628.967, 5000.000, 0.305
1988.097, 1709.594, 2630.173, 5000.000, 0.296
1989.060, 1710.323, 2631.380, 5000.000, 0.287
1990.070, 1711.012, 2632.603, 5000.000, 0.277
1991.030, 1711.745, 2633.808, 5000.000, 0.268
1991.983, 1712.483, 2635.012, 5000.000, 0.259
1993.042, 1713.128, 2636.251, 5000.000, 0.249
1994.074, 1713.798, 2637.481, 5000.000, 0.240
1995.109, 1714.465, 2638.712, 5000.000, 0.230
1996.140, 1715.136, 2639.942, 5000.000, 0.221
1997.122, 1715.848, 2641.154, 5000.000, 0.212
1998.100, 1716.565, 2642.366, 5000.000, 0.202
1999.067, 1717.291, 2643.573, 5000.000, 0.193
2000.028, 1718.022, 2644.780, 5000.000, 0.184
2001.044, 1718.706, 2646.004, 5000.000, 0.174
2002.070, 1719.380, 2647.232, 5000.000, 0.165
2003.099, 1720.053, 2648.460, 5000.000, 0.155
2004.086, 1720.761, 2649.675, 5000.000, 0.146
2005.076, 1721.467, 2650.891, 5000.000, 0.137
2006.061, 1722.177, 2652.105, 5000.000, 0.128
2007.086, 1722.853, 2653.333, 5000.000, 0.118
2008.106, 1723.533, 2654.558, 5000.000, 0.109
2009.076, 1724.256, 2655.768, 5000.000, 0.099
2010.094, 1724.938, 2656.993, 5000.000, 0.090
2011.077, 1725.650, 2658.206, 5000.000, 0.081
2012.070, 1726.353, 2659.423, 5000.000, 0.071
2013.066, 1727.054, 2660.641, 5000.000, 0.062
2014.055, 1727.761, 2661.856, 5000.000, 0.053
2015.045, 1728.467, 2663.072, 5000.000, 0.043
2016.043, 1729.166, 2664.291, 5000.000, 0.034
2017.041, 1729.865, 2665.509, 5000.000, 0.025
2018.084, 1730.525, 2666.742, 5000.000, 0.015
2019.127, 1731.185, 2667.976, 5000.000, 0.006
2020.125, 1731.884, 2669.194, 5000.000, 0.000
2021.123, 1732.583, 2670.413, 5000.000, 0.000
2022.166, 1733.243, 2671.646, 5000.000, 0.000
2023.171, 1733.936, 2672.867, 5000.000, 0.000
2024.183, 1734.623, 2674.090, 5000.000, 0.000
2025.194, 1735.310, 2675.313, 5000.000, 0.000
2026.196, 1736.006, 2676.533, 5000.000, 0.000
2027.234, 1736.670, 2677.765, 5000.000, 0.000
2028.225, 1737.375, 2678.981, 5000.000, 0.000
2029.214, 1738.082, 2680.196, 5000.000, 0.000
2030.246, 1738.752, 2681.426, 5000.000, 0.000
2031.238, 1739.456, 2682.642, 5000.000, 0.000
2032.236, 1740.156, 2683.860, 5000.000, 0.000
2033.230, 1740.858, 2685.077, 5000.000, 0.000
2034.266, 1741.524, 2686.308, 5000.000, 0.000
2035.298, 1742.193, 2687.539, 5000.000, 0.000
2036.284, 1742.903, 2688.753, 5000.000, 0.000
2037.266, 1743.616, 2689.966, 5000.000, 0.000
2038.237, 1744.338, 2691.176, 5000.000, 0.000
2039.242, 1745.031, 2692.396, 5000.000, 0.000
2040.198, 1745.766, 2693.602, 5000.000, 0.000
2041.203, 1746.459, 2694.822, 5000.000, 0.000
2042.175, 1747.182, 2696.033, 5000.000, 0.000
2043.157, 1747.895, 2697.246, 5000.000, 0.000
2044.142, 1748.605, 2698.461, 5000.000, 0.000
2045.175, 1749.274, 2699.690, 5000.000, 0.000
2046.211, 1749.940, 2700.920, 5000.000, 0.000
2047.205, 1750.642, 2702.137, 5000.000, 0.000
2048.202, 1751.342, 2703.355, 5000.000, 0.000
2049.194, 1752.046, 2704.572, 5000.000, 0.000
2050.226, 1752.716, 2705.801, 5000.000, 0.000
2051.253, 1753.390, 2707.029, 5000.000, 0.000
2052.230, 1754.107, 2708.241, 5000.000, 0.000
2053.255, 1754.782, 2709.468, 5000.000, 0.000
2054.283, 1755.456, 2710.696, 5000.000, 0.000
2055.307, 1756.132, 2711.923, 5000.000, 0.000
2056.282, 1756.851, 2713.134, 5000.000, 0.000
2057.253, 1757.573, 2714.344, 5000.000, 0.000
2058.265, 1758.260, 2715.567, 5000.000, 0.000
2059.273, 1758.951, 2716.788, 5000.000, 0.000
2060.232, 1759.683, 2717.995, 5000.000, 0.000
2061.240, 1760.374, 2719.216, 5000.000, 0.000
2062.252, 1761.061, 2720.439, 5000.000, 0.000
2063.261, 1761.750, 2721.661, 5000.000, 0.000
2064.222, 1762.481, 2722.868, 5000.000, 0.000
2065.143, 1763.247, 2724.063, 5000.000, 0.000
2066.119, 1763.965, 2725.275, 5000.000, 0.000
2067.105, 1764.675, 2726.490, 5000.000, 0.000
2068.093, 1765.382, 2727.705, 5000.000, 0.000
2069.076, 1766.095, 2728.918, 5000.000, 0.000
2070.097, 1766.774, 2730.144, 5000.000, 0.000
2071.074, 1767.491, 2731.356, 5000.000, 0.000
2072.105, 1768.162, 2732.584, 5000.000, 0.000
2073.144, 1768.825, 2733.815, 5000.000, 0.000
2074.186, 1769.486, 2735.047, 5000.000, 0.000
2075.185, 1770.184, 2736.266, 5000.000, 0.000
2076.186, 1770.880, 2737.486, 5000.000, 0.000
2077.234, 1771.536, 2738.720, 5000.000, 0.000
2078.284, 1772.190, 2739.955, 5000.000, 0.000
2079.329, 1772.848, 2741.189, 5000.000, 0.000
2080.324, 1773.550, 2742.406, 5000.000, 0.000
2081.314, 1774.256, 2743.622, 5000.000, 0.000
2082.306, 1774.960, 2744.839, 5000.000, 0.000
2083.270, 1775.689, 2746.047, 5000.000, 0.000
2084.248, 1776.405, 2747.259, 5000.000, 0.000
2085.270, 1777.083, 2748.485, 5000.000, 0.000
2086.290, 1777.763, 2749.710, 5000.000, 0.000
2087.315, 1778.438, 2750.937, 5000.000, 0.000
2088.337, 1779.117, 2752.164, 5000.000, 0.000
2089.349, 1779.804, 2753.386, 5000.000, 0.000
2090.393, 1780.463, 2754.620, 5000.000, 0.000
2091.389, 1781.163, 2755.838, 5000.000, 0.000
2092.382, 1781.867, 2757.055, 5000.000, 0.000
2093.362, 1782.582, 2758.267, 5000.000, 0.000
2094.375, 1783.268, 2759.491, 5000.000, 0.000
2095.391, 1783.951, 2760.715, 5000.000, 0.000
2096.417, 1784.625, 2761.943, 5000.000, 0.000
2097.448, 1785.296, 2763.172, 5000.000, 0.000
2098.438, 1786.002, 2764.388, 5000.000, 0.000
2099.433, 1786.704, 2765.605, 5000.000, 0.000
2100.423, 1787.410, 2766.821, 5000.000, 0.000
2101.454, 1788.081, 2768.050, 5000.000, 0.000
2102.443, 1788.787, 2769.266, 5000.000, 0.000
2103.435, 1789.491, 2770.482, 5000.000, 0.000
2104.422, 1790.200, 2771.697, 5000.000, 0.000
2105.449, 1790.874, 2772.925, 5000.000, 0.000
2106.471, 1791.552, 2774.152, 5000.000, 0.000
2107.443, 1792.274, 2775.361, 5000.000, 0.000
2108.410, 1792.999, 2776.570, 5000.000, 0.000
2109.365, 1793.736, 2777.775, 5000.000, 0.000
2110.313, 1794.478, 2778.978, 5000.000, 0.000
2111.262, 1795.220, 2780.182, 5000.000, 0.000
2112.257, 1795.921, 2781.399, 5000.000, 0.000
2113.306, 1796.577, 2782.633, 5000.000, 0.000
2114.327, 1797.256, 2783.858, 5000.000, 0.000
2115.313, 1797.965, 2785.073, 5000.000, 0.000
2116.309, 1798.666, 2786.291, 5000.000, 0.000
2117.322, 1799.352, 2787.514, 5000.000, 0.000
2118.344, 1800.030, 2788.740, 5000.000, 0.000
2119.367, 1800.707, 2789.967, 5000.000, 0.000
2120.384, 1801.390, 2791.191, 5000.000, 0.000
2121.437, 1802.041, 2792.427, 5000.000, 0.000
2122.484, 1802.698, 2793.662, 5000.000, 0.000
2123.479, 1803.399, 2794.879, 5000.000, 0.000
2124.467, 1804.107, 2796.094, 5000.000, 0.000
2125.493, 1804.782, 2797.322, 5000.000, 0.000
2126.512, 1805.463, 2798.547, 5000.000, 0.000
2127.517, 1806.156, 2799.768, 5000.000, 0.000
2128.516, 1806.854, 2800.987, 5000.000, 0.000
2129.517, 1807.550, 2802.206, 5000.000, 0.000
2130.475, 1808.284, 2803.412, 5000.000, 0.000
2131.436, 1809.016, 2804.618, 5000.000, 0.000
2132.442, 1809.707, 2805.839, 5000.000, 0.000
2133.451, 1810.397, 2807.061, 5000.000, 0.000
2134.418, 1811.123, 2808.270, 5000.000, 0.000
2135.386, 1811.848, 2809.479, 5000.000, 0.000
2136.348, 1812.578, 2810.687, 5000.000, 0.000
2137.311, 1813.307, 2811.894, 5000.000, 0.000
2138.320, 1813.997, 2813.116, 5000.000, 0.000
2139.278, 1814.731, 2814.322, 5000.000, 0.000
2140.281, 1815.426, 2815.542, 5000.000, 0.000
2141.247, 1816.153, 2816.751, 5000.000, 0.000
2142.221, 1816.872, 2817.962, 5000.000, 0.000
2143.195, 1817.592, 2819.173, 5000.000, 0.000
2144.214, 1818.273, 2820.398, 5000.000, 0.000
2145.233, 1818.954, 2821.622, 5000.000, 0.000
2146.260, 1819.628, 2822.850, 5000.000, 0.000
2147.303, 1820.288, 2824.082, 5000.000, 0.000
2148.355, 1820.940, 2825.320, 5000.000, 0.000
2149.408, 1821.591, 2826.558, 5000.000, 0.000
2150.457, 1822.246, 2827.794, 5000.000, 0.000
2151.456, 1822.944, 2829.012, 5000.000, 0.000
2152.450, 1823.646, 2830.228, 5000.000, 0.000
2153.484, 1824.314, 2831.459, 5000.000, 0.000
2154.475, 1825.019, 2832.674, 5000.000, 0.000
2155.468, 1825.722, 2833.891, 5000.000, 0.000
2156.456, 1826.431, 2835.105, 5000.000, 0.000
2157.429, 1827.151, 2836.315, 5000.000, 0.000
2158.433, 1827.845, 2837.535, 5000.000, 0.000
2159.385, 1828.584, 2838.738, 5000.000, 0.000
2160.383, 1829.283, 2839.957, 5000.000, 0.000
2161.344, 1830.014, 2841.163, 5000.000, 0.000
2162.314, 1830.738, 2842.372, 5000.000, 0.000
2163.283, 1831.462, 2843.581, 5000.000, 0.000
2164.297, 1832.147, 2844.805, 5000.000, 0.000
2165.273, 1832.865, 2846.016, 5000.000, 0.000
2166.256, 1833.577, 2847.230, 5000.000, 0.000
2167.291, 1834.244, 2848.460, 5000.000, 0.000
2168.280, 1834.951, 2849.676, 5000.000, 0.000
2169.306, 1835.626, 2850.904, 5000.000, 0.000
2170.286, 1836.340, 2852.117, 5000.000, 0.000
2171.318, 1837.010, 2853.346, 5000.000, 0.000
2172.357, 1837.674, 2854.578, 5000.000, 0.000
2173.396, 1838.337, 2855.810, 5000.000, 0.000
2174.428, 1839.007, 2857.040, 5000.000, 0.000
2175.408, 1839.721, 2858.252, 5000.000, 0.000
2176.434, 1840.396, 2859.480, 5000.000, 0.000
2177.423, 1841.103, 2860.695, 5000.000, 0.000
2178.420, 1841.803, 2861.913, 5000.000, 0.000
2179.417, 1842.502, 2863.131, 5000.000, 0.000
2180.406, 1843.209, 2864.347, 5000.000, 0.000
2181.432, 1843.884, 2865.575, 5000.000, 0.000
2182.450, 1844.566, 2866.800, 5000.000, 0.000
2183.415, 1845.293, 2868.007, 5000.000, 0.000
2184.388, 1846.015, 2869.217, 5000.000, 0.000
2185.412, 1846.691, 2870.444, 5000.000, 0.000
2186.390, 1847.408, 2871.656, 5000.000, 0.000
2187.367, 1848.125, 2872.867, 5000.000, 0.000
2188.335, 1848.849, 2874.076, 5000.000, 0.000
2189.339, 1849.543, 2875.297, 5000.000, 0.000
2190.296, 1850.278, 2876.502, 5000.000, 0.000
2191.304, 1850.968, 2877.724, 5000.000, 0.000
2192.318, 1851.653, 2878.947, 5000.000, 0.000
2193.331, 1852.340, 2880.171, 5000.000, 0.000
2194.298, 1853.065, 2881.379, 5000.000, 0.000
2195.317, 1853.746, 2882.604, 5000.000, 0.000
2196.343, 1854.421, 2883.832, 5000.000, 0.000
2197.369, 1855.096, 2885.060, 5000.000, 0.000
2198.350, 1855.810, 2886.272, 5000.000, 0.000
2199.331, 1856.523, 2887.485, 5000.000, 0.000
2200.357, 1857.198, 2888.713, 5000.000, 0.000
2201.346, 1857.906, 2889.928, 5000.000, 0.000
2202.341, 1858.607, 2891.146, 5000.000, 0.000
2203.335, 1859.309, 2892.363, 5000.000, 0.000
2204.320, 1860.020, 2893.577, 5000.000, 0.000
2205.303, 1860.732, 2894.791, 5000.000, 0.000
2206.291, 1861.439, 2896.006, 5000.000, 0.000
2207.329, 1862.104, 2897.237, 5000.000, 0.000
2208.372, 1862.764, 2898.471, 5000.000, 0.000
2209.413, 1863.426, 2899.703, 5000.000, 0.000
2210.407, 1864.128, 2900.920, 5000.000, 0.000
2211.399, 1864.832, 2902.137, 5000.000, 0.000
2212.381, 1865.545, 2903.350, 5000.000, 0.000
2213.398, 1866.227, 2904.575, 5000.000, 0.000
2214.420, 1866.906, 2905.801, 5000.000, 0.000
2215.402, 1867.619, 2907.014, 5000.000, 0.000
2216.427, 1868.294, 2908.242, 5000.000, 0.000
2217.450, 1868.972, 2909.468, 5000.000, 0.000
2218.464, 1869.657, 2910.692, 5000.000, 0.000
2219.424, 1870.389, 2911.898, 5000.000, 0.000
2220.428, 1871.083, 2913.118, 5000.000, 0.000
2221.393, 1871.810, 2914.326, 5000.000, 0.000
2222.365, 1872.532, 2915.536, 5000.000, 0.000
2223.334, 1873.256, 2916.745, 5000.000, 0.000
2224.346, 1873.943, 2917.968, 5000.000, 0.000
2225.356, 1874.632, 2919.190, 5000.000, 0.000
2226.319, 1875.361, 2920.398, 5000.000, 0.000
2227.280, 1876.092, 2921.605, 5000.000, 0.000
2228.284, 1876.786, 2922.825, 5000.000, 0.000
2229.286, 1877.482, 2924.045, 5000.000, 0.000
2230.242, 1878.218, 2925.250, 5000.000, 0.000
2231.247, 1878.910, 2926.471, 5000.000, 0.000
2232.259, 1879.597, 2927.694, 5000.000, 0.000
2233.233, 1880.318, 2928.904, 5000.000, 0.000
2234.212, 1881.033, 2930.117, 5000.000, 0.000
2235.242, 1881.704, 2931.345, 5000.000, 0.000
2236.277, 1882.371, 2932.577, 5000.000, 0.000
2237.275, 1883.070, 2933.795, 5000.000, 0.000
2238.278, 1883.765, 2935.015, 5000.000, 0.000
2239.279, 1884.461, 2936.234, 5000.000, 0.000
2240.323, 1885.121, 2937.468, 5000.000, 0.000
2241.364, 1885.782, 2938.701, 5000.000, 0.000
2242.360, 1886.483, 2939.919, 5000.000, 0.000
2243.353, 1887.186, 2941.135, 5000.000, 0.000
2244.351, 1887.885, 2942.354, 5000.000, 0.000
2245.399, 1888.541, 2943.589, 5000.000, 0.000
2246.399, 1889.238, 2944.808, 5000.000, 0.000
2247.396, 1889.938, 2946.026, 5000.000, 0.000
2248.382, 1890.647, 2947.240, 5000.000, 0.000
2249.364, 1891.360, 2948.453, 5000.000, 0.000
2250.350, 1892.070, 2949.668, 5000.000, 0.000
2251.382, 1892.739, 2950.898, 5000.000, 0.000
2252.418, 1893.405, 2952.129, 5000.000, 0.000
2253.450, 1894.075, 2953.358, 5000.000, 0.000
2254.433, 1894.787, 2954.572, 5000.000, 0.000
2255.413, 1895.502, 2955.784, 5000.000, 0.000
2256.395, 1896.215, 2956.997, 5000.000, 0.000
2257.387, 1896.919, 2958.213, 5000.000, 0.000
2258.381, 1897.621, 2959.431, 5000.000, 0.000
2259.369, 1898.329, 2960.646, 5000.000, 0.000
2260.358, 1899.036, 2961.862, 5000.000, 0.000
2261.356, 1899.735, 2963.080, 5000.000, 0.000
2262.390, 1900.402, 2964.310, 5000.000, 0.000
2263.418, 1901.076, 2965.538, 5000.000, 0.000
2264.447, 1901.748, 2966.767, 5000.000, 0.000
2265.432, 1902.458, 2967.981, 5000.000, 0.000
2266.419, 1903.167, 2969.196, 5000.000, 0.000
2267.450, 1903.837, 2970.425, 5000.000, 0.000
2268.483, 1904.506, 2971.655, 5000.000, 0.000
2269.510, 1905.180, 2972.884, 5000.000, 0.000
2270.486, 1905.898, 2974.095, 5000.000, 0.000
2271.457, 1906.621, 2975.304, 5000.000, 0.000
2272.428, 1907.343, 2976.513, 5000.000, 0.000
2273.407, 1908.059, 2977.726, 5000.000, 0.000
2274.439, 1908.728, 2978.955, 5000.000, 0.000
2275.426, 1909.437, 2980.170, 5000.000, 0.000
2276.413, 1910.145, 2981.385, 5000.000, 0.000
2277.407, 1910.847, 2982.602, 5000.000, 0.000
2278.401, 1911.551, 2983.819, 5000.000, 0.000
2279.437, 1912.216, 2985.050, 5000.000, 0.000
2280.473, 1912.882, 2986.282, 5000.000, 0.000
2281.463, 1913.588, 2987.497, 5000.000, 0.000
2282.453, 1914.295, 2988.713, 5000.000, 0.000
2283.433, 1915.009, 2989.925, 5000.000, 0.000
2284.449, 1915.693, 2991.150, 5000.000, 0.000
2285.456, 1916.384, 2992.371, 5000.000, 0.000
2286.461, 1917.076, 2993.592, 5000.000, 0.000
2287.474, 1917.762, 2994.815, 5000.000, 0.000
2288.487, 1918.448, 2996.039, 5000.000, 0.000
2289.456, 1919.173, 2997.247, 5000.000, 0.000
2290.476, 1919.852, 2998.473, 5000.000, 0.000
2291.505, 1920.525, 2999.702, 5000.000, 0.000
2292.482, 1921.242, 3000.914, 5000.000, 0.000
2293.490, 1921.932, 3002.135, 5000.000, 0.000
2294.447, 1922.668, 3003.340, 5000.000, 0.000
2295.486, 1923.330, 3004.572, 5000.000, 0.000
2296.475, 1924.037, 3005.788, 5000.000, 0.000
2297.459, 1924.749, 3007.002, 5000.000, 0.000
2298.394, 1925.503, 3008.200, 5000.000, 0.000
2299.323, 1926.261, 3009.396, 5000.000, 0.000
2300.292, 1926.986, 3010.606, 5000.000, 0.000
2301.219, 1927.747, 3011.802, 5000.000, 0.000
2302.200, 1928.461, 3013.015, 5000.000, 0.000
2303.191, 1929.166, 3014.231, 5000.000, 0.000
2304.185, 1929.868, 3015.448, 5000.000, 0.000
2305.137, 1930.607, 3016.653, 5000.000, 0.000
2306.145, 1931.298, 3017.874, 5000.000, 0.000
2307.126, 1932.011, 3019.087, 5000.000, 0.000
2308.125, 1932.709, 3020.306, 5000.000, 0.000
2309.172, 1933.366, 3021.540, 5000.000, 0.000
2310.207, 1934.033, 3022.770, 5000.000, 0.000
2311.238, 1934.703, 3023.999, 5000.000, 0.000
2312.272, 1935.371, 3025.230, 5000.000, 0.000
2313.267, 1936.073, 3026.447, 5000.000, 0.000
2314.265, 1936.772, 3027.665, 5000.000, 0.000
2315.259, 1937.474, 3028.882, 5000.000, 0.000
2316.294, 1938.141, 3030.113, 5000.000, 0.000
2317.287, 1938.845, 3031.330, 5000.000, 0.000
2318.283, 1939.545, 3032.548, 5000.000, 0.000
2319.327, 1940.204, 3033.781, 5000.000, 0.000
2320.374, 1940.861, 3035.016, 5000.000, 0.000
2321.379, 1941.554, 3036.237, 5000.000, 0.000
2322.387, 1942.244, 3037.458, 5000.000, 0.000
2323.390, 1942.939, 3038.679, 5000.000, 0.000
2324.395, 1943.632, 3039.899, 5000.000, 0.000
2325.357, 1944.362, 3041.106, 5000.000, 0.000
2326.356, 1945.061, 3042.325, 5000.000, 0.000
2327.309, 1945.798, 3043.530, 5000.000, 0.000
2328.313, 1946.492, 3044.750, 5000.000, 0.000
2329.323, 1947.181, 3045.972, 5000.000, 0.000
2330.329, 1947.873, 3047.193, 5000.000, 0.000
2331.376, 1948.529, 3048.427, 5000.000, 0.000
2332.384, 1949.220, 3049.648, 5000.000, 0.000
2333.395, 1949.908, 3050.871, 5000.000, 0.000
2334.402, 1950.599, 3052.093, 5000.000, 0.000
2335.445, 1951.325, 3053.363, 5000.000, 0.000
2335.950, 1951.664, 3053.971, 5000.000, 0.000
2336.960, 1952.339, 3055.186, 5000.000, 0.000
2337.972, 1953.010, 3056.400, 5000.000, 0.000
2338.984, 1953.677, 3057.612, 5000.000, 0.000
2339.997, 1954.340, 3058.822, 5000.000, 0.000
2341.010, 1955.000, 3060.031, 5000.000, 0.000
2342.025, 1955.656, 3061.239, 5000.000, 0.000
2343.040, 1956.308, 3062.445, 5000.000, 0.000
2344.056, 1956.956, 3063.650, 5000.000, 0.000
2345.073, 1957.600, 3064.853, 5000.000, 0.000
2346.090, 1958.240, 3066.055, 5000.000, 0.000
2347.108, 1958.877, 3067.256, 5000.000, 0.000
2348.127, 1959.510, 3068.455, 5000.000, 0.000
2349.147, 1960.139, 3069.653, 5000.000, 0.000
2350.168, 1960.764, 3070.850, 5000.000, 0.000
