x, y, length, r, ctrl
-0.139, 0.153, 0.000, 5000.000, 0.000
0.684, 1.005, 1.185, 5000.000, 0.000
1.508, 1.856, 2.369, 5000.000, 0.000
2.334, 2.706, 3.554, 5000.000, 0.000
3.160, 3.554, 4.738, 5000.000, 0.000
3.988, 4.401, 5.923, 5000.000, 0.000
4.817, 5.247, 7.107, 5000.000, 0.000
5.647, 6.092, 8.291, 5000.000, 0.000
6.478, 6.935, 9.475, 5000.000, 0.000
7.310, 7.778, 10.659, 5000.000, 0.000
8.143, 8.619, 11.843, 5000.000, 0.000
8.977, 9.459, 13.027, 5000.000, 0.000
9.813, 10.297, 14.211, 5000.000, 0.000
10.649, 11.135, 15.394, 5000.000, 0.000
11.487, 11.971, 16.578, 5000.000, 0.000
12.769, 13.197, 18.351, 5000.000, 0.000
13.632, 14.005, 19.533, 5000.000, 0.000
14.497, 14.811, 20.714, 5000.000, 0.000
15.366, 15.613, 21.896, 5000.000, 0.000
16.240, 16.409, 23.077, 5000.000, 0.000
17.074, 17.249, 24.260, 5000.000, 0.000
17.903, 18.095, 25.445, 5000.000, 0.000
18.727, 18.946, 26.629, 5000.000, 0.000
19.548, 19.801, 27.814, 5000.000, 0.000
20.366, 20.658, 28.999, 5000.000, 0.000
21.182, 21.518, 30.185, 5000.000, 0.000
21.998, 22.379, 31.370, 5000.000, 0.000
22.813, 23.239, 32.556, 5000.000, 0.000
23.630, 24.099, 33.742, 5000.000, 0.000
24.448, 24.956, 34.927, 5000.000, 0.000
25.269, 25.811, 36.112, 5000.000, 0.000
26.093, 26.662, 37.296, 5000.000, 0.000
26.922, 27.508, 38.481, 5000.000, 0.000
27.756, 28.348, 39.664, 5000.000, 0.000
28.630, 29.144, 40.844, 5000.000, 0.000
29.498, 29.946, 42.025, 5000.000, 0.000
30.363, 30.753, 43.206, 5000.000, 0.000
31.227, 31.561, 44.388, 5000.000, 0.000
32.090, 32.369, 45.569, 5000.000, 0.000
32.955, 33.175, 46.751, 5000.000, 0.000
33.823, 33.977, 47.932, 5000.000, 0.000
34.697, 34.773, 49.113, 5000.000, 0.000
35.531, 35.613, 50.297, 5000.000, 0.000
36.360, 36.459, 51.481, 5000.000, 0.000
37.184, 37.310, 52.666, 5000.000, 0.000
38.005, 38.165, 53.851, 5000.000, 0.000
38.823, 39.022, 55.036, 5000.000, 0.000
39.640, 39.882, 56.222, 5000.000, 0.000
40.455, 40.743, 57.407, 5000.000, 0.000
41.271, 41.603, 58.593, 5000.000, 0.000
42.087, 42.463, 59.778, 5000.000, 0.000
42.905, 43.320, 60.963, 5000.000, 0.000
43.726, 44.175, 62.148, 5000.000, 0.000
44.584, 44.989, 63.330, 5000.000, 0.000
45.434, 45.812, 64.512, 5000.000, 0.000
46.278, 46.641, 65.695, 5000.000, 0.000
47.117, 47.476, 66.878, 5000.000, 0.000
47.953, 48.313, 68.062, 5000.000, 0.000
48.789, 49.151, 69.245, 5000.000, 0.000
49.626, 49.989, 70.429, 5000.000, 0.000
50.465, 50.823, 71.612, 5000.000, 0.000
51.309, 51.652, 72.795, 5000.000, 0.000
52.159, 52.475, 73.978, 5000.000, 0.000
53.017, 53.289, 75.160, 5000.000, 0.000
53.837, 54.144, 76.345, 5000.000, 0.000
54.655, 55.001, 77.530, 5000.000, 0.000
55.472, 55.861, 78.715, 5000.000, 0.000
56.287, 56.722, 79.901, 5000.000, 0.000
57.103, 57.582, 81.086, 5000.000, 0.000
57.919, 58.442, 82.272, 5000.000, 0.000
58.737, 59.299, 83.457, 5000.000, 0.000
59.558, 60.154, 84.642, 5000.000, 0.000
60.383, 61.005, 85.827, 5000.000, 0.000
61.211, 61.851, 87.011, 5000.000, 0.000
62.079, 62.654, 88.191, 5000.000, 0.000
62.940, 63.464, 89.373, 5000.000, 0.000
63.797, 64.279, 90.555, 5000.000, 0.000
64.652, 65.097, 91.737, 5000.000, 0.000
65.505, 65.915, 92.919, 5000.000, 0.000
66.360, 66.733, 94.102, 5000.000, 0.000
67.217, 67.548, 95.284, 5000.000, 0.000
68.078, 68.358, 96.466, 5000.000, 0.000
68.946, 69.161, 97.648, 5000.000, 0.000
69.774, 70.007, 98.832, 5000.000, 0.000
70.599, 70.858, 100.016, 5000.000, 0.000
71.420, 71.713, 101.201, 5000.000, 0.000
72.238, 72.570, 102.386, 5000.000, 0.000
73.054, 73.430, 103.571, 5000.000, 0.000
73.870, 74.290, 104.756, 5000.000, 0.000
74.685, 75.151, 105.941, 5000.000, 0.000
75.501, 76.011, 107.127, 5000.000, 0.000
76.320, 76.868, 108.312, 5000.000, 0.000
77.140, 77.723, 109.497, 5000.000, 0.000
77.965, 78.574, 110.682, 5000.000, 0.000
78.794, 79.420, 111.866, 5000.000, 0.000
79.661, 80.223, 113.047, 5000.000, 0.000
80.523, 81.033, 114.228, 5000.000, 0.000
81.380, 81.848, 115.410, 5000.000, 0.000
82.234, 82.666, 116.592, 5000.000, 0.000
83.087, 83.484, 117.775, 5000.000, 0.000
83.942, 84.302, 118.957, 5000.000, 0.000
84.799, 85.117, 120.140, 5000.000, 0.000
85.660, 85.927, 121.322, 5000.000, 0.000
86.528, 86.730, 122.503, 5000.000, 0.000
87.357, 87.576, 123.688, 5000.000, 0.000
88.181, 88.427, 124.872, 5000.000, 0.000
89.002, 89.282, 126.057, 5000.000, 0.000
89.820, 90.139, 127.241, 5000.000, 0.000
90.636, 90.999, 128.426, 5000.000, 0.000
91.452, 91.859, 129.612, 5000.000, 0.000
92.267, 92.720, 130.797, 5000.000, 0.000
93.084, 93.580, 131.982, 5000.000, 0.000
93.902, 94.437, 133.167, 5000.000, 0.000
94.723, 95.292, 134.352, 5000.000, 0.000
95.547, 96.143, 135.537, 5000.000, 0.000
96.409, 96.952, 136.718, 5000.000, 0.000
97.265, 97.769, 137.900, 5000.000, 0.000
98.115, 98.591, 139.083, 5000.000, 0.000
98.961, 99.418, 140.266, 5000.000, 0.000
99.805, 100.246, 141.449, 5000.000, 0.000
100.650, 101.075, 142.632, 5000.000, 0.000
101.496, 101.902, 143.815, 5000.000, 0.000
102.346, 102.724, 144.998, 5000.000, 0.000
103.202, 103.541, 146.180, 5000.000, 0.000
104.064, 104.350, 147.362, 5000.000, 0.000
104.888, 105.201, 148.547, 5000.000, 0.000
105.709, 106.056, 149.731, 5000.000, 0.000
106.527, 106.913, 150.916, 5000.000, 0.000
107.344, 107.773, 152.101, 5000.000, 0.000
108.159, 108.633, 153.286, 5000.000, 0.000
108.975, 109.494, 154.471, 5000.000, 0.000
109.791, 110.354, 155.657, 5000.000, 0.000
110.609, 111.211, 156.842, 5000.000, 0.000
111.430, 112.066, 158.027, 5000.000, 0.000
112.254, 112.917, 159.211, 5000.000, 0.000
113.083, 113.763, 160.396, 5000.000, 0.000
113.917, 114.603, 161.579, 5000.000, 0.000
114.757, 115.436, 162.763, 5000.000, 0.000
115.605, 116.261, 163.945, 5000.000, 0.000
116.494, 117.041, 165.125, 5000.000, 0.000
117.379, 117.825, 166.306, 5000.000, 0.000
118.263, 118.610, 167.487, 5000.000, 0.000
119.146, 119.396, 168.669, 5000.000, 0.000
120.032, 120.179, 169.850, 5000.000, 0.000
120.921, 120.959, 171.032, 5000.000, 0.000
121.768, 121.785, 172.215, 5000.000, 0.000
122.609, 122.618, 173.398, 5000.000, 0.000
123.443, 123.458, 174.581, 5000.000, 0.000
124.271, 124.304, 175.765, 5000.000, 0.000
125.096, 125.155, 176.949, 5000.000, 0.000
125.917, 126.009, 178.133, 5000.000, 0.000
126.735, 126.867, 179.317, 5000.000, 0.000
127.551, 127.727, 180.502, 5000.000, 0.000
128.367, 128.587, 181.686, 5000.000, 0.000
129.182, 129.448, 182.871, 5000.000, 0.000
129.999, 130.307, 184.057, 5000.000, 0.000
130.817, 131.165, 185.242, 5000.000, 0.000
131.637, 132.020, 186.427, 5000.000, 0.000
132.495, 132.834, 187.608, 5000.000, 0.000
133.345, 133.656, 188.791, 5000.000, 0.000
134.189, 134.486, 189.974, 5000.000, 0.000
135.028, 135.320, 191.157, 5000.000, 0.000
135.865, 136.157, 192.341, 5000.000, 0.000
136.701, 136.996, 193.525, 5000.000, 0.000
137.537, 137.833, 194.708, 5000.000, 0.000
138.376, 138.668, 195.892, 5000.000, 0.000
139.220, 139.497, 197.075, 5000.000, 0.000
140.070, 140.320, 198.258, 5000.000, 0.000
140.928, 141.134, 199.440, 5000.000, 0.000
141.749, 141.988, 200.625, 5000.000, 0.000
142.567, 142.846, 201.810, 5000.000, 0.000
143.383, 143.706, 202.995, 5000.000, 0.000
144.199, 144.566, 204.180, 5000.000, 0.000
145.014, 145.427, 205.365, 5000.000, 0.000
145.831, 146.286, 206.550, 5000.000, 0.000
146.649, 147.144, 207.736, 5000.000, 0.000
147.470, 147.999, 208.920, 5000.000, 0.000
148.294, 148.849, 210.105, 5000.000, 0.000
149.123, 149.695, 211.289, 5000.000, 0.000
149.957, 150.535, 212.473, 5000.000, 0.000
150.831, 151.332, 213.654, 5000.000, 0.000
151.699, 152.134, 214.836, 5000.000, 0.000
152.564, 152.940, 216.018, 5000.000, 0.000
153.427, 153.748, 217.200, 5000.000, 0.000
154.291, 154.556, 218.382, 5000.000, 0.000
155.156, 155.362, 219.565, 5000.000, 0.000
156.024, 156.164, 220.747, 5000.000, 0.000
156.898, 156.961, 221.929, 5000.000, 0.000
157.732, 157.801, 223.112, 5000.000, 0.000
158.561, 158.647, 224.296, 5000.000, 0.000
159.385, 159.497, 225.480, 5000.000, 0.000
160.206, 160.352, 226.664, 5000.000, 0.000
161.024, 161.210, 227.848, 5000.000, 0.000
161.841, 162.069, 229.033, 5000.000, 0.000
162.656, 162.930, 230.218, 5000.000, 0.000
163.472, 163.791, 231.403, 5000.000, 0.000
164.288, 164.650, 232.588, 5000.000, 0.000
165.106, 165.508, 233.772, 5000.000, 0.000
165.927, 166.363, 234.957, 5000.000, 0.000
166.751, 167.213, 236.142, 5000.000, 0.000
167.580, 168.059, 237.326, 5000.000, 0.000
168.414, 168.899, 238.510, 5000.000, 0.000
169.255, 169.733, 239.693, 5000.000, 0.000
170.102, 170.558, 240.876, 5000.000, 0.000
170.957, 171.375, 242.058, 5000.000, 0.000
171.822, 172.181, 243.240, 5000.000, 0.000
172.729, 172.941, 244.420, 5000.000, 0.000
173.635, 173.702, 245.600, 5000.000, 0.000
174.541, 174.463, 246.781, 5000.000, 0.000
175.448, 175.222, 247.963, 5000.000, 0.000
176.313, 176.029, 249.145, 5000.000, 0.000
177.168, 176.846, 250.328, 5000.000, 0.000
178.016, 177.671, 251.511, 5000.000, 0.000
178.856, 178.504, 252.693, 5000.000, 0.000
179.690, 179.344, 253.877, 5000.000, 0.000
180.519, 180.190, 255.060, 5000.000, 0.000
181.343, 181.041, 256.244, 5000.000, 0.000
182.164, 181.896, 257.428, 5000.000, 0.000
182.982, 182.753, 258.612, 5000.000, 0.000
183.798, 183.613, 259.796, 5000.000, 0.000
184.614, 184.474, 260.980, 5000.000, 0.000
185.429, 185.334, 262.166, 5000.000, 0.000
186.246, 186.194, 263.352, 5000.000, 0.000
187.097, 187.015, 264.533, 5000.000, 0.000
187.939, 187.846, 265.717, 5000.000, 0.000
188.773, 188.686, 266.900, 5000.000, 0.000
189.601, 189.533, 268.085, 5000.000, 0.000
190.424, 190.385, 269.270, 5000.000, 0.000
191.245, 191.240, 270.455, 5000.000, 0.000
192.065, 192.096, 271.640, 5000.000, 0.000
192.885, 192.951, 272.825, 5000.000, 0.000
193.709, 193.803, 274.009, 5000.000, 0.000
194.536, 194.650, 275.194, 5000.000, 0.000
195.370, 195.490, 276.377, 5000.000, 0.000
196.212, 196.322, 277.561, 5000.000, 0.000
197.064, 197.143, 278.743, 5000.000, 0.000
197.880, 198.002, 279.928, 5000.000, 0.000
198.696, 198.863, 281.114, 5000.000, 0.000
199.511, 199.723, 282.299, 5000.000, 0.000
200.328, 200.583, 283.484, 5000.000, 0.000
201.146, 201.441, 284.670, 5000.000, 0.000
201.967, 202.295, 285.855, 5000.000, 0.000
202.791, 203.146, 287.039, 5000.000, 0.000
203.620, 203.992, 288.224, 5000.000, 0.000
204.487, 204.795, 289.405, 5000.000, 0.000
205.349, 205.605, 290.588, 5000.000, 0.000
206.206, 206.420, 291.770, 5000.000, 0.000
207.060, 207.238, 292.953, 5000.000, 0.000
207.914, 208.057, 294.135, 5000.000, 0.000
208.768, 208.874, 295.318, 5000.000, 0.000
209.625, 209.689, 296.501, 5000.000, 0.000
210.486, 210.499, 297.683, 5000.000, 0.000
211.354, 211.302, 298.865, 5000.000, 0.000
212.183, 212.148, 300.049, 5000.000, 0.000
213.007, 212.999, 301.233, 5000.000, 0.000
213.828, 213.854, 302.417, 5000.000, 0.000
214.646, 214.712, 303.602, 5000.000, 0.000
215.463, 215.571, 304.786, 5000.000, 0.000
216.278, 216.432, 305.971, 5000.000, 0.000
217.094, 217.292, 307.156, 5000.000, 0.000
217.910, 218.152, 308.341, 5000.000, 0.000
218.728, 219.010, 309.526, 5000.000, 0.000
219.549, 219.864, 310.710, 5000.000, 0.000
220.373, 220.715, 311.895, 5000.000, 0.000
221.202, 221.561, 313.079, 5000.000, 0.000
222.036, 222.401, 314.263, 5000.000, 0.000
222.876, 223.234, 315.446, 5000.000, 0.000
223.724, 224.060, 316.629, 5000.000, 0.000
224.579, 224.876, 317.812, 5000.000, 0.000
225.444, 225.683, 318.994, 5000.000, 0.000
226.351, 226.442, 320.174, 5000.000, 0.000
227.257, 227.204, 321.356, 5000.000, 0.000
228.163, 227.965, 322.537, 5000.000, 0.000
229.070, 228.724, 323.720, 5000.000, 0.009
229.935, 229.531, 324.902, 5000.000, 0.025
230.790, 230.347, 326.084, 5000.000, 0.040
231.637, 231.173, 327.267, 5000.000, 0.056
232.478, 232.006, 328.449, 5000.000, 0.071
233.312, 232.846, 329.632, 5000.000, 0.087
234.141, 233.692, 330.815, 5000.000, 0.103
234.965, 234.543, 331.999, 5000.000, 0.118
235.786, 235.398, 333.182, 5000.000, 0.134
236.604, 236.255, 334.366, 5000.000, 0.149
237.420, 237.115, 335.550, 5000.000, 0.165
238.236, 237.975, 336.735, 5000.000, 0.180
239.051, 238.836, 337.919, 5000.000, 0.196
239.868, 239.696, 339.104, 5000.000, 0.211
240.686, 240.553, 340.289, 5000.000, 0.227
241.540, 241.371, 341.471, 5000.000, 0.242
242.386, 242.199, 342.654, 5000.000, 0.258
243.224, 243.034, 343.838, 5000.000, 0.273
244.057, 243.875, 345.021, 5000.000, 0.289
244.887, 244.720, 346.206, 5000.000, 0.304
245.714, 245.567, 347.390, 5000.000, 0.320
246.542, 246.414, 348.574, 5000.000, 0.335
247.372, 247.260, 349.758, 5000.000, 0.351
248.205, 248.101, 350.942, 5000.000, 0.367
249.043, 248.936, 352.126, 5000.000, 0.382
249.888, 249.764, 353.309, 5000.000, 0.398
250.743, 250.582, 354.491, 5000.000, 0.413
251.561, 251.439, 355.676, 5000.000, 0.429
252.377, 252.299, 356.861, 5000.000, 0.444
253.193, 253.159, 358.047, 5000.000, 0.460
254.008, 254.020, 359.232, 5000.000, 0.475
254.825, 254.880, 360.417, 5000.000, 0.491
255.643, 255.737, 361.602, 5000.000, 0.506
256.464, 256.592, 362.787, 5000.000, 0.522
257.288, 257.443, 363.972, 5000.000, 0.537
258.117, 258.289, 365.156, 5000.000, 0.553
258.951, 259.129, 366.340, 5000.000, 0.568
259.825, 259.925, 367.522, 5000.000, 0.584
260.693, 260.727, 368.704, 5000.000, 0.600
261.558, 261.533, 369.886, 5000.000, 0.615
262.422, 262.341, 371.068, 5000.000, 0.631
263.285, 263.149, 372.251, 5000.000, 0.646
264.150, 263.955, 373.433, 5000.000, 0.662
265.018, 264.758, 374.615, 5000.000, 0.677
265.892, 265.554, 375.798, 5000.000, 0.693
266.726, 266.394, 376.981, 5000.000, 0.708
267.555, 267.240, 378.164, 5000.000, 0.724
268.379, 268.091, 379.348, 5000.000, 0.739
269.200, 268.945, 380.532, 5000.000, 0.755
270.018, 269.803, 381.716, 5000.000, 0.770
270.835, 270.663, 382.901, 5000.000, 0.786
271.650, 271.523, 384.085, 5000.000, 0.801
272.466, 272.384, 385.270, 5000.000, 0.817
273.282, 273.243, 386.455, 5000.000, 0.832
274.100, 274.101, 387.640, 5000.000, 0.848
274.921, 274.956, 388.824, 5000.000, 0.863
275.745, 275.807, 390.009, 5000.000, 0.879
276.574, 276.653, 391.193, 5000.000, 0.894
277.408, 277.493, 392.377, 5000.000, 0.910
278.249, 278.326, 393.560, 5000.000, 0.926
279.096, 279.151, 394.743, 5000.000, 0.941
279.951, 279.968, 395.925, 5000.000, 0.957
280.816, 280.775, 397.107, 5000.000, 0.972
281.690, 281.571, 398.289, 5000.000, 0.988
282.608, 282.318, 399.470, 5000.000, 1.003
283.525, 283.067, 400.651, 5000.000, 1.019
284.444, 283.814, 401.833, 5000.000, 1.034
285.318, 284.610, 403.015, 5000.000, 1.050
286.182, 285.417, 404.198, 5000.000, 1.065
287.037, 286.234, 405.380, 5000.000, 1.081
287.885, 287.059, 406.563, 5000.000, 1.096
288.725, 287.893, 407.745, 5000.000, 1.112
289.559, 288.733, 408.928, 5000.000, 1.127
290.388, 289.579, 410.111, 5000.000, 1.143
291.212, 290.429, 411.294, 5000.000, 1.158
292.033, 291.284, 412.478, 5000.000, 1.174
292.851, 292.142, 413.662, 5000.000, 1.189
293.668, 293.001, 414.846, 5000.000, 1.205
294.483, 293.862, 416.030, 5000.000, 1.220
295.299, 294.722, 417.214, 5000.000, 1.236
296.115, 295.582, 418.400, 5000.000, 1.251
296.967, 296.403, 419.582, 5000.000, 1.267
297.809, 297.234, 420.765, 5000.000, 1.282
298.643, 298.075, 421.949, 5000.000, 1.298
299.470, 298.922, 423.134, 5000.000, 1.313
300.294, 299.774, 424.318, 5000.000, 1.329
301.114, 300.629, 425.503, 5000.000, 1.345
301.934, 301.484, 426.688, 5000.000, 1.360
302.755, 302.339, 427.873, 5000.000, 1.376
303.578, 303.191, 429.058, 5000.000, 1.391
304.406, 304.038, 430.242, 5000.000, 1.407
305.240, 304.879, 431.426, 5000.000, 1.422
306.081, 305.710, 432.609, 5000.000, 1.438
306.933, 306.531, 433.792, 5000.000, 1.453
307.750, 307.390, 434.977, 5000.000, 1.469
308.565, 308.251, 436.162, 5000.000, 1.484
309.380, 309.112, 437.348, 5000.000, 1.500
310.197, 309.971, 438.533, 5000.000, 1.515
311.015, 310.829, 439.718, 5000.000, 1.531
311.836, 311.684, 440.903, 5000.000, 1.547
312.660, 312.534, 442.088, 5000.000, 1.562
313.522, 313.343, 443.269, 5000.000, 1.578
314.378, 314.160, 444.452, 5000.000, 1.593
315.228, 314.983, 445.635, 5000.000, 1.609
316.074, 315.809, 446.818, 5000.000, 1.624
316.919, 316.638, 448.001, 5000.000, 1.640
317.763, 317.467, 449.184, 5000.000, 1.655
318.610, 318.293, 450.367, 5000.000, 1.671
319.459, 319.116, 451.550, 5000.000, 1.686
320.315, 319.933, 452.732, 5000.000, 1.702
321.177, 320.742, 453.915, 5000.000, 1.717
322.001, 321.592, 455.099, 5000.000, 1.733
322.822, 322.447, 456.283, 5000.000, 1.748
323.640, 323.305, 457.468, 5000.000, 1.764
324.457, 324.164, 458.653, 5000.000, 1.779
325.272, 325.025, 459.838, 5000.000, 1.795
326.088, 325.886, 461.023, 5000.000, 1.810
326.904, 326.745, 462.208, 5000.000, 1.826
327.722, 327.603, 463.393, 5000.000, 1.842
328.543, 328.458, 464.578, 5000.000, 1.857
329.367, 329.308, 465.762, 5000.000, 1.873
330.196, 330.154, 466.946, 5000.000, 1.888
331.030, 330.994, 468.130, 5000.000, 1.904
331.871, 331.828, 469.314, 5000.000, 1.919
332.718, 332.653, 470.497, 5000.000, 1.935
333.573, 333.470, 471.679, 5000.000, 1.950
334.438, 334.276, 472.862, 5000.000, 1.966
335.312, 335.073, 474.044, 5000.000, 1.981
336.196, 335.857, 475.225, 5000.000, 1.997
337.126, 336.592, 476.407, 5000.000, 2.012
338.056, 337.327, 477.590, 5000.000, 2.028
338.941, 338.111, 478.772, 5000.000, 2.043
339.815, 338.907, 479.955, 5000.000, 2.059
340.679, 339.714, 481.137, 5000.000, 2.074
341.534, 340.531, 482.319, 5000.000, 2.090
342.382, 341.356, 483.501, 5000.000, 2.105
343.222, 342.189, 484.683, 5000.000, 2.121
344.056, 343.029, 485.866, 5000.000, 2.136
344.885, 343.875, 487.048, 5000.000, 2.152
345.709, 344.726, 488.231, 5000.000, 2.167
346.530, 345.581, 489.415, 5000.000, 2.183
347.348, 346.438, 490.598, 5000.000, 2.198
348.165, 347.298, 491.782, 5000.000, 2.214
348.980, 348.159, 492.966, 5000.000, 2.229
349.796, 349.019, 494.150, 5000.000, 2.245
350.646, 349.842, 495.333, 5000.000, 2.261
351.485, 350.676, 496.517, 5000.000, 2.276
352.315, 351.520, 497.701, 5000.000, 2.292
353.139, 352.372, 498.885, 5000.000, 2.307
353.956, 353.230, 500.071, 5000.000, 2.323
354.771, 354.092, 501.256, 5000.000, 2.338
355.584, 354.956, 502.442, 5000.000, 2.354
356.396, 355.819, 503.628, 5000.000, 2.369
357.211, 356.681, 504.813, 5000.000, 2.385
358.029, 357.539, 505.999, 5000.000, 2.400
358.852, 358.391, 507.183, 5000.000, 2.416
359.682, 359.235, 508.368, 5000.000, 2.431
360.522, 360.069, 509.551, 5000.000, 2.447
361.371, 360.892, 510.733, 5000.000, 2.463
362.187, 361.753, 511.918, 5000.000, 2.478
363.002, 362.613, 513.104, 5000.000, 2.494
363.819, 363.473, 514.289, 5000.000, 2.509
364.637, 364.331, 515.475, 5000.000, 2.525
365.458, 365.185, 516.660, 5000.000, 2.540
366.282, 366.036, 517.844, 5000.000, 2.556
367.144, 366.845, 519.025, 5000.000, 2.571
368.000, 367.662, 520.207, 5000.000, 2.587
368.850, 368.485, 521.390, 5000.000, 2.602
369.696, 369.311, 522.573, 5000.000, 2.618
370.541, 370.140, 523.756, 5000.000, 2.633
371.385, 370.968, 524.939, 5000.000, 2.649
372.231, 371.795, 526.122, 5000.000, 2.664
373.081, 372.618, 527.305, 5000.000, 2.680
373.937, 373.434, 528.487, 5000.000, 2.695
374.799, 374.243, 529.670, 5000.000, 2.711
375.623, 375.094, 530.854, 5000.000, 2.726
376.444, 375.949, 532.038, 5000.000, 2.742
377.262, 376.807, 533.223, 5000.000, 2.758
378.079, 377.666, 534.408, 5000.000, 2.773
378.894, 378.527, 535.593, 5000.000, 2.789
379.710, 379.387, 536.778, 5000.000, 2.804
380.526, 380.247, 537.963, 5000.000, 2.820
381.344, 381.105, 539.148, 5000.000, 2.835
382.165, 381.959, 540.333, 5000.000, 2.851
382.989, 382.810, 541.518, 5000.000, 2.866
383.818, 383.656, 542.702, 5000.000, 2.882
384.652, 384.496, 543.886, 5000.000, 2.897
385.493, 385.329, 545.069, 5000.000, 2.913
386.340, 386.155, 546.252, 5000.000, 2.928
387.195, 386.971, 547.434, 5000.000, 2.944
388.060, 387.778, 548.617, 5000.000, 2.959
388.934, 388.574, 549.799, 5000.000, 2.975
389.852, 389.322, 550.981, 5000.000, 2.990
390.769, 390.070, 552.165, 5000.000, 3.006
391.687, 390.818, 553.348, 5000.000, 3.022
392.561, 391.614, 554.530, 5000.000, 3.037
393.426, 392.421, 555.712, 5000.000, 3.053
394.281, 393.237, 556.893, 5000.000, 3.068
395.129, 394.063, 558.075, 5000.000, 3.084
395.969, 394.896, 559.257, 5000.000, 3.099
396.803, 395.736, 560.439, 5000.000, 3.115
397.632, 396.582, 561.622, 5000.000, 3.130
398.456, 397.433, 562.805, 5000.000, 3.146
399.277, 398.287, 563.988, 5000.000, 3.161
400.095, 399.145, 565.171, 5000.000, 3.177
400.912, 400.005, 566.355, 5000.000, 3.192
401.727, 400.865, 567.539, 5000.000, 3.208
402.543, 401.726, 568.724, 5000.000, 3.223
403.359, 402.585, 569.908, 5000.000, 3.239
404.177, 403.443, 571.092, 5000.000, 3.254
404.998, 404.298, 572.277, 5000.000, 3.270
405.822, 405.149, 573.461, 5000.000, 3.285
406.685, 405.958, 574.643, 5000.000, 3.301
407.540, 406.774, 575.826, 5000.000, 3.316
408.390, 407.597, 577.009, 5000.000, 3.332
409.236, 408.424, 578.192, 5000.000, 3.347
410.081, 409.252, 579.375, 5000.000, 3.363
410.925, 410.081, 580.558, 5000.000, 3.378
411.772, 410.907, 581.741, 5000.000, 3.394
412.621, 411.730, 582.924, 5000.000, 3.409
413.477, 412.547, 584.106, 5000.000, 3.425
414.339, 413.356, 585.288, 5000.000, 3.440
415.163, 414.207, 586.473, 5000.000, 3.456
415.984, 415.061, 587.657, 5000.000, 3.472
416.802, 415.919, 588.841, 5000.000, 3.487
417.619, 416.779, 590.026, 5000.000, 3.503
418.434, 417.639, 591.211, 5000.000, 3.518
419.250, 418.500, 592.396, 5000.000, 3.534
420.066, 419.359, 593.581, 5000.000, 3.549
420.884, 420.217, 594.766, 5000.000, 3.565
421.739, 421.035, 595.949, 5000.000, 3.580
422.584, 421.862, 597.132, 5000.000, 3.596
423.422, 422.698, 598.315, 5000.000, 3.611
424.255, 423.539, 599.499, 5000.000, 3.627
425.085, 424.384, 600.683, 5000.000, 3.642
425.913, 425.231, 601.868, 5000.000, 3.658
426.740, 426.078, 603.052, 5000.000, 3.673
427.570, 426.924, 604.236, 5000.000, 3.689
428.403, 427.765, 605.420, 5000.000, 3.705
429.241, 428.600, 606.603, 5000.000, 3.720
430.087, 429.428, 607.786, 5000.000, 3.736
430.941, 430.246, 608.969, 5000.000, 3.751
431.759, 431.103, 610.154, 5000.000, 3.767
432.576, 431.963, 611.339, 5000.000, 3.782
433.391, 432.823, 612.524, 5000.000, 3.798
434.207, 433.684, 613.710, 5000.000, 3.813
435.023, 434.544, 614.895, 5000.000, 3.829
435.841, 435.401, 616.080, 5000.000, 3.844
436.662, 436.256, 617.265, 5000.000, 3.860
437.486, 437.107, 618.450, 5000.000, 3.875
438.315, 437.953, 619.634, 5000.000, 3.891
439.149, 438.793, 620.818, 5000.000, 3.907
439.990, 439.626, 622.001, 5000.000, 3.922
440.837, 440.451, 623.184, 5000.000, 3.938
441.692, 441.268, 624.366, 5000.000, 3.953
442.557, 442.075, 625.547, 5000.000, 3.969
443.431, 442.871, 626.729, 5000.000, 3.984
444.315, 443.655, 627.912, 5000.000, 4.000
445.212, 444.427, 629.094, 5000.000, 4.015
446.120, 445.185, 630.277, 5000.000, 4.031
447.029, 445.943, 631.460, 5000.000, 4.046
447.925, 446.715, 632.643, 5000.000, 4.062
448.810, 447.499, 633.825, 5000.000, 4.077
449.684, 448.295, 635.007, 5000.000, 4.093
450.548, 449.102, 636.189, 5000.000, 4.108
451.404, 449.919, 637.371, 5000.000, 4.124
452.251, 450.744, 638.553, 5000.000, 4.139
453.091, 451.577, 639.734, 5000.000, 4.155
453.925, 452.417, 640.917, 5000.000, 4.170
454.754, 453.263, 642.099, 5000.000, 4.186
455.579, 454.114, 643.282, 5000.000, 4.201
456.399, 454.969, 644.465, 5000.000, 4.217
457.218, 455.827, 645.648, 5000.000, 4.232
458.034, 456.686, 646.832, 5000.000, 4.248
458.849, 457.547, 648.016, 5000.000, 4.263
459.665, 458.407, 649.200, 5000.000, 4.279
460.481, 459.267, 650.384, 5000.000, 4.294
461.299, 460.125, 651.568, 5000.000, 4.310
462.120, 460.979, 652.753, 5000.000, 4.325
462.945, 461.830, 653.938, 5000.000, 4.341
463.773, 462.676, 655.122, 5000.000, 4.356
464.641, 463.479, 656.303, 5000.000, 4.372
465.502, 464.289, 657.485, 5000.000, 4.387
466.359, 465.104, 658.667, 5000.000, 4.403
467.214, 465.922, 659.850, 5000.000, 4.419
468.067, 466.741, 661.032, 5000.000, 4.434
468.922, 467.558, 662.215, 5000.000, 4.450
469.779, 468.373, 663.398, 5000.000, 4.465
470.640, 469.183, 664.580, 5000.000, 4.481
471.508, 469.986, 665.762, 5000.000, 4.496
472.336, 470.832, 666.946, 5000.000, 4.512
473.161, 471.683, 668.130, 5000.000, 4.527
473.982, 472.538, 669.314, 5000.000, 4.543
474.800, 473.395, 670.499, 5000.000, 4.558
475.616, 474.255, 671.684, 5000.000, 4.574
476.432, 475.116, 672.869, 5000.000, 4.589
477.247, 475.976, 674.054, 5000.000, 4.605
478.064, 476.836, 675.239, 5000.000, 4.620
478.882, 477.693, 676.424, 5000.000, 4.636
479.702, 478.548, 677.608, 5000.000, 4.651
480.527, 479.399, 678.793, 5000.000, 4.667
481.356, 480.245, 679.977, 5000.000, 4.683
482.190, 481.085, 681.161, 5000.000, 4.698
483.030, 481.918, 682.345, 5000.000, 4.714
483.911, 482.707, 683.525, 5000.000, 4.729
484.788, 483.500, 684.706, 5000.000, 4.745
485.661, 484.296, 685.888, 5000.000, 4.760
486.534, 485.094, 687.070, 5000.000, 4.776
487.408, 485.890, 688.252, 5000.000, 4.791
488.285, 486.683, 689.434, 5000.000, 4.807
489.166, 487.472, 690.616, 5000.000, 4.822
490.006, 488.305, 691.799, 5000.000, 4.838
490.840, 489.145, 692.982, 5000.000, 4.853
491.669, 489.991, 694.166, 5000.000, 4.869
492.493, 490.842, 695.349, 5000.000, 4.884
493.314, 491.697, 696.534, 5000.000, 4.900
494.132, 492.554, 697.718, 5000.000, 4.915
494.949, 493.414, 698.902, 5000.000, 4.931
495.764, 494.274, 700.087, 5000.000, 4.946
496.580, 495.135, 701.272, 5000.000, 4.962
497.396, 495.995, 702.457, 5000.000, 4.977
498.214, 496.852, 703.642, 5000.000, 4.993
499.035, 497.707, 704.827, 5000.000, 5.008
499.859, 498.558, 706.011, 5000.000, 5.024
500.688, 499.404, 707.195, 5000.000, 5.040
501.522, 500.244, 708.379, 5000.000, 5.055
502.363, 501.077, 709.563, 5000.000, 5.071
503.210, 501.902, 710.745, 5000.000, 5.086
504.065, 502.719, 711.927, 5000.000, 5.102
504.963, 503.489, 713.107, 5000.000, 5.117
505.858, 504.262, 714.288, 5000.000, 5.133
506.753, 505.036, 715.468, 5000.000, 5.148
507.648, 505.809, 716.650, 5000.000, 5.164
508.546, 506.579, 717.831, 5000.000, 5.179
509.401, 507.395, 719.014, 5000.000, 5.195
510.248, 508.221, 720.196, 5000.000, 5.210
511.089, 509.054, 721.379, 5000.000, 5.226
511.923, 509.894, 722.563, 5000.000, 5.241
512.752, 510.740, 723.746, 5000.000, 5.257
513.576, 511.591, 724.930, 5000.000, 5.272
514.397, 512.445, 726.114, 5000.000, 5.288
515.215, 513.303, 727.299, 5000.000, 5.303
516.031, 514.163, 728.483, 5000.000, 5.319
516.847, 515.023, 729.668, 5000.000, 5.334
517.662, 515.884, 730.853, 5000.000, 5.350
518.479, 516.743, 732.039, 5000.000, 5.365
519.297, 517.601, 733.224, 5000.000, 5.381
520.118, 518.456, 734.409, 5000.000, 5.397
520.942, 519.307, 735.594, 5000.000, 5.412
521.771, 520.152, 736.778, 5000.000, 5.428
522.605, 520.993, 737.962, 5000.000, 5.443
523.445, 521.826, 739.145, 5000.000, 5.459
524.293, 522.651, 740.327, 5000.000, 5.474
525.148, 523.468, 741.509, 5000.000, 5.490
526.012, 524.275, 742.691, 5000.000, 5.505
526.886, 525.071, 743.871, 5000.000, 5.521
527.771, 525.855, 745.052, 5000.000, 5.536
528.667, 526.627, 746.232, 5000.000, 5.552
529.576, 527.385, 747.411, 5000.000, 5.567
530.451, 528.180, 748.593, 5000.000, 5.583
531.326, 528.975, 749.775, 5000.000, 5.598
532.201, 529.770, 750.957, 5000.000, 5.614
533.076, 530.565, 752.138, 5000.000, 5.629
533.952, 531.360, 753.320, 5000.000, 5.645
534.860, 532.118, 754.501, 5000.000, 5.660
535.756, 532.889, 755.682, 5000.000, 5.676
536.641, 533.674, 756.865, 5000.000, 5.691
537.515, 534.470, 758.047, 5000.000, 5.707
538.379, 535.277, 759.229, 5000.000, 5.722
539.235, 536.093, 760.412, 5000.000, 5.738
540.082, 536.919, 761.594, 5000.000, 5.753
540.923, 537.752, 762.777, 5000.000, 5.769
541.757, 538.592, 763.960, 5000.000, 5.784
542.585, 539.438, 765.144, 5000.000, 5.800
543.410, 540.289, 766.328, 5000.000, 5.815
544.231, 541.143, 767.512, 5000.000, 5.831
545.049, 542.001, 768.697, 5000.000, 5.846
545.865, 542.861, 769.882, 5000.000, 5.862
546.681, 543.721, 771.067, 5000.000, 5.877
547.496, 544.582, 772.252, 5000.000, 5.893
548.312, 545.441, 773.437, 5000.000, 5.908
549.131, 546.299, 774.622, 5000.000, 5.924
549.951, 547.154, 775.806, 5000.000, 5.940
550.776, 548.005, 776.991, 5000.000, 5.955
551.605, 548.851, 778.175, 5000.000, 5.971
552.439, 549.691, 779.359, 5000.000, 5.986
553.279, 550.524, 780.542, 5000.000, 6.002
554.126, 551.349, 781.725, 5000.000, 6.017
554.982, 552.166, 782.908, 5000.000, 6.033
555.846, 552.973, 784.090, 5000.000, 6.048
556.754, 553.732, 785.272, 5000.000, 6.064
557.660, 554.493, 786.455, 5000.000, 6.079
558.565, 555.254, 787.637, 5000.000, 6.095
559.473, 556.013, 788.820, 5000.000, 6.110
560.337, 556.820, 790.002, 5000.000, 6.126
561.193, 557.637, 791.184, 5000.000, 6.141
562.040, 558.462, 792.366, 5000.000, 6.157
562.880, 559.296, 793.548, 5000.000, 6.172
563.714, 560.136, 794.730, 5000.000, 6.188
564.543, 560.982, 795.913, 5000.000, 6.203
565.368, 561.832, 797.096, 5000.000, 6.219
566.188, 562.687, 798.279, 5000.000, 6.234
567.007, 563.545, 799.463, 5000.000, 6.250
567.823, 564.404, 800.647, 5000.000, 6.265
568.638, 565.265, 801.831, 5000.000, 6.281
569.454, 566.126, 803.015, 5000.000, 6.296
570.270, 566.985, 804.200, 5000.000, 6.312
571.088, 567.843, 805.384, 5000.000, 6.328
571.909, 568.697, 806.569, 5000.000, 6.343
572.734, 569.548, 807.753, 5000.000, 6.359
573.562, 570.394, 808.937, 5000.000, 6.374
574.397, 571.234, 810.121, 5000.000, 6.390
575.237, 572.067, 811.304, 5000.000, 6.405
576.084, 572.893, 812.487, 5000.000, 6.421
576.940, 573.710, 813.669, 5000.000, 6.436
577.804, 574.516, 814.851, 5000.000, 6.452
578.678, 575.313, 816.033, 5000.000, 6.467
579.563, 576.097, 817.214, 5000.000, 6.483
580.459, 576.869, 818.395, 5000.000, 6.498
581.368, 577.627, 819.577, 5000.000, 6.514
582.243, 578.422, 820.759, 5000.000, 6.529
583.118, 579.217, 821.941, 5000.000, 6.545
583.993, 580.011, 823.123, 5000.000, 6.560
584.868, 580.806, 824.305, 5000.000, 6.576
585.743, 581.601, 825.488, 5000.000, 6.591
586.618, 582.396, 826.670, 5000.000, 6.607
587.493, 583.191, 827.852, 5000.000, 6.622
588.368, 583.986, 829.034, 5000.000, 6.638
589.277, 584.744, 830.216, 5000.000, 6.653
590.173, 585.516, 831.398, 5000.000, 6.669
591.058, 586.300, 832.580, 5000.000, 6.684
591.932, 587.096, 833.763, 5000.000, 6.700
592.796, 587.903, 834.945, 5000.000, 6.715
593.652, 588.720, 836.128, 5000.000, 6.731
594.499, 589.545, 837.311, 5000.000, 6.746
595.339, 590.379, 838.494, 5000.000, 6.762
596.174, 591.219, 839.677, 5000.000, 6.777
597.002, 592.065, 840.861, 5000.000, 6.793
597.827, 592.915, 842.046, 5000.000, 6.808
598.647, 593.770, 843.230, 5000.000, 6.824
599.466, 594.628, 844.415, 5000.000, 6.839
600.282, 595.487, 845.600, 5000.000, 6.855
601.098, 596.348, 846.786, 5000.000, 6.871
601.913, 597.208, 847.971, 5000.000, 6.886
602.729, 598.068, 849.156, 5000.000, 6.902
603.548, 598.926, 850.341, 5000.000, 6.917
604.368, 599.780, 851.526, 5000.000, 6.933
605.193, 600.631, 852.711, 5000.000, 6.948
606.021, 601.477, 853.895, 5000.000, 6.964
606.856, 602.317, 855.079, 5000.000, 6.979
607.696, 603.150, 856.262, 5000.000, 6.995
608.543, 603.976, 857.445, 5000.000, 7.010
609.399, 604.792, 858.627, 5000.000, 7.026
610.263, 605.599, 859.809, 5000.000, 7.041
611.137, 606.395, 860.991, 5000.000, 7.057
612.022, 607.180, 862.173, 5000.000, 7.072
612.918, 607.952, 863.356, 5000.000, 7.088
613.827, 608.710, 864.539, 5000.000, 7.103
614.702, 609.505, 865.721, 5000.000, 7.119
615.577, 610.299, 866.903, 5000.000, 7.134
616.452, 611.094, 868.085, 5000.000, 7.150
617.327, 611.889, 869.267, 5000.000, 7.165
618.202, 612.684, 870.449, 5000.000, 7.181
619.077, 613.479, 871.632, 5000.000, 7.196
619.952, 614.274, 872.814, 5000.000, 7.212
620.827, 615.069, 873.996, 5000.000, 7.228
621.703, 615.864, 875.178, 5000.000, 7.243
622.578, 616.659, 876.360, 5000.000, 7.259
623.453, 617.454, 877.543, 5000.000, 7.274
624.328, 618.249, 878.725, 5000.000, 7.290
625.203, 619.044, 879.907, 5000.000, 7.305
626.078, 619.839, 881.089, 5000.000, 7.321
626.953, 620.634, 882.272, 5000.000, 7.336
627.828, 621.429, 883.454, 5000.000, 7.352
628.703, 622.224, 884.636, 5000.000, 7.367
629.579, 623.019, 885.818, 5000.000, 7.383
630.454, 623.814, 887.001, 5000.000, 7.398
631.329, 624.608, 888.183, 5000.000, 7.414
632.204, 625.403, 889.365, 5000.000, 7.429
633.079, 626.198, 890.548, 5000.000, 7.445
633.954, 626.993, 891.730, 5000.000, 7.460
634.863, 627.751, 892.912, 5000.000, 7.476
635.759, 628.523, 894.095, 5000.000, 7.491
636.644, 629.307, 895.277, 5000.000, 7.507
637.484, 630.140, 896.459, 5000.000, 7.522
638.327, 630.971, 897.641, 5000.000, 7.538
639.173, 631.798, 898.823, 5000.000, 7.553
640.055, 632.585, 900.006, 4996.785, 7.569
640.927, 633.383, 901.188, 4988.963, 7.584
641.791, 634.191, 902.370, 4979.028, 7.600
642.646, 635.008, 903.553, 4967.842, 7.615
643.495, 635.832, 904.735, 4956.195, 7.631
644.337, 636.663, 905.918, 4942.871, 7.646
645.173, 637.500, 907.100, 4929.425, 7.662
646.006, 638.342, 908.283, 4915.125, 7.677
646.835, 639.188, 909.467, 4899.183, 7.693
647.661, 640.037, 910.650, 4882.216, 7.708
648.485, 640.888, 911.833, 4864.870, 7.724
649.308, 641.740, 913.018, 4847.025, 7.739
650.132, 642.592, 914.203, 4827.738, 7.755
650.956, 643.442, 915.388, 4808.018, 7.770
651.782, 644.291, 916.572, 4788.277, 7.786
652.611, 645.137, 917.756, 4770.392, 7.802
653.444, 645.979, 918.940, 4753.831, 7.817
654.280, 646.816, 920.124, 4736.617, 7.833
655.122, 647.648, 921.307, 4717.921, 7.848
655.971, 648.472, 922.490, 4697.665, 7.864
656.826, 649.289, 923.672, 4675.231, 7.879
657.690, 650.097, 924.853, 4651.718, 7.895
658.562, 650.895, 926.035, 4628.569, 7.910
659.444, 651.682, 927.215, 4604.845, 7.926
660.290, 652.509, 928.398, 4580.592, 7.941
661.133, 653.339, 929.582, 4556.353, 7.957
661.973, 654.172, 930.765, 4532.487, 7.972
662.858, 654.957, 931.946, 4508.647, 7.988
663.754, 655.728, 933.126, 4485.365, 8.003
664.663, 656.486, 934.306, 4462.182, 8.019
665.538, 657.281, 935.488, 4438.782, 8.034
666.413, 658.076, 936.670, 4416.494, 8.050
667.288, 658.871, 937.852, 4395.389, 8.065
668.163, 659.666, 939.034, 4374.628, 8.081
669.038, 660.461, 940.216, 4354.142, 8.096
669.914, 661.256, 941.398, 4334.465, 8.112
670.789, 662.051, 942.581, 4317.081, 8.127
671.664, 662.846, 943.763, 4302.517, 8.143
672.539, 663.641, 944.945, 4290.396, 8.158
673.414, 664.436, 946.128, 4280.289, 8.174
674.289, 665.231, 947.310, 4270.493, 8.189
675.164, 666.026, 948.492, 4261.266, 8.205
676.039, 666.821, 949.674, 4253.278, 8.220
676.914, 667.616, 950.857, 4245.446, 8.236
677.790, 668.411, 952.039, 4237.529, 8.251
678.665, 669.205, 953.221, 4228.408, 8.267
679.540, 670.000, 954.403, 4217.888, 8.282
680.415, 670.795, 955.586, 4208.569, 8.298
681.290, 671.590, 956.768, 4199.385, 8.313
682.165, 672.385, 957.950, 4190.246, 8.329
683.040, 673.180, 959.132, 4180.198, 8.344
683.915, 673.975, 960.315, 4168.401, 8.360
684.790, 674.770, 961.497, 4155.835, 8.375
685.665, 675.565, 962.679, 4142.839, 8.391
686.541, 676.360, 963.861, 4129.641, 8.406
687.416, 677.155, 965.044, 4115.712, 8.422
688.291, 677.950, 966.226, 4100.178, 8.437
689.166, 678.745, 967.408, 4085.071, 8.453
690.041, 679.540, 968.591, 4070.089, 8.468
690.916, 680.335, 969.773, 4055.680, 8.484
691.791, 681.130, 970.955, 4041.426, 8.499
692.666, 681.925, 972.137, 4026.184, 8.515
693.541, 682.719, 973.320, 4011.137, 8.530
694.417, 683.514, 974.502, 3997.148, 8.546
695.292, 684.309, 975.684, 3985.701, 8.561
696.167, 685.104, 976.866, 3976.256, 8.577
697.042, 685.899, 978.049, 3966.807, 8.592
697.917, 686.694, 979.231, 3957.565, 8.608
698.792, 687.489, 980.413, 3947.869, 8.623
699.667, 688.284, 981.595, 3937.526, 8.639
700.542, 689.079, 982.778, 3927.114, 8.654
701.417, 689.874, 983.960, 3915.994, 8.670
702.292, 690.669, 985.142, 3903.798, 8.685
703.168, 691.464, 986.324, 3891.999, 8.701
704.043, 692.259, 987.507, 3881.601, 8.716
704.918, 693.054, 988.689, 3871.907, 8.732
705.793, 693.849, 989.871, 3862.439, 8.747
706.668, 694.644, 991.054, 3851.624, 8.763
707.543, 695.439, 992.236, 3840.173, 8.778
708.418, 696.234, 993.418, 3827.351, 8.794
709.293, 697.028, 994.600, 3814.171, 8.809
710.168, 697.823, 995.783, 3799.691, 8.825
711.044, 698.618, 996.965, 3785.419, 8.841
711.919, 699.413, 998.147, 3771.688, 8.856
712.794, 700.208, 999.329, 3758.513, 8.872
713.635, 701.040, 1000.512, 3746.023, 8.887
714.489, 701.858, 1001.694, 3733.590, 8.903
715.388, 702.627, 1002.876, 3720.202, 8.918
716.286, 703.397, 1004.058, 3705.909, 8.934
717.181, 704.170, 1005.241, 3690.273, 8.949
718.075, 704.944, 1006.423, 3674.162, 8.965
718.967, 705.721, 1007.605, 3657.181, 8.980
719.857, 706.499, 1008.788, 3640.055, 8.996
720.712, 707.316, 1009.970, 3624.360, 9.011
721.577, 708.122, 1011.152, 3609.238, 9.027
722.453, 708.916, 1012.334, 3596.147, 9.042
723.337, 709.701, 1013.517, 3584.339, 9.058
724.229, 710.478, 1014.699, 3572.995, 9.073
725.128, 711.246, 1015.881, 3561.951, 9.089
726.034, 712.008, 1017.064, 3550.652, 9.104
726.944, 712.763, 1018.248, 3539.362, 9.120
727.860, 713.514, 1019.432, 3528.072, 9.135
728.778, 714.261, 1020.616, 3517.453, 9.151
729.700, 715.005, 1021.800, 3507.871, 9.166
730.623, 715.747, 1022.984, 3498.482, 9.182
731.547, 716.488, 1024.169, 3489.612, 9.197
732.471, 717.229, 1025.353, 3481.510, 9.213
733.394, 717.971, 1026.538, 3473.893, 9.228
734.316, 718.715, 1027.722, 3466.637, 9.244
735.235, 719.462, 1028.906, 3459.103, 9.259
736.150, 720.213, 1030.090, 3451.345, 9.275
737.061, 720.968, 1031.273, 3444.897, 9.291
737.966, 721.730, 1032.456, 3437.844, 9.306
738.865, 722.498, 1033.638, 3430.329, 9.322
739.757, 723.274, 1034.821, 3421.831, 9.337
740.688, 724.008, 1036.005, 3412.109, 9.353
741.625, 724.735, 1037.191, 3401.872, 9.368
742.520, 725.509, 1038.373, 3390.786, 9.384
743.405, 726.292, 1039.555, 3378.742, 9.399
744.282, 727.085, 1040.736, 3367.010, 9.415
745.147, 727.891, 1041.916, 3354.585, 9.430
746.001, 728.709, 1043.099, 3343.069, 9.446
746.843, 729.541, 1044.282, 3331.948, 9.461
747.718, 730.336, 1045.464, 3320.561, 9.477
748.593, 731.131, 1046.646, 3309.182, 9.492
749.468, 731.926, 1047.828, 3296.779, 9.508
750.343, 732.721, 1049.010, 3283.829, 9.523
751.218, 733.516, 1050.192, 3270.305, 9.539
752.093, 734.311, 1051.375, 3256.415, 9.554
752.968, 735.106, 1052.557, 3243.343, 9.570
753.844, 735.901, 1053.739, 3230.825, 9.585
754.685, 736.732, 1054.922, 3219.419, 9.601
755.539, 737.551, 1056.104, 3208.660, 9.616
756.405, 738.356, 1057.287, 3198.015, 9.632
757.281, 739.150, 1058.469, 3187.441, 9.647
758.167, 739.933, 1059.651, 3177.070, 9.663
759.062, 740.706, 1060.833, 3166.469, 9.678
759.964, 741.471, 1062.015, 3156.123, 9.694
760.874, 742.227, 1063.197, 3145.465, 9.709
761.790, 742.977, 1064.379, 3135.189, 9.725
762.712, 743.721, 1065.562, 3125.276, 9.740
763.638, 744.460, 1066.744, 3116.527, 9.756
764.567, 745.195, 1067.927, 3109.259, 9.771
765.499, 745.928, 1069.112, 3102.687, 9.787
766.433, 746.658, 1070.298, 3096.057, 9.802
767.368, 747.387, 1071.483, 3089.955, 9.818
768.302, 748.116, 1072.669, 3083.897, 9.834
769.236, 748.847, 1073.854, 3078.521, 9.849
770.168, 749.579, 1075.040, 3073.864, 9.865
771.098, 750.314, 1076.225, 3069.604, 9.880
772.023, 751.053, 1077.409, 3065.668, 9.896
772.945, 751.797, 1078.594, 3061.817, 9.911
773.861, 752.547, 1079.777, 3058.998, 9.927
774.771, 753.304, 1080.960, 3056.879, 9.942
775.674, 754.068, 1082.143, 3055.200, 9.958
776.568, 754.841, 1083.325, 3054.070, 9.973
777.454, 755.624, 1084.506, 3053.277, 9.989
778.331, 756.418, 1085.686, 3052.492, 10.004
779.196, 757.224, 1086.866, 3052.133, 10.020
780.050, 758.042, 1088.046, 3051.446, 10.035
780.892, 758.874, 1089.225, 3050.666, 10.051
781.767, 759.669, 1090.406, 3049.586, 10.066
782.642, 760.464, 1091.588, 3048.745, 10.082
783.517, 761.259, 1092.769, 3047.804, 10.097
784.359, 762.090, 1093.949, 3046.622, 10.113
785.213, 762.909, 1095.132, 3045.121, 10.128
786.078, 763.714, 1096.314, 3043.550, 10.144
786.954, 764.508, 1097.496, 3041.290, 10.159
787.840, 765.291, 1098.678, 3038.734, 10.175
788.735, 766.064, 1099.861, 3036.446, 10.190
789.638, 766.829, 1101.043, 3034.448, 10.206
790.548, 767.585, 1102.226, 3031.575, 10.221
791.464, 768.335, 1103.409, 3027.927, 10.237
792.385, 769.079, 1104.592, 3023.525, 10.252
793.311, 769.818, 1105.776, 3019.161, 10.268
794.240, 770.553, 1106.960, 3014.185, 10.283
795.172, 771.286, 1108.144, 3009.119, 10.299
796.106, 772.016, 1109.329, 3004.073, 10.314
797.041, 772.745, 1110.513, 2998.713, 10.330
797.976, 773.474, 1111.698, 2993.270, 10.345
798.910, 774.205, 1112.883, 2987.948, 10.361
799.842, 774.937, 1114.068, 2982.546, 10.377
800.771, 775.672, 1115.253, 2976.564, 10.392
801.697, 776.411, 1116.437, 2970.366, 10.408
802.618, 777.155, 1117.621, 2964.782, 10.423
803.501, 777.942, 1118.803, 2959.228, 10.439
804.390, 778.722, 1119.985, 2953.322, 10.454
805.283, 779.497, 1121.167, 2947.499, 10.470
806.179, 780.269, 1122.350, 2941.503, 10.485
807.076, 781.040, 1123.533, 2935.849, 10.501
807.971, 781.812, 1124.715, 2930.843, 10.516
808.865, 782.587, 1125.898, 2925.563, 10.532
809.753, 783.367, 1127.080, 2919.565, 10.547
810.636, 784.154, 1128.263, 2912.993, 10.563
811.557, 784.898, 1129.446, 2906.207, 10.578
812.483, 785.637, 1130.630, 2899.405, 10.594
813.413, 786.372, 1131.814, 2892.143, 10.609
814.345, 787.104, 1132.999, 2884.942, 10.625
815.278, 787.835, 1134.184, 2877.774, 10.640
816.213, 788.564, 1135.369, 2870.651, 10.656
817.148, 789.293, 1136.554, 2863.550, 10.672
818.082, 790.023, 1137.739, 2856.313, 10.687
818.980, 790.793, 1138.921, 2848.612, 10.703
819.889, 791.551, 1140.105, 2840.460, 10.718
820.805, 792.301, 1141.288, 2831.910, 10.734
821.727, 793.043, 1142.473, 2824.058, 10.749
822.654, 793.781, 1143.657, 2816.783, 10.765
823.584, 794.516, 1144.842, 2809.475, 10.780
824.514, 795.250, 1146.027, 2802.572, 10.796
825.444, 795.985, 1147.212, 2794.996, 10.811
826.371, 796.723, 1148.397, 2787.545, 10.827
827.293, 797.466, 1149.581, 2780.607, 10.842
828.210, 798.216, 1150.765, 2773.428, 10.858
829.118, 798.974, 1151.948, 2766.888, 10.873
830.016, 799.743, 1153.130, 2760.112, 10.889
830.950, 800.473, 1154.316, 2753.770, 10.905
831.885, 801.203, 1155.501, 2747.661, 10.920
832.820, 801.932, 1156.686, 2741.580, 10.936
833.754, 802.662, 1157.872, 2735.415, 10.951
834.686, 803.395, 1159.057, 2728.824, 10.967
835.581, 804.167, 1160.239, 2722.149, 10.982
836.486, 804.929, 1161.422, 2715.965, 10.998
837.398, 805.684, 1162.605, 2709.254, 11.013
838.315, 806.432, 1163.789, 2702.261, 11.029
839.236, 807.177, 1164.973, 2695.223, 11.044
840.158, 807.920, 1166.158, 2688.324, 11.060
841.081, 808.663, 1167.342, 2681.688, 11.075
842.002, 809.407, 1168.526, 2675.433, 11.091
842.919, 810.156, 1169.710, 2669.505, 11.106
843.831, 810.910, 1170.894, 2663.239, 11.122
844.735, 811.673, 1172.077, 2656.499, 11.137
845.598, 812.482, 1173.259, 2649.868, 11.153
846.509, 813.237, 1174.441, 2642.848, 11.168
847.433, 813.978, 1175.625, 2636.094, 11.184
848.369, 814.706, 1176.810, 2629.747, 11.200
849.314, 815.424, 1177.996, 2623.609, 11.215
850.268, 816.132, 1179.182, 2617.208, 11.231
851.227, 816.834, 1180.370, 2610.155, 11.246
852.192, 817.531, 1181.559, 2603.033, 11.262
853.158, 818.225, 1182.748, 2596.017, 11.277
854.126, 818.918, 1183.937, 2588.943, 11.293
855.093, 819.612, 1185.127, 2581.841, 11.309
856.057, 820.309, 1186.316, 2575.288, 11.324
857.017, 821.010, 1187.505, 2568.237, 11.340
857.937, 821.756, 1188.688, 2561.449, 11.355
858.861, 822.497, 1189.873, 2554.504, 11.371
859.788, 823.235, 1191.057, 2547.442, 11.386
860.713, 823.975, 1192.242, 2539.888, 11.402
861.635, 824.719, 1193.426, 2532.627, 11.418
862.550, 825.469, 1194.609, 2525.671, 11.433
863.504, 826.178, 1195.797, 2518.367, 11.449
864.460, 826.883, 1196.985, 2510.888, 11.464
865.417, 827.588, 1198.173, 2503.882, 11.480
866.373, 828.294, 1199.361, 2496.511, 11.495
867.327, 829.002, 1200.549, 2488.804, 11.511
868.276, 829.716, 1201.737, 2480.476, 11.527
869.219, 830.436, 1202.923, 2472.156, 11.542
870.120, 831.202, 1204.104, 2463.912, 11.558
871.024, 831.965, 1205.286, 2455.709, 11.573
871.928, 832.728, 1206.469, 2447.731, 11.589
872.830, 833.494, 1207.651, 2439.611, 11.604
873.773, 834.215, 1208.837, 2432.245, 11.620
874.722, 834.928, 1210.024, 2425.873, 11.635
875.675, 835.637, 1211.212, 2419.494, 11.651
876.631, 836.342, 1212.400, 2412.806, 11.666
877.588, 837.047, 1213.588, 2405.344, 11.682
878.545, 837.753, 1214.776, 2397.688, 11.698
879.498, 838.461, 1215.964, 2390.592, 11.713
880.414, 839.212, 1217.147, 2383.899, 11.729
881.335, 839.955, 1218.331, 2377.931, 11.744
882.261, 840.695, 1219.516, 2372.147, 11.760
883.187, 841.434, 1220.700, 2366.852, 11.775
884.111, 842.174, 1221.885, 2362.344, 11.791
885.031, 842.920, 1223.069, 2358.412, 11.806
885.991, 843.622, 1224.257, 2354.097, 11.822
886.955, 844.318, 1225.447, 2349.331, 11.838
887.922, 845.012, 1226.637, 2344.123, 11.853
888.890, 845.705, 1227.827, 2338.927, 11.869
889.823, 846.436, 1229.012, 2334.132, 11.884
890.766, 847.156, 1230.198, 2329.763, 11.900
891.717, 847.869, 1231.386, 2325.544, 11.915
892.671, 848.576, 1232.574, 2321.049, 11.931
893.627, 849.282, 1233.762, 2315.926, 11.947
894.583, 849.988, 1234.950, 2311.359, 11.962
895.535, 850.698, 1236.138, 2306.606, 11.978
896.481, 851.416, 1237.325, 2301.931, 11.993
897.417, 852.143, 1238.511, 2296.868, 12.009
898.390, 852.831, 1239.701, 2291.487, 12.025
899.362, 853.519, 1240.892, 2286.329, 12.040
900.332, 854.209, 1242.083, 2281.338, 12.056
901.266, 854.940, 1243.268, 2276.914, 12.071
902.206, 855.663, 1244.454, 2271.571, 12.087
903.151, 856.381, 1245.640, 2265.642, 12.102
904.097, 857.097, 1246.827, 2259.457, 12.118
905.043, 857.814, 1248.014, 2253.192, 12.134
905.985, 858.535, 1249.201, 2246.962, 12.149
906.921, 859.263, 1250.386, 2240.480, 12.165
907.848, 860.001, 1251.571, 2233.921, 12.180
908.777, 860.737, 1252.756, 2227.632, 12.196
909.719, 861.459, 1253.942, 2221.889, 12.211
910.670, 862.170, 1255.130, 2216.776, 12.227
911.628, 862.874, 1256.318, 2211.593, 12.242
912.590, 863.572, 1257.507, 2205.850, 12.258
913.555, 864.269, 1258.696, 2200.136, 12.274
914.518, 864.967, 1259.886, 2194.835, 12.289
915.478, 865.668, 1261.075, 2189.734, 12.305
916.432, 866.377, 1262.263, 2184.692, 12.320
917.343, 867.132, 1263.445, 2180.125, 12.336
918.302, 867.834, 1264.634, 2175.759, 12.352
919.273, 868.524, 1265.824, 2172.267, 12.367
920.252, 869.204, 1267.016, 2169.280, 12.383
921.238, 869.878, 1268.208, 2166.563, 12.398
922.227, 870.547, 1269.402, 2163.897, 12.414
923.217, 871.215, 1270.595, 2160.601, 12.430
924.205, 871.886, 1271.789, 2157.715, 12.445
925.189, 872.561, 1272.981, 2154.916, 12.461
926.166, 873.244, 1274.173, 2152.420, 12.477
927.100, 873.975, 1275.358, 2150.261, 12.492
928.033, 874.705, 1276.543, 2147.898, 12.508
928.963, 875.440, 1277.728, 2145.674, 12.523
929.933, 876.131, 1278.918, 2143.184, 12.539
930.906, 876.818, 1280.108, 2140.673, 12.555
931.880, 877.504, 1281.300, 2137.952, 12.570
932.852, 878.191, 1282.491, 2134.411, 12.586
933.820, 878.884, 1283.681, 2130.566, 12.601
934.781, 879.585, 1284.870, 2126.394, 12.617
935.699, 880.333, 1286.052, 2122.415, 12.633
936.616, 881.081, 1287.235, 2118.436, 12.648
937.577, 881.782, 1288.424, 2114.506, 12.664
938.545, 882.475, 1289.614, 2110.495, 12.679
939.517, 883.163, 1290.805, 2106.322, 12.695
940.491, 883.849, 1291.996, 2102.267, 12.710
941.464, 884.535, 1293.187, 2098.362, 12.726
942.401, 885.263, 1294.372, 2094.206, 12.742
943.343, 885.984, 1295.559, 2089.665, 12.757
944.288, 886.702, 1296.745, 2085.239, 12.773
945.232, 887.421, 1297.932, 2081.119, 12.788
946.219, 888.093, 1299.125, 2077.278, 12.804
947.211, 888.759, 1300.319, 2073.806, 12.820
948.174, 889.457, 1301.508, 2070.314, 12.835
949.150, 890.141, 1302.700, 2067.090, 12.851
950.136, 890.814, 1303.893, 2063.610, 12.867
951.128, 891.480, 1305.088, 2060.443, 12.882
952.123, 892.144, 1306.284, 2058.018, 12.898
953.117, 892.808, 1307.479, 2055.026, 12.914
954.106, 893.477, 1308.674, 2051.483, 12.929
955.087, 894.155, 1309.867, 2047.765, 12.945
956.104, 894.794, 1311.067, 2044.001, 12.961
957.086, 895.471, 1312.260, 2040.507, 12.976
958.078, 896.138, 1313.454, 2036.544, 12.992
959.074, 896.799, 1314.650, 2032.679, 13.008
960.072, 897.459, 1315.847, 2028.925, 13.023
961.069, 898.120, 1317.043, 2025.363, 13.039
962.060, 898.787, 1318.237, 2022.318, 13.055
963.042, 899.464, 1319.430, 2018.768, 13.070
963.979, 900.192, 1320.613, 2014.752, 13.086
964.958, 900.872, 1321.806, 2010.621, 13.102
965.944, 901.545, 1322.999, 2006.709, 13.117
966.932, 902.215, 1324.194, 2002.746, 13.133
967.920, 902.886, 1325.388, 1999.053, 13.148
968.903, 903.562, 1326.581, 1995.786, 13.164
969.878, 904.247, 1327.772, 1992.443, 13.180
970.809, 904.981, 1328.955, 1989.142, 13.195
971.783, 905.667, 1330.146, 1986.017, 13.211
972.764, 906.345, 1331.339, 1982.931, 13.227
973.749, 907.019, 1332.532, 1979.157, 13.242
974.734, 907.693, 1333.726, 1974.977, 13.258
975.716, 908.371, 1334.918, 1971.254, 13.274
976.690, 909.057, 1336.110, 1967.679, 13.289
977.667, 909.739, 1337.302, 1964.130, 13.305
978.656, 910.409, 1338.496, 1960.846, 13.320
979.654, 911.068, 1339.692, 1957.885, 13.336
980.658, 911.722, 1340.890, 1954.847, 13.352
981.663, 912.373, 1342.087, 1951.128, 13.368
982.667, 913.027, 1343.285, 1947.616, 13.383
983.665, 913.686, 1344.481, 1943.760, 13.399
984.621, 914.392, 1345.668, 1939.589, 13.415
985.577, 915.098, 1346.856, 1935.718, 13.430
986.575, 915.758, 1348.052, 1931.961, 13.446
987.579, 916.411, 1349.249, 1928.996, 13.461
988.584, 917.063, 1350.447, 1926.332, 13.477
989.588, 917.716, 1351.644, 1923.745, 13.493
990.552, 918.412, 1352.834, 1920.670, 13.508
991.521, 919.105, 1354.024, 1917.018, 13.524
992.488, 919.798, 1355.214, 1913.776, 13.540
993.497, 920.446, 1356.413, 1910.372, 13.555
994.510, 921.089, 1357.613, 1906.655, 13.571
995.524, 921.730, 1358.813, 1903.253, 13.587
996.536, 922.375, 1360.012, 1900.515, 13.603
997.508, 923.064, 1361.202, 1898.109, 13.618
998.482, 923.749, 1362.393, 1895.866, 13.634
999.455, 924.437, 1363.584, 1893.497, 13.650
1000.468, 925.079, 1364.783, 1890.373, 13.665
1001.485, 925.718, 1365.984, 1886.765, 13.681
1002.468, 926.394, 1367.177, 1883.118, 13.697
1003.461, 927.060, 1368.372, 1879.640, 13.712
1004.457, 927.721, 1369.568, 1875.978, 13.728
1005.454, 928.382, 1370.764, 1872.497, 13.744
1006.446, 929.048, 1371.959, 1869.741, 13.759
1007.443, 929.710, 1373.155, 1867.512, 13.775
1008.453, 930.356, 1374.354, 1865.630, 13.791
1009.472, 930.993, 1375.555, 1863.845, 13.807
1010.495, 931.625, 1376.757, 1861.430, 13.822
1011.518, 932.256, 1377.959, 1858.456, 13.838
1012.537, 932.893, 1379.160, 1854.970, 13.854
1013.547, 933.540, 1380.359, 1851.620, 13.870
1014.557, 934.186, 1381.559, 1848.250, 13.885
1015.576, 934.823, 1382.760, 1845.056, 13.901
1016.599, 935.455, 1383.963, 1842.623, 13.917
1017.622, 936.087, 1385.165, 1840.211, 13.933
1018.608, 936.760, 1386.358, 1838.163, 13.948
1019.597, 937.430, 1387.552, 1836.552, 13.964
1020.630, 938.050, 1388.757, 1834.660, 13.980
1021.671, 938.662, 1389.964, 1832.527, 13.996
1022.715, 939.272, 1391.172, 1829.727, 14.011
1023.757, 939.883, 1392.380, 1827.179, 14.027
1024.759, 940.538, 1393.577, 1824.849, 14.043
1025.763, 941.191, 1394.774, 1822.187, 14.059
1026.763, 941.848, 1395.971, 1819.891, 14.074
1027.802, 942.464, 1397.177, 1817.485, 14.090
1028.840, 943.079, 1398.384, 1815.016, 14.106
1029.841, 943.736, 1399.580, 1812.692, 14.122
1030.844, 944.389, 1400.778, 1810.336, 14.137
1031.847, 945.044, 1401.975, 1807.622, 14.153
1032.889, 945.655, 1403.182, 1804.490, 14.169
1033.932, 946.265, 1404.390, 1801.330, 14.185
1034.973, 946.877, 1405.598, 1798.685, 14.201
1035.974, 947.534, 1406.794, 1795.853, 14.216
1036.975, 948.190, 1407.991, 1793.108, 14.232
1038.019, 948.800, 1409.200, 1790.522, 14.248
1039.067, 949.404, 1410.410, 1787.571, 14.264
1040.115, 950.008, 1411.619, 1784.356, 14.280
1041.125, 950.655, 1412.818, 1781.251, 14.295
1042.139, 951.297, 1414.017, 1777.892, 14.311
1043.151, 951.942, 1415.217, 1774.263, 14.327
1044.155, 952.594, 1416.414, 1770.861, 14.342
1045.195, 953.208, 1417.621, 1767.846, 14.358
1046.197, 953.863, 1418.818, 1765.055, 14.374
1047.203, 954.513, 1420.016, 1762.308, 14.390
1048.209, 955.164, 1421.214, 1705.418, 14.405
1049.255, 955.771, 1422.423, 1702.030, 14.421
1050.271, 956.411, 1423.623, 1698.754, 14.437
1051.297, 957.040, 1424.827, 1695.802, 14.453
1052.328, 957.663, 1426.032, 1692.675, 14.469
1053.360, 958.286, 1427.236, 1689.975, 14.484
1054.386, 958.914, 1428.440, 1687.615, 14.500
1055.448, 959.503, 1429.653, 1685.490, 14.516
1056.475, 960.131, 1430.857, 1683.259, 14.532
1057.508, 960.752, 1432.062, 1680.120, 14.548
1058.543, 961.372, 1433.268, 1676.917, 14.564
1059.572, 961.997, 1434.472, 1673.477, 14.579
1060.639, 962.581, 1435.688, 1670.142, 14.595
1061.671, 963.202, 1436.893, 1667.183, 14.611
1062.711, 963.817, 1438.100, 1664.358, 14.627
1063.752, 964.429, 1439.308, 1661.890, 14.643
1064.790, 965.045, 1440.515, 1659.674, 14.659
1065.818, 965.670, 1441.719, 1657.951, 14.674
1066.846, 966.297, 1442.922, 1656.104, 14.690
1067.881, 966.916, 1444.128, 1653.590, 14.706
1068.918, 967.533, 1445.335, 1650.914, 14.722
1069.951, 968.154, 1446.540, 1648.049, 14.738
1070.975, 968.785, 1447.743, 1645.191, 14.753
1071.999, 969.416, 1448.946, 1642.577, 14.769
1073.029, 970.040, 1450.150, 1640.221, 14.785
1074.062, 970.662, 1451.355, 1637.921, 14.801
1075.091, 971.288, 1452.559, 1635.986, 14.817
1076.077, 971.960, 1453.751, 1634.332, 14.832
1077.108, 972.583, 1454.956, 1632.346, 14.848
1078.146, 973.199, 1456.163, 1630.191, 14.864
1079.184, 973.814, 1457.370, 1627.894, 14.880
1080.219, 974.434, 1458.576, 1625.373, 14.896
1081.256, 975.050, 1459.782, 1622.669, 14.911
1082.305, 975.653, 1460.992, 1620.031, 14.927
1083.361, 976.250, 1462.205, 1617.920, 14.943
1084.417, 976.845, 1463.417, 1615.476, 14.959
1085.435, 977.483, 1464.618, 1613.096, 14.975
1086.456, 978.117, 1465.819, 1610.498, 14.991
1087.521, 978.704, 1467.034, 1607.400, 15.006
1088.589, 979.286, 1468.250, 1604.478, 15.022
1089.657, 979.868, 1469.467, 1601.542, 15.038
1090.685, 980.495, 1470.670, 1598.445, 15.054
1091.714, 981.121, 1471.874, 1595.569, 15.070
1092.785, 981.701, 1473.091, 1592.819, 15.086
1093.858, 982.277, 1474.309, 1590.289, 15.102
1094.895, 982.894, 1475.515, 1587.590, 15.118
1095.936, 983.506, 1476.723, 1584.844, 15.134
1096.976, 984.120, 1477.930, 1581.699, 15.149
1098.054, 984.691, 1479.150, 1578.290, 15.165
1099.099, 985.299, 1480.359, 1575.019, 15.181
1100.151, 985.899, 1481.570, 1571.819, 15.197
1101.204, 986.499, 1482.781, 1568.503, 15.213
1102.251, 987.104, 1483.991, 1565.275, 15.229
1103.301, 987.707, 1485.202, 1562.220, 15.245
1104.359, 988.300, 1486.415, 1559.189, 15.261
1105.420, 988.891, 1487.629, 1556.381, 15.277
1106.477, 989.485, 1488.842, 1553.519, 15.293
1107.572, 990.038, 1490.068, 1550.687, 15.309
1108.631, 990.631, 1491.281, 1548.042, 15.325
1109.695, 991.217, 1492.496, 1545.161, 15.340
1110.759, 991.805, 1493.711, 1542.339, 15.356
1111.782, 992.437, 1494.912, 1539.463, 15.372
1112.851, 993.019, 1496.129, 1536.812, 15.388
1113.926, 993.593, 1497.348, 1534.348, 15.404
1115.001, 994.168, 1498.567, 1531.599, 15.420
1116.070, 994.750, 1499.784, 1529.291, 15.436
1117.139, 995.331, 1501.001, 1526.993, 15.452
1118.217, 995.902, 1502.221, 1524.551, 15.468
1119.297, 996.472, 1503.442, 1522.343, 15.484
1120.338, 997.084, 1504.649, 1519.988, 15.500
1121.382, 997.694, 1505.857, 1517.749, 15.516
1122.466, 998.258, 1507.079, 1515.560, 15.532
1123.553, 998.820, 1508.302, 1513.063, 15.548
1124.602, 999.424, 1509.512, 1510.944, 15.564
1125.652, 1000.026, 1510.723, 1508.545, 15.580
1126.744, 1000.582, 1511.948, 1506.210, 15.596
1127.838, 1001.136, 1513.173, 1503.933, 15.612
1128.893, 1001.732, 1514.385, 1501.587, 15.628
1129.951, 1002.327, 1515.598, 1499.260, 15.644
1131.050, 1002.875, 1516.826, 1496.893, 15.660
1132.151, 1003.421, 1518.055, 1494.466, 15.676
1133.214, 1004.010, 1519.269, 1492.002, 15.692
1134.278, 1004.596, 1520.484, 1489.244, 15.708
1135.384, 1005.137, 1521.715, 1486.623, 15.724
1136.492, 1005.675, 1522.946, 1484.383, 15.740
1137.596, 1006.219, 1524.176, 1482.099, 15.756
1138.655, 1006.811, 1525.389, 1480.046, 15.772
1139.710, 1007.408, 1526.601, 1478.030, 15.788
1140.800, 1007.966, 1527.825, 1475.666, 15.804
1141.852, 1008.566, 1529.036, 1473.355, 15.820
1142.906, 1009.164, 1530.247, 1470.983, 15.836
1144.002, 1009.717, 1531.474, 1468.648, 15.852
1145.099, 1010.267, 1532.701, 1466.110, 15.868
1146.192, 1010.822, 1533.927, 1463.632, 15.884
1147.241, 1011.426, 1535.136, 1461.459, 15.900
1148.285, 1012.035, 1536.344, 1459.105, 15.916
1149.331, 1012.642, 1537.552, 1456.835, 15.931
1150.385, 1013.240, 1538.764, 1454.699, 15.947
1151.440, 1013.837, 1539.975, 1452.477, 15.963
1152.501, 1014.426, 1541.190, 1450.379, 15.979
1153.577, 1015.001, 1542.409, 1448.108, 15.995
1154.658, 1015.569, 1543.630, 1445.792, 16.011
1155.739, 1016.137, 1544.851, 1443.489, 16.027
1156.825, 1016.700, 1546.075, 1440.839, 16.043
1157.922, 1017.250, 1547.302, 1438.430, 16.059
1159.024, 1017.796, 1548.531, 1436.188, 16.075
1160.123, 1018.344, 1549.759, 1433.871, 16.092
1161.226, 1018.888, 1550.989, 1431.770, 16.108
1162.339, 1019.422, 1552.223, 1429.624, 16.124
1163.454, 1019.953, 1553.457, 1427.258, 16.140
1164.531, 1020.525, 1554.677, 1424.829, 16.156
1165.656, 1021.045, 1555.915, 1422.416, 16.172
1166.788, 1021.557, 1557.157, 1420.200, 16.189
1167.920, 1022.069, 1558.399, 1417.765, 16.205
1169.011, 1022.626, 1559.624, 1415.484, 16.221
1170.101, 1023.185, 1560.848, 1413.433, 16.237
1171.228, 1023.703, 1562.088, 1411.234, 16.253
1172.317, 1024.261, 1563.312, 1409.136, 16.269
1173.409, 1024.818, 1564.537, 1407.119, 16.285
1174.541, 1025.330, 1565.779, 1404.806, 16.302
1175.639, 1025.879, 1567.007, 1402.545, 16.318
1176.743, 1026.423, 1568.237, 1400.341, 16.334
1177.844, 1026.969, 1569.466, 1398.178, 16.350
1178.901, 1027.563, 1570.678, 1395.797, 16.366
1179.999, 1028.113, 1571.906, 1393.479, 16.382
1181.096, 1028.664, 1573.133, 1391.500, 16.398
1182.197, 1029.210, 1574.362, 1389.389, 16.414
1183.308, 1029.746, 1575.595, 1387.575, 16.430
1184.420, 1030.279, 1576.829, 1385.763, 16.447
1185.574, 1030.768, 1578.079, 1383.827, 16.463
1186.694, 1031.293, 1579.316, 1381.726, 16.479
1187.819, 1031.813, 1580.555, 1379.732, 16.496
1188.941, 1032.336, 1581.793, 1377.840, 16.512
1190.066, 1032.855, 1583.032, 1376.028, 16.528
1191.199, 1033.366, 1584.275, 1374.179, 16.544
1192.333, 1033.877, 1585.517, 1372.311, 16.561
1193.424, 1034.434, 1586.742, 1370.605, 16.577
1194.559, 1034.943, 1587.986, 1368.850, 16.593
1195.696, 1035.450, 1589.230, 1367.258, 16.609
1196.793, 1036.001, 1590.457, 1365.518, 16.625
1197.935, 1036.502, 1591.704, 1363.551, 16.642
1199.080, 1036.999, 1592.952, 1361.604, 16.658
1200.188, 1037.538, 1594.183, 1359.732, 16.674
1201.295, 1038.077, 1595.415, 1358.118, 16.690
1202.441, 1038.574, 1596.664, 1356.276, 16.707
1203.549, 1039.113, 1597.895, 1354.429, 16.723
1204.658, 1039.650, 1599.128, 1352.648, 16.739
1205.807, 1040.144, 1600.377, 1350.592, 16.756
1206.919, 1040.678, 1601.611, 1348.644, 16.772
1208.032, 1041.210, 1602.845, 1346.654, 16.788
1209.186, 1041.699, 1604.097, 1344.425, 16.804
1210.304, 1042.226, 1605.334, 1342.027, 16.821
1211.425, 1042.751, 1606.571, 1339.876, 16.837
1212.586, 1043.230, 1607.827, 1337.754, 16.853
1213.747, 1043.711, 1609.082, 1335.713, 16.870
1214.865, 1044.238, 1610.318, 1333.693, 16.886
1216.026, 1044.719, 1611.574, 1331.972, 16.902
1217.154, 1045.235, 1612.814, 1330.026, 16.919
1218.287, 1045.746, 1614.058, 1328.202, 16.935
1219.417, 1046.261, 1615.299, 1326.332, 16.951
1220.548, 1046.774, 1616.541, 1324.506, 16.968
1221.683, 1047.282, 1617.785, 1322.585, 16.984
1222.816, 1047.794, 1619.028, 1320.918, 17.000
1223.983, 1048.268, 1620.286, 1319.231, 17.017
1225.109, 1048.786, 1621.526, 1317.732, 17.033
1226.232, 1049.308, 1622.765, 1316.453, 17.049
1227.391, 1049.790, 1624.020, 1315.192, 17.066
1228.510, 1050.317, 1625.256, 1313.988, 17.082
1229.628, 1050.845, 1626.492, 1312.623, 17.098
1230.748, 1051.370, 1627.729, 1311.337, 17.114
1231.875, 1051.888, 1628.969, 1309.981, 17.131
1233.000, 1052.408, 1630.208, 1308.679, 17.147
1234.128, 1052.924, 1631.449, 1307.291, 17.163
1235.263, 1053.433, 1632.693, 1305.869, 17.179
1236.396, 1053.944, 1633.936, 1304.480, 17.196
1237.532, 1054.451, 1635.180, 1303.270, 17.212
1238.675, 1054.951, 1636.427, 1301.975, 17.228
1239.817, 1055.453, 1637.674, 1300.805, 17.245
1240.960, 1055.952, 1638.922, 1299.230, 17.261
1242.112, 1056.444, 1640.173, 1297.672, 17.278
1243.227, 1056.974, 1641.408, 1296.183, 17.294
1244.392, 1057.450, 1642.666, 1294.712, 17.310
1245.562, 1057.920, 1643.926, 1292.952, 17.327
1246.696, 1058.429, 1645.169, 1291.332, 17.343
1247.832, 1058.938, 1646.413, 1289.703, 17.359
1248.971, 1059.442, 1647.659, 1288.249, 17.376
1250.119, 1059.937, 1648.909, 1286.756, 17.392
1251.312, 1060.382, 1650.180, 1285.231, 17.409
1252.507, 1060.824, 1651.455, 1283.617, 17.426
1253.663, 1061.310, 1652.708, 1282.130, 17.442
1254.863, 1061.748, 1653.985, 1280.711, 17.459
1256.031, 1062.220, 1655.244, 1279.340, 17.475
1257.204, 1062.687, 1656.507, 1277.742, 17.492
1258.373, 1063.158, 1657.768, 1276.351, 17.508
1259.541, 1063.631, 1659.027, 1274.938, 17.525
1260.712, 1064.100, 1660.289, 1273.593, 17.541
1261.842, 1064.615, 1661.529, 1272.364, 17.558
1263.014, 1065.082, 1662.791, 1270.968, 17.574
1264.186, 1065.551, 1664.053, 1269.694, 17.591
1265.360, 1066.016, 1665.316, 1268.398, 17.607
1266.541, 1066.475, 1666.583, 1267.083, 17.624
1267.684, 1066.975, 1667.830, 1265.728, 17.640
1268.874, 1067.424, 1669.101, 1264.430, 17.657
1270.066, 1067.870, 1670.373, 1263.094, 17.674
1271.217, 1068.361, 1671.625, 1261.870, 17.690
1272.411, 1068.805, 1672.898, 1260.614, 17.707
1273.604, 1069.250, 1674.171, 1259.553, 17.724
1274.752, 1069.743, 1675.421, 1258.265, 17.740
1275.940, 1070.194, 1676.691, 1257.181, 17.757
1277.090, 1070.687, 1677.941, 1256.039, 17.773
1278.284, 1071.130, 1679.216, 1254.694, 17.790
1279.447, 1071.608, 1680.473, 1253.433, 17.806
1280.615, 1072.082, 1681.732, 1252.107, 17.823
1281.822, 1072.510, 1683.013, 1250.816, 17.840
1282.994, 1072.978, 1684.275, 1249.714, 17.856
1284.213, 1073.395, 1685.562, 1248.509, 17.873
1285.435, 1073.808, 1686.851, 1247.480, 17.890
1286.618, 1074.265, 1688.119, 1246.434, 17.906
1287.796, 1074.725, 1689.384, 1245.351, 17.923
1288.974, 1075.187, 1690.650, 1244.321, 17.940
1290.154, 1075.646, 1691.916, 1243.058, 17.956
1291.372, 1076.064, 1693.202, 1241.850, 17.973
1292.551, 1076.525, 1694.468, 1240.662, 17.990
1293.727, 1076.988, 1695.732, 1239.378, 18.006
1294.903, 1077.452, 1696.996, 1238.300, 18.023
1296.082, 1077.912, 1698.262, 1237.132, 18.040
1297.266, 1078.367, 1699.530, 1236.048, 18.056
1298.459, 1078.813, 1700.803, 1235.038, 18.073
1299.648, 1079.261, 1702.074, 1233.708, 18.090
1300.838, 1079.710, 1703.346, 1232.397, 18.106
1302.030, 1080.156, 1704.619, 1231.069, 18.123
1303.227, 1080.596, 1705.894, 1229.661, 18.140
1304.433, 1081.027, 1707.175, 1228.234, 18.156
1305.636, 1081.461, 1708.454, 1226.840, 18.173
1306.839, 1081.896, 1709.732, 1225.518, 18.190
1308.044, 1082.327, 1711.013, 1224.207, 18.207
1309.208, 1082.804, 1712.270, 1222.803, 18.223
1310.413, 1083.236, 1713.549, 1221.455, 18.240
1311.580, 1083.709, 1714.808, 1219.806, 18.257
1312.793, 1084.132, 1716.093, 1218.225, 18.273
1314.006, 1084.555, 1717.377, 1216.639, 18.290
1315.223, 1084.973, 1718.664, 1214.883, 18.307
1316.447, 1085.385, 1719.954, 1213.309, 18.324
1317.632, 1085.839, 1721.223, 1211.766, 18.341
1318.861, 1086.243, 1722.517, 1210.143, 18.358
1320.057, 1086.685, 1723.792, 1208.501, 18.374
1321.255, 1087.125, 1725.068, 1206.633, 18.391
1322.490, 1087.524, 1726.365, 1204.770, 18.408
1323.684, 1087.968, 1727.639, 1202.886, 18.425
1324.920, 1088.366, 1728.936, 1200.742, 18.442
1326.119, 1088.804, 1730.213, 1198.775, 18.459
1327.318, 1089.243, 1731.489, 1196.567, 18.475
1328.517, 1089.680, 1732.766, 1194.552, 18.492
1329.719, 1090.115, 1734.045, 1192.622, 18.509
1330.926, 1090.545, 1735.326, 1190.566, 18.526
1332.139, 1090.969, 1736.610, 1188.573, 18.543
1333.393, 1091.346, 1737.919, 1186.446, 18.560
1334.611, 1091.763, 1739.207, 1184.278, 18.577
1335.828, 1092.182, 1740.494, 1182.085, 18.593
1337.046, 1092.599, 1741.781, 1179.876, 18.610
1338.267, 1093.014, 1743.070, 1177.823, 18.627
1339.492, 1093.423, 1744.362, 1175.708, 18.644
1340.724, 1093.826, 1745.658, 1173.652, 18.661
1341.916, 1094.271, 1746.930, 1171.745, 18.678
1343.151, 1094.670, 1748.228, 1169.840, 18.695
1344.350, 1095.109, 1749.504, 1167.968, 18.712
1345.594, 1095.498, 1750.807, 1166.121, 18.729
1346.804, 1095.924, 1752.090, 1164.239, 18.746
1348.062, 1096.297, 1753.401, 1162.371, 18.763
1349.289, 1096.705, 1754.694, 1160.418, 18.780
1350.520, 1097.108, 1755.989, 1158.587, 18.797
1351.755, 1097.507, 1757.287, 1156.846, 18.814
1352.996, 1097.899, 1758.588, 1154.968, 18.831
1354.276, 1098.248, 1759.913, 1153.146, 18.848
1355.517, 1098.640, 1761.215, 1151.307, 18.865
1356.801, 1098.985, 1762.542, 1149.488, 18.883
1358.048, 1099.370, 1763.847, 1147.733, 18.900
1359.294, 1099.757, 1765.152, 1145.880, 18.917
1360.539, 1100.145, 1766.456, 1144.008, 18.934
1361.784, 1100.533, 1767.760, 1142.167, 18.951
1363.030, 1100.920, 1769.064, 1140.258, 18.968
1364.277, 1101.305, 1770.370, 1138.588, 18.985
1365.528, 1101.687, 1771.677, 1136.827, 19.003
1366.781, 1102.065, 1772.987, 1135.075, 19.020
1368.039, 1102.438, 1774.299, 1133.423, 19.037
1369.303, 1102.805, 1775.615, 1131.798, 19.054
1370.526, 1103.217, 1776.905, 1130.235, 19.071
1371.755, 1103.623, 1778.199, 1128.660, 19.088
1372.990, 1104.021, 1779.496, 1127.123, 19.105
1374.265, 1104.376, 1780.819, 1125.515, 19.122
1375.501, 1104.774, 1782.117, 1123.771, 19.139
1376.777, 1105.128, 1783.441, 1122.109, 19.157
1378.014, 1105.524, 1784.740, 1120.561, 19.174
1379.259, 1105.912, 1786.044, 1118.962, 19.191
1380.512, 1106.291, 1787.353, 1117.462, 19.208
1381.773, 1106.661, 1788.667, 1116.081, 19.225
1383.042, 1107.022, 1789.986, 1114.614, 19.243
1384.319, 1107.375, 1791.310, 1113.211, 19.260
1385.604, 1107.718, 1792.641, 1111.869, 19.278
1386.897, 1108.053, 1793.976, 1110.452, 19.295
1388.198, 1108.379, 1795.317, 1109.091, 19.313
1389.507, 1108.697, 1796.664, 1107.650, 19.330
1390.824, 1109.005, 1798.017, 1106.325, 19.348
1392.102, 1109.357, 1799.342, 1104.963, 19.365
1393.421, 1109.663, 1800.695, 1103.656, 19.383
1394.700, 1110.014, 1802.021, 1102.477, 19.401
1396.018, 1110.320, 1803.375, 1101.221, 19.418
1397.296, 1110.672, 1804.700, 1100.111, 19.436
1398.613, 1110.980, 1806.052, 1098.986, 19.453
1399.889, 1111.334, 1807.376, 1097.827, 19.471
1401.202, 1111.647, 1808.726, 1096.682, 19.489
1402.473, 1112.006, 1810.046, 1095.413, 19.506
1403.781, 1112.324, 1811.392, 1094.186, 19.523
1405.046, 1112.690, 1812.708, 1092.968, 19.541
1406.347, 1113.017, 1814.049, 1091.801, 19.558
1407.604, 1113.391, 1815.360, 1090.585, 19.576
1408.896, 1113.727, 1816.695, 1089.370, 19.593
1410.190, 1114.061, 1818.031, 1088.121, 19.611
1411.452, 1114.430, 1819.345, 1086.969, 19.628
1412.715, 1114.798, 1820.660, 1085.766, 19.645
1413.978, 1115.166, 1821.976, 1084.529, 19.662
1415.240, 1115.535, 1823.291, 1083.342, 19.680
1416.500, 1115.906, 1824.605, 1082.075, 19.697
1417.805, 1116.228, 1825.947, 1080.786, 19.714
1419.073, 1116.590, 1827.266, 1079.517, 19.732
1420.385, 1116.904, 1828.614, 1078.122, 19.749
1421.659, 1117.260, 1829.937, 1076.748, 19.767
1422.943, 1117.605, 1831.266, 1075.243, 19.784
1424.234, 1117.942, 1832.601, 1073.787, 19.802
1425.532, 1118.271, 1833.940, 1072.422, 19.819
1426.837, 1118.593, 1835.284, 1071.001, 19.837
1428.147, 1118.909, 1836.631, 1069.725, 19.855
1429.462, 1119.220, 1837.981, 1068.423, 19.872
1430.780, 1119.528, 1839.334, 1067.176, 19.890
1432.067, 1119.869, 1840.666, 1065.995, 19.907
1433.402, 1120.158, 1842.030, 1064.766, 19.925
1434.703, 1120.484, 1843.372, 1063.528, 19.943
1436.049, 1120.760, 1844.745, 1062.233, 19.961
1437.359, 1121.076, 1846.092, 1060.891, 19.979
1438.712, 1121.345, 1847.469, 1059.627, 19.997
1440.026, 1121.657, 1848.820, 1058.285, 20.014
1441.379, 1121.925, 1850.198, 1057.111, 20.033
1442.691, 1122.239, 1851.547, 1055.918, 20.050
1444.007, 1122.549, 1852.898, 1054.796, 20.068
1445.324, 1122.858, 1854.251, 1053.668, 20.086
1446.641, 1123.166, 1855.604, 1052.578, 20.103
1447.957, 1123.476, 1856.956, 1051.450, 20.121
1449.269, 1123.790, 1858.305, 1050.330, 20.139
1450.589, 1124.095, 1859.660, 1048.984, 20.157
1451.915, 1124.394, 1861.019, 1047.657, 20.174
1453.246, 1124.687, 1862.381, 1046.240, 20.192
1454.579, 1124.978, 1863.746, 1044.803, 20.210
1455.913, 1125.267, 1865.111, 1043.352, 20.228
1457.246, 1125.558, 1866.475, 1041.890, 20.246
1458.577, 1125.851, 1867.838, 1040.368, 20.264
1459.870, 1126.187, 1869.173, 1038.859, 20.281
1461.202, 1126.478, 1870.537, 1037.340, 20.299
1462.539, 1126.765, 1871.904, 1035.927, 20.317
1463.845, 1127.086, 1873.248, 1034.430, 20.335
1465.197, 1127.355, 1874.627, 1032.949, 20.353
1466.515, 1127.663, 1875.980, 1031.420, 20.371
1467.875, 1127.924, 1877.364, 1029.867, 20.389
1469.195, 1128.229, 1878.719, 1028.413, 20.407
1470.519, 1128.529, 1880.077, 1026.946, 20.424
1471.893, 1128.776, 1881.472, 1025.502, 20.443
1473.232, 1129.059, 1882.841, 1024.051, 20.461
1474.616, 1129.294, 1884.244, 1022.657, 20.479
1475.962, 1129.571, 1885.618, 1021.264, 20.497
1477.314, 1129.841, 1886.997, 1019.934, 20.515
1478.670, 1130.107, 1888.378, 1018.508, 20.533
1480.026, 1130.372, 1889.761, 1017.135, 20.551
1481.347, 1130.676, 1891.116, 1015.716, 20.569
1482.710, 1130.934, 1892.502, 1014.441, 20.587
1484.078, 1131.186, 1893.893, 1013.108, 20.606
1485.449, 1131.436, 1895.287, 1011.766, 20.624
1486.820, 1131.685, 1896.680, 1010.393, 20.642
1488.154, 1131.974, 1898.045, 1009.007, 20.660
1489.496, 1132.256, 1899.416, 1007.540, 20.678
1490.888, 1132.481, 1900.825, 1006.156, 20.697
1492.247, 1132.743, 1902.209, 1004.663, 20.715
1493.617, 1132.993, 1903.602, 1003.246, 20.733
1494.994, 1133.236, 1905.000, 1001.821, 20.751
1496.375, 1133.474, 1906.401, 1000.447, 20.770
1497.722, 1133.750, 1907.776, 999.154, 20.788
1499.111, 1133.978, 1909.183, 997.863, 20.806
1500.506, 1134.201, 1910.595, 996.558, 20.825
1501.869, 1134.459, 1911.983, 995.293, 20.843
1503.277, 1134.668, 1913.405, 993.934, 20.862
1504.691, 1134.869, 1914.833, 992.614, 20.880
1506.109, 1135.067, 1916.264, 991.228, 20.899
1507.527, 1135.264, 1917.696, 989.896, 20.918
1508.908, 1135.502, 1919.097, 988.599, 20.936
1510.294, 1135.735, 1920.502, 987.300, 20.955
1511.694, 1135.951, 1921.919, 986.141, 20.973
1513.104, 1136.157, 1923.344, 984.891, 20.992
1514.520, 1136.358, 1924.774, 983.648, 21.011
1515.936, 1136.557, 1926.204, 982.402, 21.029
1517.349, 1136.760, 1927.631, 981.166, 21.048
1518.767, 1136.957, 1929.063, 979.904, 21.067
1520.152, 1137.190, 1930.467, 978.644, 21.085
1521.580, 1137.377, 1931.907, 977.350, 21.104
1523.012, 1137.558, 1933.350, 976.044, 21.123
1524.411, 1137.777, 1934.766, 974.675, 21.142
1525.851, 1137.950, 1936.216, 973.368, 21.161
1527.248, 1138.170, 1937.630, 972.065, 21.179
1528.643, 1138.392, 1939.043, 970.756, 21.198
1530.045, 1138.608, 1940.461, 969.433, 21.217
1531.494, 1138.771, 1941.918, 968.151, 21.236
1532.906, 1138.975, 1943.345, 966.843, 21.254
1534.322, 1139.174, 1944.775, 965.571, 21.273
1535.751, 1139.359, 1946.216, 964.220, 21.292
1537.187, 1139.537, 1947.663, 962.871, 21.311
1538.625, 1139.712, 1949.111, 961.524, 21.330
1540.106, 1139.840, 1950.597, 960.148, 21.349
1541.546, 1140.014, 1952.047, 958.807, 21.368
1542.985, 1140.187, 1953.497, 957.469, 21.387
1544.433, 1140.352, 1954.953, 956.098, 21.407
1545.849, 1140.551, 1956.384, 954.721, 21.425
1547.309, 1140.702, 1957.851, 953.292, 21.445
1548.727, 1140.900, 1959.282, 951.910, 21.463
1550.143, 1141.099, 1960.712, 950.480, 21.482
1551.597, 1141.256, 1962.175, 949.034, 21.501
1553.052, 1141.413, 1963.638, 947.609, 21.521
1554.515, 1141.562, 1965.107, 946.129, 21.540
1555.946, 1141.744, 1966.551, 944.754, 21.559
1557.388, 1141.915, 1968.002, 943.382, 21.578
1558.833, 1142.083, 1969.457, 942.048, 21.597
1560.275, 1142.253, 1970.910, 940.678, 21.616
1561.722, 1142.419, 1972.366, 939.258, 21.635
1563.214, 1142.535, 1973.861, 937.833, 21.655
1564.665, 1142.695, 1975.321, 936.450, 21.674
1566.117, 1142.856, 1976.781, 935.049, 21.693
1567.575, 1143.009, 1978.247, 933.691, 21.712
1569.001, 1143.198, 1979.685, 932.346, 21.731
1570.467, 1143.342, 1981.159, 930.955, 21.750
1571.934, 1143.485, 1982.633, 929.609, 21.770
1573.409, 1143.619, 1984.114, 928.244, 21.789
1574.853, 1143.789, 1985.567, 926.830, 21.808
1576.304, 1143.949, 1987.027, 925.324, 21.827
1577.770, 1144.094, 1988.500, 923.829, 21.847
1579.290, 1144.179, 1990.020, 922.376, 21.867
1580.776, 1144.301, 1991.512, 920.904, 21.886
1582.271, 1144.414, 1993.010, 919.433, 21.906
1583.765, 1144.528, 1994.508, 917.977, 21.925
1585.251, 1144.650, 1995.999, 916.471, 21.945
1586.738, 1144.772, 1997.490, 914.999, 21.965
1588.229, 1144.888, 1998.986, 913.485, 21.984
1589.732, 1144.992, 2000.492, 912.016, 22.004
1591.239, 1145.091, 2002.002, 910.563, 22.024
1592.744, 1145.193, 2003.510, 909.125, 22.044
1594.252, 1145.291, 2005.021, 907.745, 22.063
1595.723, 1145.430, 2006.499, 906.409, 22.083
1597.196, 1145.567, 2007.978, 905.112, 22.102
1598.710, 1145.659, 2009.494, 903.866, 22.122
1600.223, 1145.751, 2011.010, 902.613, 22.142
1601.743, 1145.836, 2012.532, 901.397, 22.162
1603.228, 1145.960, 2014.022, 900.177, 22.181
1604.718, 1146.078, 2015.517, 899.001, 22.201
1606.218, 1146.185, 2017.020, 897.844, 22.221
1607.685, 1146.328, 2018.494, 896.726, 22.240
1609.159, 1146.464, 2019.974, 895.625, 22.259
1610.677, 1146.551, 2021.495, 894.616, 22.279
1612.198, 1146.635, 2023.018, 893.608, 22.299
1613.727, 1146.710, 2024.548, 892.605, 22.319
1615.222, 1146.822, 2026.047, 891.601, 22.339
1616.756, 1146.893, 2027.582, 890.533, 22.359
1618.285, 1146.967, 2029.113, 889.467, 22.379
1619.817, 1147.039, 2030.646, 888.361, 22.399
1621.355, 1147.104, 2032.185, 887.273, 22.420
1622.906, 1147.155, 2033.736, 886.122, 22.440
1624.428, 1147.238, 2035.260, 884.960, 22.460
1625.959, 1147.311, 2036.793, 883.803, 22.480
1627.503, 1147.370, 2038.338, 882.641, 22.500
1629.018, 1147.460, 2039.855, 881.465, 22.520
1630.541, 1147.542, 2041.380, 880.302, 22.540
1632.075, 1147.611, 2042.916, 879.067, 22.560
1633.625, 1147.663, 2044.467, 877.843, 22.581
1635.227, 1147.659, 2046.067, 876.557, 22.602
1636.791, 1147.694, 2047.632, 875.252, 22.622
1638.356, 1147.730, 2049.197, 873.915, 22.643
1639.958, 1147.725, 2050.798, 872.603, 22.664
1641.521, 1147.763, 2052.362, 871.295, 22.684
1643.129, 1147.751, 2053.969, 870.003, 22.705
1644.692, 1147.788, 2055.533, 868.705, 22.726
1646.249, 1147.833, 2057.090, 867.400, 22.746
1647.802, 1147.881, 2058.644, 866.081, 22.767
1649.355, 1147.930, 2060.198, 864.737, 22.787
1650.912, 1147.975, 2061.755, 863.387, 22.808
1652.476, 1148.011, 2063.319, 862.071, 22.828
1654.050, 1148.037, 2064.894, 860.720, 22.849
1655.639, 1148.046, 2066.482, 859.412, 22.870
1657.198, 1148.088, 2068.042, 858.078, 22.890
1658.765, 1148.121, 2069.609, 856.788, 22.911
1660.341, 1148.144, 2071.186, 855.475, 22.931
1661.930, 1148.154, 2072.774, 854.140, 22.952
1663.487, 1148.198, 2074.332, 852.806, 22.973
1665.047, 1148.238, 2075.893, 851.422, 22.993
1666.613, 1148.273, 2077.459, 850.044, 23.014
1668.186, 1148.299, 2079.033, 848.668, 23.034
1669.768, 1148.316, 2080.614, 847.289, 23.055
1671.361, 1148.322, 2082.207, 845.921, 23.076
1672.966, 1148.313, 2083.811, 844.533, 23.097
1674.585, 1148.289, 2085.430, 843.160, 23.118
1676.220, 1148.247, 2087.065, 841.787, 23.140
1677.873, 1148.186, 2088.718, 840.406, 23.161
1679.545, 1148.103, 2090.390, 839.032, 23.183
1681.239, 1147.997, 2092.085, 837.639, 23.205
1682.909, 1147.917, 2093.756, 836.241, 23.227
1684.589, 1147.826, 2095.438, 834.874, 23.249
1686.281, 1147.721, 2097.131, 833.534, 23.272
1687.939, 1147.655, 2098.790, 832.211, 23.293
1689.642, 1147.538, 2100.496, 830.880, 23.316
1691.312, 1147.457, 2102.167, 829.521, 23.338
1692.982, 1147.377, 2103.839, 828.166, 23.360
1694.652, 1147.297, 2105.511, 826.785, 23.381
1696.323, 1147.217, 2107.182, 825.397, 23.403
1697.993, 1147.137, 2108.854, 824.004, 23.425
1699.663, 1147.057, 2110.526, 822.600, 23.447
1701.333, 1146.976, 2112.198, 821.177, 23.469
1703.003, 1146.896, 2113.870, 819.798, 23.491
1704.673, 1146.816, 2115.542, 818.418, 23.513
1706.309, 1146.773, 2117.179, 817.047, 23.535
1707.958, 1146.716, 2118.828, 815.650, 23.556
1709.619, 1146.646, 2120.490, 814.259, 23.578
1711.290, 1146.565, 2122.163, 812.887, 23.600
1712.971, 1146.473, 2123.847, 811.527, 23.622
1714.660, 1146.371, 2125.539, 810.171, 23.644
1716.358, 1146.261, 2127.240, 808.809, 23.667
1718.063, 1146.142, 2128.949, 807.436, 23.689
1719.774, 1146.017, 2130.664, 806.101, 23.711
1721.490, 1145.886, 2132.385, 804.778, 23.734
1723.211, 1145.750, 2134.111, 803.487, 23.757
1724.936, 1145.610, 2135.840, 802.216, 23.779
1726.663, 1145.467, 2137.572, 800.955, 23.802
1728.391, 1145.322, 2139.307, 799.722, 23.825
1730.087, 1145.213, 2141.006, 798.523, 23.847
1731.796, 1145.091, 2142.719, 797.338, 23.870
1733.515, 1144.956, 2144.443, 796.187, 23.892
1735.243, 1144.812, 2146.177, 795.055, 23.915
1736.978, 1144.660, 2147.918, 793.946, 23.938
1738.719, 1144.503, 2149.666, 792.852, 23.961
1740.463, 1144.341, 2151.418, 791.776, 23.984
1742.175, 1144.214, 2153.134, 790.735, 24.006
1743.900, 1144.074, 2154.865, 789.688, 24.029
1745.634, 1143.923, 2156.606, 788.698, 24.052
1747.376, 1143.764, 2158.355, 787.748, 24.075
1749.122, 1143.600, 2160.108, 786.824, 24.098
1750.836, 1143.472, 2161.827, 785.930, 24.120
1752.562, 1143.330, 2163.559, 785.069, 24.143
1754.296, 1143.180, 2165.299, 784.233, 24.166
1756.034, 1143.025, 2167.044, 783.424, 24.189
1757.820, 1142.817, 2168.841, 782.658, 24.212
1759.617, 1142.596, 2170.651, 781.938, 24.236
1761.424, 1142.366, 2172.471, 781.244, 24.260
1763.203, 1142.166, 2174.261, 780.592, 24.283
1764.998, 1141.949, 2176.069, 779.975, 24.307
1766.805, 1141.717, 2177.890, 779.391, 24.331
1768.588, 1141.513, 2179.684, 778.822, 24.354
1770.388, 1141.289, 2181.498, 778.306, 24.378
1772.202, 1141.051, 2183.326, 777.803, 24.402
1774.025, 1140.803, 2185.165, 777.319, 24.426
1775.818, 1140.587, 2186.971, 776.867, 24.450
1777.624, 1140.357, 2188.792, 776.445, 24.474
1779.437, 1140.119, 2190.620, 776.050, 24.498
1781.218, 1139.917, 2192.413, 775.683, 24.521
1783.055, 1139.653, 2194.269, 775.331, 24.546
1784.909, 1139.370, 2196.144, 774.999, 24.570
1786.775, 1139.075, 2198.032, 774.678, 24.595
1788.613, 1138.810, 2199.889, 774.374, 24.619
1790.464, 1138.530, 2201.761, 774.078, 24.644
1792.323, 1138.242, 2203.642, 773.796, 24.669
1794.149, 1137.991, 2205.485, 773.558, 24.693
1796.062, 1137.643, 2207.428, 773.346, 24.718
1797.943, 1137.330, 2209.335, 773.163, 24.743
1799.800, 1137.044, 2211.214, 772.980, 24.768
1801.672, 1136.741, 2213.110, 772.814, 24.793
1803.552, 1136.430, 2215.015, 772.670, 24.818
1805.446, 1136.103, 2216.937, 772.557, 24.843
1807.361, 1135.754, 2218.882, 772.491, 24.869
1809.255, 1135.427, 2220.804, 772.465, 24.894
1811.168, 1135.079, 2222.748, 772.482, 24.919
1813.092, 1134.720, 2224.704, 772.547, 24.945
1814.985, 1134.395, 2226.624, 772.646, 24.970
1816.885, 1134.061, 2228.553, 772.765, 24.995
1818.796, 1133.716, 2230.495, 772.887, 25.000
1820.723, 1133.352, 2232.457, 773.016, 25.000
1822.624, 1133.018, 2234.387, 773.165, 25.000
1824.583, 1132.620, 2236.385, 773.344, 25.000
1826.523, 1132.243, 2238.361, 773.524, 25.000
1828.481, 1131.845, 2240.359, 773.741, 25.000
1830.415, 1131.475, 2242.328, 773.985, 25.000
1832.407, 1131.040, 2244.367, 774.261, 25.000
1834.381, 1130.625, 2246.384, 774.556, 25.000
1836.373, 1130.191, 2248.422, 774.861, 25.000
1838.385, 1129.735, 2250.484, 775.172, 25.000
1840.420, 1129.253, 2252.574, 775.470, 25.000
1842.467, 1128.757, 2254.680, 775.775, 25.000
1844.483, 1128.296, 2256.747, 776.081, 25.000
1846.549, 1127.780, 2258.875, 776.401, 25.000
1848.588, 1127.294, 2260.970, 776.784, 25.000
1850.635, 1126.799, 2263.075, 777.190, 25.000
1852.691, 1126.294, 2265.192, 777.610, 25.000
1854.679, 1125.864, 2267.226, 778.046, 25.000
1856.711, 1125.384, 2269.314, 778.510, 25.000
1858.757, 1124.891, 2271.417, 778.998, 25.000
1860.815, 1124.383, 2273.537, 779.484, 25.000
1862.841, 1123.912, 2275.617, 780.002, 25.000
1864.914, 1123.387, 2277.755, 780.546, 25.000
1866.990, 1122.861, 2279.896, 781.111, 25.000
1869.068, 1122.332, 2282.041, 781.729, 25.000
1871.116, 1121.836, 2284.148, 782.367, 25.000
1873.134, 1121.372, 2286.218, 783.023, 25.000
1875.168, 1120.892, 2288.308, 783.699, 25.000
1877.217, 1120.394, 2290.417, 784.415, 25.000
1879.280, 1119.881, 2292.543, 785.149, 25.000
1881.323, 1119.390, 2294.644, 785.871, 25.000
1883.391, 1118.872, 2296.776, 786.615, 25.000
1885.482, 1118.329, 2298.936, 787.386, 25.000
1887.594, 1117.762, 2301.122, 788.215, 25.000
1889.692, 1117.210, 2303.292, 789.090, 25.000
1891.821, 1116.626, 2305.498, 790.017, 25.000
1893.977, 1116.011, 2307.739, 790.993, 25.000
1896.157, 1115.368, 2310.011, 791.991, 25.000
1898.327, 1114.738, 2312.269, 793.041, 25.000
1900.528, 1114.073, 2314.566, 794.108, 25.000
1902.724, 1113.414, 2316.858, 795.192, 25.000
1904.911, 1112.765, 2319.137, 796.287, 25.000
1907.163, 1112.044, 2321.499, 797.426, 25.000
1909.396, 1111.345, 2323.839, 798.624, 25.000
1911.651, 1110.621, 2326.207, 799.848, 25.000
1913.889, 1109.915, 2328.554, 801.137, 25.000
1916.151, 1109.183, 2330.931, 802.480, 25.000
1918.444, 1108.417, 2333.349, 803.862, 25.000
1920.729, 1107.660, 2335.756, 805.298, 25.000
1923.044, 1106.870, 2338.202, 806.779, 25.000
1925.350, 1106.089, 2340.636, 808.301, 25.000
1927.686, 1105.277, 2343.109, 809.854, 25.000
1930.009, 1104.478, 2345.565, 811.440, 25.000
1932.311, 1103.702, 2347.994, 813.061, 25.000
1934.628, 1102.909, 2350.444, 814.717, 25.000
1936.966, 1102.094, 2352.919, 816.442, 25.000
1939.326, 1101.254, 2355.424, 818.212, 25.000
1941.680, 1100.421, 2357.920, 820.020, 25.000
1944.029, 1099.593, 2360.411, 821.865, 25.000
1946.410, 1098.731, 2362.942, 823.754, 25.000
1948.823, 1097.833, 2365.516, 825.706, 25.000
1951.270, 1096.897, 2368.135, 827.690, 25.000
1953.708, 1095.972, 2370.741, 829.731, 25.000
1956.136, 1095.058, 2373.334, 831.820, 25.000
1958.601, 1094.102, 2375.976, 833.977, 25.000
1961.103, 1093.106, 2378.669, 836.208, 25.000
1963.595, 1092.120, 2381.350, 838.486, 25.000
1966.078, 1091.146, 2384.016, 840.823, 25.000
1968.594, 1090.134, 2386.729, 843.208, 25.000
1971.144, 1089.085, 2389.486, 845.657, 25.000
1973.691, 1088.040, 2392.239, 848.173, 25.000
1976.314, 1086.911, 2395.093, 850.760, 25.000
1978.916, 1085.805, 2397.920, 853.416, 25.000
1981.495, 1084.724, 2400.717, 856.150, 25.000
1984.061, 1083.657, 2403.496, 858.987, 25.000
1986.623, 1082.595, 2406.269, 861.923, 25.000
1989.222, 1081.492, 2409.092, 864.960, 25.000
1991.820, 1080.391, 2411.914, 868.084, 25.000
1994.423, 1079.284, 2414.742, 871.278, 25.000
1997.071, 1078.127, 2417.632, 874.541, 25.000
1999.724, 1076.965, 2420.528, 877.882, 25.000
2002.387, 1075.792, 2423.437, 881.292, 25.000
2005.064, 1074.603, 2426.365, 884.771, 25.000
2007.759, 1073.394, 2429.318, 888.338, 25.000
2010.508, 1072.126, 2432.344, 891.995, 25.000
2013.405, 1070.770, 2435.541, 895.731, 25.000
2016.357, 1069.380, 2438.801, 899.525, 25.000
2019.381, 1067.921, 2442.159, 903.343, 25.000
2022.416, 1066.444, 2445.534, 907.151, 25.000
2025.434, 1064.960, 2448.897, 910.941, 25.000
2028.316, 1063.533, 2452.113, 914.715, 25.000
2031.074, 1062.158, 2455.195, 918.490, 25.000
2033.720, 1060.829, 2458.156, 922.282, 25.000
2036.309, 1059.491, 2461.069, 926.114, 25.000
2038.853, 1058.143, 2463.947, 930.009, 25.000
2041.451, 1056.754, 2466.893, 933.987, 25.000
2044.023, 1055.383, 2469.807, 938.035, 25.000
2046.591, 1053.991, 2472.727, 942.152, 25.000
2049.101, 1052.627, 2475.581, 946.321, 25.000
2051.531, 1051.305, 2478.347, 950.546, 25.000
2053.910, 1049.984, 2481.068, 954.836, 25.000
2056.143, 1048.763, 2483.612, 959.192, 25.000
2058.151, 1047.663, 2485.901, 963.672, 25.000
2060.140, 1046.550, 2488.179, 968.320, 25.000
2062.054, 1045.459, 2490.381, 973.163, 25.000
2063.897, 1044.387, 2492.511, 978.245, 25.000
2065.630, 1043.379, 2494.514, 983.600, 25.000
2067.296, 1042.393, 2496.447, 989.254, 25.000
2068.948, 1041.393, 2498.376, 995.248, 25.000
2070.497, 1040.460, 2500.183, 1001.613, 25.000
2071.990, 1039.548, 2501.934, 1008.384, 25.000
2073.450, 1038.646, 2503.649, 1015.647, 25.000
2074.896, 1037.742, 2505.354, 1023.490, 25.000
2076.292, 1036.834, 2507.019, 1031.944, 25.000
2077.745, 1035.914, 2508.739, 1041.094, 25.000
2079.064, 1035.078, 2510.301, 1050.987, 25.000
2080.282, 1034.301, 2511.746, 1061.739, 25.000
2081.388, 1033.587, 2513.061, 1073.441, 25.000
2082.370, 1032.942, 2514.236, 1086.246, 25.000
2083.262, 1032.341, 2515.311, 1100.296, 25.000
2084.125, 1031.760, 2516.352, 1115.705, 25.000
2084.991, 1031.182, 2517.392, 1132.674, 25.000
2085.892, 1030.588, 2518.471, 1151.389, 25.000
2086.865, 1029.960, 2519.629, 1172.043, 25.000
2087.804, 1029.377, 2520.735, 1194.812, 25.000
2088.765, 1028.793, 2521.858, 1219.924, 25.000
2089.728, 1028.219, 2522.980, 1247.639, 25.000
2090.692, 1027.652, 2524.097, 1278.206, 25.000
2091.652, 1027.090, 2525.209, 1311.940, 25.000
2092.606, 1026.528, 2526.316, 1349.196, 25.000
2093.550, 1025.965, 2527.415, 1390.324, 25.000
2094.481, 1025.397, 2528.505, 1435.819, 25.000
2095.533, 1024.758, 2529.736, 1486.159, 25.000
2096.487, 1024.141, 2530.872, 1541.890, 25.000
2097.513, 1023.473, 2532.096, 1603.601, 25.000
2098.554, 1022.793, 2533.339, 1671.913, 25.000
2099.609, 1022.100, 2534.602, 1747.548, 25.000
2100.680, 1021.392, 2535.885, 1831.318, 25.000
2101.706, 1020.707, 2537.119, 1924.102, 25.000
2102.729, 1020.016, 2538.353, 2026.919, 25.000
2103.652, 1019.365, 2539.482, 2140.868, 25.000
2104.609, 1018.625, 2540.688, 2267.237, 25.000
2105.634, 1017.853, 2541.969, 2407.382, 25.000
2106.754, 1017.076, 2543.332, 2562.838, 25.000
2107.848, 1016.342, 2544.649, 2735.275, 25.000
2108.955, 1015.620, 2545.971, 2926.557, 25.000
2110.073, 1014.908, 2547.296, 3138.742, 25.000
2111.200, 1014.205, 2548.624, 3374.174, 25.000
2112.333, 1013.507, 2549.954, 3635.338, 25.000
2113.411, 1012.853, 2551.214, 3925.122, 25.000
2114.474, 1012.214, 2552.453, 4246.732, 25.000
2115.556, 1011.555, 2553.719, 4603.717, 25.000
2116.602, 1010.920, 2554.942, 5000.000, 0.000
2117.609, 1010.307, 2556.121, 5000.000, 0.000
2118.709, 1009.648, 2557.403, 5000.000, 0.000
2119.749, 1009.028, 2558.614, 5000.000, 0.000
2120.768, 1008.413, 2559.804, 5000.000, 0.000
2121.763, 1007.800, 2560.972, 5000.000, 0.000
2122.773, 1007.155, 2562.171, 5000.000, 0.000
2123.740, 1006.516, 2563.329, 5000.000, 0.000
2124.665, 1005.879, 2564.451, 5000.000, 0.000
2125.548, 1005.242, 2565.538, 5000.000, 0.000
2126.391, 1004.601, 2566.593, 5000.000, 0.000
2127.328, 1003.915, 2567.752, 5000.000, 0.000
2128.184, 1003.274, 2568.821, 5000.000, 0.000
2129.005, 1002.644, 2569.852, 5000.000, 0.000
2129.791, 1002.022, 2570.852, 5000.000, 0.000
2130.546, 1001.406, 2571.822, 5000.000, 0.000
2131.271, 1000.791, 2572.768, 5000.000, 0.000
2132.011, 1000.145, 2573.744, 5000.000, 0.000
2132.846, 999.441, 2574.832, 5000.000, 0.000
2133.681, 998.809, 2575.879, 5000.000, 0.000
2134.468, 998.224, 2576.859, 5000.000, 0.000
2135.249, 997.650, 2577.829, 5000.000, 0.000
2136.029, 997.083, 2578.793, 5000.000, 0.000
2136.851, 996.489, 2579.807, 5000.000, 0.000
2137.664, 995.907, 2580.807, 5000.000, 0.000
2138.473, 995.332, 2581.800, 5000.000, 0.000
2139.282, 994.758, 2582.791, 5000.000, 0.000
2140.094, 994.181, 2583.788, 5000.000, 0.000
2140.914, 993.594, 2584.796, 5000.000, 0.000
2141.693, 993.039, 2585.753, 5000.000, 0.000
2142.513, 992.448, 2586.763, 5000.000, 0.000
2143.320, 991.859, 2587.762, 5000.000, 0.000
2144.121, 991.267, 2588.758, 5000.000, 0.000
2144.920, 990.669, 2589.756, 5000.000, 0.000
2145.724, 990.060, 2590.764, 5000.000, 0.000
2146.581, 989.409, 2591.840, 5000.000, 0.000
2147.385, 988.798, 2592.850, 5000.000, 0.000
2148.186, 988.193, 2593.853, 5000.000, 0.000
2148.988, 987.592, 2594.856, 5000.000, 0.000
2149.796, 986.989, 2595.864, 5000.000, 0.000
2150.616, 986.381, 2596.885, 5000.000, 0.000
2151.395, 985.805, 2597.854, 5000.000, 0.000
2152.176, 985.225, 2598.826, 5000.000, 0.000
2152.865, 984.684, 2599.702, 5000.000, 0.000
2153.639, 984.084, 2600.681, 5000.000, 0.000
2154.448, 983.467, 2601.699, 5000.000, 0.000
2155.294, 982.829, 2602.758, 5000.000, 0.000
2156.121, 982.210, 2603.791, 5000.000, 0.000
2156.972, 981.578, 2604.851, 5000.000, 0.000
2157.850, 980.930, 2605.942, 5000.000, 0.000
2158.755, 980.265, 2607.065, 5000.000, 0.000
2159.689, 979.579, 2608.224, 5000.000, 0.000
2160.693, 978.839, 2609.471, 5000.000, 0.000
2161.655, 978.128, 2610.668, 5000.000, 0.000
2162.619, 977.412, 2611.868, 5000.000, 0.000
2163.585, 976.690, 2613.074, 5000.000, 0.000
2164.556, 975.959, 2614.290, 5000.000, 0.000
2165.534, 975.219, 2615.516, 5000.000, 0.000
2166.561, 974.437, 2616.807, 5000.000, 0.000
2167.585, 973.653, 2618.097, 5000.000, 0.000
2168.553, 972.909, 2619.317, 5000.000, 0.000
2169.510, 972.175, 2620.524, 5000.000, 0.000
2170.459, 971.449, 2621.718, 5000.000, 0.000
2171.403, 970.731, 2622.904, 5000.000, 0.000
2172.344, 970.020, 2624.083, 5000.000, 0.000
2173.266, 969.323, 2625.239, 5000.000, 0.000
2174.152, 968.649, 2626.352, 5000.000, 0.000
2175.004, 967.996, 2627.426, 5000.000, 0.000
2175.824, 967.362, 2628.462, 5000.000, 0.000
2176.614, 966.745, 2629.465, 5000.000, 0.000
2177.375, 966.143, 2630.435, 5000.000, 0.000
2178.149, 965.523, 2631.427, 5000.000, 0.000
2178.885, 964.927, 2632.374, 5000.000, 0.000
2179.723, 964.288, 2633.427, 5000.000, 0.000
2180.513, 963.692, 2634.417, 5000.000, 0.000
2181.297, 963.101, 2635.399, 5000.000, 0.000
2182.080, 962.513, 2636.378, 5000.000, 0.000
2182.865, 961.922, 2637.360, 5000.000, 0.000
2183.655, 961.325, 2638.350, 5000.000, 0.000
2184.389, 960.727, 2639.296, 5000.000, 0.000
2185.197, 960.079, 2640.332, 5000.000, 0.000
2186.029, 959.423, 2641.392, 5000.000, 0.000
2186.833, 958.798, 2642.410, 5000.000, 0.000
2187.653, 958.172, 2643.442, 5000.000, 0.000
2188.491, 957.540, 2644.492, 5000.000, 0.000
2189.350, 956.900, 2645.562, 5000.000, 0.000
2190.231, 956.248, 2646.658, 5000.000, 0.000
2191.137, 955.583, 2647.782, 5000.000, 0.000
2192.015, 954.942, 2648.868, 5000.000, 0.000
2192.804, 954.337, 2649.863, 5000.000, 0.000
2193.682, 953.671, 2650.965, 5000.000, 0.000
2194.594, 952.987, 2652.104, 5000.000, 0.000
2195.539, 952.285, 2653.282, 5000.000, 0.000
2196.517, 951.560, 2654.499, 5000.000, 0.000
2197.529, 950.813, 2655.757, 5000.000, 0.000
2198.519, 950.085, 2656.986, 5000.000, 0.000
2199.527, 949.345, 2658.236, 5000.000, 0.000
2200.553, 948.592, 2659.509, 5000.000, 0.000
2201.497, 947.872, 2660.696, 5000.000, 0.000
2202.534, 947.090, 2661.995, 5000.000, 0.000
2203.608, 946.291, 2663.334, 5000.000, 0.000
2204.660, 945.518, 2664.639, 5000.000, 0.000
2205.724, 944.739, 2665.957, 5000.000, 0.000
2206.796, 943.953, 2667.287, 5000.000, 0.000
2207.873, 943.160, 2668.624, 5000.000, 0.000
2208.951, 942.362, 2669.966, 5000.000, 0.000
2210.026, 941.556, 2671.309, 5000.000, 0.000
2211.093, 940.745, 2672.650, 5000.000, 0.000
2212.051, 939.971, 2673.880, 5000.000, 0.000
2213.160, 939.131, 2675.271, 5000.000, 0.000
2214.243, 938.322, 2676.623, 5000.000, 0.000
2215.335, 937.514, 2677.981, 5000.000, 0.000
2216.430, 936.707, 2679.341, 5000.000, 0.000
2217.522, 935.902, 2680.698, 5000.000, 0.000
2218.608, 935.099, 2682.049, 5000.000, 0.000
2219.682, 934.300, 2683.388, 5000.000, 0.000
2220.740, 933.506, 2684.710, 5000.000, 0.000
2221.775, 932.716, 2686.012, 5000.000, 0.000
2222.822, 931.900, 2687.339, 5000.000, 0.000
2223.960, 931.039, 2688.767, 5000.000, 0.000
2225.036, 930.222, 2690.117, 5000.000, 0.000
2226.087, 929.419, 2691.440, 5000.000, 0.000
2227.112, 928.630, 2692.734, 5000.000, 0.000
2228.109, 927.854, 2693.997, 5000.000, 0.000
2229.076, 927.092, 2695.228, 5000.000, 0.000
2230.052, 926.313, 2696.475, 5000.000, 0.000
2230.978, 925.559, 2697.669, 5000.000, 0.000
2231.856, 924.831, 2698.809, 5000.000, 0.000
2232.822, 924.063, 2700.042, 5000.000, 0.000
2233.726, 923.347, 2701.196, 5000.000, 0.000
2234.607, 922.646, 2702.321, 5000.000, 0.000
2235.506, 921.931, 2703.470, 5000.000, 0.000
2236.370, 921.242, 2704.575, 5000.000, 0.000
2237.198, 920.576, 2705.638, 5000.000, 0.000
2237.994, 919.933, 2706.661, 5000.000, 0.000
2238.759, 919.309, 2707.648, 5000.000, 0.000
2239.494, 918.703, 2708.601, 5000.000, 0.000
2240.242, 918.082, 2709.573, 5000.000, 0.000
2241.085, 917.422, 2710.643, 5000.000, 0.000
2241.876, 916.809, 2711.644, 5000.000, 0.000
2242.659, 916.207, 2712.631, 5000.000, 0.000
2243.437, 915.614, 2713.609, 5000.000, 0.000
2244.258, 914.998, 2714.635, 5000.000, 0.000
2245.069, 914.396, 2715.645, 5000.000, 0.000
2245.876, 913.804, 2716.645, 5000.000, 0.000
2246.681, 913.217, 2717.641, 5000.000, 0.000
2247.491, 912.630, 2718.641, 5000.000, 0.000
2248.309, 912.038, 2719.650, 5000.000, 0.000
2249.127, 911.451, 2720.656, 5000.000, 0.000
2249.936, 910.879, 2721.646, 5000.000, 0.000
2250.739, 910.316, 2722.626, 5000.000, 0.000
2251.541, 909.757, 2723.603, 5000.000, 0.000
2252.344, 909.197, 2724.582, 5000.000, 0.000
2253.154, 908.629, 2725.570, 5000.000, 0.000
2253.974, 908.050, 2726.574, 5000.000, 0.000
2254.753, 907.497, 2727.529, 5000.000, 0.000
2255.535, 906.936, 2728.492, 5000.000, 0.000
2256.225, 906.408, 2729.360, 5000.000, 0.000
2257.001, 905.816, 2730.335, 5000.000, 0.000
2257.810, 905.201, 2731.352, 5000.000, 0.000
2258.655, 904.560, 2732.413, 5000.000, 0.000
2259.483, 903.932, 2733.451, 5000.000, 0.000
2260.334, 903.285, 2734.520, 5000.000, 0.000
2261.211, 902.617, 2735.622, 5000.000, 0.000
2262.115, 901.926, 2736.761, 5000.000, 0.000
2263.047, 901.209, 2737.937, 5000.000, 0.000
2264.050, 900.432, 2739.205, 5000.000, 0.000
2265.009, 899.677, 2740.426, 5000.000, 0.000
2265.972, 898.914, 2741.654, 5000.000, 0.000
2266.942, 898.143, 2742.893, 5000.000, 0.000
2267.924, 897.366, 2744.145, 5000.000, 0.000
2268.964, 896.552, 2745.465, 5000.000, 0.000
2269.953, 895.786, 2746.716, 5000.000, 0.000
2270.933, 895.035, 2747.951, 5000.000, 0.000
2271.905, 894.297, 2749.171, 5000.000, 0.000
2272.871, 893.569, 2750.381, 5000.000, 0.000
2273.834, 892.851, 2751.582, 5000.000, 0.000
2274.795, 892.139, 2752.778, 5000.000, 0.000
2275.698, 891.475, 2753.899, 5000.000, 0.000
2276.581, 890.823, 2754.996, 5000.000, 0.000
2277.346, 890.227, 2755.966, 5000.000, 0.000
2278.165, 889.590, 2757.004, 5000.000, 0.000
2278.984, 888.956, 2758.039, 5000.000, 0.000
2279.801, 888.323, 2759.072, 5000.000, 0.000
2280.613, 887.690, 2760.102, 5000.000, 0.000
2281.420, 887.056, 2761.128, 5000.000, 0.000
2282.220, 886.419, 2762.151, 5000.000, 0.000
2283.150, 885.716, 2763.317, 5000.000, 0.000
2284.058, 885.033, 2764.453, 5000.000, 0.000
2285.022, 884.305, 2765.661, 5000.000, 0.000
2285.988, 883.573, 2766.872, 5000.000, 0.000
2286.956, 882.834, 2768.090, 5000.000, 0.000
2287.929, 882.088, 2769.317, 5000.000, 0.000
2288.909, 881.332, 2770.554, 5000.000, 0.000
2289.897, 880.563, 2771.806, 5000.000, 0.000
2290.937, 879.751, 2773.125, 5000.000, 0.000
2291.918, 878.978, 2774.374, 5000.000, 0.000
2292.886, 878.215, 2775.607, 5000.000, 0.000
2293.846, 877.462, 2776.827, 5000.000, 0.000
2294.802, 876.719, 2778.037, 5000.000, 0.000
2295.800, 875.958, 2779.292, 5000.000, 0.000
2296.729, 875.261, 2780.454, 5000.000, 0.000
2297.630, 874.594, 2781.575, 5000.000, 0.000
2298.502, 873.951, 2782.658, 5000.000, 0.000
2299.346, 873.332, 2783.705, 5000.000, 0.000
2300.162, 872.732, 2784.718, 5000.000, 0.000
2300.952, 872.149, 2785.700, 5000.000, 0.000
2301.716, 871.580, 2786.652, 5000.000, 0.000
2302.493, 870.989, 2787.629, 5000.000, 0.000
2303.229, 870.415, 2788.561, 5000.000, 0.000
2304.064, 869.794, 2789.602, 5000.000, 0.000
2304.851, 869.211, 2790.581, 5000.000, 0.000
2305.632, 868.630, 2791.555, 5000.000, 0.000
2306.413, 868.048, 2792.529, 5000.000, 0.000
2307.237, 867.432, 2793.558, 5000.000, 0.000
2308.054, 866.819, 2794.579, 5000.000, 0.000
2308.869, 866.206, 2795.599, 5000.000, 0.000
2309.685, 865.587, 2796.623, 5000.000, 0.000
2310.507, 864.957, 2797.658, 5000.000, 0.000
2311.285, 864.358, 2798.641, 5000.000, 0.000
2312.065, 863.754, 2799.627, 5000.000, 0.000
2312.890, 863.111, 2800.673, 5000.000, 0.000
2313.708, 862.467, 2801.714, 5000.000, 0.000
2314.524, 861.818, 2802.757, 5000.000, 0.000
2315.345, 861.161, 2803.808, 5000.000, 0.000
2316.120, 860.535, 2804.805, 5000.000, 0.000
2316.942, 859.882, 2805.854, 5000.000, 0.000
2317.758, 859.240, 2806.893, 5000.000, 0.000
2318.576, 858.607, 2807.927, 5000.000, 0.000
2319.402, 857.979, 2808.964, 5000.000, 0.000
2320.183, 857.394, 2809.940, 5000.000, 0.000
2320.961, 856.815, 2810.909, 5000.000, 0.000
2321.782, 856.209, 2811.929, 5000.000, 0.000
2322.593, 855.615, 2812.934, 5000.000, 0.000
2323.401, 855.027, 2813.932, 5000.000, 0.000
2324.208, 854.441, 2814.930, 5000.000, 0.000
2325.019, 853.852, 2815.932, 5000.000, 0.000
2325.838, 853.254, 2816.946, 5000.000, 0.000
2326.616, 852.688, 2817.908, 5000.000, 0.000
2327.437, 852.088, 2818.925, 5000.000, 0.000
2328.251, 851.494, 2819.932, 5000.000, 0.000
2329.063, 850.901, 2820.937, 5000.000, 0.000
2329.878, 850.306, 2821.946, 5000.000, 0.000
2330.701, 849.705, 2822.966, 5000.000, 0.000
2331.481, 849.135, 2823.932, 5000.000, 0.000
2332.261, 848.561, 2824.900, 5000.000, 0.000
2333.083, 847.948, 2825.926, 5000.000, 0.000
2333.899, 847.335, 2826.945, 5000.000, 0.000
2334.711, 846.719, 2827.965, 5000.000, 0.000
2335.526, 846.093, 2828.992, 5000.000, 0.000
2336.347, 845.454, 2830.033, 5000.000, 0.000
2337.125, 844.841, 2831.023, 5000.000, 0.000
2337.906, 844.223, 2832.019, 5000.000, 0.000
2338.736, 843.565, 2833.078, 5000.000, 0.000
2339.566, 842.908, 2834.136, 5000.000, 0.000
2340.401, 842.249, 2835.199, 5000.000, 0.000
2341.187, 841.625, 2836.203, 5000.000, 0.000
2341.972, 841.002, 2837.205, 5000.000, 0.000
2342.758, 840.377, 2838.209, 5000.000, 0.000
2343.551, 839.748, 2839.221, 5000.000, 0.000
2344.395, 839.080, 2840.298, 5000.000, 0.000
2345.239, 838.411, 2841.374, 5000.000, 0.000
2346.032, 837.782, 2842.387, 5000.000, 0.000
2346.819, 837.157, 2843.391, 5000.000, 0.000
2347.603, 836.534, 2844.393, 5000.000, 0.000
2348.390, 835.910, 2845.397, 5000.000, 0.000
2349.225, 835.251, 2846.461, 5000.000, 0.000
2350.057, 834.597, 2847.519, 5000.000, 0.000
2350.892, 833.944, 2848.579, 5000.000, 0.000
2351.679, 833.330, 2849.577, 5000.000, 0.000
2352.463, 832.723, 2850.569, 5000.000, 0.000
2353.246, 832.117, 2851.559, 5000.000, 0.000
2354.034, 831.509, 2852.554, 5000.000, 0.000
2354.869, 830.865, 2853.609, 5000.000, 0.000
2355.699, 830.221, 2854.659, 5000.000, 0.000
2356.530, 829.575, 2855.712, 5000.000, 0.000
2357.312, 828.966, 2856.703, 5000.000, 0.000
2358.090, 828.360, 2857.689, 5000.000, 0.000
2358.912, 827.727, 2858.726, 5000.000, 0.000
2359.727, 827.106, 2859.751, 5000.000, 0.000
2360.541, 826.492, 2860.771, 5000.000, 0.000
2361.358, 825.881, 2861.791, 5000.000, 0.000
2362.183, 825.268, 2862.818, 5000.000, 0.000
2362.963, 824.692, 2863.788, 5000.000, 0.000
2363.744, 824.117, 2864.757, 5000.000, 0.000
2364.527, 823.539, 2865.730, 5000.000, 0.000
2365.356, 822.923, 2866.763, 5000.000, 0.000
2366.178, 822.306, 2867.791, 5000.000, 0.000
2367.000, 821.685, 2868.821, 5000.000, 0.000
2367.825, 821.056, 2869.859, 5000.000, 0.000
2368.606, 820.457, 2870.842, 5000.000, 0.000
2369.386, 819.857, 2871.826, 5000.000, 0.000
2370.211, 819.222, 2872.868, 5000.000, 0.000
2371.031, 818.590, 2873.903, 5000.000, 0.000
2371.851, 817.959, 2874.938, 5000.000, 0.000
2372.676, 817.324, 2875.979, 5000.000, 0.000
2373.456, 816.724, 2876.963, 5000.000, 0.000
2374.235, 816.124, 2877.946, 5000.000, 0.000
2375.057, 815.491, 2878.984, 5000.000, 0.000
2375.870, 814.862, 2880.012, 5000.000, 0.000
2376.681, 814.235, 2881.037, 5000.000, 0.000
2377.493, 813.604, 2882.065, 5000.000, 0.000
2378.312, 812.965, 2883.104, 5000.000, 0.000
2379.089, 812.357, 2884.090, 5000.000, 0.000
2379.911, 811.721, 2885.129, 5000.000, 0.000
2380.728, 811.094, 2886.159, 5000.000, 0.000
2381.546, 810.474, 2887.186, 5000.000, 0.000
2382.372, 809.857, 2888.217, 5000.000, 0.000
2383.153, 809.281, 2889.187, 5000.000, 0.000
2383.932, 808.709, 2890.153, 5000.000, 0.000
2384.752, 808.109, 2891.170, 5000.000, 0.000
2385.564, 807.518, 2892.174, 5000.000, 0.000
2386.371, 806.932, 2893.171, 5000.000, 0.000
2387.178, 806.346, 2894.168, 5000.000, 0.000
2387.989, 805.755, 2895.172, 5000.000, 0.000
2388.808, 805.153, 2896.189, 5000.000, 0.000
2389.586, 804.581, 2897.154, 5000.000, 0.000
2390.406, 803.973, 2898.175, 5000.000, 0.000
2391.219, 803.369, 2899.187, 5000.000, 0.000
2392.028, 802.763, 2900.198, 5000.000, 0.000
2392.839, 802.153, 2901.214, 5000.000, 0.000
2393.660, 801.534, 2902.241, 5000.000, 0.000
2394.436, 800.945, 2903.215, 5000.000, 0.000
2395.256, 800.323, 2904.245, 5000.000, 0.000
2396.069, 799.706, 2905.265, 5000.000, 0.000
2396.879, 799.091, 2906.282, 5000.000, 0.000
2397.693, 798.474, 2907.304, 5000.000, 0.000
2398.515, 797.850, 2908.336, 5000.000, 0.000
2399.294, 797.257, 2909.314, 5000.000, 0.000
2400.074, 796.662, 2910.295, 5000.000, 0.000
2400.899, 796.030, 2911.334, 5000.000, 0.000
2401.720, 795.402, 2912.368, 5000.000, 0.000
2402.541, 794.772, 2913.403, 5000.000, 0.000
2403.369, 794.137, 2914.447, 5000.000, 0.000
2404.151, 793.534, 2915.433, 5000.000, 0.000
2404.932, 792.932, 2916.420, 5000.000, 0.000
2405.718, 792.326, 2917.412, 5000.000, 0.000
2406.551, 791.682, 2918.466, 5000.000, 0.000
2407.382, 791.039, 2919.516, 5000.000, 0.000
2408.215, 790.393, 2920.570, 5000.000, 0.000
2409.001, 789.783, 2921.565, 5000.000, 0.000
2409.782, 789.175, 2922.555, 5000.000, 0.000
2410.563, 788.566, 2923.546, 5000.000, 0.000
2411.390, 787.921, 2924.594, 5000.000, 0.000
2412.211, 787.280, 2925.636, 5000.000, 0.000
2413.031, 786.638, 2926.677, 5000.000, 0.000
2413.856, 785.992, 2927.725, 5000.000, 0.000
2414.635, 785.380, 2928.716, 5000.000, 0.000
2415.415, 784.770, 2929.705, 5000.000, 0.000
2416.240, 784.129, 2930.750, 5000.000, 0.000
2417.059, 783.496, 2931.786, 5000.000, 0.000
2417.879, 782.866, 2932.820, 5000.000, 0.000
2418.704, 782.236, 2933.858, 5000.000, 0.000
2419.484, 781.645, 2934.837, 5000.000, 0.000
2420.263, 781.057, 2935.812, 5000.000, 0.000
2421.085, 780.441, 2936.840, 5000.000, 0.000
2421.902, 779.835, 2937.857, 5000.000, 0.000
2422.716, 779.234, 2938.869, 5000.000, 0.000
2423.534, 778.634, 2939.882, 5000.000, 0.000
2424.358, 778.030, 2940.904, 5000.000, 0.000
2425.139, 777.461, 2941.871, 5000.000, 0.000
2425.919, 776.891, 2942.837, 5000.000, 0.000
2426.703, 776.317, 2943.808, 5000.000, 0.000
2427.531, 775.703, 2944.840, 5000.000, 0.000
2428.354, 775.086, 2945.868, 5000.000, 0.000
2429.175, 774.463, 2946.898, 5000.000, 0.000
2430.000, 773.830, 2947.939, 5000.000, 0.000
2430.780, 773.226, 2948.925, 5000.000, 0.000
2431.560, 772.618, 2949.913, 5000.000, 0.000
2432.385, 771.973, 2950.960, 5000.000, 0.000
2433.205, 771.332, 2952.001, 5000.000, 0.000
2434.026, 770.689, 2953.044, 5000.000, 0.000
2434.853, 770.041, 2954.094, 5000.000, 0.000
2435.635, 769.426, 2955.088, 5000.000, 0.000
2436.416, 768.810, 2956.083, 5000.000, 0.000
2437.201, 768.191, 2957.082, 5000.000, 0.000
2438.034, 767.535, 2958.143, 5000.000, 0.000
2438.864, 766.879, 2959.201, 5000.000, 0.000
2439.697, 766.220, 2960.263, 5000.000, 0.000
2440.482, 765.597, 2961.265, 5000.000, 0.000
2441.264, 764.978, 2962.263, 5000.000, 0.000
2442.049, 764.359, 2963.262, 5000.000, 0.000
2442.882, 763.708, 2964.320, 5000.000, 0.000
2443.713, 763.063, 2965.372, 5000.000, 0.000
2444.547, 762.421, 2966.424, 5000.000, 0.000
2445.333, 761.821, 2967.413, 5000.000, 0.000
2446.114, 761.227, 2968.394, 5000.000, 0.000
2446.893, 760.635, 2969.372, 5000.000, 0.000
2447.717, 760.012, 2970.405, 5000.000, 0.000
2448.532, 759.397, 2971.427, 5000.000, 0.000
2449.344, 758.783, 2972.444, 5000.000, 0.000
2450.158, 758.167, 2973.465, 5000.000, 0.000
2450.978, 757.545, 2974.494, 5000.000, 0.000
2451.755, 756.956, 2975.469, 5000.000, 0.000
2452.575, 756.337, 2976.496, 5000.000, 0.000
2453.389, 755.729, 2977.512, 5000.000, 0.000
2454.201, 755.126, 2978.523, 5000.000, 0.000
2455.017, 754.525, 2979.537, 5000.000, 0.000
2455.842, 753.921, 2980.559, 5000.000, 0.000
2456.623, 753.352, 2981.525, 5000.000, 0.000
2457.403, 752.783, 2982.491, 5000.000, 0.000
2458.187, 752.209, 2983.462, 5000.000, 0.000
2459.015, 751.594, 2984.494, 5000.000, 0.000
2459.836, 750.976, 2985.521, 5000.000, 0.000
2460.654, 750.350, 2986.551, 5000.000, 0.000
2461.476, 749.713, 2987.591, 5000.000, 0.000
2462.252, 749.106, 2988.576, 5000.000, 0.000
2463.072, 748.467, 2989.615, 5000.000, 0.000
2463.884, 747.836, 2990.644, 5000.000, 0.000
2464.694, 747.208, 2991.668, 5000.000, 0.000
2465.508, 746.580, 2992.696, 5000.000, 0.000
2466.329, 745.947, 2993.734, 5000.000, 0.000
2467.108, 745.347, 2994.716, 5000.000, 0.000
2467.888, 744.747, 2995.701, 5000.000, 0.000
2468.714, 744.112, 2996.742, 5000.000, 0.000
2469.531, 743.478, 2997.777, 5000.000, 0.000
2470.348, 742.844, 2998.811, 5000.000, 0.000
2471.170, 742.206, 2999.851, 5000.000, 0.000
2471.947, 741.602, 3000.835, 5000.000, 0.000
2472.767, 740.973, 3001.868, 5000.000, 0.000
2473.580, 740.357, 3002.889, 5000.000, 0.000
2474.392, 739.750, 3003.902, 5000.000, 0.000
2475.206, 739.148, 3004.915, 5000.000, 0.000
2476.030, 738.547, 3005.935, 5000.000, 0.000
2476.810, 737.984, 3006.897, 5000.000, 0.000
2477.590, 737.424, 3007.856, 5000.000, 0.000
2478.411, 736.831, 3008.869, 5000.000, 0.000
2479.223, 736.245, 3009.871, 5000.000, 0.000
2480.031, 735.659, 3010.868, 5000.000, 0.000
2480.838, 735.070, 3011.868, 5000.000, 0.000
2481.649, 734.471, 3012.876, 5000.000, 0.000
2482.468, 733.858, 3013.898, 5000.000, 0.000
2483.245, 733.272, 3014.872, 5000.000, 0.000
2484.067, 732.648, 3015.904, 5000.000, 0.000
2484.886, 732.028, 3016.931, 5000.000, 0.000
2485.706, 731.408, 3017.959, 5000.000, 0.000
2486.535, 730.784, 3018.996, 5000.000, 0.000
2487.317, 730.193, 3019.977, 5000.000, 0.000
2488.098, 729.600, 3020.957, 5000.000, 0.000
2488.880, 729.002, 3021.941, 5000.000, 0.000
2489.707, 728.363, 3022.987, 5000.000, 0.000
2490.528, 727.722, 3024.028, 5000.000, 0.000
2491.348, 727.075, 3025.073, 5000.000, 0.000
2492.173, 726.417, 3026.128, 5000.000, 0.000
2492.951, 725.789, 3027.128, 5000.000, 0.000
2493.732, 725.159, 3028.131, 5000.000, 0.000
2494.137, 724.843, 3028.645, 5000.000, 0.000
2494.948, 724.210, 3029.673, 5000.000, 0.000
2495.760, 723.577, 3030.704, 5000.000, 0.000
2496.574, 722.942, 3031.735, 5000.000, 0.000
2497.389, 722.307, 3032.768, 5000.000, 0.000
2498.205, 721.672, 3033.803, 5000.000, 0.000
2499.022, 721.036, 3034.838, 5000.000, 0.000
2499.841, 720.399, 3035.876, 5000.000, 0.000
2500.661, 719.761, 3036.914, 5000.000, 0.000
2501.483, 719.123, 3037.955, 5000.000, 0.000
2502.306, 718.485, 3038.996, 5000.000, 0.000
2503.130, 717.845, 3040.040, 5000.000, 0.000
2503.956, 717.205, 3041.084, 5000.000, 0.000
2504.783, 716.565, 3042.130, 5000.000, 0.000
2505.611, 715.923, 3043.178, 5000.000, 0.000
