x, y, length, r, ctrl
0.146, -0.161, 0.000, 5000.000, 0.000
0.979, 0.680, 1.184, 5000.000, 0.000
1.812, 1.522, 2.368, 5000.000, 0.000
2.644, 2.364, 3.552, 5000.000, 0.000
3.476, 3.206, 4.736, 5000.000, 0.000
4.308, 4.049, 5.920, 5000.000, 0.000
5.140, 4.892, 7.105, 5000.000, 0.000
5.971, 5.736, 8.289, 5000.000, 0.000
6.802, 6.580, 9.473, 5000.000, 0.000
7.632, 7.424, 10.657, 5000.000, 0.000
8.463, 8.268, 11.842, 5000.000, 0.000
9.293, 9.113, 13.026, 5000.000, 0.000
10.122, 9.958, 14.210, 5000.000, 0.000
10.952, 10.804, 15.395, 5000.000, 0.000
11.781, 11.650, 16.579, 5000.000, 0.000
13.027, 12.915, 18.355, 5000.000, 0.000
13.852, 13.766, 19.540, 5000.000, 0.000
14.672, 14.622, 20.725, 5000.000, 0.000
15.488, 15.482, 21.911, 5000.000, 0.000
16.302, 16.344, 23.097, 5000.000, 0.000
17.117, 17.206, 24.282, 5000.000, 0.000
17.933, 18.066, 25.468, 5000.000, 0.000
18.752, 18.922, 26.653, 5000.000, 0.000
19.577, 19.773, 27.838, 5000.000, 0.000
20.410, 20.615, 29.022, 5000.000, 0.000
21.250, 21.448, 30.205, 5000.000, 0.000
22.102, 22.269, 31.388, 5000.000, 0.000
22.919, 23.128, 32.573, 5000.000, 0.000
23.736, 23.987, 33.759, 5000.000, 0.000
24.554, 24.845, 34.944, 5000.000, 0.000
25.374, 25.701, 36.129, 5000.000, 0.000
26.197, 26.554, 37.314, 5000.000, 0.000
27.023, 27.403, 38.499, 5000.000, 0.000
27.853, 28.247, 39.683, 5000.000, 0.000
28.723, 29.049, 40.864, 5000.000, 0.000
29.586, 29.857, 42.046, 5000.000, 0.000
30.444, 30.670, 43.228, 5000.000, 0.000
31.300, 31.486, 44.410, 5000.000, 0.000
32.155, 32.303, 45.592, 5000.000, 0.000
33.011, 33.119, 46.775, 5000.000, 0.000
33.870, 33.933, 47.957, 5000.000, 0.000
34.733, 34.741, 49.139, 5000.000, 0.000
35.602, 35.542, 50.320, 5000.000, 0.000
36.433, 36.387, 51.505, 5000.000, 0.000
37.259, 37.236, 52.689, 5000.000, 0.000
38.081, 38.089, 53.874, 5000.000, 0.000
38.901, 38.945, 55.059, 5000.000, 0.000
39.719, 39.803, 56.245, 5000.000, 0.000
40.536, 40.662, 57.430, 5000.000, 0.000
41.354, 41.521, 58.616, 5000.000, 0.000
42.172, 42.379, 59.801, 5000.000, 0.000
42.992, 43.235, 60.987, 5000.000, 0.000
43.848, 44.051, 62.168, 5000.000, 0.000
44.695, 44.877, 63.351, 5000.000, 0.000
45.535, 45.710, 64.534, 5000.000, 0.000
46.369, 46.550, 65.718, 5000.000, 0.000
47.201, 47.393, 66.902, 5000.000, 0.000
48.030, 48.239, 68.087, 5000.000, 0.000
48.860, 49.084, 69.271, 5000.000, 0.000
49.691, 49.928, 70.455, 5000.000, 0.000
50.525, 50.767, 71.639, 5000.000, 0.000
51.365, 51.601, 72.822, 5000.000, 0.000
52.213, 52.427, 74.005, 5000.000, 0.000
53.069, 53.243, 75.187, 5000.000, 0.000
53.888, 54.099, 76.373, 5000.000, 0.000
54.707, 54.957, 77.558, 5000.000, 0.000
55.524, 55.816, 78.743, 5000.000, 0.000
56.341, 56.675, 79.929, 5000.000, 0.000
57.159, 57.533, 81.114, 5000.000, 0.000
58.012, 58.352, 82.296, 5000.000, 0.000
58.856, 59.182, 83.480, 5000.000, 0.000
59.692, 60.020, 84.663, 5000.000, 0.000
60.521, 60.866, 85.848, 5000.000, 0.000
61.346, 61.716, 87.032, 5000.000, 0.000
62.168, 62.569, 88.217, 5000.000, 0.000
62.990, 63.424, 89.402, 5000.000, 0.000
63.812, 64.277, 90.587, 5000.000, 0.000
64.637, 65.127, 91.772, 5000.000, 0.000
65.466, 65.973, 92.957, 5000.000, 0.000
66.302, 66.811, 94.140, 5000.000, 0.000
67.146, 67.641, 95.323, 5000.000, 0.000
67.999, 68.460, 96.506, 5000.000, 0.000
68.817, 69.318, 97.691, 5000.000, 0.000
69.634, 70.177, 98.877, 5000.000, 0.000
70.451, 71.036, 100.062, 5000.000, 0.000
71.303, 71.857, 101.244, 5000.000, 0.000
72.144, 72.690, 102.428, 5000.000, 0.000
72.976, 73.532, 103.612, 5000.000, 0.000
73.801, 74.382, 104.797, 5000.000, 0.000
74.621, 75.239, 105.982, 5000.000, 0.000
75.437, 76.099, 107.168, 5000.000, 0.000
76.251, 76.961, 108.354, 5000.000, 0.000
77.066, 77.823, 109.539, 5000.000, 0.000
77.882, 78.683, 110.725, 5000.000, 0.000
78.701, 79.539, 111.910, 5000.000, 0.000
79.526, 80.390, 113.095, 5000.000, 0.000
80.358, 81.232, 114.279, 5000.000, 0.000
81.199, 82.065, 115.462, 5000.000, 0.000
82.051, 82.886, 116.644, 5000.000, 0.000
82.868, 83.745, 117.830, 5000.000, 0.000
83.685, 84.604, 119.015, 5000.000, 0.000
84.503, 85.462, 120.201, 5000.000, 0.000
85.323, 86.318, 121.386, 5000.000, 0.000
86.146, 87.171, 122.571, 5000.000, 0.000
86.972, 88.020, 123.756, 5000.000, 0.000
87.802, 88.864, 124.940, 5000.000, 0.000
88.672, 89.666, 126.121, 5000.000, 0.000
89.535, 90.474, 127.302, 5000.000, 0.000
90.393, 91.287, 128.483, 5000.000, 0.000
91.249, 92.103, 129.666, 5000.000, 0.000
92.104, 92.920, 130.848, 5000.000, 0.000
92.960, 93.736, 132.030, 5000.000, 0.000
93.819, 94.549, 133.213, 5000.000, 0.000
94.682, 95.358, 134.395, 5000.000, 0.000
95.551, 96.159, 135.578, 5000.000, 0.000
96.382, 97.003, 136.761, 5000.000, 0.000
97.208, 97.853, 137.945, 5000.000, 0.000
98.030, 98.706, 139.130, 5000.000, 0.000
98.850, 99.562, 140.314, 5000.000, 0.000
99.668, 100.420, 141.499, 5000.000, 0.000
100.485, 101.279, 142.684, 5000.000, 0.000
101.303, 102.138, 143.870, 5000.000, 0.000
102.121, 102.996, 145.055, 5000.000, 0.000
102.941, 103.852, 146.240, 5000.000, 0.000
103.763, 104.705, 147.425, 5000.000, 0.000
104.589, 105.554, 148.609, 5000.000, 0.000
105.420, 106.398, 149.794, 5000.000, 0.000
106.255, 107.236, 150.977, 5000.000, 0.000
107.097, 108.068, 152.161, 5000.000, 0.000
107.946, 108.892, 153.344, 5000.000, 0.000
108.837, 109.670, 154.523, 5000.000, 0.000
109.724, 110.451, 155.703, 5000.000, 0.000
110.609, 111.235, 156.884, 5000.000, 0.000
111.494, 112.019, 158.066, 5000.000, 0.000
112.381, 112.801, 159.248, 5000.000, 0.000
113.272, 113.579, 160.431, 5000.000, 0.000
114.121, 114.403, 161.613, 5000.000, 0.000
114.963, 115.234, 162.795, 5000.000, 0.000
115.799, 116.073, 163.978, 5000.000, 0.000
116.629, 116.917, 165.161, 5000.000, 0.000
117.455, 117.766, 166.345, 5000.000, 0.000
118.278, 118.619, 167.529, 5000.000, 0.000
119.097, 119.475, 168.714, 5000.000, 0.000
119.916, 120.333, 169.898, 5000.000, 0.000
120.733, 121.192, 171.083, 5000.000, 0.000
121.583, 122.014, 172.266, 5000.000, 0.000
122.423, 122.849, 173.450, 5000.000, 0.000
123.252, 123.694, 174.634, 5000.000, 0.000
124.073, 124.548, 175.818, 5000.000, 0.000
124.889, 125.409, 177.004, 5000.000, 0.000
125.700, 126.275, 178.189, 5000.000, 0.000
126.508, 127.144, 179.375, 5000.000, 0.000
127.315, 128.014, 180.561, 5000.000, 0.000
128.123, 128.883, 181.747, 5000.000, 0.000
128.934, 129.749, 182.933, 5000.000, 0.000
129.749, 130.610, 184.119, 5000.000, 0.000
130.571, 131.465, 185.304, 5000.000, 0.000
131.400, 132.310, 186.488, 5000.000, 0.000
132.239, 133.145, 187.672, 5000.000, 0.000
133.090, 133.967, 188.854, 5000.000, 0.000
133.907, 134.826, 190.039, 5000.000, 0.000
134.725, 135.684, 191.225, 5000.000, 0.000
135.545, 136.540, 192.410, 5000.000, 0.000
136.368, 137.393, 193.595, 5000.000, 0.000
137.227, 138.205, 194.777, 5000.000, 0.000
138.079, 139.026, 195.959, 5000.000, 0.000
138.924, 139.854, 197.142, 5000.000, 0.000
139.765, 140.686, 198.325, 5000.000, 0.000
140.603, 141.522, 199.509, 5000.000, 0.000
141.441, 142.359, 200.693, 5000.000, 0.000
142.279, 143.194, 201.876, 5000.000, 0.000
143.120, 144.027, 203.060, 5000.000, 0.000
143.965, 144.855, 204.243, 5000.000, 0.000
144.817, 145.676, 205.426, 5000.000, 0.000
145.676, 146.488, 206.608, 5000.000, 0.000
146.499, 147.341, 207.792, 5000.000, 0.000
147.319, 148.197, 208.977, 5000.000, 0.000
148.137, 149.055, 210.163, 5000.000, 0.000
148.954, 149.914, 211.349, 5000.000, 0.000
149.771, 150.773, 212.534, 5000.000, 0.000
150.589, 151.631, 213.720, 5000.000, 0.000
151.409, 152.487, 214.905, 5000.000, 0.000
152.231, 153.340, 216.090, 5000.000, 0.000
153.058, 154.189, 217.275, 5000.000, 0.000
153.888, 155.033, 218.459, 5000.000, 0.000
154.724, 155.872, 219.642, 5000.000, 0.000
155.566, 156.703, 220.825, 5000.000, 0.000
156.448, 157.490, 222.005, 5000.000, 0.000
157.326, 158.282, 223.185, 5000.000, 0.000
158.202, 159.076, 224.366, 5000.000, 0.000
159.076, 159.872, 225.547, 5000.000, 0.000
159.952, 160.666, 226.728, 5000.000, 0.000
160.830, 161.458, 227.909, 5000.000, 0.000
161.713, 162.245, 229.090, 5000.000, 0.000
162.555, 163.076, 230.274, 5000.000, 0.000
163.390, 163.915, 231.457, 5000.000, 0.000
164.221, 164.759, 232.641, 5000.000, 0.000
165.047, 165.608, 233.826, 5000.000, 0.000
165.869, 166.461, 235.010, 5000.000, 0.000
166.689, 167.317, 236.196, 5000.000, 0.000
167.507, 168.175, 237.381, 5000.000, 0.000
168.325, 169.034, 238.567, 5000.000, 0.000
169.142, 169.893, 239.752, 5000.000, 0.000
169.960, 170.751, 240.938, 5000.000, 0.000
170.780, 171.607, 242.123, 5000.000, 0.000
171.602, 172.460, 243.308, 5000.000, 0.000
172.428, 173.309, 244.493, 5000.000, 0.000
173.259, 174.154, 245.677, 5000.000, 0.000
174.094, 174.992, 246.861, 5000.000, 0.000
174.970, 175.787, 248.040, 5000.000, 0.000
175.840, 176.587, 249.221, 5000.000, 0.000
176.707, 177.391, 250.402, 5000.000, 0.000
177.572, 178.198, 251.584, 5000.000, 0.000
178.436, 179.004, 252.766, 5000.000, 0.000
179.303, 179.808, 253.947, 5000.000, 0.000
180.173, 180.609, 255.129, 5000.000, 0.000
181.049, 181.403, 256.310, 5000.000, 0.000
181.884, 182.242, 257.494, 5000.000, 0.000
182.715, 183.086, 258.678, 5000.000, 0.000
183.541, 183.935, 259.862, 5000.000, 0.000
184.363, 184.788, 261.047, 5000.000, 0.000
185.183, 185.644, 262.232, 5000.000, 0.000
186.001, 186.502, 263.418, 5000.000, 0.000
186.818, 187.361, 264.603, 5000.000, 0.000
187.636, 188.220, 265.789, 5000.000, 0.000
188.454, 189.078, 266.974, 5000.000, 0.000
189.274, 189.934, 268.160, 5000.000, 0.000
190.096, 190.787, 269.345, 5000.000, 0.000
190.956, 191.599, 270.526, 5000.000, 0.000
191.807, 192.420, 271.708, 5000.000, 0.000
192.653, 193.248, 272.891, 5000.000, 0.000
193.493, 194.081, 274.074, 5000.000, 0.000
194.332, 194.917, 275.258, 5000.000, 0.000
195.169, 195.753, 276.442, 5000.000, 0.000
196.007, 196.589, 277.625, 5000.000, 0.000
196.848, 197.422, 278.809, 5000.000, 0.000
197.694, 198.249, 279.992, 5000.000, 0.000
198.545, 199.070, 281.174, 5000.000, 0.000
199.405, 199.883, 282.356, 5000.000, 0.000
200.227, 200.736, 283.541, 5000.000, 0.000
201.047, 201.592, 284.726, 5000.000, 0.000
201.865, 202.450, 285.911, 5000.000, 0.000
202.682, 203.309, 287.097, 5000.000, 0.000
203.500, 204.168, 288.282, 5000.000, 0.000
204.351, 204.989, 289.465, 5000.000, 0.000
205.159, 205.858, 290.651, 5000.000, 0.000
205.970, 206.724, 291.837, 5000.000, 0.000
206.819, 207.548, 293.020, 5000.000, 0.000
207.660, 208.380, 294.203, 5000.000, 0.000
208.497, 209.217, 295.387, 5000.000, 0.000
209.330, 210.059, 296.571, 5000.000, 0.000
210.161, 210.902, 297.755, 5000.000, 0.000
210.992, 211.746, 298.939, 5000.000, 0.000
211.825, 212.587, 300.123, 5000.000, 0.000
212.662, 213.425, 301.307, 5000.000, 0.000
213.503, 214.257, 302.490, 5000.000, 0.000
214.352, 215.081, 303.673, 5000.000, 0.000
215.210, 215.895, 304.855, 5000.000, 0.000
216.032, 216.749, 306.040, 5000.000, 0.000
216.852, 217.605, 307.225, 5000.000, 0.000
217.671, 218.462, 308.410, 5000.000, 0.000
218.490, 219.319, 309.596, 5000.000, 0.000
219.309, 220.175, 310.781, 5000.000, 0.000
220.131, 221.029, 311.966, 5000.000, 0.000
220.955, 221.880, 313.151, 5000.000, 0.000
221.783, 222.727, 314.335, 5000.000, 0.000
222.615, 223.570, 315.519, 5000.000, 0.000
223.453, 224.406, 316.703, 5000.000, 0.000
224.330, 225.199, 317.884, 5000.000, 0.000
225.202, 225.997, 319.065, 5000.000, 0.000
226.070, 226.799, 320.247, 5000.000, 0.000
226.937, 227.604, 321.430, 5000.000, 0.000
227.804, 228.408, 322.612, 5000.000, 0.000
228.672, 229.211, 323.794, 5000.000, 0.010
229.497, 230.061, 324.978, 5000.000, 0.024
230.360, 230.869, 326.160, 5000.000, 0.038
231.229, 231.670, 327.342, 5000.000, 0.053
232.060, 232.515, 328.526, 5000.000, 0.067
232.886, 233.364, 329.710, 5000.000, 0.082
233.708, 234.217, 330.894, 5000.000, 0.096
234.528, 235.073, 332.079, 5000.000, 0.111
235.346, 235.931, 333.263, 5000.000, 0.125
236.164, 236.790, 334.448, 5000.000, 0.139
236.981, 237.649, 335.633, 5000.000, 0.154
237.799, 238.507, 336.818, 5000.000, 0.168
238.619, 239.363, 338.003, 5000.000, 0.183
239.441, 240.216, 339.188, 5000.000, 0.197
240.267, 241.065, 340.372, 5000.000, 0.212
241.131, 241.872, 341.554, 5000.000, 0.226
241.988, 242.687, 342.737, 5000.000, 0.240
242.840, 243.508, 343.919, 5000.000, 0.255
243.688, 244.333, 345.103, 5000.000, 0.269
244.534, 245.160, 346.286, 5000.000, 0.284
245.380, 245.987, 347.469, 5000.000, 0.298
246.228, 246.812, 348.652, 5000.000, 0.312
247.080, 247.633, 349.835, 5000.000, 0.327
247.937, 248.448, 351.017, 5000.000, 0.341
248.801, 249.255, 352.199, 5000.000, 0.356
249.627, 250.104, 353.384, 5000.000, 0.370
250.449, 250.958, 354.568, 5000.000, 0.385
251.269, 251.814, 355.753, 5000.000, 0.399
252.087, 252.671, 356.938, 5000.000, 0.413
252.904, 253.530, 358.123, 5000.000, 0.428
253.721, 254.389, 359.308, 5000.000, 0.442
254.573, 255.210, 360.490, 5000.000, 0.457
255.414, 256.043, 361.674, 5000.000, 0.471
256.246, 256.886, 362.858, 5000.000, 0.485
257.071, 257.736, 364.042, 5000.000, 0.500
257.891, 258.592, 365.227, 5000.000, 0.514
258.707, 259.452, 366.413, 5000.000, 0.529
259.521, 260.314, 367.599, 5000.000, 0.543
260.336, 261.176, 368.785, 5000.000, 0.558
261.152, 262.037, 369.971, 5000.000, 0.572
261.971, 262.893, 371.156, 5000.000, 0.587
262.796, 263.743, 372.341, 5000.000, 0.601
263.628, 264.586, 373.525, 5000.000, 0.615
264.469, 265.418, 374.708, 5000.000, 0.630
265.321, 266.239, 375.890, 5000.000, 0.644
266.138, 267.098, 377.075, 5000.000, 0.659
266.955, 267.957, 378.261, 5000.000, 0.673
267.773, 268.815, 379.446, 5000.000, 0.688
268.593, 269.671, 380.632, 5000.000, 0.702
269.416, 270.524, 381.817, 5000.000, 0.716
270.242, 271.373, 383.001, 5000.000, 0.731
271.072, 272.218, 384.186, 5000.000, 0.745
271.908, 273.056, 385.369, 5000.000, 0.760
272.784, 273.851, 386.549, 5000.000, 0.774
273.654, 274.651, 387.730, 5000.000, 0.788
274.520, 275.455, 388.911, 5000.000, 0.803
275.385, 276.262, 390.092, 5000.000, 0.817
276.250, 277.068, 391.274, 5000.000, 0.832
277.117, 277.872, 392.456, 5000.000, 0.846
277.987, 278.673, 393.639, 5000.000, 0.860
278.862, 279.467, 394.821, 5000.000, 0.875
279.698, 280.306, 396.004, 5000.000, 0.889
280.528, 281.150, 397.187, 5000.000, 0.904
281.354, 281.999, 398.371, 5000.000, 0.918
282.177, 282.852, 399.556, 5000.000, 0.932
282.997, 283.708, 400.740, 5000.000, 0.947
283.815, 284.566, 401.925, 5000.000, 0.961
284.632, 285.425, 403.110, 5000.000, 0.976
285.449, 286.284, 404.296, 5000.000, 0.990
286.267, 287.142, 405.481, 5000.000, 1.005
287.087, 287.998, 406.666, 5000.000, 1.019
287.910, 288.851, 407.851, 5000.000, 1.034
288.736, 289.700, 409.036, 5000.000, 1.048
289.566, 290.545, 410.220, 5000.000, 1.062
290.402, 291.383, 411.404, 5000.000, 1.077
291.278, 292.178, 412.584, 5000.000, 1.091
292.148, 292.978, 413.765, 5000.000, 1.106
293.014, 293.782, 414.947, 5000.000, 1.120
293.879, 294.589, 416.129, 5000.000, 1.134
294.744, 295.395, 417.311, 5000.000, 1.149
295.610, 296.199, 418.493, 5000.000, 1.163
296.481, 297.000, 419.675, 5000.000, 1.178
297.356, 297.794, 420.857, 5000.000, 1.192
298.192, 298.633, 422.040, 5000.000, 1.206
299.022, 299.477, 423.224, 5000.000, 1.221
299.848, 300.326, 424.408, 5000.000, 1.235
300.671, 301.179, 425.592, 5000.000, 1.250
301.491, 302.035, 426.777, 5000.000, 1.264
302.309, 302.893, 427.962, 5000.000, 1.278
303.126, 303.752, 429.147, 5000.000, 1.293
303.943, 304.611, 430.332, 5000.000, 1.307
304.761, 305.469, 431.518, 5000.000, 1.322
305.615, 306.288, 432.700, 5000.000, 1.336
306.458, 307.118, 433.883, 5000.000, 1.351
307.294, 307.957, 435.067, 5000.000, 1.365
308.123, 308.802, 436.251, 5000.000, 1.379
308.948, 309.652, 437.436, 5000.000, 1.394
309.771, 310.506, 438.621, 5000.000, 1.408
310.592, 311.360, 439.806, 5000.000, 1.423
311.414, 312.213, 440.991, 5000.000, 1.437
312.239, 313.064, 442.176, 5000.000, 1.452
313.069, 313.909, 443.360, 5000.000, 1.466
313.904, 314.748, 444.544, 5000.000, 1.480
314.748, 315.577, 445.727, 5000.000, 1.495
315.601, 316.396, 446.910, 5000.000, 1.509
316.419, 317.254, 448.095, 5000.000, 1.524
317.237, 318.113, 449.280, 5000.000, 1.538
318.054, 318.972, 450.465, 5000.000, 1.553
318.872, 319.830, 451.651, 5000.000, 1.567
319.692, 320.686, 452.836, 5000.000, 1.581
320.548, 321.502, 454.018, 5000.000, 1.596
321.395, 322.328, 455.201, 5000.000, 1.610
322.235, 323.162, 456.384, 5000.000, 1.625
323.070, 324.001, 457.568, 5000.000, 1.639
323.901, 324.845, 458.752, 5000.000, 1.653
324.730, 325.690, 459.937, 5000.000, 1.668
325.560, 326.536, 461.121, 5000.000, 1.682
326.391, 327.379, 462.305, 5000.000, 1.697
327.226, 328.219, 463.489, 5000.000, 1.711
328.066, 329.053, 464.673, 5000.000, 1.726
328.913, 329.878, 465.856, 5000.000, 1.740
329.769, 330.695, 467.038, 5000.000, 1.754
330.589, 331.551, 468.223, 5000.000, 1.769
331.407, 332.409, 469.408, 5000.000, 1.783
332.224, 333.268, 470.594, 5000.000, 1.798
333.041, 334.126, 471.779, 5000.000, 1.812
333.859, 334.984, 472.965, 5000.000, 1.827
334.679, 335.840, 474.150, 5000.000, 1.841
335.501, 336.694, 475.335, 5000.000, 1.855
336.328, 337.543, 476.520, 5000.000, 1.870
337.158, 338.387, 477.704, 5000.000, 1.884
337.994, 339.225, 478.888, 5000.000, 1.899
338.836, 340.057, 480.071, 5000.000, 1.913
339.685, 340.881, 481.253, 5000.000, 1.928
340.575, 341.659, 482.432, 5000.000, 1.942
341.462, 342.440, 483.612, 5000.000, 1.956
342.348, 343.224, 484.793, 5000.000, 1.971
343.233, 344.008, 485.973, 5000.000, 1.985
344.120, 344.790, 487.154, 5000.000, 1.999
345.010, 345.568, 488.335, 5000.000, 2.014
345.859, 346.392, 489.518, 5000.000, 2.028
346.701, 347.223, 490.701, 5000.000, 2.043
347.537, 348.061, 491.885, 5000.000, 2.057
348.367, 348.906, 493.069, 5000.000, 2.071
349.194, 349.755, 494.253, 5000.000, 2.086
350.016, 350.608, 495.438, 5000.000, 2.100
350.836, 351.464, 496.623, 5000.000, 2.115
351.654, 352.322, 497.808, 5000.000, 2.129
352.471, 353.181, 498.994, 5000.000, 2.144
353.288, 354.040, 500.179, 5000.000, 2.158
354.140, 354.861, 501.361, 5000.000, 2.172
354.981, 355.694, 502.545, 5000.000, 2.187
355.813, 356.536, 503.729, 5000.000, 2.201
356.638, 357.386, 504.914, 5000.000, 2.216
357.458, 358.243, 506.099, 5000.000, 2.230
358.274, 359.103, 507.284, 5000.000, 2.245
359.088, 359.965, 508.470, 5000.000, 2.259
359.902, 360.827, 509.656, 5000.000, 2.274
360.719, 361.687, 510.842, 5000.000, 2.288
361.538, 362.543, 512.027, 5000.000, 2.302
362.363, 363.394, 513.212, 5000.000, 2.317
363.195, 364.236, 514.396, 5000.000, 2.331
364.036, 365.069, 515.579, 5000.000, 2.346
364.888, 365.890, 516.761, 5000.000, 2.360
365.705, 366.749, 517.947, 5000.000, 2.374
366.522, 367.608, 519.132, 5000.000, 2.389
367.340, 368.466, 520.318, 5000.000, 2.403
368.160, 369.322, 521.503, 5000.000, 2.418
368.983, 370.175, 522.688, 5000.000, 2.432
369.809, 371.024, 523.873, 5000.000, 2.447
370.639, 371.868, 525.057, 5000.000, 2.461
371.475, 372.707, 526.241, 5000.000, 2.476
372.317, 373.538, 527.424, 5000.000, 2.490
373.166, 374.362, 528.607, 5000.000, 2.504
374.023, 375.177, 529.789, 5000.000, 2.519
374.889, 375.982, 530.971, 5000.000, 2.533
375.798, 376.739, 532.150, 5000.000, 2.547
376.705, 377.499, 533.330, 5000.000, 2.562
377.613, 378.258, 534.511, 5000.000, 2.576
378.522, 379.015, 535.692, 5000.000, 2.591
379.388, 379.820, 536.875, 5000.000, 2.605
380.245, 380.635, 538.057, 5000.000, 2.619
381.094, 381.459, 539.240, 5000.000, 2.634
381.936, 382.291, 540.423, 5000.000, 2.648
382.772, 383.129, 541.606, 5000.000, 2.663
383.602, 383.973, 542.790, 5000.000, 2.677
384.428, 384.822, 543.974, 5000.000, 2.692
385.251, 385.676, 545.158, 5000.000, 2.706
386.071, 386.532, 546.342, 5000.000, 2.720
386.889, 387.390, 547.526, 5000.000, 2.735
387.706, 388.249, 548.712, 5000.000, 2.749
388.523, 389.107, 549.897, 5000.000, 2.764
389.341, 389.965, 551.083, 5000.000, 2.778
390.161, 390.821, 552.268, 5000.000, 2.793
390.983, 391.675, 553.453, 5000.000, 2.807
391.809, 392.524, 554.638, 5000.000, 2.821
392.673, 393.331, 555.819, 5000.000, 2.836
393.530, 394.146, 557.000, 5000.000, 2.850
394.382, 394.967, 558.183, 5000.000, 2.865
395.230, 395.792, 559.366, 5000.000, 2.879
396.076, 396.619, 560.549, 5000.000, 2.893
396.922, 397.446, 561.732, 5000.000, 2.908
397.770, 398.271, 562.915, 5000.000, 2.922
398.622, 399.092, 564.097, 5000.000, 2.937
399.479, 399.907, 565.280, 5000.000, 2.951
400.343, 400.714, 566.462, 5000.000, 2.965
401.169, 401.563, 567.646, 5000.000, 2.980
401.991, 402.416, 568.831, 5000.000, 2.994
402.811, 403.272, 570.016, 5000.000, 3.009
403.629, 404.130, 571.201, 5000.000, 3.023
404.446, 404.989, 572.386, 5000.000, 3.038
405.264, 405.848, 573.571, 5000.000, 3.052
406.082, 406.706, 574.757, 5000.000, 3.066
406.902, 407.562, 575.942, 5000.000, 3.081
407.758, 408.378, 577.124, 5000.000, 3.095
408.605, 409.204, 578.307, 5000.000, 3.110
409.445, 410.038, 579.490, 5000.000, 3.124
410.279, 410.877, 580.674, 5000.000, 3.139
411.111, 411.721, 581.859, 5000.000, 3.153
411.940, 412.566, 583.043, 5000.000, 3.167
412.769, 413.412, 584.227, 5000.000, 3.182
413.601, 414.255, 585.411, 5000.000, 3.196
414.435, 415.095, 586.595, 5000.000, 3.211
415.275, 415.928, 587.779, 5000.000, 3.225
416.123, 416.754, 588.962, 5000.000, 3.239
416.978, 417.570, 590.144, 5000.000, 3.254
417.798, 418.426, 591.329, 5000.000, 3.268
418.616, 419.284, 592.514, 5000.000, 3.283
419.434, 420.143, 593.700, 5000.000, 3.297
420.251, 421.002, 594.885, 5000.000, 3.312
421.069, 421.860, 596.070, 5000.000, 3.326
421.889, 422.716, 597.255, 5000.000, 3.340
422.711, 423.569, 598.440, 5000.000, 3.355
423.537, 424.418, 599.625, 5000.000, 3.369
424.401, 425.226, 600.807, 5000.000, 3.384
425.258, 426.041, 601.990, 5000.000, 3.398
426.110, 426.862, 603.173, 5000.000, 3.413
426.958, 427.687, 604.356, 5000.000, 3.427
427.804, 428.514, 605.539, 5000.000, 3.441
428.650, 429.340, 606.722, 5000.000, 3.456
429.498, 430.165, 607.905, 5000.000, 3.470
430.350, 430.986, 609.088, 5000.000, 3.485
431.207, 431.801, 610.271, 5000.000, 3.499
432.071, 432.609, 611.453, 5000.000, 3.513
432.897, 433.458, 612.637, 5000.000, 3.528
433.719, 434.311, 613.821, 5000.000, 3.542
434.539, 435.167, 615.006, 5000.000, 3.557
435.357, 436.025, 616.191, 5000.000, 3.571
436.174, 436.884, 617.376, 5000.000, 3.586
436.991, 437.743, 618.561, 5000.000, 3.600
437.810, 438.601, 619.746, 5000.000, 3.614
438.629, 439.457, 620.931, 5000.000, 3.629
439.452, 440.310, 622.115, 5000.000, 3.643
440.278, 441.159, 623.300, 5000.000, 3.658
441.108, 442.003, 624.484, 5000.000, 3.672
441.944, 442.842, 625.668, 5000.000, 3.687
442.786, 443.673, 626.851, 5000.000, 3.701
443.635, 444.497, 628.034, 5000.000, 3.715
444.526, 445.275, 629.215, 5000.000, 3.730
445.413, 446.057, 630.397, 5000.000, 3.744
446.298, 446.841, 631.579, 5000.000, 3.759
447.183, 447.624, 632.762, 5000.000, 3.773
448.070, 448.406, 633.944, 5000.000, 3.787
448.961, 449.184, 635.126, 5000.000, 3.802
449.810, 450.008, 636.308, 5000.000, 3.816
450.652, 450.839, 637.491, 5000.000, 3.831
451.487, 451.678, 638.674, 5000.000, 3.845
452.318, 452.522, 639.857, 5000.000, 3.859
453.144, 453.371, 641.040, 5000.000, 3.874
453.966, 454.224, 642.224, 5000.000, 3.888
454.786, 455.080, 643.408, 5000.000, 3.903
455.604, 455.938, 644.592, 5000.000, 3.917
456.422, 456.797, 645.776, 5000.000, 3.931
457.239, 457.656, 646.961, 5000.000, 3.946
458.057, 458.514, 648.146, 5000.000, 3.960
458.910, 459.333, 649.328, 5000.000, 3.975
459.754, 460.163, 650.512, 5000.000, 3.989
460.589, 461.002, 651.695, 5000.000, 4.004
461.419, 461.847, 652.880, 5000.000, 4.018
462.244, 462.697, 654.064, 5000.000, 4.032
463.066, 463.551, 655.249, 5000.000, 4.047
463.888, 464.405, 656.435, 5000.000, 4.061
464.710, 465.258, 657.620, 5000.000, 4.076
465.535, 466.109, 658.804, 5000.000, 4.090
466.364, 466.954, 659.989, 5000.000, 4.105
467.200, 467.793, 661.172, 5000.000, 4.119
468.044, 468.622, 662.355, 5000.000, 4.133
468.897, 469.441, 663.538, 5000.000, 4.148
469.715, 470.299, 664.723, 5000.000, 4.162
470.532, 471.158, 665.909, 5000.000, 4.177
471.349, 472.017, 667.094, 5000.000, 4.191
472.167, 472.875, 668.279, 5000.000, 4.206
472.987, 473.731, 669.465, 5000.000, 4.220
473.810, 474.584, 670.650, 5000.000, 4.234
474.636, 475.434, 671.834, 5000.000, 4.249
475.466, 476.278, 673.019, 5000.000, 4.263
476.302, 477.116, 674.202, 5000.000, 4.278
477.144, 477.948, 675.386, 5000.000, 4.292
478.027, 478.734, 676.565, 5000.000, 4.307
478.905, 479.526, 677.745, 5000.000, 4.321
479.780, 480.321, 678.928, 5000.000, 4.335
480.655, 481.116, 680.110, 5000.000, 4.350
481.530, 481.911, 681.292, 5000.000, 4.364
482.408, 482.702, 682.474, 5000.000, 4.378
483.291, 483.489, 683.657, 5000.000, 4.393
484.133, 484.321, 684.839, 5000.000, 4.407
484.969, 485.159, 686.022, 5000.000, 4.422
485.799, 486.003, 687.205, 5000.000, 4.436
486.625, 486.853, 688.389, 5000.000, 4.451
487.448, 487.706, 689.573, 5000.000, 4.465
488.268, 488.562, 690.757, 5000.000, 4.479
489.086, 489.420, 691.942, 5000.000, 4.494
489.936, 490.242, 693.124, 5000.000, 4.508
490.741, 491.114, 694.310, 5000.000, 4.523
491.548, 491.985, 695.495, 5000.000, 4.537
492.357, 492.853, 696.681, 5000.000, 4.552
493.170, 493.716, 697.866, 5000.000, 4.566
493.987, 494.575, 699.052, 5000.000, 4.580
494.843, 495.392, 700.234, 5000.000, 4.595
495.693, 496.214, 701.417, 5000.000, 4.609
496.538, 497.042, 702.600, 5000.000, 4.624
497.381, 497.873, 703.783, 5000.000, 4.638
498.222, 498.705, 704.967, 5000.000, 4.652
499.065, 499.536, 706.150, 5000.000, 4.667
499.911, 500.363, 707.333, 5000.000, 4.681
500.760, 501.186, 708.516, 5000.000, 4.696
501.616, 502.002, 709.699, 5000.000, 4.710
502.480, 502.810, 710.881, 5000.000, 4.724
503.307, 503.658, 712.065, 5000.000, 4.739
504.131, 504.509, 713.249, 5000.000, 4.753
504.954, 505.362, 714.434, 5000.000, 4.768
505.776, 506.216, 715.619, 5000.000, 4.782
506.597, 507.070, 716.804, 5000.000, 4.797
507.420, 507.923, 717.989, 5000.000, 4.811
508.244, 508.774, 719.173, 5000.000, 4.825
509.071, 509.623, 720.358, 5000.000, 4.840
509.901, 510.467, 721.542, 5000.000, 4.854
510.736, 511.306, 722.726, 5000.000, 4.869
511.577, 512.140, 723.909, 5000.000, 4.883
512.423, 512.966, 725.092, 5000.000, 4.898
513.310, 513.748, 726.272, 5000.000, 4.912
514.192, 514.535, 727.453, 5000.000, 4.926
515.026, 515.376, 728.637, 5000.000, 4.941
515.890, 516.183, 729.819, 5000.000, 4.955
516.755, 516.989, 731.001, 5000.000, 4.970
517.622, 517.793, 732.184, 5000.000, 4.984
518.492, 518.594, 733.366, 5000.000, 4.998
519.367, 519.388, 734.548, 5000.000, 5.013
520.203, 520.227, 735.731, 5000.000, 5.027
521.034, 521.071, 736.915, 5000.000, 5.042
521.860, 521.920, 738.098, 5000.000, 5.056
522.682, 522.773, 739.283, 5000.000, 5.070
523.502, 523.629, 740.467, 5000.000, 5.085
524.320, 524.487, 741.652, 5000.000, 5.099
525.137, 525.346, 742.837, 5000.000, 5.114
525.955, 526.205, 744.022, 5000.000, 5.128
526.773, 527.063, 745.207, 5000.000, 5.143
527.593, 527.919, 746.392, 5000.000, 5.157
528.415, 528.772, 747.577, 5000.000, 5.171
529.241, 529.621, 748.762, 5000.000, 5.186
530.072, 530.466, 749.946, 5000.000, 5.200
530.907, 531.304, 751.130, 5000.000, 5.215
531.749, 532.136, 752.313, 5000.000, 5.229
532.598, 532.959, 753.496, 5000.000, 5.244
533.455, 533.774, 754.678, 5000.000, 5.258
534.355, 534.542, 755.858, 5000.000, 5.272
535.252, 535.313, 757.040, 5000.000, 5.287
536.147, 536.085, 758.223, 5000.000, 5.301
537.044, 536.857, 759.405, 5000.000, 5.316
537.943, 537.625, 760.588, 5000.000, 5.330
538.800, 538.440, 761.770, 5000.000, 5.344
539.650, 539.263, 762.951, 5000.000, 5.359
540.491, 540.095, 764.133, 5000.000, 5.373
541.327, 540.933, 765.316, 5000.000, 5.388
542.158, 541.778, 766.499, 5000.000, 5.402
542.984, 542.627, 767.682, 5000.000, 5.416
543.806, 543.480, 768.866, 5000.000, 5.431
544.626, 544.336, 770.050, 5000.000, 5.445
545.444, 545.194, 771.234, 5000.000, 5.460
546.261, 546.053, 772.418, 5000.000, 5.474
547.079, 546.912, 773.603, 5000.000, 5.488
547.897, 547.770, 774.788, 5000.000, 5.503
548.717, 548.626, 775.972, 5000.000, 5.517
549.539, 549.479, 777.157, 5000.000, 5.532
550.365, 550.328, 778.341, 5000.000, 5.546
551.196, 551.172, 779.525, 5000.000, 5.561
552.031, 552.011, 780.709, 5000.000, 5.575
552.873, 552.842, 781.893, 5000.000, 5.589
553.723, 553.666, 783.075, 5000.000, 5.604
554.580, 554.481, 784.258, 5000.000, 5.618
555.445, 555.286, 785.440, 5000.000, 5.633
556.321, 556.080, 786.622, 5000.000, 5.647
557.241, 556.826, 787.804, 5000.000, 5.661
558.160, 557.573, 788.986, 5000.000, 5.676
559.079, 558.318, 790.169, 5000.000, 5.690
559.955, 559.113, 791.351, 5000.000, 5.705
560.821, 559.918, 792.533, 5000.000, 5.719
561.678, 560.733, 793.715, 5000.000, 5.733
562.527, 561.556, 794.897, 5000.000, 5.748
563.369, 562.388, 796.080, 5000.000, 5.762
564.205, 563.226, 797.262, 5000.000, 5.777
565.035, 564.071, 798.445, 5000.000, 5.791
565.861, 564.920, 799.628, 5000.000, 5.805
566.684, 565.773, 800.811, 5000.000, 5.820
567.504, 566.629, 801.995, 5000.000, 5.834
568.322, 567.487, 803.179, 5000.000, 5.849
569.139, 568.346, 804.363, 5000.000, 5.863
569.956, 569.205, 805.547, 5000.000, 5.878
570.774, 570.063, 806.732, 5000.000, 5.892
571.628, 570.882, 807.914, 5000.000, 5.906
572.471, 571.711, 809.098, 5000.000, 5.921
573.307, 572.550, 810.282, 5000.000, 5.935
574.136, 573.395, 811.466, 5000.000, 5.950
574.961, 574.246, 812.651, 5000.000, 5.964
575.783, 575.099, 813.835, 5000.000, 5.978
576.605, 575.953, 815.021, 5000.000, 5.993
577.427, 576.807, 816.206, 5000.000, 6.007
578.252, 577.657, 817.390, 5000.000, 6.022
579.082, 578.502, 818.575, 5000.000, 6.036
579.917, 579.341, 819.758, 5000.000, 6.051
580.761, 580.171, 820.942, 5000.000, 6.065
581.614, 580.990, 822.124, 5000.000, 6.079
582.432, 581.848, 823.309, 5000.000, 6.094
583.249, 582.707, 824.495, 5000.000, 6.108
584.067, 583.566, 825.680, 5000.000, 6.123
584.885, 584.424, 826.865, 5000.000, 6.137
585.705, 585.280, 828.051, 5000.000, 6.152
586.527, 586.133, 829.236, 5000.000, 6.166
587.353, 586.982, 830.420, 5000.000, 6.180
588.184, 587.826, 831.605, 5000.000, 6.195
589.019, 588.665, 832.788, 5000.000, 6.209
589.861, 589.496, 833.972, 5000.000, 6.224
590.710, 590.320, 835.155, 5000.000, 6.238
591.601, 591.098, 836.336, 5000.000, 6.253
592.488, 591.880, 837.518, 5000.000, 6.267
593.340, 592.700, 838.701, 5000.000, 6.281
594.204, 593.508, 839.883, 5000.000, 6.296
595.115, 594.263, 841.065, 5000.000, 6.310
596.027, 595.016, 842.247, 5000.000, 6.325
596.897, 595.818, 843.430, 5000.000, 6.339
597.757, 596.629, 844.612, 5000.000, 6.353
598.610, 597.448, 845.794, 5000.000, 6.368
599.455, 598.276, 846.977, 5000.000, 6.382
600.295, 599.111, 848.159, 5000.000, 6.397
601.129, 599.951, 849.342, 5000.000, 6.411
601.958, 600.796, 850.525, 5000.000, 6.425
602.784, 601.645, 851.709, 5000.000, 6.440
603.608, 602.497, 852.892, 5000.000, 6.454
604.429, 603.351, 854.076, 5000.000, 6.469
605.250, 604.207, 855.260, 5000.000, 6.483
606.071, 605.062, 856.444, 5000.000, 6.497
606.893, 605.916, 857.629, 5000.000, 6.512
607.716, 606.768, 858.813, 5000.000, 6.526
608.542, 607.617, 859.997, 5000.000, 6.541
609.372, 608.462, 861.181, 5000.000, 6.555
610.206, 609.302, 862.365, 5000.000, 6.570
611.045, 610.137, 863.549, 5000.000, 6.584
611.890, 610.965, 864.732, 5000.000, 6.598
612.743, 611.784, 865.915, 5000.000, 6.613
613.604, 612.595, 867.097, 5000.000, 6.627
614.473, 613.397, 868.279, 5000.000, 6.642
615.352, 614.187, 869.460, 5000.000, 6.656
616.242, 614.966, 870.641, 5000.000, 6.670
617.097, 615.783, 871.824, 5000.000, 6.685
617.949, 616.603, 873.007, 5000.000, 6.699
618.847, 617.373, 874.188, 5000.000, 6.714
619.757, 618.129, 875.369, 5000.000, 6.728
620.667, 618.885, 876.550, 5000.000, 6.742
621.565, 619.655, 877.732, 5000.000, 6.757
622.451, 620.438, 878.914, 5000.000, 6.771
623.327, 621.232, 880.096, 5000.000, 6.786
624.193, 622.037, 881.279, 5000.000, 6.800
625.050, 622.852, 882.461, 5000.000, 6.814
625.899, 623.676, 883.644, 5000.000, 6.829
626.741, 624.508, 884.827, 5000.000, 6.843
627.577, 625.346, 886.010, 5000.000, 6.858
628.407, 626.190, 887.194, 5000.000, 6.872
629.233, 627.039, 888.378, 5000.000, 6.886
630.056, 627.893, 889.563, 5000.000, 6.901
630.876, 628.749, 890.749, 5000.000, 6.915
631.694, 629.607, 891.934, 5000.000, 6.930
632.511, 630.465, 893.120, 5000.000, 6.944
633.328, 631.324, 894.305, 5000.000, 6.959
634.146, 632.182, 895.491, 5000.000, 6.973
634.966, 633.038, 896.676, 5000.000, 6.988
635.789, 633.891, 897.861, 5000.000, 7.002
636.615, 634.741, 899.046, 5000.000, 7.016
637.445, 635.585, 900.230, 5000.000, 7.031
638.281, 636.423, 901.414, 5000.000, 7.045
639.123, 637.255, 902.597, 5000.000, 7.060
639.972, 638.079, 903.779, 5000.000, 7.074
640.829, 638.894, 904.961, 5000.000, 7.088
641.695, 639.699, 906.142, 5000.000, 7.103
642.571, 640.493, 907.323, 5000.000, 7.117
643.457, 641.276, 908.502, 5000.000, 7.132
644.355, 642.046, 909.682, 5000.000, 7.146
645.265, 642.802, 910.860, 5000.000, 7.160
646.175, 643.558, 912.040, 5000.000, 7.175
647.073, 644.328, 913.222, 5000.000, 7.189
647.959, 645.111, 914.405, 5000.000, 7.203
648.835, 645.905, 915.587, 5000.000, 7.218
649.701, 646.710, 916.769, 5000.000, 7.232
650.558, 647.525, 917.951, 5000.000, 7.247
651.407, 648.349, 919.133, 5000.000, 7.261
652.249, 649.180, 920.316, 5000.000, 7.275
653.084, 650.019, 921.499, 5000.000, 7.290
653.915, 650.863, 922.682, 5000.000, 7.304
654.741, 651.712, 923.866, 5000.000, 7.319
655.563, 652.565, 925.050, 5000.000, 7.333
656.383, 653.421, 926.234, 5000.000, 7.348
657.201, 654.279, 927.419, 5000.000, 7.362
658.019, 655.138, 928.604, 5000.000, 7.376
658.836, 655.997, 929.789, 5000.000, 7.391
659.654, 656.855, 930.973, 5000.000, 7.405
660.474, 657.711, 932.158, 5000.000, 7.420
661.296, 658.564, 933.343, 5000.000, 7.434
662.122, 659.413, 934.527, 5000.000, 7.449
662.953, 660.257, 935.712, 5000.000, 7.463
663.789, 661.096, 936.896, 5000.000, 7.477
664.631, 661.927, 938.079, 5000.000, 7.492
665.480, 662.751, 939.262, 5000.000, 7.506
666.337, 663.566, 940.444, 5000.000, 7.521
667.203, 664.371, 941.627, 5000.000, 7.535
668.078, 665.166, 942.809, 5000.000, 7.549
668.964, 665.948, 943.991, 5000.000, 7.564
669.862, 666.718, 945.173, 5000.000, 7.578
670.772, 667.474, 946.355, 5000.000, 7.593
671.649, 668.268, 947.537, 5000.000, 7.607
672.526, 669.061, 948.719, 5000.000, 7.621
673.402, 669.854, 949.902, 5000.000, 7.636
674.279, 670.647, 951.084, 5000.000, 7.650
675.156, 671.440, 952.266, 5000.000, 7.665
676.032, 672.233, 953.448, 5000.000, 7.679
676.909, 673.027, 954.631, 5000.000, 7.693
677.786, 673.820, 955.813, 5000.000, 7.708
678.663, 674.613, 956.995, 5000.000, 7.722
679.573, 675.369, 958.177, 5000.000, 7.737
680.470, 676.139, 959.360, 5000.000, 7.751
681.357, 676.922, 960.542, 5000.000, 7.765
682.232, 677.716, 961.724, 5000.000, 7.780
683.098, 678.521, 962.907, 5000.000, 7.794
683.955, 679.336, 964.089, 5000.000, 7.809
684.804, 680.160, 965.272, 5000.000, 7.823
685.646, 680.992, 966.455, 5000.000, 7.837
686.482, 681.830, 967.639, 5000.000, 7.852
687.313, 682.674, 968.823, 5000.000, 7.866
688.139, 683.523, 970.008, 5000.000, 7.881
688.961, 684.376, 971.192, 5000.000, 7.895
689.781, 685.232, 972.378, 5000.000, 7.910
690.599, 686.090, 973.563, 5000.000, 7.924
691.416, 686.949, 974.748, 5000.000, 7.938
692.234, 687.808, 975.934, 5000.000, 7.953
693.052, 688.666, 977.119, 5000.000, 7.967
693.871, 689.522, 978.304, 5000.000, 7.982
694.694, 690.375, 979.489, 5000.000, 7.996
695.520, 691.225, 980.674, 5000.000, 8.011
696.350, 692.069, 981.858, 5000.000, 8.025
697.186, 692.907, 983.042, 5000.000, 8.039
698.028, 693.739, 984.225, 5000.000, 8.054
698.877, 694.562, 985.408, 5000.000, 8.068
699.734, 695.377, 986.590, 5000.000, 8.083
700.600, 696.183, 987.771, 5000.000, 8.097
701.476, 696.977, 988.952, 5000.000, 8.111
702.362, 697.760, 990.132, 5000.000, 8.126
703.260, 698.529, 991.314, 5000.000, 8.140
704.170, 699.286, 992.498, 5000.000, 8.155
705.047, 700.079, 993.679, 5000.000, 8.169
705.923, 700.872, 994.861, 5000.000, 8.183
706.800, 701.665, 996.043, 5000.000, 8.198
707.677, 702.458, 997.226, 5000.000, 8.212
708.554, 703.252, 998.408, 5000.000, 8.227
709.430, 704.045, 999.590, 5000.000, 8.241
710.307, 704.838, 1000.772, 5000.000, 8.255
711.184, 705.631, 1001.954, 5000.000, 8.270
712.060, 706.424, 1003.137, 5000.000, 8.284
712.937, 707.218, 1004.319, 5000.000, 8.299
713.814, 708.011, 1005.501, 5000.000, 8.313
714.690, 708.804, 1006.683, 5000.000, 8.327
715.567, 709.597, 1007.866, 5000.000, 8.342
716.444, 710.390, 1009.048, 5000.000, 8.356
717.320, 711.184, 1010.230, 5000.000, 8.371
718.197, 711.977, 1011.412, 5000.000, 8.385
719.074, 712.770, 1012.595, 5000.000, 8.399
719.950, 713.563, 1013.777, 5000.000, 8.414
720.827, 714.356, 1014.959, 5000.000, 8.428
721.704, 715.150, 1016.141, 5000.000, 8.443
722.581, 715.943, 1017.324, 5000.000, 8.457
723.457, 716.736, 1018.506, 4997.168, 8.471
724.334, 717.529, 1019.688, 4989.024, 8.486
725.211, 718.322, 1020.871, 4979.646, 8.500
726.087, 719.116, 1022.053, 4967.803, 8.515
726.964, 719.909, 1023.235, 4954.946, 8.529
727.841, 720.702, 1024.417, 4941.338, 8.543
728.717, 721.495, 1025.600, 4927.524, 8.558
729.594, 722.288, 1026.782, 4914.728, 8.572
730.471, 723.082, 1027.964, 4900.762, 8.587
731.347, 723.875, 1029.146, 4887.213, 8.601
732.224, 724.668, 1030.329, 4872.361, 8.615
733.101, 725.461, 1031.511, 4856.812, 8.630
733.978, 726.254, 1032.693, 4840.479, 8.644
734.854, 727.048, 1033.875, 4823.934, 8.659
735.731, 727.841, 1035.058, 4805.540, 8.673
736.608, 728.634, 1036.240, 4786.380, 8.687
737.518, 729.390, 1037.422, 4767.057, 8.702
738.416, 730.160, 1038.605, 4748.539, 8.716
739.302, 730.943, 1039.787, 4728.480, 8.731
740.177, 731.737, 1040.969, 4708.051, 8.745
741.043, 732.542, 1042.151, 4686.166, 8.759
741.900, 733.357, 1043.334, 4663.734, 8.774
742.749, 734.181, 1044.517, 4640.995, 8.788
743.591, 735.012, 1045.700, 4618.917, 8.803
744.427, 735.851, 1046.884, 4596.228, 8.817
745.258, 736.695, 1048.068, 4575.467, 8.831
746.084, 737.544, 1049.253, 4557.221, 8.846
746.906, 738.397, 1050.437, 4542.130, 8.860
747.693, 739.290, 1051.625, 4525.908, 8.875
748.523, 740.135, 1052.809, 4508.809, 8.889
749.352, 740.981, 1053.994, 4489.773, 8.904
750.180, 741.828, 1055.178, 4470.721, 8.918
751.007, 742.675, 1056.363, 4451.238, 8.933
751.836, 743.521, 1057.547, 4432.474, 8.947
752.667, 744.366, 1058.731, 4413.326, 8.961
753.500, 745.207, 1059.915, 4395.048, 8.976
754.336, 746.044, 1061.099, 4378.799, 8.990
755.178, 746.877, 1062.283, 4363.792, 9.005
756.024, 747.704, 1063.465, 4350.461, 9.019
756.877, 748.523, 1064.648, 4336.968, 9.033
757.736, 749.335, 1065.830, 4323.991, 9.048
758.604, 750.139, 1067.011, 4310.922, 9.062
759.480, 750.932, 1068.192, 4298.226, 9.077
760.367, 751.715, 1069.374, 4285.823, 9.091
761.264, 752.485, 1070.557, 4273.958, 9.105
762.172, 753.244, 1071.740, 4262.860, 9.120
763.046, 754.040, 1072.922, 4254.403, 9.134
763.919, 754.837, 1074.104, 4247.296, 9.149
764.791, 755.635, 1075.286, 4241.338, 9.163
765.663, 756.434, 1076.468, 4234.849, 9.177
766.533, 757.234, 1077.650, 4228.169, 9.192
767.403, 758.035, 1078.832, 4220.889, 9.206
768.272, 758.837, 1080.015, 4213.544, 9.221
769.106, 759.677, 1081.197, 4206.163, 9.235
769.952, 760.504, 1082.379, 4199.811, 9.249
770.808, 761.320, 1083.562, 4191.770, 9.264
771.708, 762.088, 1084.744, 4183.257, 9.278
772.571, 762.896, 1085.926, 4174.577, 9.293
773.489, 763.643, 1087.108, 4165.418, 9.307
774.383, 764.418, 1088.290, 4154.139, 9.321
775.284, 765.183, 1089.473, 4141.706, 9.336
776.193, 765.941, 1090.655, 4128.222, 9.350
777.108, 766.692, 1091.838, 4115.581, 9.365
778.028, 767.437, 1093.020, 4103.545, 9.379
778.953, 768.177, 1094.203, 4092.973, 9.393
779.881, 768.914, 1095.388, 4082.771, 9.408
780.812, 769.647, 1096.573, 4072.592, 9.422
781.745, 770.378, 1097.758, 4063.201, 9.437
782.678, 771.109, 1098.944, 4054.020, 9.451
783.612, 771.839, 1100.129, 4044.355, 9.466
784.544, 772.570, 1101.314, 4034.993, 9.480
785.475, 773.304, 1102.499, 4026.143, 9.494
786.403, 774.040, 1103.684, 4018.212, 9.509
787.328, 774.780, 1104.868, 4012.176, 9.523
788.248, 775.525, 1106.052, 4008.840, 9.538
789.163, 776.276, 1107.236, 4006.727, 9.552
790.072, 777.034, 1108.418, 4003.767, 9.567
790.974, 777.800, 1109.601, 3999.821, 9.581
791.867, 778.574, 1110.782, 3994.173, 9.595
792.752, 779.358, 1111.964, 3986.303, 9.610
793.627, 780.153, 1113.144, 3976.563, 9.624
794.492, 780.960, 1114.324, 3965.079, 9.639
795.345, 781.779, 1115.503, 3951.911, 9.653
796.232, 782.561, 1116.685, 3938.176, 9.667
797.120, 783.341, 1117.867, 3924.474, 9.682
798.009, 784.121, 1119.049, 3911.354, 9.696
798.853, 784.951, 1120.229, 3897.349, 9.710
799.729, 785.744, 1121.411, 3881.771, 9.725
800.606, 786.537, 1122.594, 3865.915, 9.739
801.483, 787.330, 1123.776, 3849.071, 9.754
802.359, 788.124, 1124.958, 3832.063, 9.768
803.236, 788.917, 1126.140, 3815.038, 9.782
804.113, 789.710, 1127.323, 3797.051, 9.797
804.989, 790.503, 1128.505, 3778.925, 9.811
805.866, 791.296, 1129.687, 3761.081, 9.826
806.743, 792.090, 1130.869, 3744.144, 9.840
807.620, 792.883, 1132.052, 3727.567, 9.854
808.496, 793.676, 1133.234, 3710.799, 9.869
809.373, 794.469, 1134.416, 3693.785, 9.883
810.250, 795.262, 1135.598, 3677.516, 9.898
811.126, 796.056, 1136.781, 3662.836, 9.912
812.003, 796.849, 1137.963, 3650.012, 9.926
812.880, 797.642, 1139.145, 3638.246, 9.941
813.756, 798.435, 1140.328, 3627.128, 9.955
814.633, 799.228, 1141.510, 3615.974, 9.970
815.510, 800.022, 1142.692, 3605.249, 9.984
816.386, 800.815, 1143.874, 3594.455, 9.998
817.263, 801.608, 1145.057, 3583.179, 10.013
818.140, 802.401, 1146.239, 3571.116, 10.027
819.016, 803.194, 1147.421, 3559.458, 10.042
819.893, 803.988, 1148.603, 3548.686, 10.056
820.770, 804.781, 1149.786, 3539.506, 10.070
821.647, 805.574, 1150.968, 3531.516, 10.085
822.523, 806.367, 1152.150, 3525.003, 10.099
823.400, 807.160, 1153.332, 3518.980, 10.114
824.277, 807.953, 1154.515, 3513.006, 10.128
825.153, 808.747, 1155.697, 3507.275, 10.142
826.030, 809.540, 1156.879, 3501.395, 10.157
826.873, 810.370, 1158.062, 3493.683, 10.171
827.729, 811.187, 1159.244, 3485.071, 10.186
828.596, 811.990, 1160.426, 3475.966, 10.200
829.474, 812.782, 1161.609, 3467.039, 10.214
830.361, 813.564, 1162.791, 3457.889, 10.229
831.258, 814.335, 1163.973, 3448.322, 10.243
832.162, 815.098, 1165.155, 3438.548, 10.258
833.073, 815.853, 1166.337, 3428.986, 10.272
833.991, 816.601, 1167.520, 3419.623, 10.286
834.914, 817.343, 1168.703, 3410.164, 10.301
835.841, 818.080, 1169.885, 3400.408, 10.315
836.772, 818.813, 1171.069, 3390.046, 10.330
837.705, 819.544, 1172.252, 3378.927, 10.344
838.641, 820.272, 1173.437, 3367.323, 10.359
839.577, 820.999, 1174.623, 3355.617, 10.373
840.513, 821.727, 1175.809, 3343.819, 10.387
841.448, 822.455, 1176.994, 3332.207, 10.402
842.382, 823.186, 1178.179, 3320.483, 10.416
843.313, 823.919, 1179.364, 3309.094, 10.431
844.240, 824.656, 1180.549, 3298.093, 10.445
845.163, 825.398, 1181.733, 3287.506, 10.460
846.081, 826.146, 1182.917, 3276.355, 10.474
846.992, 826.901, 1184.100, 3265.031, 10.488
847.896, 827.664, 1185.282, 3253.381, 10.503
848.793, 828.435, 1186.464, 3242.182, 10.517
849.680, 829.217, 1187.645, 3230.988, 10.532
850.558, 830.009, 1188.826, 3220.564, 10.546
851.425, 830.812, 1190.006, 3210.151, 10.560
852.281, 831.629, 1191.186, 3199.568, 10.575
853.090, 832.496, 1192.363, 3188.824, 10.589
853.946, 833.313, 1193.544, 3178.498, 10.603
854.813, 834.116, 1194.725, 3167.723, 10.618
855.691, 834.908, 1195.907, 3156.489, 10.632
856.578, 835.690, 1197.089, 3145.502, 10.647
857.475, 836.461, 1198.272, 3135.336, 10.661
858.379, 837.224, 1199.455, 3125.679, 10.675
859.290, 837.979, 1200.638, 3117.214, 10.690
860.208, 838.727, 1201.822, 3108.760, 10.704
861.131, 839.469, 1203.006, 3099.940, 10.719
862.058, 840.206, 1204.190, 3090.729, 10.733
862.989, 840.939, 1205.375, 3081.670, 10.748
863.923, 841.670, 1206.560, 3072.871, 10.762
864.858, 842.398, 1207.746, 3063.753, 10.776
865.794, 843.125, 1208.931, 3055.080, 10.791
866.730, 843.853, 1210.117, 3047.608, 10.805
867.666, 844.581, 1211.302, 3040.469, 10.820
868.599, 845.312, 1212.487, 3034.059, 10.834
869.530, 846.045, 1213.672, 3027.963, 10.849
870.457, 846.782, 1214.857, 3020.982, 10.863
871.380, 847.524, 1216.041, 3013.360, 10.877
872.298, 848.272, 1217.225, 3005.938, 10.892
873.209, 849.027, 1218.408, 2998.865, 10.906
874.114, 849.790, 1219.591, 2992.345, 10.921
875.010, 850.561, 1220.773, 2986.530, 10.935
875.897, 851.343, 1221.954, 2982.380, 10.949
876.775, 852.135, 1223.135, 2979.603, 10.964
877.609, 852.975, 1224.312, 2976.943, 10.978
878.443, 853.815, 1225.496, 2974.759, 10.993
879.277, 854.656, 1226.680, 2972.207, 11.007
880.155, 855.448, 1227.861, 2969.496, 11.021
881.042, 856.229, 1229.042, 2966.913, 11.036
881.939, 857.001, 1230.224, 2964.969, 11.050
882.843, 857.763, 1231.406, 2963.608, 11.065
883.754, 858.518, 1232.588, 2962.137, 11.079
884.672, 859.266, 1233.770, 2961.012, 11.093
885.595, 860.008, 1234.953, 2960.612, 11.108
886.522, 860.745, 1236.137, 2959.287, 11.122
887.453, 861.479, 1237.320, 2957.477, 11.137
888.387, 862.209, 1238.504, 2955.062, 11.151
889.322, 862.938, 1239.689, 2952.132, 11.165
890.258, 863.665, 1240.873, 2948.190, 11.180
891.194, 864.392, 1242.058, 2943.647, 11.194
892.129, 865.121, 1243.243, 2939.466, 11.209
893.063, 865.851, 1244.427, 2935.141, 11.223
893.994, 866.585, 1245.612, 2929.919, 11.238
894.921, 867.322, 1246.796, 2924.500, 11.252
895.844, 868.064, 1247.980, 2918.226, 11.266
896.728, 868.849, 1249.162, 2911.117, 11.281
897.619, 869.627, 1250.344, 2903.335, 11.295
898.513, 870.400, 1251.527, 2895.253, 11.310
899.411, 871.171, 1252.709, 2886.295, 11.324
900.309, 871.940, 1253.892, 2877.101, 11.338
901.206, 872.710, 1255.075, 2868.201, 11.353
902.101, 873.483, 1256.257, 2860.023, 11.367
902.991, 874.262, 1257.440, 2851.372, 11.382
903.876, 875.047, 1258.622, 2842.769, 11.396
904.798, 875.789, 1259.805, 2833.710, 11.411
905.726, 876.526, 1260.989, 2824.108, 11.425
906.657, 877.259, 1262.174, 2813.842, 11.439
907.590, 877.990, 1263.358, 2803.702, 11.454
908.525, 878.718, 1264.543, 2793.190, 11.468
909.462, 879.445, 1265.728, 2782.254, 11.483
910.398, 880.173, 1266.913, 2771.453, 11.497
911.300, 880.938, 1268.096, 2760.375, 11.511
912.212, 881.692, 1269.279, 2748.883, 11.526
913.133, 882.436, 1270.463, 2736.837, 11.540
914.062, 883.172, 1271.648, 2724.323, 11.555
914.996, 883.902, 1272.833, 2711.913, 11.569
915.933, 884.628, 1274.018, 2699.589, 11.584
916.872, 885.353, 1275.203, 2687.147, 11.598
917.811, 886.077, 1276.389, 2674.359, 11.612
918.748, 886.803, 1277.575, 2661.918, 11.627
919.682, 887.533, 1278.760, 2649.845, 11.641
920.610, 888.270, 1279.945, 2638.199, 11.656
921.498, 889.050, 1281.126, 2627.683, 11.670
922.389, 889.827, 1282.307, 2617.578, 11.685
923.282, 890.603, 1283.489, 2607.270, 11.699
924.219, 891.330, 1284.675, 2596.909, 11.713
925.166, 892.045, 1285.861, 2587.291, 11.728
926.121, 892.752, 1287.048, 2577.936, 11.742
927.082, 893.452, 1288.235, 2569.441, 11.757
928.048, 894.147, 1289.424, 2561.975, 11.771
929.016, 894.839, 1290.613, 2555.259, 11.786
929.985, 895.530, 1291.802, 2549.140, 11.800
930.953, 896.222, 1292.991, 2543.691, 11.815
931.919, 896.917, 1294.180, 2538.345, 11.829
932.880, 897.617, 1295.369, 2533.510, 11.844
933.835, 898.323, 1296.557, 2528.567, 11.858
934.782, 899.039, 1297.743, 2524.505, 11.873
935.686, 899.802, 1298.925, 2520.393, 11.887
936.590, 900.564, 1300.107, 2516.007, 11.901
937.493, 901.328, 1301.289, 2511.812, 11.916
938.392, 902.098, 1302.470, 2507.976, 11.930
939.330, 902.823, 1303.656, 2504.807, 11.945
940.272, 903.543, 1304.842, 2501.655, 11.959
941.217, 904.261, 1306.029, 2498.541, 11.974
942.164, 904.977, 1307.216, 2495.475, 11.988
943.109, 905.695, 1308.402, 2491.932, 12.002
944.051, 906.415, 1309.589, 2488.339, 12.017
944.989, 907.140, 1310.774, 2484.854, 12.031
945.921, 907.873, 1311.959, 2481.720, 12.046
946.812, 908.650, 1313.140, 2478.453, 12.060
947.705, 909.425, 1314.321, 2475.256, 12.075
948.598, 910.200, 1315.502, 2472.571, 12.089
949.535, 910.927, 1316.688, 2469.526, 12.103
950.481, 911.643, 1317.874, 2466.468, 12.118
951.435, 912.352, 1319.061, 2463.491, 12.132
952.393, 913.055, 1320.249, 2460.322, 12.147
953.355, 913.754, 1321.438, 2457.011, 12.161
954.319, 914.450, 1322.626, 2453.693, 12.176
955.283, 915.147, 1323.815, 2450.459, 12.190
956.245, 915.846, 1325.004, 2447.552, 12.205
957.203, 916.549, 1326.192, 2444.659, 12.219
958.156, 917.258, 1327.379, 2441.920, 12.234
959.069, 918.011, 1328.562, 2439.314, 12.248
959.985, 918.761, 1329.746, 2436.449, 12.262
960.902, 919.509, 1330.930, 2433.281, 12.277
961.818, 920.260, 1332.113, 2430.022, 12.291
962.728, 921.015, 1333.297, 2426.390, 12.306
963.679, 921.727, 1334.483, 2422.765, 12.320
964.634, 922.434, 1335.670, 2419.681, 12.335
965.592, 923.137, 1336.858, 2416.427, 12.349
966.550, 923.840, 1338.046, 2413.186, 12.363
967.508, 924.544, 1339.234, 2409.918, 12.378
968.463, 925.251, 1340.422, 2406.582, 12.392
969.413, 925.962, 1341.609, 2403.007, 12.407
970.324, 926.718, 1342.792, 2399.328, 12.421
971.239, 927.468, 1343.975, 2395.141, 12.436
972.156, 928.217, 1345.158, 2390.907, 12.450
973.073, 928.966, 1346.342, 2386.573, 12.465
973.985, 929.720, 1347.525, 2381.761, 12.479
974.938, 930.428, 1348.712, 2376.596, 12.493
975.897, 931.131, 1349.900, 2371.156, 12.508
976.859, 931.830, 1351.089, 2365.884, 12.522
977.789, 932.564, 1352.273, 2360.893, 12.537
978.732, 933.284, 1353.460, 2355.804, 12.551
979.684, 933.994, 1354.647, 2350.427, 12.566
980.644, 934.695, 1355.836, 2345.195, 12.580
981.608, 935.392, 1357.025, 2339.919, 12.595
982.574, 936.087, 1358.215, 2335.457, 12.609
983.539, 936.782, 1359.405, 2331.022, 12.624
984.500, 937.482, 1360.593, 2326.210, 12.638
985.455, 938.189, 1361.781, 2321.075, 12.653
986.401, 938.905, 1362.968, 2316.065, 12.667
987.349, 939.619, 1364.155, 2311.560, 12.682
988.310, 940.320, 1365.344, 2307.535, 12.696
989.280, 941.010, 1366.534, 2303.654, 12.710
990.257, 941.692, 1367.726, 2299.865, 12.725
991.239, 942.369, 1368.918, 2296.471, 12.740
992.222, 943.044, 1370.110, 2294.025, 12.754
993.205, 943.720, 1371.303, 2291.436, 12.769
994.184, 944.400, 1372.495, 2289.069, 12.783
995.123, 945.124, 1373.680, 2286.555, 12.798
996.066, 945.844, 1374.866, 2283.565, 12.812
997.009, 946.564, 1376.052, 2280.697, 12.826
997.948, 947.288, 1377.238, 2277.595, 12.841
998.927, 947.968, 1378.429, 2274.606, 12.855
999.910, 948.645, 1379.622, 2271.911, 12.870
1000.893, 949.320, 1380.814, 2268.644, 12.884
1001.875, 949.997, 1382.007, 2264.949, 12.899
1002.852, 950.679, 1383.199, 2260.747, 12.913
1003.823, 951.369, 1384.389, 2256.153, 12.928
1004.750, 952.106, 1385.572, 2251.795, 12.942
1005.677, 952.844, 1386.755, 2247.227, 12.957
1006.647, 953.534, 1387.946, 2242.648, 12.971
1007.624, 954.216, 1389.137, 2237.972, 12.986
1008.606, 954.893, 1390.330, 2233.548, 13.000
1009.589, 955.568, 1391.522, 2229.127, 13.015
1010.572, 956.244, 1392.715, 2224.851, 13.029
1011.551, 956.925, 1393.907, 2220.239, 13.044
1012.524, 957.611, 1395.098, 2215.629, 13.058
1013.454, 958.345, 1396.281, 2211.126, 13.073
1014.385, 959.078, 1397.465, 2207.138, 13.087
1015.314, 959.814, 1398.649, 2203.375, 13.102
1016.283, 960.504, 1399.839, 2199.543, 13.116
1017.257, 961.190, 1401.030, 2195.838, 13.131
1018.233, 961.874, 1402.221, 2192.862, 13.145
1019.207, 962.559, 1403.413, 2190.429, 13.160
1020.178, 963.248, 1404.603, 2188.307, 13.174
1021.143, 963.944, 1405.793, 2185.609, 13.189
1022.066, 964.687, 1406.975, 2182.963, 13.203
1022.989, 965.428, 1408.160, 2180.241, 13.217
1023.957, 966.121, 1409.349, 2177.514, 13.232
1024.932, 966.805, 1410.540, 2175.342, 13.246
1025.913, 967.483, 1411.732, 2172.964, 13.261
1026.896, 968.158, 1412.924, 2170.507, 13.276
1027.880, 968.833, 1414.117, 2167.403, 13.290
1028.827, 969.548, 1415.303, 2164.096, 13.305
1029.782, 970.256, 1416.491, 2160.629, 13.319
1030.740, 970.959, 1417.680, 2156.591, 13.333
1031.698, 971.663, 1418.868, 2152.301, 13.348
1032.652, 972.370, 1420.056, 2147.764, 13.362
1033.646, 973.033, 1421.250, 2143.518, 13.377
1034.644, 973.693, 1422.445, 2139.679, 13.391
1035.642, 974.351, 1423.641, 2135.803, 13.406
1036.605, 975.049, 1424.830, 2131.976, 13.421
1037.577, 975.738, 1426.020, 2127.791, 13.435
1038.552, 976.421, 1427.212, 2123.822, 13.450
1039.529, 977.104, 1428.403, 2119.844, 13.464
1040.503, 977.790, 1429.594, 2115.521, 13.479
1041.470, 978.483, 1430.784, 2111.062, 13.493
1042.475, 979.134, 1431.981, 2106.699, 13.508
1043.447, 979.822, 1433.172, 2102.511, 13.522
1044.430, 980.498, 1434.365, 2021.416, 13.537
1045.420, 981.166, 1435.559, 2016.700, 13.551
1046.413, 981.830, 1436.754, 2011.598, 13.566
1047.407, 982.495, 1437.949, 2005.810, 13.580
1048.396, 983.163, 1439.143, 2000.118, 13.595
1049.379, 983.839, 1440.336, 1994.497, 13.609
1050.318, 984.563, 1441.520, 1989.420, 13.624
1051.301, 985.238, 1442.713, 1984.388, 13.638
1052.293, 985.905, 1443.907, 1979.652, 13.653
1053.289, 986.566, 1445.102, 1975.105, 13.667
1054.286, 987.226, 1446.298, 1970.590, 13.682
1055.280, 987.890, 1447.493, 1965.694, 13.697
1056.268, 988.560, 1448.687, 1960.333, 13.711
1057.213, 989.277, 1449.872, 1955.089, 13.726
1058.204, 989.945, 1451.067, 1949.797, 13.740
1059.203, 990.602, 1452.263, 1944.659, 13.755
1060.208, 991.254, 1453.460, 1939.930, 13.769
1061.215, 991.903, 1454.658, 1935.618, 13.784
1062.220, 992.555, 1455.855, 1931.543, 13.798
1063.219, 993.212, 1457.051, 1927.158, 13.813
1064.177, 993.916, 1458.239, 1923.025, 13.827
1065.134, 994.620, 1459.426, 1919.107, 13.842
1066.133, 995.278, 1460.623, 1914.972, 13.857
1067.138, 995.929, 1461.820, 1910.928, 13.871
1068.145, 996.579, 1463.018, 1906.695, 13.886
1069.150, 997.230, 1464.216, 1903.002, 13.900
1070.116, 997.925, 1465.405, 1899.535, 13.915
1071.086, 998.615, 1466.594, 1895.995, 13.929
1072.054, 999.307, 1467.784, 1892.507, 13.944
1073.065, 999.952, 1468.983, 1889.235, 13.958
1074.079, 1000.593, 1470.182, 1886.147, 13.973
1075.095, 1001.233, 1471.382, 1883.049, 13.988
1076.074, 1001.912, 1472.574, 1879.899, 14.002
1077.060, 1002.585, 1473.767, 1877.333, 14.017
1078.047, 1003.256, 1474.961, 1875.207, 14.031
1079.032, 1003.930, 1476.154, 1873.473, 14.046
1080.056, 1004.560, 1477.356, 1871.682, 14.060
1081.083, 1005.187, 1478.558, 1870.170, 14.075
1082.076, 1005.852, 1479.753, 1868.380, 14.090
1083.076, 1006.508, 1480.950, 1866.230, 14.104
1084.080, 1007.161, 1482.147, 1863.660, 14.119
1085.084, 1007.814, 1483.344, 1861.278, 14.133
1086.082, 1008.473, 1484.540, 1858.739, 14.148
1087.117, 1009.091, 1485.745, 1856.195, 14.162
1088.152, 1009.710, 1486.950, 1853.745, 14.177
1089.150, 1010.369, 1488.146, 1851.572, 14.192
1090.153, 1011.022, 1489.343, 1849.181, 14.206
1091.157, 1011.674, 1490.540, 1846.797, 14.221
1092.158, 1012.330, 1491.737, 1844.475, 14.235
1093.150, 1012.995, 1492.931, 1841.918, 14.250
1094.177, 1013.623, 1494.134, 1839.213, 14.265
1095.168, 1014.289, 1495.328, 1836.530, 14.279
1096.165, 1014.950, 1496.524, 1833.996, 14.294
1097.164, 1015.608, 1497.720, 1831.181, 14.308
1098.160, 1016.269, 1498.916, 1828.388, 14.323
1099.150, 1016.938, 1500.110, 1825.881, 14.337
1100.174, 1017.568, 1501.312, 1823.222, 14.352
1101.163, 1018.237, 1502.506, 1820.570, 14.367
1102.159, 1018.898, 1503.701, 1818.223, 14.381
1103.158, 1019.556, 1504.898, 1815.549, 14.396
1104.155, 1020.216, 1506.093, 1812.907, 14.410
1105.146, 1020.883, 1507.288, 1810.797, 14.425
1106.173, 1021.510, 1508.490, 1808.728, 14.440
1107.166, 1022.175, 1509.685, 1806.368, 14.454
1108.166, 1022.831, 1510.882, 1803.811, 14.469
1109.170, 1023.484, 1512.079, 1801.393, 14.483
1110.174, 1024.137, 1513.276, 1798.859, 14.498
1111.172, 1024.796, 1514.472, 1795.974, 14.512
1112.173, 1025.451, 1515.669, 1793.388, 14.527
1113.187, 1026.093, 1516.869, 1790.515, 14.542
1114.209, 1026.726, 1518.071, 1787.549, 14.556
1115.234, 1027.354, 1519.273, 1784.571, 14.571
1116.259, 1027.984, 1520.476, 1782.022, 14.586
1117.278, 1028.620, 1521.677, 1779.328, 14.600
1118.254, 1029.303, 1522.867, 1776.491, 14.615
1119.275, 1029.937, 1524.069, 1773.442, 14.629
1120.303, 1030.563, 1525.272, 1770.748, 14.644
1121.334, 1031.186, 1526.476, 1767.790, 14.659
1122.363, 1031.811, 1527.680, 1764.645, 14.673
1123.352, 1032.480, 1528.873, 1761.761, 14.688
1124.343, 1033.146, 1530.068, 1758.715, 14.702
1125.378, 1033.765, 1531.272, 1755.604, 14.717
1126.417, 1034.378, 1532.479, 1752.034, 14.732
1127.424, 1035.028, 1533.677, 1748.742, 14.746
1128.440, 1035.667, 1534.877, 1745.440, 14.761
1129.459, 1036.303, 1536.078, 1741.859, 14.776
1130.477, 1036.940, 1537.279, 1738.808, 14.790
1131.534, 1037.534, 1538.490, 1735.903, 14.805
1132.593, 1038.125, 1539.703, 1732.749, 14.820
1133.616, 1038.757, 1540.905, 1730.111, 14.834
1134.645, 1039.382, 1542.108, 1727.077, 14.849
1135.673, 1040.008, 1543.312, 1723.656, 14.864
1136.696, 1040.640, 1544.514, 1720.239, 14.878
1137.755, 1041.231, 1545.727, 1717.065, 14.893
1138.779, 1041.862, 1546.929, 1713.876, 14.908
1139.809, 1042.486, 1548.133, 1710.722, 14.922
1140.840, 1043.108, 1549.338, 1708.024, 14.937
1141.866, 1043.736, 1550.541, 1705.608, 14.952
1142.896, 1044.360, 1551.745, 1703.211, 14.966
1143.938, 1044.971, 1552.952, 1700.958, 14.981
1144.985, 1045.575, 1554.162, 1698.360, 14.996
1146.034, 1046.178, 1555.371, 1695.610, 15.011
1147.078, 1046.786, 1556.579, 1692.717, 15.025
1148.079, 1047.442, 1557.775, 1689.852, 15.040
1149.124, 1048.049, 1558.984, 1687.265, 15.055
1150.174, 1048.650, 1560.194, 1685.035, 15.069
1151.225, 1049.251, 1561.404, 1682.708, 15.084
1152.270, 1049.859, 1562.612, 1680.853, 15.099
1153.271, 1050.514, 1563.808, 1679.092, 15.113
1154.315, 1051.122, 1565.016, 1676.828, 15.128
1155.364, 1051.726, 1566.226, 1674.444, 15.143
1156.411, 1052.330, 1567.435, 1671.983, 15.158
1157.453, 1052.941, 1568.643, 1669.766, 15.172
1158.496, 1053.550, 1569.851, 1667.525, 15.187
1159.549, 1054.148, 1571.062, 1665.782, 15.202
1160.607, 1054.742, 1572.274, 1664.161, 15.216
1161.663, 1055.336, 1573.487, 1662.349, 15.231
1162.680, 1055.974, 1574.686, 1660.809, 15.246
1163.698, 1056.611, 1575.887, 1659.133, 15.260
1164.757, 1057.203, 1577.100, 1656.962, 15.275
1165.819, 1057.791, 1578.313, 1654.799, 15.290
1166.878, 1058.383, 1579.526, 1652.523, 15.305
1167.896, 1059.020, 1580.726, 1650.532, 15.319
1168.913, 1059.658, 1581.926, 1648.591, 15.334
1169.970, 1060.253, 1583.139, 1646.985, 15.349
1171.027, 1060.846, 1584.351, 1645.528, 15.364
1172.080, 1061.444, 1585.562, 1643.665, 15.378
1173.090, 1062.090, 1586.760, 1641.803, 15.393
1174.144, 1062.688, 1587.971, 1639.650, 15.408
1175.203, 1063.279, 1589.184, 1637.266, 15.422
1176.229, 1063.907, 1590.387, 1634.831, 15.437
1177.262, 1064.528, 1591.592, 1632.483, 15.452
1178.296, 1065.148, 1592.797, 1630.338, 15.466
1179.371, 1065.722, 1594.015, 1628.405, 15.481
1180.449, 1066.292, 1595.234, 1626.430, 15.496
1181.490, 1066.903, 1596.441, 1624.378, 15.511
1182.536, 1067.509, 1597.650, 1622.331, 15.526
1183.581, 1068.117, 1598.859, 1619.724, 15.540
1184.630, 1068.719, 1600.069, 1616.960, 15.555
1185.692, 1069.307, 1601.283, 1614.709, 15.570
1186.761, 1069.889, 1602.499, 1612.303, 15.585
1187.829, 1070.470, 1603.715, 1609.771, 15.599
1188.891, 1071.059, 1604.929, 1607.503, 15.614
1189.987, 1071.609, 1606.155, 1605.314, 15.629
1191.046, 1072.201, 1607.368, 1603.080, 15.644
1192.107, 1072.790, 1608.581, 1600.757, 15.659
1193.165, 1073.384, 1609.794, 1598.619, 15.673
1194.226, 1073.973, 1611.008, 1596.197, 15.688
1195.298, 1074.550, 1612.225, 1593.645, 15.703
1196.374, 1075.123, 1613.444, 1591.298, 15.718
1197.448, 1075.698, 1614.662, 1588.974, 15.733
1198.481, 1076.318, 1615.867, 1586.660, 15.747
1199.559, 1076.889, 1617.086, 1584.628, 15.762
1200.643, 1077.454, 1618.308, 1582.510, 15.777
1201.725, 1078.019, 1619.529, 1580.371, 15.792
1202.767, 1078.630, 1620.736, 1578.140, 15.807
1203.808, 1079.242, 1621.943, 1576.167, 15.821
1204.888, 1079.810, 1623.163, 1573.845, 15.836
1205.967, 1080.380, 1624.383, 1571.439, 15.851
1207.005, 1080.995, 1625.589, 1569.081, 15.866
1208.089, 1081.559, 1626.811, 1566.984, 15.881
1209.180, 1082.116, 1628.034, 1564.622, 15.896
1210.270, 1082.672, 1629.258, 1562.447, 15.911
1211.321, 1083.273, 1630.469, 1560.249, 15.925
1212.372, 1083.874, 1631.679, 1557.975, 15.940
1213.462, 1084.431, 1632.903, 1555.570, 15.955
1214.552, 1084.988, 1634.127, 1553.146, 15.970
1215.603, 1085.589, 1635.337, 1550.943, 15.985
1216.701, 1086.138, 1636.563, 1548.853, 15.999
1217.805, 1086.680, 1637.792, 1546.340, 16.014
1218.911, 1087.220, 1639.022, 1544.250, 16.029
1219.977, 1087.803, 1640.238, 1541.923, 16.044
1221.045, 1088.385, 1641.454, 1539.403, 16.059
1222.106, 1088.974, 1642.667, 1537.074, 16.074
1223.201, 1089.527, 1643.893, 1534.685, 16.089
1224.256, 1090.122, 1645.105, 1532.497, 16.104
1225.311, 1090.718, 1646.317, 1530.125, 16.118
1226.406, 1091.271, 1647.542, 1527.646, 16.133
1227.501, 1091.823, 1648.768, 1525.315, 16.148
1228.556, 1092.419, 1649.979, 1522.461, 16.163
1229.611, 1093.015, 1651.191, 1519.913, 16.178
1230.706, 1093.567, 1652.417, 1517.564, 16.193
1231.801, 1094.119, 1653.642, 1514.853, 16.208
1232.856, 1094.715, 1654.854, 1512.435, 16.222
1233.911, 1095.311, 1656.065, 1509.925, 16.237
1235.006, 1095.863, 1657.291, 1507.442, 16.252
1236.067, 1096.452, 1658.505, 1504.655, 16.267
1237.135, 1097.034, 1659.721, 1502.161, 16.282
1238.202, 1097.617, 1660.937, 1499.655, 16.296
1239.307, 1098.158, 1662.166, 1496.953, 16.311
1240.378, 1098.736, 1663.383, 1494.278, 16.326
1241.454, 1099.308, 1664.603, 1491.850, 16.341
1242.529, 1099.883, 1665.821, 1489.271, 16.356
1243.608, 1100.452, 1667.041, 1486.809, 16.371
1244.698, 1101.010, 1668.265, 1484.496, 16.386
1245.791, 1101.564, 1669.490, 1482.273, 16.401
1246.847, 1102.159, 1670.702, 1479.996, 16.415
1247.952, 1102.700, 1671.932, 1477.884, 16.430
1249.065, 1103.232, 1673.165, 1475.583, 16.445
1250.178, 1103.764, 1674.399, 1473.417, 16.460
1251.286, 1104.302, 1675.630, 1470.917, 16.475
1252.393, 1104.840, 1676.862, 1468.865, 16.490
1253.507, 1105.371, 1678.095, 1466.727, 16.505
1254.619, 1105.904, 1679.329, 1464.692, 16.520
1255.691, 1106.482, 1680.545, 1462.620, 16.535
1256.806, 1107.011, 1681.780, 1460.452, 16.550
1257.925, 1107.537, 1683.016, 1458.061, 16.565
1259.007, 1108.103, 1684.236, 1455.781, 16.580
1260.090, 1108.668, 1685.458, 1453.472, 16.595
1261.215, 1109.187, 1686.696, 1451.334, 16.610
1262.305, 1109.744, 1687.920, 1449.003, 16.625
1263.401, 1110.295, 1689.147, 1446.803, 16.640
1264.495, 1110.848, 1690.373, 1444.761, 16.655
1265.624, 1111.362, 1691.613, 1442.483, 16.670
1266.716, 1111.918, 1692.838, 1440.359, 16.685
1267.809, 1112.472, 1694.063, 1437.966, 16.700
1268.941, 1112.983, 1695.304, 1435.525, 16.715
1270.039, 1113.532, 1696.531, 1432.823, 16.730
1271.141, 1114.076, 1697.761, 1430.336, 16.745
1272.240, 1114.624, 1698.988, 1427.854, 16.760
1273.373, 1115.132, 1700.231, 1425.264, 16.775
1274.469, 1115.684, 1701.457, 1422.831, 16.790
1275.564, 1116.236, 1702.683, 1420.433, 16.805
1276.664, 1116.782, 1703.911, 1418.001, 16.820
1277.775, 1117.316, 1705.144, 1415.689, 16.835
1278.889, 1117.847, 1706.378, 1413.376, 16.850
1280.044, 1118.332, 1707.630, 1411.048, 16.865
1281.167, 1118.854, 1708.867, 1408.698, 16.880
1282.296, 1119.368, 1710.108, 1406.498, 16.895
1283.423, 1119.885, 1711.347, 1404.337, 16.910
1284.507, 1120.449, 1712.568, 1402.184, 16.925
1285.632, 1120.967, 1713.807, 1399.945, 16.940
1286.757, 1121.486, 1715.046, 1397.810, 16.955
1287.841, 1122.050, 1716.267, 1395.702, 16.970
1288.968, 1122.567, 1717.507, 1393.554, 16.985
1290.097, 1123.081, 1718.747, 1391.385, 17.001
1291.186, 1123.639, 1719.971, 1389.497, 17.015
1292.320, 1124.148, 1721.213, 1387.452, 17.031
1293.458, 1124.653, 1722.458, 1385.459, 17.046
1294.558, 1125.200, 1723.685, 1383.649, 17.061
1295.704, 1125.695, 1724.934, 1381.788, 17.076
1296.856, 1126.184, 1726.184, 1379.947, 17.091
1297.972, 1126.713, 1727.419, 1378.131, 17.106
1299.089, 1127.240, 1728.654, 1376.401, 17.121
1300.246, 1127.723, 1729.907, 1374.455, 17.136
1301.368, 1128.245, 1731.145, 1372.567, 17.152
1302.493, 1128.764, 1732.383, 1370.846, 17.167
1303.658, 1129.239, 1733.641, 1369.238, 17.182
1304.789, 1129.751, 1734.882, 1367.401, 17.197
1305.923, 1130.260, 1736.125, 1365.515, 17.212
1307.052, 1130.774, 1737.366, 1363.728, 17.227
1308.180, 1131.289, 1738.606, 1361.938, 17.242
1309.312, 1131.801, 1739.848, 1360.316, 17.258
1310.485, 1132.266, 1741.109, 1358.821, 17.273
1311.624, 1132.769, 1742.354, 1357.016, 17.288
1312.768, 1133.267, 1743.602, 1355.203, 17.303
1313.908, 1133.769, 1744.847, 1353.678, 17.318
1315.048, 1134.272, 1746.093, 1352.007, 17.334
1316.192, 1134.769, 1747.340, 1350.310, 17.349
1317.331, 1135.272, 1748.586, 1348.348, 17.364
1318.471, 1135.775, 1749.831, 1346.522, 17.379
1319.615, 1136.272, 1751.079, 1344.580, 17.394
1320.755, 1136.775, 1752.324, 1342.946, 17.409
1321.894, 1137.278, 1753.570, 1341.012, 17.425
1323.038, 1137.775, 1754.817, 1339.242, 17.440
1324.178, 1138.278, 1756.063, 1337.544, 17.455
1325.317, 1138.780, 1757.309, 1335.697, 17.470
1326.462, 1139.278, 1758.556, 1334.068, 17.485
1327.568, 1139.818, 1759.786, 1332.092, 17.500
1328.720, 1140.307, 1761.037, 1330.050, 17.516
1329.875, 1140.792, 1762.290, 1328.175, 17.531
1331.025, 1141.282, 1763.541, 1326.387, 17.546
1332.175, 1141.774, 1764.791, 1324.646, 17.561
1333.328, 1142.262, 1766.043, 1322.792, 17.577
1334.442, 1142.793, 1767.276, 1321.095, 17.592
1335.601, 1143.274, 1768.531, 1319.587, 17.607
1336.763, 1143.752, 1769.787, 1317.929, 17.622
1337.885, 1144.274, 1771.024, 1316.425, 17.637
1339.051, 1144.747, 1772.282, 1314.701, 17.653
1340.219, 1145.219, 1773.541, 1313.120, 17.668
1341.346, 1145.735, 1774.781, 1311.606, 17.683
1342.517, 1146.203, 1776.041, 1310.016, 17.698
1343.655, 1146.707, 1777.286, 1308.358, 17.714
1344.797, 1147.207, 1778.533, 1306.615, 17.729
1345.981, 1147.661, 1779.799, 1305.035, 17.744
1347.131, 1148.152, 1781.050, 1303.563, 17.759
1348.283, 1148.641, 1782.301, 1301.826, 17.775
1349.475, 1149.086, 1783.573, 1300.174, 17.790
1350.630, 1149.571, 1784.826, 1298.370, 17.805
1351.787, 1150.054, 1786.080, 1296.713, 17.821
1352.948, 1150.533, 1787.336, 1295.083, 17.836
1354.117, 1151.003, 1788.596, 1293.562, 17.851
1355.284, 1151.476, 1789.855, 1291.873, 17.867
1356.453, 1151.946, 1791.115, 1290.375, 17.882
1357.628, 1152.410, 1792.377, 1288.785, 17.897
1358.798, 1152.879, 1793.638, 1287.133, 17.913
1359.967, 1153.349, 1794.898, 1285.594, 17.928
1361.138, 1153.816, 1796.159, 1283.853, 17.943
1362.316, 1154.277, 1797.424, 1282.246, 17.959
1363.504, 1154.726, 1798.693, 1280.713, 17.974
1364.691, 1155.176, 1799.963, 1279.344, 17.990
1365.836, 1155.673, 1801.210, 1278.026, 18.005
1367.020, 1156.127, 1802.478, 1276.680, 18.020
1368.167, 1156.621, 1803.726, 1275.449, 18.036
1369.360, 1157.065, 1804.999, 1274.082, 18.051
1370.555, 1157.505, 1806.272, 1272.699, 18.067
1371.710, 1157.991, 1807.525, 1271.435, 18.082
1372.908, 1158.430, 1808.800, 1269.926, 18.097
1374.071, 1158.907, 1810.057, 1268.572, 18.113
1375.235, 1159.381, 1811.315, 1267.110, 18.128
1376.438, 1159.814, 1812.592, 1265.739, 18.144
1377.602, 1160.290, 1813.849, 1264.359, 18.159
1378.810, 1160.717, 1815.130, 1262.954, 18.174
1379.985, 1161.180, 1816.393, 1261.644, 18.190
1381.164, 1161.639, 1817.658, 1260.032, 18.205
1382.383, 1162.055, 1818.945, 1258.420, 18.221
1383.564, 1162.511, 1820.211, 1256.831, 18.236
1384.745, 1162.968, 1821.477, 1255.145, 18.252
1385.927, 1163.423, 1822.744, 1253.480, 18.267
1387.114, 1163.874, 1824.014, 1251.788, 18.283
1388.308, 1164.316, 1825.287, 1250.168, 18.298
1389.512, 1164.748, 1826.566, 1248.657, 18.314
1390.715, 1165.181, 1827.844, 1247.043, 18.329
1391.919, 1165.611, 1829.123, 1245.603, 18.345
1393.128, 1166.037, 1830.404, 1244.037, 18.361
1394.298, 1166.507, 1831.664, 1242.480, 18.376
1395.509, 1166.930, 1832.947, 1240.876, 18.391
1396.686, 1167.392, 1834.211, 1239.303, 18.407
1397.909, 1167.802, 1835.500, 1237.810, 18.423
1399.135, 1168.209, 1836.791, 1236.380, 18.438
1400.319, 1168.662, 1838.059, 1234.952, 18.454
1401.544, 1169.071, 1839.350, 1233.515, 18.469
1402.732, 1169.520, 1840.620, 1232.046, 18.485
1403.965, 1169.919, 1841.915, 1230.631, 18.501
1405.165, 1170.355, 1843.192, 1229.237, 18.516
1406.368, 1170.787, 1844.470, 1227.723, 18.532
1407.576, 1171.215, 1845.751, 1226.201, 18.547
1408.790, 1171.636, 1847.036, 1224.800, 18.563
1410.045, 1172.011, 1848.344, 1223.253, 18.579
1411.263, 1172.426, 1849.632, 1221.825, 18.595
1412.482, 1172.842, 1850.919, 1220.334, 18.610
1413.700, 1173.257, 1852.206, 1218.948, 18.626
1414.922, 1173.669, 1853.496, 1217.517, 18.642
1416.148, 1174.076, 1854.787, 1215.942, 18.658
1417.380, 1174.476, 1856.083, 1214.569, 18.673
1418.607, 1174.882, 1857.375, 1212.866, 18.689
1419.831, 1175.292, 1858.665, 1211.158, 18.705
1421.052, 1175.704, 1859.954, 1209.485, 18.720
1422.274, 1176.116, 1861.244, 1207.789, 18.736
1423.497, 1176.526, 1862.534, 1206.154, 18.752
1424.724, 1176.932, 1863.826, 1204.577, 18.768
1425.956, 1177.333, 1865.122, 1203.008, 18.783
1427.149, 1177.777, 1866.394, 1201.541, 18.799
1428.383, 1178.175, 1867.690, 1199.908, 18.815
1429.580, 1178.614, 1868.965, 1198.468, 18.830
1430.821, 1179.005, 1870.266, 1196.824, 18.846
1432.061, 1179.396, 1871.566, 1195.213, 18.862
1433.302, 1179.786, 1872.867, 1193.634, 18.878
1434.546, 1180.174, 1874.169, 1192.075, 18.894
1435.747, 1180.608, 1875.446, 1190.490, 18.909
1436.987, 1181.000, 1876.746, 1188.809, 18.925
1438.188, 1181.435, 1878.023, 1187.031, 18.941
1439.430, 1181.825, 1879.324, 1185.274, 18.956
1440.635, 1182.255, 1880.604, 1183.383, 18.972
1441.884, 1182.637, 1881.909, 1181.538, 18.988
1443.098, 1183.056, 1883.194, 1179.768, 19.004
1444.360, 1183.424, 1884.507, 1178.012, 19.020
1445.590, 1183.827, 1885.801, 1176.187, 19.035
1446.822, 1184.227, 1887.097, 1174.575, 19.051
1448.058, 1184.623, 1888.395, 1173.020, 19.067
1449.298, 1185.015, 1889.695, 1171.384, 19.083
1450.544, 1185.400, 1890.999, 1169.745, 19.099
1451.796, 1185.779, 1892.307, 1168.113, 19.115
1453.088, 1186.112, 1893.639, 1166.422, 19.131
1454.343, 1186.488, 1894.948, 1164.620, 19.147
1455.594, 1186.867, 1896.256, 1162.942, 19.163
1456.842, 1187.250, 1897.561, 1161.360, 19.179
1458.089, 1187.634, 1898.866, 1159.812, 19.194
1459.334, 1188.020, 1900.170, 1158.364, 19.210
1460.580, 1188.405, 1901.474, 1157.108, 19.226
1461.826, 1188.789, 1902.778, 1155.875, 19.242
1463.075, 1189.172, 1904.084, 1154.592, 19.258
1464.326, 1189.551, 1905.391, 1153.295, 19.274
1465.580, 1189.927, 1906.700, 1152.082, 19.290
1466.839, 1190.298, 1908.013, 1150.718, 19.306
1468.104, 1190.662, 1909.328, 1149.501, 19.322
1469.327, 1191.072, 1910.618, 1148.229, 19.338
1470.591, 1191.438, 1911.934, 1146.937, 19.354
1471.814, 1191.847, 1913.224, 1145.572, 19.369
1473.079, 1192.212, 1914.539, 1144.235, 19.385
1474.304, 1192.620, 1915.830, 1142.920, 19.401
1475.571, 1192.982, 1917.148, 1141.637, 19.417
1476.800, 1193.386, 1918.441, 1140.384, 19.433
1478.071, 1193.743, 1919.761, 1139.102, 19.449
1479.306, 1194.141, 1921.058, 1137.872, 19.465
1480.583, 1194.491, 1922.382, 1136.698, 19.481
1481.825, 1194.881, 1923.683, 1135.496, 19.497
1483.110, 1195.222, 1925.013, 1134.462, 19.513
1484.360, 1195.602, 1926.319, 1133.374, 19.529
1485.656, 1195.933, 1927.656, 1132.207, 19.545
1486.917, 1196.302, 1928.969, 1131.161, 19.561
1488.223, 1196.619, 1930.313, 1130.042, 19.577
1489.497, 1196.974, 1931.635, 1128.977, 19.594
1490.736, 1197.366, 1932.935, 1127.938, 19.609
1492.022, 1197.707, 1934.265, 1126.899, 19.626
1493.273, 1198.086, 1935.572, 1125.969, 19.641
1494.570, 1198.416, 1936.909, 1124.941, 19.658
1495.831, 1198.784, 1938.223, 1124.013, 19.674
1497.136, 1199.104, 1939.566, 1123.117, 19.690
1498.405, 1199.463, 1940.885, 1122.146, 19.706
1499.717, 1199.775, 1942.232, 1121.207, 19.723
1500.992, 1200.128, 1943.556, 1120.182, 19.739
1502.310, 1200.434, 1944.907, 1119.211, 19.755
1503.590, 1200.782, 1946.233, 1118.143, 19.771
1504.877, 1201.121, 1947.565, 1116.969, 19.788
1506.172, 1201.452, 1948.901, 1115.805, 19.804
1507.473, 1201.776, 1950.241, 1114.625, 19.820
1508.779, 1202.095, 1951.585, 1113.400, 19.837
1510.090, 1202.408, 1952.933, 1112.213, 19.853
1511.404, 1202.718, 1954.283, 1110.937, 19.869
1512.721, 1203.024, 1955.635, 1109.639, 19.886
1514.039, 1203.329, 1956.989, 1108.275, 19.902
1515.359, 1203.633, 1958.343, 1106.880, 19.919
1516.678, 1203.937, 1959.697, 1105.449, 19.935
1517.997, 1204.242, 1961.050, 1103.924, 19.952
1519.314, 1204.548, 1962.402, 1102.276, 19.968
1520.628, 1204.858, 1963.752, 1100.783, 19.985
1521.939, 1205.171, 1965.100, 1099.183, 20.001
1523.245, 1205.490, 1966.444, 1097.675, 20.018
1524.512, 1205.851, 1967.761, 1096.215, 20.034
1525.820, 1206.169, 1969.106, 1094.696, 20.050
1527.085, 1206.532, 1970.421, 1093.209, 20.066
1528.354, 1206.891, 1971.740, 1091.626, 20.082
1529.672, 1207.197, 1973.092, 1089.991, 20.098
1530.957, 1207.539, 1974.422, 1088.331, 20.115
1532.288, 1207.830, 1975.784, 1086.667, 20.131
1533.584, 1208.160, 1977.121, 1085.128, 20.148
1534.923, 1208.442, 1978.489, 1083.544, 20.164
1536.224, 1208.766, 1979.830, 1082.123, 20.181
1537.532, 1209.082, 1981.175, 1080.701, 20.197
1538.846, 1209.393, 1982.525, 1079.206, 20.213
1540.163, 1209.699, 1983.877, 1077.729, 20.230
1541.482, 1210.004, 1985.231, 1076.132, 20.246
1542.800, 1210.309, 1986.584, 1074.579, 20.263
1544.164, 1210.563, 1987.971, 1072.967, 20.280
1545.492, 1210.858, 1989.331, 1071.313, 20.296
1546.828, 1211.143, 1990.697, 1069.721, 20.313
1548.172, 1211.420, 1992.069, 1068.079, 20.330
1549.521, 1211.692, 1993.444, 1066.488, 20.346
1550.873, 1211.959, 1994.823, 1064.865, 20.363
1552.227, 1212.224, 1996.203, 1063.216, 20.380
1553.548, 1212.527, 1997.557, 1061.529, 20.396
1554.913, 1212.780, 1998.945, 1059.714, 20.413
1556.240, 1213.076, 2000.304, 1057.954, 20.430
1557.606, 1213.328, 2001.694, 1056.132, 20.447
1558.931, 1213.626, 2003.051, 1054.419, 20.463
1560.257, 1213.923, 2004.410, 1052.687, 20.480
1561.582, 1214.220, 2005.768, 1050.975, 20.496
1562.904, 1214.522, 2007.123, 1049.227, 20.513
1564.232, 1214.815, 2008.484, 1047.513, 20.530
1565.565, 1215.104, 2009.848, 1045.893, 20.546
1566.900, 1215.391, 2011.213, 1044.213, 20.563
1568.248, 1215.664, 2012.588, 1042.558, 20.580
1569.605, 1215.926, 2013.970, 1040.931, 20.596
1570.969, 1216.181, 2015.358, 1039.304, 20.613
1572.304, 1216.467, 2016.723, 1037.705, 20.630
1573.687, 1216.701, 2018.125, 1036.145, 20.647
1575.034, 1216.974, 2019.500, 1034.594, 20.664
1576.389, 1217.238, 2020.881, 1032.989, 20.681
1577.796, 1217.445, 2022.301, 1031.411, 20.698
1579.171, 1217.688, 2023.697, 1029.917, 20.715
1580.591, 1217.881, 2025.128, 1028.387, 20.732
1581.973, 1218.116, 2026.530, 1026.948, 20.749
1583.360, 1218.344, 2027.936, 1025.440, 20.767
1584.749, 1218.571, 2029.343, 1024.058, 20.784
1586.137, 1218.800, 2030.749, 1022.706, 20.801
1587.565, 1218.983, 2032.188, 1021.313, 20.818
1588.953, 1219.212, 2033.594, 1019.969, 20.835
1590.342, 1219.439, 2035.002, 1018.556, 20.853
1591.729, 1219.668, 2036.408, 1017.264, 20.870
1593.111, 1219.902, 2037.809, 1016.006, 20.887
1594.497, 1220.132, 2039.215, 1014.752, 20.904
1595.851, 1220.398, 2040.594, 1013.490, 20.921
1597.248, 1220.616, 2042.008, 1012.130, 20.938
1598.605, 1220.879, 2043.390, 1010.892, 20.955
1599.997, 1221.103, 2044.799, 1009.651, 20.972
1601.387, 1221.329, 2046.207, 1008.420, 20.989
1602.738, 1221.597, 2047.584, 1007.261, 21.006
1604.126, 1221.825, 2048.991, 1006.110, 21.023
1605.514, 1222.053, 2050.398, 1005.052, 21.040
1606.865, 1222.322, 2051.775, 1003.886, 21.057
1608.255, 1222.548, 2053.183, 1002.774, 21.074
1609.647, 1222.772, 2054.593, 1001.561, 21.091
1611.004, 1223.035, 2055.974, 1000.299, 21.108
1612.367, 1223.290, 2057.361, 999.098, 21.125
1613.780, 1223.490, 2058.788, 997.924, 21.142
1615.159, 1223.728, 2060.187, 996.780, 21.159
1616.545, 1223.958, 2061.592, 995.761, 21.176
1617.982, 1224.132, 2063.038, 994.777, 21.194
1619.386, 1224.343, 2064.457, 993.840, 21.211
1620.798, 1224.544, 2065.883, 992.835, 21.229
1622.215, 1224.741, 2067.313, 991.862, 21.246
1623.631, 1224.937, 2068.742, 990.812, 21.264
1625.057, 1225.124, 2070.179, 989.697, 21.281
1626.453, 1225.342, 2071.593, 988.568, 21.298
1627.896, 1225.510, 2073.044, 987.446, 21.316
1629.299, 1225.721, 2074.463, 986.375, 21.333
1630.706, 1225.929, 2075.885, 985.332, 21.351
1632.122, 1226.125, 2077.315, 984.294, 21.368
1633.511, 1226.352, 2078.722, 983.225, 21.385
1634.946, 1226.529, 2080.167, 982.084, 21.403
1636.387, 1226.698, 2081.618, 980.919, 21.420
1637.844, 1226.850, 2083.082, 979.698, 21.438
1639.311, 1226.991, 2084.554, 978.471, 21.456
1640.781, 1227.128, 2086.030, 977.207, 21.474
1642.218, 1227.302, 2087.478, 975.964, 21.492
1643.694, 1227.433, 2088.959, 974.746, 21.510
1645.171, 1227.562, 2090.441, 973.487, 21.528
1646.610, 1227.734, 2091.890, 972.241, 21.545
1648.052, 1227.902, 2093.342, 970.892, 21.563
1649.537, 1228.023, 2094.831, 969.584, 21.581
1650.980, 1228.191, 2096.283, 968.185, 21.599
1652.421, 1228.360, 2097.734, 966.863, 21.617
1653.867, 1228.524, 2099.189, 965.558, 21.634
1655.359, 1228.637, 2100.685, 964.307, 21.653
1656.812, 1228.794, 2102.146, 963.119, 21.670
1658.265, 1228.949, 2103.607, 961.990, 21.688
1659.760, 1229.060, 2105.105, 960.837, 21.706
1661.211, 1229.218, 2106.564, 959.723, 21.724
1662.658, 1229.381, 2108.021, 958.553, 21.742
1664.109, 1229.540, 2109.480, 957.388, 21.760
1665.557, 1229.701, 2110.937, 956.158, 21.777
1666.996, 1229.873, 2112.386, 954.986, 21.795
1668.433, 1230.046, 2113.834, 953.800, 21.813
1669.876, 1230.214, 2115.287, 952.640, 21.830
1671.284, 1230.420, 2116.709, 951.522, 21.848
1672.698, 1230.619, 2118.137, 950.417, 21.865
1674.157, 1230.769, 2119.603, 949.295, 21.883
1675.621, 1230.913, 2121.074, 948.219, 21.901
1677.097, 1231.044, 2122.555, 947.062, 21.919
1678.580, 1231.167, 2124.042, 945.912, 21.937
1680.029, 1231.328, 2125.500, 944.681, 21.955
1681.531, 1231.430, 2127.004, 943.449, 21.973
1682.999, 1231.569, 2128.479, 942.190, 21.991
1684.474, 1231.701, 2129.960, 940.887, 22.009
1685.995, 1231.782, 2131.481, 939.585, 22.028
1687.475, 1231.909, 2132.966, 938.311, 22.046
1688.954, 1232.036, 2134.450, 937.044, 22.064
1690.439, 1232.157, 2135.939, 935.781, 22.082
1691.935, 1232.266, 2137.439, 934.558, 22.100
1693.435, 1232.370, 2138.943, 933.288, 22.119
1694.933, 1232.476, 2140.444, 932.059, 22.137
1696.434, 1232.579, 2141.949, 930.813, 22.155
1697.945, 1232.671, 2143.463, 929.577, 22.174
1699.425, 1232.797, 2144.949, 928.311, 22.192
1700.914, 1232.915, 2146.441, 927.047, 22.210
1702.449, 1232.980, 2147.977, 925.798, 22.229
1703.943, 1233.091, 2149.476, 924.620, 22.247
1705.436, 1233.203, 2150.973, 923.447, 22.265
1706.932, 1233.312, 2152.473, 922.326, 22.283
1708.437, 1233.410, 2153.981, 921.188, 22.302
1709.909, 1233.545, 2155.459, 920.057, 22.320
1711.387, 1233.674, 2156.942, 918.862, 22.338
1712.908, 1233.755, 2158.465, 917.682, 22.356
1714.431, 1233.834, 2159.990, 916.495, 22.375
1715.961, 1233.905, 2161.521, 915.258, 22.394
1717.503, 1233.963, 2163.064, 913.993, 22.412
1719.016, 1234.053, 2164.579, 912.703, 22.431
1720.538, 1234.133, 2166.103, 911.407, 22.449
1722.074, 1234.198, 2167.640, 910.132, 22.468
1723.580, 1234.295, 2169.149, 908.820, 22.487
1725.141, 1234.332, 2170.709, 907.515, 22.506
1726.681, 1234.392, 2172.251, 906.161, 22.524
1728.237, 1234.435, 2173.807, 904.772, 22.543
1729.845, 1234.419, 2175.415, 903.442, 22.563
1731.418, 1234.443, 2176.988, 902.109, 22.582
1732.992, 1234.466, 2178.561, 900.765, 22.601
1734.570, 1234.484, 2180.139, 899.413, 22.620
1736.156, 1234.493, 2181.725, 898.074, 22.640
1737.753, 1234.489, 2183.323, 896.732, 22.659
1739.319, 1234.521, 2184.889, 895.370, 22.678
1740.889, 1234.548, 2186.459, 894.000, 22.697
1742.500, 1234.530, 2188.070, 892.594, 22.717
1744.108, 1234.514, 2189.677, 891.176, 22.737
1745.717, 1234.498, 2191.286, 889.780, 22.756
1747.330, 1234.477, 2192.899, 888.451, 22.776
1748.905, 1234.499, 2194.474, 887.174, 22.795
1750.477, 1234.524, 2196.046, 885.892, 22.814
1752.049, 1234.548, 2197.618, 884.631, 22.833
1753.624, 1234.570, 2199.193, 883.348, 22.852
1755.204, 1234.586, 2200.773, 882.057, 22.872
1756.791, 1234.593, 2202.361, 880.771, 22.891
1758.390, 1234.588, 2203.960, 879.466, 22.911
1759.955, 1234.621, 2205.525, 878.187, 22.930
1761.522, 1234.651, 2207.092, 876.882, 22.949
1763.092, 1234.678, 2208.663, 875.671, 22.968
1764.668, 1234.698, 2210.238, 874.486, 22.987
1766.251, 1234.711, 2211.821, 873.351, 23.006
1767.842, 1234.714, 2213.413, 872.251, 23.026
1769.445, 1234.705, 2215.015, 871.154, 23.045
1771.059, 1234.683, 2216.629, 870.102, 23.065
1772.688, 1234.645, 2218.258, 869.120, 23.085
1774.333, 1234.589, 2219.903, 868.179, 23.105
1775.995, 1234.514, 2221.565, 867.295, 23.125
1777.630, 1234.469, 2223.201, 866.406, 23.145
1779.273, 1234.416, 2224.844, 865.591, 23.165
1780.923, 1234.354, 2226.494, 864.796, 23.185
1782.616, 1234.245, 2228.188, 864.043, 23.206
1784.305, 1234.140, 2229.880, 863.307, 23.226
1785.994, 1234.035, 2231.571, 862.537, 23.247
1787.651, 1233.967, 2233.228, 861.778, 23.267
1789.322, 1233.881, 2234.901, 861.002, 23.287
1790.963, 1233.830, 2236.543, 860.279, 23.307
1792.606, 1233.776, 2238.187, 859.572, 23.327
1794.252, 1233.719, 2239.834, 858.897, 23.347
1795.901, 1233.659, 2241.484, 858.205, 23.368
1797.552, 1233.596, 2243.136, 857.508, 23.388
1799.206, 1233.530, 2244.791, 856.877, 23.408
1800.863, 1233.461, 2246.449, 856.249, 23.428
1802.522, 1233.389, 2248.110, 855.616, 23.448
1804.184, 1233.315, 2249.774, 854.983, 23.469
1805.849, 1233.237, 2251.440, 854.317, 23.489
1807.516, 1233.157, 2253.109, 853.685, 23.509
1809.186, 1233.073, 2254.781, 853.045, 23.530
1810.858, 1232.987, 2256.456, 852.435, 23.550
1812.533, 1232.897, 2258.133, 851.793, 23.570
1814.211, 1232.805, 2259.814, 851.187, 23.591
1815.892, 1232.710, 2261.497, 850.639, 23.611
1817.575, 1232.612, 2263.183, 850.122, 23.632
1819.227, 1232.548, 2264.836, 849.694, 23.652
1820.895, 1232.467, 2266.506, 849.305, 23.672
1822.576, 1232.370, 2268.190, 848.889, 23.693
1824.271, 1232.259, 2269.888, 848.485, 23.714
1825.978, 1232.134, 2271.600, 848.054, 23.734
1827.697, 1231.997, 2273.323, 847.639, 23.755
1829.427, 1231.848, 2275.058, 847.170, 23.777
1831.166, 1231.688, 2276.803, 846.698, 23.798
1832.867, 1231.570, 2278.508, 846.202, 23.819
1834.528, 1231.495, 2280.172, 845.688, 23.839
1836.194, 1231.416, 2281.840, 845.208, 23.859
1837.909, 1231.283, 2283.559, 844.738, 23.880
1839.637, 1231.136, 2285.292, 844.264, 23.901
1841.376, 1230.976, 2287.038, 843.773, 23.922
1843.125, 1230.805, 2288.795, 843.313, 23.944
1844.882, 1230.625, 2290.561, 842.865, 23.965
1846.645, 1230.438, 2292.333, 842.451, 23.987
1848.413, 1230.247, 2294.111, 842.071, 24.009
1850.150, 1230.089, 2295.854, 841.657, 24.030
1851.900, 1229.917, 2297.613, 841.233, 24.051
1853.660, 1229.733, 2299.383, 840.821, 24.073
1855.429, 1229.541, 2301.162, 840.387, 24.094
1857.170, 1229.379, 2302.910, 839.955, 24.116
1858.925, 1229.201, 2304.674, 839.500, 24.137
1860.692, 1229.010, 2306.451, 839.027, 24.159
1862.467, 1228.810, 2308.237, 838.591, 24.181
1864.213, 1228.642, 2309.991, 838.220, 24.202
1865.973, 1228.460, 2311.760, 837.885, 24.224
1867.741, 1228.268, 2313.538, 837.564, 24.245
1869.480, 1228.108, 2315.285, 837.259, 24.266
1871.312, 1227.846, 2317.133, 836.941, 24.289
1873.119, 1227.611, 2318.956, 836.585, 24.311
1874.944, 1227.356, 2320.798, 836.238, 24.334
1876.782, 1227.086, 2322.656, 835.852, 24.356
1878.595, 1226.844, 2324.485, 835.460, 24.379
1880.425, 1226.583, 2326.334, 835.086, 24.401
1882.234, 1226.347, 2328.158, 834.776, 24.423
1884.061, 1226.090, 2330.003, 834.493, 24.446
1885.900, 1225.819, 2331.862, 834.257, 24.468
1887.792, 1225.490, 2333.781, 834.077, 24.492
1889.699, 1225.145, 2335.718, 833.954, 24.515
1891.581, 1224.827, 2337.626, 833.911, 24.539
1893.478, 1224.492, 2339.552, 833.985, 24.562
1895.386, 1224.146, 2341.490, 834.123, 24.586
1897.263, 1223.833, 2343.393, 834.287, 24.609
1899.151, 1223.509, 2345.308, 834.480, 24.632
1901.041, 1223.182, 2347.226, 834.710, 24.656
1902.926, 1222.860, 2349.138, 834.944, 24.679
1904.813, 1222.536, 2351.053, 835.186, 24.702
1906.709, 1222.204, 2352.977, 835.421, 24.726
1908.571, 1221.907, 2354.863, 835.608, 24.749
1910.440, 1221.604, 2356.757, 835.793, 24.772
1912.321, 1221.288, 2358.663, 835.990, 24.795
1914.251, 1220.916, 2360.629, 836.181, 24.819
1916.145, 1220.585, 2362.552, 836.364, 24.842
1918.041, 1220.252, 2364.476, 836.495, 24.866
1919.943, 1219.912, 2366.409, 836.572, 24.889
1921.858, 1219.557, 2368.356, 836.618, 24.913
1923.744, 1219.235, 2370.269, 836.628, 24.936
1925.685, 1218.851, 2372.248, 836.597, 24.960
1927.561, 1218.541, 2374.149, 836.502, 24.983
1929.454, 1218.210, 2376.071, 836.412, 25.000
1931.368, 1217.857, 2378.017, 836.337, 25.000
1933.294, 1217.490, 2379.978, 836.284, 25.000
1935.235, 1217.107, 2381.956, 836.267, 25.000
1937.228, 1216.666, 2383.996, 836.276, 25.000
1939.198, 1216.252, 2386.008, 836.317, 25.000
1941.193, 1215.808, 2388.051, 836.446, 25.000
1943.206, 1215.346, 2390.115, 836.653, 25.000
1945.192, 1214.913, 2392.147, 836.923, 25.000
1947.188, 1214.469, 2394.191, 837.208, 25.000
1949.197, 1214.011, 2396.250, 837.515, 25.000
1951.220, 1213.537, 2398.327, 837.819, 25.000
1953.215, 1213.095, 2400.370, 838.132, 25.000
1955.228, 1212.631, 2402.436, 838.445, 25.000
1957.264, 1212.144, 2404.528, 838.757, 25.000
1959.309, 1211.646, 2406.633, 839.053, 25.000
1961.352, 1211.150, 2408.735, 839.359, 25.000
1963.395, 1210.654, 2410.838, 839.695, 25.000
1965.440, 1210.156, 2412.942, 840.036, 25.000
1967.455, 1209.691, 2415.010, 840.382, 25.000
1969.487, 1209.206, 2417.100, 840.686, 25.000
1971.539, 1208.701, 2419.212, 840.940, 25.000
1973.529, 1208.264, 2421.250, 841.154, 25.000
1975.538, 1207.805, 2423.311, 841.365, 25.000
1977.532, 1207.364, 2425.352, 841.624, 25.000
1979.554, 1206.891, 2427.429, 841.940, 25.000
1981.604, 1206.387, 2429.540, 842.295, 25.000
1983.680, 1205.855, 2431.683, 842.708, 25.000
1985.779, 1205.297, 2433.855, 843.160, 25.000
1987.901, 1204.714, 2436.054, 843.682, 25.000
1990.056, 1204.094, 2438.295, 844.224, 25.000
1992.210, 1203.475, 2440.534, 844.755, 25.000
1994.393, 1202.825, 2442.809, 845.276, 25.000
1996.603, 1202.145, 2445.118, 845.817, 25.000
1998.756, 1201.527, 2447.357, 846.374, 25.000
2000.975, 1200.836, 2449.679, 846.970, 25.000
2003.191, 1200.150, 2451.998, 847.573, 25.000
2005.431, 1199.436, 2454.349, 848.180, 25.000
2007.691, 1198.700, 2456.726, 848.788, 25.000
2009.934, 1197.983, 2459.080, 849.422, 25.000
2012.201, 1197.240, 2461.466, 850.057, 25.000
2014.452, 1196.514, 2463.832, 850.676, 25.000
2016.730, 1195.758, 2466.231, 851.263, 25.000
2019.074, 1194.930, 2468.716, 851.856, 25.000
2021.398, 1194.123, 2471.176, 852.452, 25.000
2023.697, 1193.344, 2473.604, 853.063, 25.000
2025.964, 1192.602, 2475.989, 853.665, 25.000
2028.236, 1191.852, 2478.382, 854.262, 25.000
2030.473, 1191.141, 2480.729, 854.876, 25.000
2032.760, 1190.376, 2483.140, 855.514, 25.000
2035.021, 1189.639, 2485.519, 856.211, 25.000
2037.295, 1188.888, 2487.913, 856.961, 25.000
2039.586, 1188.119, 2490.329, 857.790, 25.000
2041.897, 1187.326, 2492.773, 858.705, 25.000
2044.235, 1186.505, 2495.250, 859.670, 25.000
2046.602, 1185.650, 2497.766, 860.686, 25.000
2048.957, 1184.809, 2500.266, 861.712, 25.000
2051.337, 1183.941, 2502.799, 862.725, 25.000
2053.699, 1183.093, 2505.308, 863.745, 25.000
2056.179, 1182.114, 2507.973, 864.767, 25.000
2058.608, 1181.191, 2510.572, 865.790, 25.000
2061.005, 1180.304, 2513.128, 866.790, 25.000
2063.373, 1179.449, 2515.645, 867.788, 25.000
2065.748, 1178.587, 2518.172, 868.772, 25.000
2068.236, 1177.673, 2520.823, 869.756, 25.000
2070.760, 1176.748, 2523.511, 870.705, 25.000
2073.302, 1175.813, 2526.219, 871.570, 25.000
2075.798, 1174.920, 2528.870, 872.347, 25.000
2078.269, 1174.032, 2531.496, 873.058, 25.000
2080.673, 1173.125, 2534.065, 873.693, 25.000
2083.079, 1172.204, 2536.641, 874.244, 25.000
2085.418, 1171.308, 2539.146, 874.680, 25.000
2087.682, 1170.435, 2541.571, 875.015, 25.000
2089.817, 1169.635, 2543.851, 875.233, 25.000
2091.851, 1168.868, 2546.025, 875.356, 25.000
2093.786, 1168.071, 2548.117, 875.386, 25.000
2095.655, 1167.299, 2550.138, 875.330, 25.000
2097.399, 1166.587, 2552.022, 875.181, 25.000
2099.021, 1165.930, 2553.771, 875.000, 25.000
2100.524, 1165.321, 2555.392, 874.808, 25.000
2101.912, 1164.756, 2556.890, 874.586, 25.000
2103.191, 1164.225, 2558.275, 874.391, 25.000
2104.307, 1163.734, 2559.494, 874.212, 25.000
2105.292, 1163.271, 2560.582, 874.054, 25.000
2106.147, 1162.862, 2561.529, 873.936, 25.000
2106.984, 1162.408, 2562.478, 873.849, 25.000
2107.788, 1161.950, 2563.400, 873.822, 25.000
2108.628, 1161.441, 2564.377, 873.843, 25.000
2109.592, 1160.878, 2565.490, 873.886, 25.000
2110.497, 1160.451, 2566.491, 873.957, 25.000
2111.500, 1159.990, 2567.594, 874.061, 25.000
2112.628, 1159.474, 2568.834, 874.209, 25.000
2113.862, 1158.930, 2570.182, 874.370, 25.000
2115.221, 1158.350, 2571.658, 874.536, 25.000
2116.481, 1157.827, 2573.021, 874.663, 25.000
2117.853, 1157.235, 2574.515, 874.770, 25.000
2119.270, 1156.610, 2576.063, 874.859, 25.000
2120.724, 1155.951, 2577.660, 874.883, 25.000
2122.210, 1155.253, 2579.301, 874.808, 25.000
2123.759, 1154.550, 2581.002, 874.631, 25.000
2125.215, 1153.867, 2582.611, 874.375, 25.000
2126.739, 1153.057, 2584.333, 874.068, 25.000
2128.309, 1152.228, 2586.109, 873.698, 25.000
2129.861, 1151.417, 2587.860, 873.241, 25.000
2131.387, 1150.618, 2589.583, 872.672, 25.000
2132.873, 1149.913, 2591.227, 872.011, 25.000
2134.257, 1149.278, 2592.748, 871.284, 25.000
2135.570, 1148.679, 2594.191, 870.503, 25.000
2136.844, 1148.082, 2595.598, 869.611, 25.000
2138.014, 1147.525, 2596.893, 868.658, 25.000
2139.071, 1147.006, 2598.071, 867.709, 25.000
2140.007, 1146.520, 2599.125, 866.753, 25.000
2140.903, 1146.048, 2600.137, 865.817, 25.000
2141.776, 1145.583, 2601.125, 864.913, 25.000
2142.734, 1145.035, 2602.228, 864.009, 25.000
2143.662, 1144.521, 2603.287, 863.082, 25.000
2144.618, 1143.997, 2604.378, 862.102, 25.000
2145.583, 1143.503, 2605.462, 861.102, 25.000
2146.473, 1143.051, 2606.460, 860.050, 25.000
2147.268, 1142.618, 2607.365, 858.965, 25.000
2147.993, 1142.196, 2608.202, 857.932, 25.000
2148.774, 1141.736, 2609.107, 856.943, 25.000
2149.550, 1141.274, 2610.009, 856.023, 25.000
2150.321, 1140.805, 2610.909, 855.185, 25.000
2151.221, 1140.259, 2611.962, 854.389, 25.000
2152.097, 1139.720, 2612.990, 853.606, 25.000
2152.899, 1139.204, 2613.944, 852.818, 25.000
2153.830, 1138.503, 2615.106, 852.111, 25.000
2154.829, 1137.702, 2616.381, 851.431, 25.000
2155.885, 1136.902, 2617.705, 850.782, 25.000
2157.034, 1136.122, 2619.093, 850.156, 25.000
2158.161, 1135.500, 2620.375, 849.523, 25.000
2159.247, 1134.966, 2621.574, 848.911, 25.000
2160.332, 1134.482, 2622.749, 848.360, 25.000
2161.416, 1134.038, 2623.905, 847.815, 25.000
2162.499, 1133.624, 2625.046, 847.273, 25.000
2163.580, 1133.232, 2626.178, 846.727, 25.000
2164.659, 1132.853, 2627.305, 846.220, 25.000
2165.680, 1132.519, 2628.360, 845.740, 25.000
2166.681, 1132.193, 2629.397, 845.269, 25.000
2167.662, 1131.868, 2630.418, 844.779, 25.000
2168.623, 1131.534, 2631.425, 844.285, 25.000
2169.564, 1131.185, 2632.422, 843.795, 25.000
2170.482, 1130.813, 2633.410, 843.328, 25.000
2171.358, 1130.418, 2634.370, 842.824, 25.000
2172.178, 1130.008, 2635.287, 842.311, 25.000
2172.943, 1129.577, 2636.165, 841.796, 25.000
2173.659, 1129.123, 2637.012, 841.319, 25.000
2174.327, 1128.640, 2637.834, 840.918, 25.000
2175.008, 1128.081, 2638.710, 840.594, 25.000
2175.742, 1127.449, 2639.674, 840.301, 25.000
2176.356, 1126.870, 2640.512, 840.058, 25.000
2177.033, 1126.183, 2641.467, 839.909, 25.000
2177.705, 1125.481, 2642.431, 839.842, 25.000
2178.499, 1124.711, 2643.534, 839.867, 25.000
2179.362, 1123.914, 2644.708, 839.983, 25.000
2180.426, 1123.012, 2646.102, 840.145, 25.000
2181.495, 1122.235, 2647.421, 840.322, 25.000
2182.588, 1121.579, 2648.681, 840.578, 25.000
2183.682, 1120.984, 2649.908, 840.888, 25.000
2184.809, 1120.409, 2651.151, 841.217, 25.000
2185.963, 1119.851, 2652.410, 841.590, 25.000
2187.141, 1119.304, 2653.685, 842.002, 25.000
2188.337, 1118.765, 2654.973, 842.407, 25.000
2189.546, 1118.229, 2656.273, 842.842, 25.000
2190.801, 1117.658, 2657.633, 843.256, 25.000
2192.042, 1117.091, 2658.981, 843.624, 25.000
2193.265, 1116.522, 2660.318, 843.938, 25.000
2194.469, 1115.948, 2661.652, 844.244, 25.000
2195.651, 1115.364, 2662.969, 844.555, 25.000
2196.806, 1114.766, 2664.271, 844.835, 25.000
2197.904, 1114.122, 2665.541, 845.119, 25.000
2199.017, 1113.364, 2666.880, 845.422, 25.000
2200.133, 1112.593, 2668.230, 845.695, 25.000
2201.145, 1111.896, 2669.455, 845.996, 25.000
2202.093, 1111.236, 2670.608, 846.267, 25.000
2202.977, 1110.605, 2671.690, 846.554, 25.000
2203.792, 1109.997, 2672.703, 846.863, 25.000
2204.539, 1109.405, 2673.650, 847.239, 25.000
2205.253, 1108.856, 2674.547, 847.738, 25.000
2205.945, 1108.355, 2675.400, 848.384, 25.000
2206.719, 1107.803, 2676.350, 849.211, 25.000
2207.475, 1107.329, 2677.243, 850.170, 25.000
2208.309, 1106.849, 2678.203, 851.289, 25.000
2209.102, 1106.412, 2679.106, 852.610, 25.000
2209.894, 1105.977, 2680.008, 854.094, 25.000
2210.686, 1105.538, 2680.912, 855.794, 25.000
2211.378, 1105.133, 2681.714, 857.667, 25.000
2212.148, 1104.663, 2682.615, 859.733, 25.000
2212.938, 1104.166, 2683.549, 861.988, 25.000
2213.752, 1103.638, 2684.519, 864.501, 25.000
2214.589, 1103.075, 2685.528, 867.264, 25.000
2215.452, 1102.472, 2686.581, 870.244, 25.000
2216.342, 1101.826, 2687.680, 873.451, 25.000
2217.163, 1101.179, 2688.723, 876.935, 25.000
2218.037, 1100.480, 2689.841, 880.738, 25.000
2218.946, 1099.735, 2691.014, 884.880, 25.000
2219.891, 1098.945, 2692.245, 889.320, 25.000
2220.873, 1098.107, 2693.533, 894.060, 25.000
2221.891, 1097.221, 2694.880, 899.081, 25.000
2222.919, 1096.260, 2696.282, 904.504, 25.000
2223.976, 1095.306, 2697.703, 910.309, 25.000
2224.968, 1094.505, 2698.978, 916.483, 25.000
2226.046, 1093.703, 2700.321, 923.062, 25.000
2227.188, 1092.914, 2701.705, 930.044, 25.000
2228.383, 1092.137, 2703.126, 937.483, 25.000
2229.623, 1091.369, 2704.576, 945.409, 25.000
2230.898, 1090.611, 2706.051, 953.823, 25.000
2232.200, 1089.860, 2707.543, 962.754, 25.000
2233.519, 1089.116, 2709.046, 972.195, 25.000
2234.847, 1088.378, 2710.554, 982.290, 25.000
2236.173, 1087.644, 2712.059, 993.036, 25.000
2237.490, 1086.914, 2713.565, 1004.477, 25.000
2238.787, 1086.186, 2715.053, 1016.578, 25.000
2240.056, 1085.459, 2716.515, 1029.377, 25.000
2241.288, 1084.732, 2717.945, 1042.892, 25.000
2242.474, 1084.004, 2719.336, 1057.256, 25.000
2243.781, 1083.180, 2720.880, 1072.521, 25.000
2245.000, 1082.393, 2722.331, 1088.729, 25.000
2246.169, 1081.613, 2723.734, 1106.004, 25.000
2247.283, 1080.841, 2725.087, 1124.431, 25.000
2248.338, 1080.076, 2726.387, 1144.158, 25.000
2249.331, 1079.318, 2727.630, 1165.394, 25.000
2250.257, 1078.569, 2728.814, 1188.252, 25.000
2251.249, 1077.761, 2730.086, 1212.890, 25.000
2252.151, 1076.985, 2731.267, 1239.422, 25.000
2253.107, 1076.034, 2732.591, 1268.181, 25.000
2254.014, 1075.119, 2733.858, 1299.416, 25.000
2254.821, 1074.282, 2735.001, 1333.420, 25.000
2255.532, 1073.517, 2736.025, 1370.539, 25.000
2256.188, 1072.855, 2736.945, 1411.017, 25.000
2256.850, 1072.252, 2737.837, 1455.228, 25.000
2257.597, 1071.647, 2738.797, 1503.711, 25.000
2258.281, 1071.123, 2739.658, 1556.839, 25.000
2258.943, 1070.641, 2740.477, 1615.153, 25.000
2259.628, 1070.162, 2741.313, 1679.196, 25.000
2260.290, 1069.726, 2742.106, 1749.592, 25.000
2260.933, 1069.324, 2742.863, 1827.075, 25.000
2261.562, 1068.949, 2743.594, 1912.472, 25.000
2262.181, 1068.592, 2744.308, 2006.680, 25.000
2262.795, 1068.244, 2745.012, 2110.455, 25.000
2263.408, 1067.897, 2745.716, 2224.823, 25.000
2264.024, 1067.543, 2746.426, 2351.027, 25.000
2264.649, 1067.173, 2747.152, 2490.297, 25.000
2265.286, 1066.779, 2747.902, 2643.995, 25.000
2265.941, 1066.352, 2748.683, 2813.708, 25.000
2266.617, 1065.885, 2749.504, 3001.014, 25.000
2267.270, 1065.416, 2750.306, 3207.825, 25.000
2267.940, 1064.908, 2751.145, 3436.316, 25.000
2268.633, 1064.352, 2752.029, 3688.985, 25.000
2269.354, 1063.743, 2752.966, 3968.485, 25.000
2270.106, 1063.073, 2753.964, 4277.805, 25.000
2270.894, 1062.336, 2755.031, 4620.409, 25.000
2271.724, 1061.527, 2756.175, 5000.000, 0.000
2272.635, 1060.602, 2757.455, 5000.000, 0.000
2273.578, 1059.601, 2758.810, 5000.000, 0.000
2274.420, 1058.763, 2759.997, 5000.000, 0.000
2275.213, 1057.959, 2761.127, 5000.000, 0.000
2276.001, 1057.154, 2762.253, 5000.000, 0.000
2276.788, 1056.351, 2763.377, 5000.000, 0.000
2277.618, 1055.518, 2764.553, 5000.000, 0.000
2278.444, 1054.700, 2765.715, 5000.000, 0.000
2279.268, 1053.895, 2766.867, 5000.000, 0.000
2280.095, 1053.102, 2768.013, 5000.000, 0.000
2280.930, 1052.319, 2769.157, 5000.000, 0.000
2281.721, 1051.589, 2770.233, 5000.000, 0.000
2282.507, 1050.876, 2771.294, 5000.000, 0.000
2283.289, 1050.177, 2772.342, 5000.000, 0.000
2284.070, 1049.490, 2773.380, 5000.000, 0.000
2284.887, 1048.781, 2774.461, 5000.000, 0.000
2285.692, 1048.092, 2775.519, 5000.000, 0.000
2286.487, 1047.420, 2776.558, 5000.000, 0.000
2287.274, 1046.763, 2777.581, 5000.000, 0.000
2288.055, 1046.117, 2778.593, 5000.000, 0.000
2288.833, 1045.478, 2779.598, 5000.000, 0.000
2289.610, 1044.844, 2780.599, 5000.000, 0.000
2290.388, 1044.211, 2781.600, 5000.000, 0.000
2291.169, 1043.576, 2782.606, 5000.000, 0.000
2291.994, 1042.902, 2783.671, 5000.000, 0.000
2292.809, 1042.228, 2784.728, 5000.000, 0.000
2293.619, 1041.551, 2785.784, 5000.000, 0.000
2294.427, 1040.867, 2786.842, 5000.000, 0.000
2295.236, 1040.172, 2787.909, 5000.000, 0.000
2296.052, 1039.462, 2788.990, 5000.000, 0.000
2296.867, 1038.753, 2790.070, 5000.000, 0.000
2297.674, 1038.056, 2791.137, 5000.000, 0.000
2298.479, 1037.369, 2792.195, 5000.000, 0.000
2299.285, 1036.688, 2793.250, 5000.000, 0.000
2300.096, 1036.011, 2794.306, 5000.000, 0.000
2300.918, 1035.334, 2795.371, 5000.000, 0.000
2301.697, 1034.697, 2796.378, 5000.000, 0.000
2302.475, 1034.064, 2797.380, 5000.000, 0.000
2303.254, 1033.431, 2798.384, 5000.000, 0.000
2304.036, 1032.796, 2799.391, 5000.000, 0.000
2304.862, 1032.123, 2800.456, 5000.000, 0.000
2305.682, 1031.454, 2801.515, 5000.000, 0.000
2306.501, 1030.786, 2802.572, 5000.000, 0.000
2307.322, 1030.113, 2803.633, 5000.000, 0.000
2308.148, 1029.434, 2804.703, 5000.000, 0.000
2308.931, 1028.789, 2805.717, 5000.000, 0.000
2309.710, 1028.142, 2806.729, 5000.000, 0.000
2310.489, 1027.492, 2807.744, 5000.000, 0.000
2311.269, 1026.834, 2808.764, 5000.000, 0.000
2312.055, 1026.167, 2809.795, 5000.000, 0.000
2312.885, 1025.454, 2810.890, 5000.000, 0.000
2313.710, 1024.735, 2811.984, 5000.000, 0.000
2314.533, 1024.008, 2813.082, 5000.000, 0.000
2315.359, 1023.269, 2814.190, 5000.000, 0.000
2316.140, 1022.562, 2815.243, 5000.000, 0.000
2316.920, 1021.854, 2816.296, 5000.000, 0.000
2317.704, 1021.145, 2817.353, 5000.000, 0.000
2318.537, 1020.401, 2818.469, 5000.000, 0.000
2319.371, 1019.668, 2819.580, 5000.000, 0.000
2320.211, 1018.942, 2820.690, 5000.000, 0.000
2321.005, 1018.263, 2821.735, 5000.000, 0.000
2321.792, 1017.593, 2822.768, 5000.000, 0.000
2322.575, 1016.931, 2823.794, 5000.000, 0.000
2323.356, 1016.272, 2824.815, 5000.000, 0.000
2324.138, 1015.614, 2825.837, 5000.000, 0.000
2324.923, 1014.953, 2826.863, 5000.000, 0.000
2325.713, 1014.287, 2827.897, 5000.000, 0.000
2326.512, 1013.612, 2828.942, 5000.000, 0.000
2327.321, 1012.925, 2830.004, 5000.000, 0.000
2328.143, 1012.223, 2831.085, 5000.000, 0.000
2328.827, 1011.593, 2832.014, 5000.000, 0.000
2329.588, 1010.906, 2833.039, 5000.000, 0.000
2330.373, 1010.208, 2834.090, 5000.000, 0.000
2331.184, 1009.497, 2835.168, 5000.000, 0.000
2332.020, 1008.771, 2836.275, 5000.000, 0.000
2332.881, 1008.029, 2837.412, 5000.000, 0.000
2333.767, 1007.269, 2838.579, 5000.000, 0.000
2334.679, 1006.489, 2839.779, 5000.000, 0.000
2335.615, 1005.687, 2841.012, 5000.000, 0.000
2336.577, 1004.862, 2842.279, 5000.000, 0.000
2337.512, 1004.059, 2843.512, 5000.000, 0.000
2338.460, 1003.246, 2844.761, 5000.000, 0.000
2339.421, 1002.423, 2846.026, 5000.000, 0.000
2340.395, 1001.590, 2847.307, 5000.000, 0.000
2341.418, 1000.714, 2848.654, 5000.000, 0.000
2342.439, 999.839, 2849.999, 5000.000, 0.000
2343.459, 998.965, 2851.342, 5000.000, 0.000
2344.425, 998.136, 2852.615, 5000.000, 0.000
2345.375, 997.319, 2853.868, 5000.000, 0.000
2346.308, 996.514, 2855.100, 5000.000, 0.000
2347.225, 995.721, 2856.313, 5000.000, 0.000
2348.166, 994.908, 2857.555, 5000.000, 0.000
2349.076, 994.120, 2858.759, 5000.000, 0.000
2349.956, 993.355, 2859.926, 5000.000, 0.000
2350.807, 992.611, 2861.056, 5000.000, 0.000
2351.630, 991.887, 2862.152, 5000.000, 0.000
2352.424, 991.183, 2863.213, 5000.000, 0.000
2353.190, 990.495, 2864.243, 5000.000, 0.000
2353.928, 989.824, 2865.240, 5000.000, 0.000
2354.678, 989.134, 2866.259, 5000.000, 0.000
2355.526, 988.409, 2867.375, 5000.000, 0.000
2356.326, 987.735, 2868.421, 5000.000, 0.000
2357.116, 987.075, 2869.450, 5000.000, 0.000
2357.899, 986.427, 2870.466, 5000.000, 0.000
2358.677, 985.787, 2871.473, 5000.000, 0.000
2359.454, 985.153, 2872.475, 5000.000, 0.000
2360.232, 984.521, 2873.477, 5000.000, 0.000
2361.051, 983.857, 2874.532, 5000.000, 0.000
2361.863, 983.201, 2875.574, 5000.000, 0.000
2362.670, 982.549, 2876.611, 5000.000, 0.000
2363.474, 981.898, 2877.646, 5000.000, 0.000
2364.280, 981.243, 2878.684, 5000.000, 0.000
2365.091, 980.579, 2879.732, 5000.000, 0.000
2365.908, 979.902, 2880.794, 5000.000, 0.000
2366.685, 979.255, 2881.804, 5000.000, 0.000
2367.463, 978.604, 2882.819, 5000.000, 0.000
2368.285, 977.915, 2883.891, 5000.000, 0.000
2369.100, 977.229, 2884.957, 5000.000, 0.000
2369.914, 976.542, 2886.021, 5000.000, 0.000
2370.729, 975.853, 2887.089, 5000.000, 0.000
2371.552, 975.158, 2888.166, 5000.000, 0.000
2372.332, 974.497, 2889.188, 5000.000, 0.000
2373.109, 973.837, 2890.208, 5000.000, 0.000
2373.888, 973.175, 2891.231, 5000.000, 0.000
2374.711, 972.476, 2892.310, 5000.000, 0.000
2375.524, 971.778, 2893.381, 5000.000, 0.000
2376.331, 971.080, 2894.449, 5000.000, 0.000
2377.140, 970.379, 2895.519, 5000.000, 0.000
2377.956, 969.673, 2896.597, 5000.000, 0.000
2378.771, 968.976, 2897.670, 5000.000, 0.000
2379.578, 968.300, 2898.722, 5000.000, 0.000
2380.377, 967.639, 2899.760, 5000.000, 0.000
2381.174, 966.989, 2900.788, 5000.000, 0.000
2381.972, 966.347, 2901.811, 5000.000, 0.000
2382.773, 965.709, 2902.836, 5000.000, 0.000
2383.581, 965.069, 2903.866, 5000.000, 0.000
2384.399, 964.425, 2904.908, 5000.000, 0.000
2385.178, 963.817, 2905.896, 5000.000, 0.000
2385.957, 963.210, 2906.883, 5000.000, 0.000
2386.738, 962.599, 2907.875, 5000.000, 0.000
2387.561, 961.948, 2908.924, 5000.000, 0.000
2388.377, 961.301, 2909.966, 5000.000, 0.000
2389.190, 960.652, 2911.007, 5000.000, 0.000
2390.003, 959.997, 2912.050, 5000.000, 0.000
2390.820, 959.333, 2913.102, 5000.000, 0.000
2391.643, 958.656, 2914.168, 5000.000, 0.000
2392.423, 958.007, 2915.183, 5000.000, 0.000
2393.202, 957.351, 2916.200, 5000.000, 0.000
2393.981, 956.686, 2917.225, 5000.000, 0.000
2394.765, 956.008, 2918.261, 5000.000, 0.000
2395.555, 955.315, 2919.311, 5000.000, 0.000
2396.393, 954.570, 2920.430, 5000.000, 0.000
2397.228, 953.816, 2921.554, 5000.000, 0.000
2398.065, 953.050, 2922.687, 5000.000, 0.000
2398.854, 952.313, 2923.765, 5000.000, 0.000
2399.643, 951.576, 2924.843, 5000.000, 0.000
2400.437, 950.839, 2925.927, 5000.000, 0.000
2401.241, 950.099, 2927.020, 5000.000, 0.000
2402.061, 949.357, 2928.125, 5000.000, 0.000
2402.841, 948.653, 2929.176, 5000.000, 0.000
2403.659, 947.917, 2930.276, 5000.000, 0.000
2404.466, 947.195, 2931.359, 5000.000, 0.000
2405.265, 946.483, 2932.429, 5000.000, 0.000
2406.059, 945.779, 2933.490, 5000.000, 0.000
2406.850, 945.079, 2934.546, 5000.000, 0.000
2407.641, 944.382, 2935.601, 5000.000, 0.000
2408.436, 943.683, 2936.659, 5000.000, 0.000
2409.235, 942.980, 2937.723, 5000.000, 0.000
2410.043, 942.271, 2938.798, 5000.000, 0.000
2410.862, 941.552, 2939.888, 5000.000, 0.000
2411.643, 940.868, 2940.926, 5000.000, 0.000
2412.462, 940.150, 2942.016, 5000.000, 0.000
2413.270, 939.440, 2943.091, 5000.000, 0.000
2414.068, 938.736, 2944.155, 5000.000, 0.000
2414.860, 938.035, 2945.212, 5000.000, 0.000
2415.649, 937.336, 2946.267, 5000.000, 0.000
2416.439, 936.635, 2947.323, 5000.000, 0.000
2417.232, 935.930, 2948.384, 5000.000, 0.000
2418.031, 935.218, 2949.454, 5000.000, 0.000
2418.839, 934.497, 2950.538, 5000.000, 0.000
2419.697, 933.730, 2951.688, 5000.000, 0.000
2420.500, 933.004, 2952.771, 5000.000, 0.000
2421.290, 932.283, 2953.840, 5000.000, 0.000
2422.072, 931.569, 2954.899, 5000.000, 0.000
2422.851, 930.858, 2955.954, 5000.000, 0.000
2423.675, 930.123, 2957.058, 5000.000, 0.000
2424.493, 929.403, 2958.147, 5000.000, 0.000
2425.309, 928.696, 2959.227, 5000.000, 0.000
2426.127, 927.998, 2960.302, 5000.000, 0.000
2426.951, 927.306, 2961.378, 5000.000, 0.000
2427.733, 926.662, 2962.390, 5000.000, 0.000
2428.511, 926.029, 2963.392, 5000.000, 0.000
2429.289, 925.405, 2964.389, 5000.000, 0.000
2430.107, 924.753, 2965.434, 5000.000, 0.000
2430.917, 924.117, 2966.462, 5000.000, 0.000
2431.723, 923.493, 2967.480, 5000.000, 0.000
2432.525, 922.876, 2968.491, 5000.000, 0.000
2433.328, 922.260, 2969.502, 5000.000, 0.000
2434.133, 921.641, 2970.516, 5000.000, 0.000
2434.944, 921.015, 2971.540, 5000.000, 0.000
2435.763, 920.376, 2972.578, 5000.000, 0.000
2436.541, 919.768, 2973.566, 5000.000, 0.000
2437.318, 919.154, 2974.556, 5000.000, 0.000
2438.096, 918.530, 2975.554, 5000.000, 0.000
2438.878, 917.893, 2976.562, 5000.000, 0.000
2439.666, 917.241, 2977.585, 5000.000, 0.000
2440.499, 916.534, 2978.676, 5000.000, 0.000
2441.325, 915.815, 2979.771, 5000.000, 0.000
2442.150, 915.080, 2980.874, 5000.000, 0.000
2442.977, 914.327, 2981.992, 5000.000, 0.000
2443.758, 913.597, 2983.060, 5000.000, 0.000
2444.541, 912.862, 2984.132, 5000.000, 0.000
2445.331, 912.120, 2985.215, 5000.000, 0.000
2446.173, 911.341, 2986.361, 5000.000, 0.000
2447.020, 910.567, 2987.508, 5000.000, 0.000
2447.816, 909.837, 2988.588, 5000.000, 0.000
2448.606, 909.117, 2989.657, 5000.000, 0.000
2449.393, 908.404, 2990.718, 5000.000, 0.000
2450.179, 907.697, 2991.775, 5000.000, 0.000
2450.970, 906.993, 2992.834, 5000.000, 0.000
2451.768, 906.291, 2993.897, 5000.000, 0.000
2452.616, 905.556, 2995.019, 5000.000, 0.000
2453.464, 904.830, 2996.135, 5000.000, 0.000
2454.262, 904.155, 2997.181, 5000.000, 0.000
2455.051, 903.494, 2998.210, 5000.000, 0.000
2455.832, 902.844, 2999.226, 5000.000, 0.000
2456.609, 902.203, 3000.233, 5000.000, 0.000
2457.385, 901.568, 3001.236, 5000.000, 0.000
2458.202, 900.905, 3002.288, 5000.000, 0.000
2459.012, 900.256, 3003.325, 5000.000, 0.000
2459.816, 899.616, 3004.352, 5000.000, 0.000
2460.618, 898.982, 3005.375, 5000.000, 0.000
2461.419, 898.348, 3006.397, 5000.000, 0.000
2462.223, 897.708, 3007.424, 5000.000, 0.000
2463.033, 897.059, 3008.461, 5000.000, 0.000
2463.850, 896.396, 3009.514, 5000.000, 0.000
2464.626, 895.761, 3010.517, 5000.000, 0.000
2465.404, 895.121, 3011.524, 5000.000, 0.000
2466.186, 894.472, 3012.540, 5000.000, 0.000
2466.976, 893.812, 3013.569, 5000.000, 0.000
2467.709, 893.145, 3014.559, 5000.000, 0.000
2468.517, 892.425, 3015.641, 5000.000, 0.000
2469.350, 891.696, 3016.747, 5000.000, 0.000
2470.157, 890.999, 3017.813, 5000.000, 0.000
2470.975, 890.300, 3018.890, 5000.000, 0.000
2471.809, 889.595, 3019.981, 5000.000, 0.000
2472.657, 888.883, 3021.089, 5000.000, 0.000
2473.523, 888.162, 3022.216, 5000.000, 0.000
2474.408, 887.429, 3023.364, 5000.000, 0.000
2475.312, 886.682, 3024.537, 5000.000, 0.000
2476.238, 885.919, 3025.737, 5000.000, 0.000
2476.683, 885.551, 3026.315, 5000.000, 0.000
2477.579, 884.812, 3027.476, 5000.000, 0.000
2478.482, 884.070, 3028.644, 5000.000, 0.000
2479.391, 883.326, 3029.819, 5000.000, 0.000
2480.307, 882.578, 3031.001, 5000.000, 0.000
2481.229, 881.828, 3032.191, 5000.000, 0.000
2482.159, 881.075, 3033.387, 5000.000, 0.000
2483.095, 880.320, 3034.590, 5000.000, 0.000
2484.038, 879.561, 3035.800, 5000.000, 0.000
2484.988, 878.800, 3037.017, 5000.000, 0.000
2485.945, 878.036, 3038.241, 5000.000, 0.000
2486.908, 877.270, 3039.472, 5000.000, 0.000
2487.878, 876.500, 3040.710, 5000.000, 0.000
2488.855, 875.728, 3041.955, 5000.000, 0.000
2489.839, 874.953, 3043.207, 5000.000, 0.000
