x, y, length, r, ctrl
-0.882, 0.975, 0.000, 5000.000, 0.000
-0.129, 1.905, 1.196, 5000.000, 0.000
0.628, 2.830, 2.392, 5000.000, 0.000
1.390, 3.751, 3.587, 5000.000, 0.000
2.155, 4.667, 4.781, 5000.000, 0.000
2.924, 5.579, 5.974, 5000.000, 0.000
3.697, 6.487, 7.166, 5000.000, 0.000
4.474, 7.391, 8.357, 5000.000, 0.000
5.254, 8.290, 9.548, 5000.000, 0.000
6.039, 9.185, 10.738, 5000.000, 0.000
6.828, 10.075, 11.927, 5000.000, 0.000
7.620, 10.962, 13.116, 5000.000, 0.000
8.416, 11.844, 14.303, 5000.000, 0.000
9.217, 12.721, 15.491, 5000.000, 0.000
10.021, 13.595, 16.677, 5000.000, 0.000
11.299, 14.826, 18.445, 5000.000, 0.000
12.148, 15.649, 19.624, 5000.000, 0.000
12.962, 16.511, 20.810, 5000.000, 0.000
13.777, 17.373, 21.995, 5000.000, 0.000
14.593, 18.233, 23.180, 5000.000, 0.000
15.413, 19.089, 24.365, 5000.000, 0.000
16.238, 19.940, 25.549, 5000.000, 0.000
17.070, 20.782, 26.732, 5000.000, 0.000
17.911, 21.615, 27.915, 5000.000, 0.000
18.762, 22.436, 29.098, 5000.000, 0.000
19.579, 23.295, 30.283, 5000.000, 0.000
20.397, 24.154, 31.469, 5000.000, 0.000
21.215, 25.012, 32.654, 5000.000, 0.000
22.035, 25.868, 33.839, 5000.000, 0.000
22.857, 26.721, 35.024, 5000.000, 0.000
23.683, 27.570, 36.209, 5000.000, 0.000
24.514, 28.414, 37.393, 5000.000, 0.000
25.349, 29.253, 38.577, 5000.000, 0.000
26.191, 30.084, 39.760, 5000.000, 0.000
27.074, 30.871, 40.940, 5000.000, 0.000
27.952, 31.663, 42.120, 5000.000, 0.000
28.827, 32.457, 43.301, 5000.000, 0.000
29.702, 33.253, 44.483, 5000.000, 0.000
30.577, 34.047, 45.664, 5000.000, 0.000
31.456, 34.839, 46.845, 5000.000, 0.000
32.338, 35.626, 48.026, 5000.000, 0.000
33.180, 36.457, 49.210, 5000.000, 0.000
34.016, 37.296, 50.393, 5000.000, 0.000
34.846, 38.140, 51.577, 5000.000, 0.000
35.672, 38.989, 52.762, 5000.000, 0.000
36.495, 39.842, 53.947, 5000.000, 0.000
37.315, 40.698, 55.132, 5000.000, 0.000
38.133, 41.556, 56.317, 5000.000, 0.000
38.950, 42.415, 57.503, 5000.000, 0.000
39.767, 43.274, 58.689, 5000.000, 0.000
40.585, 44.132, 59.874, 5000.000, 0.000
41.405, 44.988, 61.059, 5000.000, 0.000
42.228, 45.841, 62.244, 5000.000, 0.000
43.054, 46.690, 63.429, 5000.000, 0.000
43.884, 47.535, 64.613, 5000.000, 0.000
44.754, 48.336, 65.794, 5000.000, 0.000
45.617, 49.144, 66.975, 5000.000, 0.000
46.475, 49.957, 68.157, 5000.000, 0.000
47.331, 50.773, 69.339, 5000.000, 0.000
48.186, 51.591, 70.521, 5000.000, 0.000
49.042, 52.407, 71.703, 5000.000, 0.000
49.901, 53.220, 72.885, 5000.000, 0.000
50.764, 54.028, 74.067, 5000.000, 0.000
51.633, 54.829, 75.249, 5000.000, 0.000
52.464, 55.674, 76.433, 5000.000, 0.000
53.290, 56.523, 77.617, 5000.000, 0.000
54.112, 57.376, 78.802, 5000.000, 0.000
54.932, 58.232, 79.987, 5000.000, 0.000
55.750, 59.090, 81.173, 5000.000, 0.000
56.567, 59.949, 82.358, 5000.000, 0.000
57.385, 60.808, 83.544, 5000.000, 0.000
58.203, 61.666, 84.730, 5000.000, 0.000
59.023, 62.522, 85.915, 5000.000, 0.000
59.845, 63.375, 87.100, 5000.000, 0.000
60.705, 64.187, 88.281, 5000.000, 0.000
61.556, 65.008, 89.463, 5000.000, 0.000
62.401, 65.836, 90.646, 5000.000, 0.000
63.209, 66.706, 91.833, 5000.000, 0.000
64.060, 67.528, 93.015, 5000.000, 0.000
64.908, 68.352, 94.198, 5000.000, 0.000
65.757, 69.175, 95.380, 5000.000, 0.000
66.608, 69.997, 96.563, 5000.000, 0.000
67.462, 70.815, 97.745, 5000.000, 0.000
68.322, 71.628, 98.927, 5000.000, 0.000
69.188, 72.432, 100.109, 5000.000, 0.000
70.017, 73.278, 101.293, 5000.000, 0.000
70.842, 74.128, 102.478, 5000.000, 0.000
71.665, 74.981, 103.663, 5000.000, 0.000
72.485, 75.836, 104.848, 5000.000, 0.000
73.305, 76.692, 106.033, 5000.000, 0.000
74.125, 77.548, 107.218, 5000.000, 0.000
74.946, 78.403, 108.403, 5000.000, 0.000
75.768, 79.257, 109.588, 5000.000, 0.000
76.594, 80.107, 110.773, 5000.000, 0.000
77.422, 80.953, 111.957, 5000.000, 0.000
78.255, 81.794, 113.141, 5000.000, 0.000
79.094, 82.630, 114.325, 5000.000, 0.000
79.939, 83.458, 115.508, 5000.000, 0.000
80.824, 84.242, 116.687, 5000.000, 0.000
81.705, 85.031, 117.868, 5000.000, 0.000
82.583, 85.822, 119.049, 5000.000, 0.000
83.460, 86.615, 120.230, 5000.000, 0.000
84.338, 87.407, 121.411, 5000.000, 0.000
85.219, 88.195, 122.592, 5000.000, 0.000
86.057, 89.031, 123.776, 5000.000, 0.000
86.888, 89.875, 124.960, 5000.000, 0.000
87.711, 90.727, 126.144, 5000.000, 0.000
88.575, 91.535, 127.326, 5000.000, 0.000
89.401, 92.384, 128.511, 5000.000, 0.000
90.224, 93.237, 129.695, 5000.000, 0.000
91.043, 94.093, 130.880, 5000.000, 0.000
91.861, 94.951, 132.066, 5000.000, 0.000
92.679, 95.810, 133.251, 5000.000, 0.000
93.496, 96.669, 134.437, 5000.000, 0.000
94.314, 97.527, 135.622, 5000.000, 0.000
95.134, 98.383, 136.807, 5000.000, 0.000
95.956, 99.236, 137.992, 5000.000, 0.000
96.782, 100.085, 139.177, 5000.000, 0.000
97.613, 100.929, 140.361, 5000.000, 0.000
98.449, 101.768, 141.545, 5000.000, 0.000
99.291, 102.599, 142.728, 5000.000, 0.000
100.140, 103.423, 143.910, 5000.000, 0.000
100.997, 104.238, 145.092, 5000.000, 0.000
101.896, 105.006, 146.271, 5000.000, 0.000
102.793, 105.777, 147.450, 5000.000, 0.000
103.689, 106.549, 148.630, 5000.000, 0.000
104.585, 107.320, 149.810, 5000.000, 0.000
105.485, 108.088, 150.990, 5000.000, 0.000
106.342, 108.903, 152.173, 5000.000, 0.000
107.191, 109.727, 153.356, 5000.000, 0.000
108.033, 110.558, 154.539, 5000.000, 0.000
108.869, 111.397, 155.723, 5000.000, 0.000
109.699, 112.241, 156.907, 5000.000, 0.000
110.525, 113.090, 158.092, 5000.000, 0.000
111.348, 113.943, 159.277, 5000.000, 0.000
112.167, 114.799, 160.462, 5000.000, 0.000
112.986, 115.657, 161.647, 5000.000, 0.000
113.803, 116.516, 162.833, 5000.000, 0.000
114.620, 117.375, 164.018, 5000.000, 0.000
115.438, 118.233, 165.204, 5000.000, 0.000
116.258, 119.089, 166.389, 5000.000, 0.000
117.080, 119.942, 167.574, 5000.000, 0.000
117.906, 120.791, 168.759, 5000.000, 0.000
118.737, 121.636, 169.943, 5000.000, 0.000
119.606, 122.437, 171.123, 5000.000, 0.000
120.469, 123.245, 172.305, 5000.000, 0.000
121.328, 124.059, 173.486, 5000.000, 0.000
122.184, 124.875, 174.669, 5000.000, 0.000
123.039, 125.692, 175.851, 5000.000, 0.000
123.895, 126.508, 177.033, 5000.000, 0.000
124.754, 127.321, 178.215, 5000.000, 0.000
125.617, 128.129, 179.397, 5000.000, 0.000
126.486, 128.931, 180.578, 5000.000, 0.000
127.316, 129.775, 181.763, 5000.000, 0.000
128.142, 130.624, 182.947, 5000.000, 0.000
128.965, 131.477, 184.132, 5000.000, 0.000
129.785, 132.333, 185.317, 5000.000, 0.000
130.603, 133.191, 186.503, 5000.000, 0.000
131.420, 134.050, 187.688, 5000.000, 0.000
132.237, 134.909, 188.874, 5000.000, 0.000
133.055, 135.767, 190.059, 5000.000, 0.000
133.875, 136.623, 191.245, 5000.000, 0.000
134.731, 137.439, 192.426, 5000.000, 0.000
135.578, 138.265, 193.609, 5000.000, 0.000
136.418, 139.099, 194.792, 5000.000, 0.000
137.253, 139.938, 195.976, 5000.000, 0.000
138.084, 140.782, 197.160, 5000.000, 0.000
138.914, 141.627, 198.345, 5000.000, 0.000
139.743, 142.473, 199.529, 5000.000, 0.000
140.574, 143.316, 200.713, 5000.000, 0.000
141.409, 144.156, 201.897, 5000.000, 0.000
142.249, 144.989, 203.081, 5000.000, 0.000
143.096, 145.815, 204.263, 5000.000, 0.000
143.952, 146.631, 205.445, 5000.000, 0.000
144.772, 147.487, 206.631, 5000.000, 0.000
145.590, 148.345, 207.816, 5000.000, 0.000
146.407, 149.204, 209.001, 5000.000, 0.000
147.224, 150.063, 210.187, 5000.000, 0.000
148.043, 150.921, 211.372, 5000.000, 0.000
148.862, 151.777, 212.558, 5000.000, 0.000
149.685, 152.630, 213.743, 5000.000, 0.000
150.511, 153.479, 214.927, 5000.000, 0.000
151.341, 154.324, 216.112, 5000.000, 0.000
152.211, 155.125, 217.292, 5000.000, 0.000
153.074, 155.933, 218.474, 5000.000, 0.000
153.932, 156.747, 219.656, 5000.000, 0.000
154.788, 157.563, 220.838, 5000.000, 0.000
155.643, 158.380, 222.020, 5000.000, 0.000
156.499, 159.196, 223.203, 5000.000, 0.000
157.358, 160.009, 224.385, 5000.000, 0.000
158.221, 160.817, 225.567, 5000.000, 0.000
159.090, 161.619, 226.749, 5000.000, 0.000
159.921, 162.463, 227.933, 5000.000, 0.000
160.747, 163.312, 229.117, 5000.000, 0.000
161.569, 164.165, 230.302, 5000.000, 0.000
162.389, 165.021, 231.487, 5000.000, 0.000
163.207, 165.879, 232.672, 5000.000, 0.000
164.025, 166.738, 233.857, 5000.000, 0.000
164.842, 167.597, 235.042, 5000.000, 0.000
165.660, 168.455, 236.228, 5000.000, 0.000
166.480, 169.311, 237.413, 5000.000, 0.000
167.302, 170.164, 238.598, 5000.000, 0.000
168.128, 171.013, 239.783, 5000.000, 0.000
168.959, 171.858, 240.967, 5000.000, 0.000
169.795, 172.696, 242.151, 5000.000, 0.000
170.637, 173.528, 243.334, 5000.000, 0.000
171.486, 174.351, 244.516, 5000.000, 0.000
172.376, 175.129, 245.696, 5000.000, 0.000
173.263, 175.911, 246.876, 5000.000, 0.000
174.148, 176.695, 248.057, 5000.000, 0.000
175.033, 177.479, 249.238, 5000.000, 0.000
175.920, 178.260, 250.419, 5000.000, 0.000
176.811, 179.038, 251.600, 5000.000, 0.000
177.660, 179.862, 252.783, 5000.000, 0.000
178.502, 180.694, 253.966, 5000.000, 0.000
179.338, 181.532, 255.150, 5000.000, 0.000
180.168, 182.376, 256.334, 5000.000, 0.000
180.994, 183.226, 257.518, 5000.000, 0.000
181.817, 184.079, 258.702, 5000.000, 0.000
182.637, 184.935, 259.887, 5000.000, 0.000
183.455, 185.793, 261.071, 5000.000, 0.000
184.272, 186.652, 262.257, 5000.000, 0.000
185.089, 187.510, 263.443, 5000.000, 0.000
185.907, 188.368, 264.628, 5000.000, 0.000
186.727, 189.224, 265.813, 5000.000, 0.000
187.550, 190.078, 266.998, 5000.000, 0.000
188.376, 190.927, 268.183, 5000.000, 0.000
189.240, 191.734, 269.364, 5000.000, 0.000
190.096, 192.549, 270.546, 5000.000, 0.000
190.948, 193.370, 271.728, 5000.000, 0.000
191.796, 194.195, 272.911, 5000.000, 0.000
192.642, 195.022, 274.094, 5000.000, 0.000
193.488, 195.849, 275.277, 5000.000, 0.000
194.336, 196.674, 276.460, 5000.000, 0.000
195.188, 197.495, 277.643, 5000.000, 0.000
196.045, 198.310, 278.825, 5000.000, 0.000
196.909, 199.117, 280.007, 5000.000, 0.000
197.735, 199.966, 281.191, 5000.000, 0.000
198.557, 200.819, 282.376, 5000.000, 0.000
199.377, 201.675, 283.561, 5000.000, 0.000
200.195, 202.533, 284.746, 5000.000, 0.000
201.013, 203.392, 285.931, 5000.000, 0.000
201.830, 204.251, 287.117, 5000.000, 0.000
202.648, 205.109, 288.302, 5000.000, 0.000
203.468, 205.965, 289.487, 5000.000, 0.000
204.290, 206.818, 290.672, 5000.000, 0.000
205.116, 207.667, 291.857, 5000.000, 0.000
205.947, 208.512, 293.041, 5000.000, 0.000
206.783, 209.350, 294.225, 5000.000, 0.000
207.624, 210.182, 295.408, 5000.000, 0.000
208.474, 211.005, 296.591, 5000.000, 0.000
209.331, 211.820, 297.773, 5000.000, 0.000
210.196, 212.625, 298.954, 5000.000, 0.000
211.106, 213.383, 300.133, 5000.000, 0.000
212.013, 214.142, 301.313, 5000.000, 0.000
212.920, 214.901, 302.493, 5000.000, 0.000
213.829, 215.659, 303.673, 5000.000, 0.000
214.695, 216.464, 304.856, 5000.000, 0.000
215.552, 217.279, 306.038, 5000.000, 0.000
216.401, 218.103, 307.221, 5000.000, 0.000
217.243, 218.934, 308.404, 5000.000, 0.000
218.079, 219.772, 309.588, 5000.000, 0.000
218.910, 220.617, 310.772, 5000.000, 0.000
219.736, 221.466, 311.956, 5000.000, 0.000
220.558, 222.319, 313.140, 5000.000, 0.000
221.378, 223.175, 314.325, 5000.000, 0.000
222.196, 224.033, 315.511, 5000.000, 0.000
223.013, 224.892, 316.696, 5000.000, 0.000
223.830, 225.751, 317.882, 5000.000, 0.000
224.649, 226.609, 319.067, 5000.000, 0.000
225.468, 227.465, 320.253, 5000.000, 0.000
226.291, 228.318, 321.438, 5000.000, 0.000
227.117, 229.167, 322.622, 5000.000, 0.000
227.947, 230.011, 323.806, 5000.000, 0.011
228.783, 230.850, 324.990, 5000.000, 0.028
229.659, 231.644, 326.170, 5000.000, 0.045
230.529, 232.445, 327.351, 5000.000, 0.062
231.395, 233.249, 328.532, 5000.000, 0.079
232.260, 234.055, 329.713, 5000.000, 0.095
233.125, 234.862, 330.895, 5000.000, 0.112
233.992, 235.666, 332.077, 5000.000, 0.129
234.862, 236.466, 333.258, 5000.000, 0.146
235.737, 237.261, 334.439, 5000.000, 0.163
236.573, 238.099, 335.623, 5000.000, 0.179
237.404, 238.944, 336.807, 5000.000, 0.196
238.230, 239.793, 337.992, 5000.000, 0.213
239.052, 240.646, 339.176, 5000.000, 0.230
239.872, 241.502, 340.362, 5000.000, 0.247
240.690, 242.360, 341.547, 5000.000, 0.264
241.507, 243.219, 342.733, 5000.000, 0.280
242.324, 244.078, 343.918, 5000.000, 0.297
243.143, 244.936, 345.104, 5000.000, 0.314
243.996, 245.755, 346.286, 5000.000, 0.331
244.839, 246.585, 347.469, 5000.000, 0.348
245.675, 247.423, 348.652, 5000.000, 0.365
246.504, 248.269, 349.837, 5000.000, 0.381
247.329, 249.119, 351.022, 5000.000, 0.398
248.152, 249.972, 352.207, 5000.000, 0.415
248.973, 250.827, 353.392, 5000.000, 0.432
249.796, 251.680, 354.577, 5000.000, 0.449
250.621, 252.530, 355.761, 5000.000, 0.466
251.450, 253.376, 356.946, 5000.000, 0.482
252.286, 254.214, 358.130, 5000.000, 0.499
253.129, 255.044, 359.313, 5000.000, 0.516
253.983, 255.863, 360.495, 5000.000, 0.533
254.801, 256.721, 361.680, 5000.000, 0.550
255.618, 257.580, 362.866, 5000.000, 0.567
256.435, 258.439, 364.051, 5000.000, 0.583
257.253, 259.297, 365.237, 5000.000, 0.600
258.073, 260.153, 366.422, 5000.000, 0.617
258.895, 261.006, 367.607, 5000.000, 0.634
259.722, 261.855, 368.792, 5000.000, 0.651
260.552, 262.699, 369.976, 5000.000, 0.668
261.388, 263.538, 371.159, 5000.000, 0.684
262.230, 264.369, 372.343, 5000.000, 0.701
263.079, 265.193, 373.525, 5000.000, 0.718
263.936, 266.008, 374.708, 5000.000, 0.735
264.802, 266.813, 375.889, 5000.000, 0.752
265.677, 267.607, 377.070, 5000.000, 0.768
266.564, 268.390, 378.251, 5000.000, 0.785
267.495, 269.123, 379.430, 5000.000, 0.802
268.426, 269.856, 380.610, 5000.000, 0.819
269.312, 270.639, 381.791, 5000.000, 0.835
270.188, 271.433, 382.973, 5000.000, 0.852
271.054, 272.238, 384.156, 5000.000, 0.869
271.911, 273.053, 385.338, 5000.000, 0.886
272.760, 273.877, 386.521, 5000.000, 0.903
273.602, 274.708, 387.704, 5000.000, 0.919
274.438, 275.547, 388.888, 5000.000, 0.936
275.268, 276.391, 390.071, 5000.000, 0.953
276.094, 277.240, 391.255, 5000.000, 0.970
276.917, 278.093, 392.440, 5000.000, 0.987
277.737, 278.949, 393.625, 5000.000, 1.004
278.555, 279.807, 394.811, 5000.000, 1.020
279.372, 280.666, 395.996, 5000.000, 1.037
280.189, 281.525, 397.182, 5000.000, 1.054
281.007, 282.383, 398.367, 5000.000, 1.071
281.827, 283.239, 399.553, 5000.000, 1.088
282.650, 284.092, 400.738, 5000.000, 1.105
283.476, 284.941, 401.922, 5000.000, 1.122
284.340, 285.749, 403.103, 5000.000, 1.138
285.196, 286.564, 404.285, 5000.000, 1.155
286.048, 287.385, 405.467, 5000.000, 1.172
286.896, 288.210, 406.650, 5000.000, 1.189
287.742, 289.036, 407.833, 5000.000, 1.205
288.588, 289.863, 409.016, 5000.000, 1.222
289.436, 290.688, 410.199, 5000.000, 1.239
290.288, 291.509, 411.381, 5000.000, 1.256
291.145, 292.324, 412.563, 5000.000, 1.273
292.009, 293.132, 413.745, 5000.000, 1.290
292.835, 293.981, 414.930, 5000.000, 1.306
293.657, 294.834, 416.114, 5000.000, 1.323
294.477, 295.690, 417.300, 5000.000, 1.340
295.295, 296.548, 418.485, 5000.000, 1.357
296.113, 297.407, 419.671, 5000.000, 1.374
296.930, 298.266, 420.856, 5000.000, 1.391
297.748, 299.124, 422.042, 5000.000, 1.407
298.568, 299.980, 423.227, 5000.000, 1.424
299.390, 300.833, 424.412, 5000.000, 1.441
300.216, 301.682, 425.597, 5000.000, 1.458
301.047, 302.526, 426.781, 5000.000, 1.475
301.883, 303.365, 427.964, 5000.000, 1.492
302.758, 304.159, 429.144, 5000.000, 1.508
303.628, 304.960, 430.325, 5000.000, 1.525
304.495, 305.764, 431.506, 5000.000, 1.542
305.360, 306.570, 432.688, 5000.000, 1.559
306.224, 307.377, 433.870, 5000.000, 1.575
307.091, 308.181, 435.051, 5000.000, 1.592
307.961, 308.981, 436.233, 5000.000, 1.609
308.837, 309.776, 437.414, 5000.000, 1.626
309.672, 310.614, 438.598, 5000.000, 1.643
310.503, 311.459, 439.782, 5000.000, 1.660
311.329, 312.308, 440.967, 5000.000, 1.676
312.151, 313.161, 442.151, 5000.000, 1.693
312.971, 314.017, 443.336, 5000.000, 1.710
313.789, 314.875, 444.522, 5000.000, 1.727
314.607, 315.734, 445.707, 5000.000, 1.744
315.424, 316.593, 446.893, 5000.000, 1.761
316.242, 317.451, 448.078, 5000.000, 1.777
317.062, 318.307, 449.264, 5000.000, 1.794
317.884, 319.160, 450.449, 5000.000, 1.811
318.710, 320.009, 451.633, 5000.000, 1.828
319.541, 320.853, 452.817, 5000.000, 1.845
320.377, 321.692, 454.001, 5000.000, 1.862
321.218, 322.523, 455.184, 5000.000, 1.878
322.101, 323.310, 456.364, 5000.000, 1.895
322.979, 324.101, 457.544, 5000.000, 1.912
323.855, 324.896, 458.725, 5000.000, 1.929
324.729, 325.692, 459.906, 5000.000, 1.945
325.605, 326.486, 461.087, 5000.000, 1.962
326.483, 327.278, 462.268, 5000.000, 1.979
327.365, 328.065, 463.449, 5000.000, 1.996
328.207, 328.896, 464.632, 5000.000, 2.013
329.043, 329.734, 465.816, 5000.000, 2.029
329.873, 330.579, 467.000, 5000.000, 2.046
330.700, 331.428, 468.184, 5000.000, 2.063
331.522, 332.281, 469.369, 5000.000, 2.080
332.342, 333.137, 470.554, 5000.000, 2.097
333.160, 333.995, 471.740, 5000.000, 2.114
333.977, 334.854, 472.925, 5000.000, 2.130
334.794, 335.713, 474.111, 5000.000, 2.147
335.612, 336.571, 475.297, 5000.000, 2.164
336.432, 337.427, 476.482, 5000.000, 2.181
337.255, 338.280, 477.667, 5000.000, 2.198
338.081, 339.129, 478.851, 5000.000, 2.215
338.911, 339.973, 480.036, 5000.000, 2.232
339.747, 340.812, 481.219, 5000.000, 2.248
340.623, 341.606, 482.399, 5000.000, 2.265
341.493, 342.407, 483.580, 5000.000, 2.282
342.359, 343.211, 484.761, 5000.000, 2.299
343.224, 344.017, 485.943, 5000.000, 2.315
344.089, 344.824, 487.124, 5000.000, 2.332
344.956, 345.628, 488.306, 5000.000, 2.349
345.826, 346.428, 489.487, 5000.000, 2.366
346.701, 347.223, 490.669, 5000.000, 2.383
347.537, 348.061, 491.852, 5000.000, 2.399
348.367, 348.906, 493.037, 5000.000, 2.416
349.194, 349.755, 494.221, 5000.000, 2.433
350.016, 350.608, 495.406, 5000.000, 2.450
350.836, 351.464, 496.591, 5000.000, 2.467
351.654, 352.322, 497.776, 5000.000, 2.484
352.471, 353.181, 498.962, 5000.000, 2.500
353.288, 354.040, 500.148, 5000.000, 2.517
354.106, 354.898, 501.333, 5000.000, 2.534
354.926, 355.754, 502.518, 5000.000, 2.551
355.749, 356.607, 503.703, 5000.000, 2.568
356.575, 357.456, 504.888, 5000.000, 2.585
357.439, 358.263, 506.069, 5000.000, 2.601
358.296, 359.078, 507.251, 5000.000, 2.618
359.147, 359.899, 508.433, 5000.000, 2.635
359.995, 360.724, 509.616, 5000.000, 2.652
360.841, 361.551, 510.799, 5000.000, 2.669
361.688, 362.378, 511.982, 5000.000, 2.685
362.536, 363.203, 513.165, 5000.000, 2.702
363.387, 364.024, 514.347, 5000.000, 2.719
364.244, 364.839, 515.529, 5000.000, 2.736
365.108, 365.646, 516.711, 5000.000, 2.753
365.934, 366.495, 517.896, 5000.000, 2.770
366.757, 367.349, 519.081, 5000.000, 2.786
367.577, 368.205, 520.266, 5000.000, 2.803
368.395, 369.063, 521.451, 5000.000, 2.820
369.212, 369.922, 522.636, 5000.000, 2.837
370.029, 370.780, 523.822, 5000.000, 2.854
370.847, 371.638, 525.007, 5000.000, 2.871
371.667, 372.494, 526.193, 5000.000, 2.887
372.489, 373.348, 527.378, 5000.000, 2.904
373.316, 374.197, 528.562, 5000.000, 2.921
374.146, 375.041, 529.746, 5000.000, 2.938
374.982, 375.879, 530.930, 5000.000, 2.955
375.824, 376.711, 532.113, 5000.000, 2.972
376.673, 377.535, 533.296, 5000.000, 2.988
377.530, 378.350, 534.478, 5000.000, 3.005
378.396, 379.155, 535.659, 5000.000, 3.022
379.305, 379.912, 536.837, 5000.000, 3.039
380.212, 380.671, 538.016, 5000.000, 3.055
381.119, 381.431, 539.196, 5000.000, 3.072
382.029, 382.188, 540.376, 5000.000, 3.089
382.894, 382.993, 541.558, 5000.000, 3.106
383.752, 383.808, 542.741, 5000.000, 3.123
384.601, 384.632, 543.924, 5000.000, 3.139
385.443, 385.463, 545.107, 5000.000, 3.156
386.278, 386.302, 546.291, 5000.000, 3.173
387.109, 387.146, 547.475, 5000.000, 3.190
387.935, 387.995, 548.659, 5000.000, 3.207
388.757, 388.848, 549.844, 5000.000, 3.224
389.577, 389.704, 551.029, 5000.000, 3.240
390.395, 390.562, 552.215, 5000.000, 3.257
391.213, 391.421, 553.401, 5000.000, 3.274
392.030, 392.280, 554.586, 5000.000, 3.291
392.848, 393.138, 555.772, 5000.000, 3.308
393.668, 393.994, 556.957, 5000.000, 3.325
394.490, 394.847, 558.142, 5000.000, 3.341
395.316, 395.696, 559.327, 5000.000, 3.358
396.147, 396.541, 560.511, 5000.000, 3.375
396.983, 397.379, 561.694, 5000.000, 3.392
397.858, 398.174, 562.874, 5000.000, 3.409
398.728, 398.974, 564.055, 5000.000, 3.425
399.595, 399.778, 565.236, 5000.000, 3.442
400.460, 400.585, 566.418, 5000.000, 3.459
401.324, 401.391, 567.599, 5000.000, 3.476
402.191, 402.195, 568.781, 5000.000, 3.493
403.061, 402.996, 569.962, 5000.000, 3.509
403.937, 403.790, 571.143, 5000.000, 3.526
404.772, 404.629, 572.327, 5000.000, 3.543
405.603, 405.473, 573.511, 5000.000, 3.560
406.429, 406.322, 574.696, 5000.000, 3.577
407.251, 407.175, 575.881, 5000.000, 3.594
408.071, 408.031, 577.066, 5000.000, 3.610
408.889, 408.889, 578.252, 5000.000, 3.627
409.707, 409.748, 579.437, 5000.000, 3.644
410.524, 410.607, 580.623, 5000.000, 3.661
411.342, 411.465, 581.808, 5000.000, 3.678
412.162, 412.321, 582.994, 5000.000, 3.695
412.984, 413.174, 584.179, 5000.000, 3.711
413.810, 414.023, 585.363, 5000.000, 3.728
414.641, 414.868, 586.547, 5000.000, 3.745
415.477, 415.706, 587.731, 5000.000, 3.762
416.319, 416.538, 588.914, 5000.000, 3.779
417.201, 417.324, 590.093, 5000.000, 3.795
418.079, 418.116, 591.274, 5000.000, 3.812
418.955, 418.911, 592.454, 5000.000, 3.829
419.829, 419.706, 593.635, 5000.000, 3.846
420.705, 420.501, 594.816, 5000.000, 3.863
421.583, 421.292, 595.997, 5000.000, 3.879
422.465, 422.079, 597.178, 5000.000, 3.896
423.307, 422.911, 598.361, 5000.000, 3.913
424.143, 423.749, 599.545, 5000.000, 3.930
424.974, 424.593, 600.729, 5000.000, 3.947
425.800, 425.442, 601.914, 5000.000, 3.963
426.622, 426.296, 603.099, 5000.000, 3.980
427.442, 427.152, 604.284, 5000.000, 3.997
428.260, 428.010, 605.469, 5000.000, 4.014
429.077, 428.868, 606.655, 5000.000, 4.031
429.894, 429.727, 607.841, 5000.000, 4.048
430.713, 430.585, 609.026, 5000.000, 4.065
431.532, 431.441, 610.211, 5000.000, 4.081
432.355, 432.294, 611.396, 5000.000, 4.098
433.181, 433.144, 612.581, 5000.000, 4.115
434.011, 433.988, 613.765, 5000.000, 4.132
434.847, 434.826, 614.949, 5000.000, 4.149
435.689, 435.658, 616.132, 5000.000, 4.165
436.538, 436.482, 617.314, 5000.000, 4.182
437.395, 437.297, 618.496, 5000.000, 4.199
438.261, 438.102, 619.677, 5000.000, 4.216
439.137, 438.896, 620.858, 5000.000, 4.233
440.057, 439.642, 622.035, 5000.000, 4.249
440.975, 440.388, 623.213, 5000.000, 4.266
441.895, 441.134, 624.392, 5000.000, 4.283
442.771, 441.928, 625.573, 5000.000, 4.300
443.637, 442.733, 626.755, 5000.000, 4.316
444.494, 443.548, 627.938, 5000.000, 4.333
445.343, 444.372, 629.121, 5000.000, 4.350
446.185, 445.204, 630.304, 5000.000, 4.367
447.020, 446.042, 631.488, 5000.000, 4.384
447.851, 446.886, 632.672, 5000.000, 4.401
448.677, 447.735, 633.856, 5000.000, 4.417
449.500, 448.589, 635.041, 5000.000, 4.434
450.319, 449.445, 636.226, 5000.000, 4.451
451.137, 450.303, 637.411, 5000.000, 4.468
451.955, 451.161, 638.596, 5000.000, 4.485
452.772, 452.020, 639.781, 5000.000, 4.502
453.590, 452.878, 640.967, 5000.000, 4.518
454.410, 453.734, 642.152, 5000.000, 4.535
455.232, 454.587, 643.337, 5000.000, 4.552
456.058, 455.437, 644.521, 5000.000, 4.569
456.889, 456.281, 645.706, 5000.000, 4.586
457.725, 457.119, 646.889, 5000.000, 4.603
458.567, 457.951, 648.073, 5000.000, 4.619
459.416, 458.775, 649.255, 5000.000, 4.636
460.306, 459.553, 650.435, 5000.000, 4.653
461.193, 460.334, 651.615, 5000.000, 4.670
462.078, 461.118, 652.797, 5000.000, 4.687
462.964, 461.902, 653.979, 5000.000, 4.703
463.850, 462.684, 655.162, 5000.000, 4.720
464.741, 463.462, 656.344, 5000.000, 4.737
465.590, 464.285, 657.526, 5000.000, 4.754
466.432, 465.117, 658.708, 5000.000, 4.771
467.268, 465.955, 659.891, 5000.000, 4.787
468.098, 466.800, 661.074, 5000.000, 4.804
468.924, 467.649, 662.258, 5000.000, 4.821
469.747, 468.502, 663.442, 5000.000, 4.838
470.567, 469.358, 664.626, 5000.000, 4.855
471.385, 470.216, 665.810, 5000.000, 4.871
472.202, 471.075, 666.995, 5000.000, 4.888
473.019, 471.934, 668.180, 5000.000, 4.905
473.837, 472.792, 669.365, 5000.000, 4.922
474.657, 473.648, 670.550, 5000.000, 4.939
475.480, 474.501, 671.734, 5000.000, 4.956
476.306, 475.350, 672.919, 5000.000, 4.972
477.136, 476.194, 674.103, 5000.000, 4.989
477.972, 477.033, 675.287, 5000.000, 5.006
478.814, 477.864, 676.470, 5000.000, 5.023
479.663, 478.688, 677.653, 5000.000, 5.040
480.520, 479.503, 678.836, 5000.000, 5.057
481.419, 480.271, 680.018, 5000.000, 5.073
482.316, 481.042, 681.200, 5000.000, 5.090
483.212, 481.814, 682.383, 5000.000, 5.107
484.109, 482.585, 683.565, 5000.000, 5.124
485.008, 483.353, 684.748, 5000.000, 5.141
485.865, 484.168, 685.930, 5000.000, 5.157
486.714, 484.992, 687.111, 5000.000, 5.174
487.556, 485.824, 688.293, 5000.000, 5.191
488.392, 486.662, 689.476, 5000.000, 5.208
489.222, 487.506, 690.659, 5000.000, 5.225
490.048, 488.355, 691.842, 5000.000, 5.241
490.871, 489.209, 693.025, 5000.000, 5.258
491.691, 490.065, 694.209, 5000.000, 5.275
492.509, 490.922, 695.393, 5000.000, 5.292
493.326, 491.781, 696.577, 5000.000, 5.309
494.143, 492.640, 697.761, 5000.000, 5.325
494.961, 493.498, 698.946, 5000.000, 5.342
495.781, 494.354, 700.130, 5000.000, 5.359
496.604, 495.207, 701.315, 5000.000, 5.376
497.430, 496.057, 702.499, 5000.000, 5.393
498.260, 496.901, 703.683, 5000.000, 5.410
499.096, 497.739, 704.867, 5000.000, 5.426
499.938, 498.571, 706.050, 5000.000, 5.443
500.787, 499.395, 707.233, 5000.000, 5.460
501.644, 500.209, 708.416, 5000.000, 5.477
502.510, 501.015, 709.598, 5000.000, 5.494
503.386, 501.809, 710.780, 5000.000, 5.510
504.272, 502.592, 711.961, 5000.000, 5.527
505.170, 503.362, 713.143, 5000.000, 5.544
506.113, 504.081, 714.324, 5000.000, 5.561
507.011, 504.851, 715.506, 5000.000, 5.578
507.897, 505.633, 716.688, 5000.000, 5.594
508.773, 506.428, 717.870, 5000.000, 5.611
509.639, 507.233, 719.053, 5000.000, 5.628
510.496, 508.048, 720.235, 5000.000, 5.645
511.345, 508.871, 721.417, 5000.000, 5.662
512.187, 509.703, 722.600, 5000.000, 5.678
513.023, 510.541, 723.783, 5000.000, 5.695
513.853, 511.386, 724.966, 5000.000, 5.712
514.679, 512.235, 726.149, 5000.000, 5.729
515.502, 513.088, 727.332, 5000.000, 5.746
516.322, 513.944, 728.516, 5000.000, 5.762
517.140, 514.802, 729.700, 5000.000, 5.779
517.957, 515.661, 730.886, 5000.000, 5.796
518.774, 516.520, 732.071, 5000.000, 5.813
519.592, 517.378, 733.257, 5000.000, 5.830
520.412, 518.234, 734.442, 5000.000, 5.847
521.235, 519.087, 735.627, 5000.000, 5.864
522.061, 519.936, 736.812, 5000.000, 5.880
522.891, 520.780, 737.996, 5000.000, 5.897
523.727, 521.619, 739.180, 5000.000, 5.914
524.569, 522.450, 740.363, 5000.000, 5.931
525.418, 523.274, 741.545, 5000.000, 5.948
526.275, 524.089, 742.727, 5000.000, 5.964
527.141, 524.894, 743.908, 5000.000, 5.981
528.016, 525.688, 745.089, 5000.000, 5.998
528.903, 526.471, 746.269, 5000.000, 6.015
529.801, 527.241, 747.449, 5000.000, 6.032
530.711, 527.997, 748.629, 5000.000, 6.048
531.587, 528.790, 749.810, 5000.000, 6.065
532.464, 529.583, 750.992, 5000.000, 6.082
533.341, 530.377, 752.173, 5000.000, 6.099
534.217, 531.170, 753.355, 5000.000, 6.115
535.128, 531.926, 754.536, 5000.000, 6.132
536.025, 532.696, 755.717, 5000.000, 6.149
536.912, 533.479, 756.899, 5000.000, 6.166
537.787, 534.273, 758.081, 5000.000, 6.183
538.653, 535.078, 759.264, 5000.000, 6.199
539.510, 535.893, 760.446, 5000.000, 6.216
540.359, 536.717, 761.629, 5000.000, 6.233
541.201, 537.548, 762.811, 5000.000, 6.250
542.037, 538.387, 763.995, 5000.000, 6.267
542.867, 539.231, 765.178, 5000.000, 6.283
543.694, 540.080, 766.362, 5000.000, 6.300
544.516, 540.933, 767.547, 5000.000, 6.317
545.336, 541.789, 768.731, 5000.000, 6.334
546.154, 542.647, 769.916, 5000.000, 6.351
546.971, 543.506, 771.101, 5000.000, 6.368
547.788, 544.365, 772.286, 5000.000, 6.384
548.606, 545.223, 773.471, 5000.000, 6.401
549.426, 546.079, 774.656, 5000.000, 6.418
550.249, 546.932, 775.841, 5000.000, 6.435
551.075, 547.781, 777.025, 5000.000, 6.452
551.905, 548.626, 778.210, 5000.000, 6.469
552.741, 549.464, 779.393, 5000.000, 6.485
553.583, 550.296, 780.577, 5000.000, 6.502
554.432, 551.119, 781.760, 5000.000, 6.519
555.289, 551.934, 782.942, 5000.000, 6.536
556.155, 552.739, 784.125, 5000.000, 6.553
557.031, 553.534, 785.307, 5000.000, 6.569
557.917, 554.316, 786.489, 5000.000, 6.586
558.815, 555.086, 787.671, 5000.000, 6.603
559.725, 555.842, 788.853, 5000.000, 6.620
560.602, 556.636, 790.036, 5000.000, 6.637
561.478, 557.429, 791.218, 5000.000, 6.653
562.355, 558.222, 792.400, 5000.000, 6.670
563.265, 558.978, 793.583, 5000.000, 6.687
564.163, 559.748, 794.765, 5000.000, 6.704
565.049, 560.531, 795.948, 5000.000, 6.721
565.925, 561.325, 797.130, 5000.000, 6.738
566.791, 562.130, 798.312, 5000.000, 6.754
567.648, 562.945, 799.494, 5000.000, 6.771
568.497, 563.769, 800.676, 5000.000, 6.788
569.339, 564.600, 801.858, 5000.000, 6.805
570.175, 565.439, 803.040, 5000.000, 6.822
571.005, 566.283, 804.223, 5000.000, 6.838
571.831, 567.132, 805.406, 5000.000, 6.855
572.654, 567.985, 806.589, 5000.000, 6.872
573.473, 568.841, 807.772, 5000.000, 6.889
574.292, 569.699, 808.957, 5000.000, 6.906
575.109, 570.558, 810.143, 5000.000, 6.922
575.926, 571.417, 811.329, 5000.000, 6.939
576.744, 572.275, 812.514, 5000.000, 6.956
577.564, 573.131, 813.699, 5000.000, 6.973
578.386, 573.984, 814.884, 5000.000, 6.990
579.212, 574.833, 816.069, 5000.000, 7.007
580.043, 575.678, 817.253, 5000.000, 7.023
580.879, 576.516, 818.437, 5000.000, 7.040
581.721, 577.348, 819.620, 5000.000, 7.057
582.570, 578.171, 820.802, 5000.000, 7.074
583.427, 578.986, 821.984, 5000.000, 7.091
584.293, 579.791, 823.166, 5000.000, 7.107
585.168, 580.586, 824.346, 5000.000, 7.124
586.055, 581.368, 825.526, 5000.000, 7.141
586.952, 582.138, 826.706, 5000.000, 7.158
587.863, 582.895, 827.885, 5000.000, 7.175
588.739, 583.688, 829.067, 5000.000, 7.191
589.616, 584.481, 830.248, 5000.000, 7.208
590.493, 585.274, 831.430, 5000.000, 7.225
591.369, 586.067, 832.611, 5000.000, 7.242
592.246, 586.861, 833.793, 5000.000, 7.259
593.123, 587.654, 834.975, 5000.000, 7.275
593.999, 588.447, 836.158, 5000.000, 7.292
594.876, 589.240, 837.340, 5000.000, 7.309
595.753, 590.033, 838.522, 5000.000, 7.326
596.629, 590.827, 839.704, 5000.000, 7.343
597.506, 591.620, 840.887, 5000.000, 7.359
598.383, 592.413, 842.069, 5000.000, 7.376
599.259, 593.206, 843.251, 5000.000, 7.393
600.136, 593.999, 844.433, 5000.000, 7.410
601.013, 594.793, 845.616, 5000.000, 7.427
601.890, 595.586, 846.798, 5000.000, 7.443
602.766, 596.379, 847.980, 5000.000, 7.460
603.643, 597.172, 849.162, 5000.000, 7.477
604.520, 597.965, 850.345, 5000.000, 7.494
605.396, 598.759, 851.527, 5000.000, 7.511
606.273, 599.552, 852.709, 5000.000, 7.527
607.150, 600.345, 853.892, 5000.000, 7.544
608.026, 601.138, 855.074, 5000.000, 7.561
608.903, 601.931, 856.256, 5000.000, 7.578
609.780, 602.724, 857.438, 5000.000, 7.595
610.656, 603.518, 858.621, 5000.000, 7.611
611.533, 604.311, 859.803, 5000.000, 7.628
612.410, 605.104, 860.985, 4998.046, 7.645
613.287, 605.897, 862.167, 4991.616, 7.662
614.163, 606.690, 863.350, 4984.253, 7.679
615.040, 607.484, 864.532, 4976.346, 7.695
615.917, 608.277, 865.714, 4968.337, 7.712
616.793, 609.070, 866.896, 4958.700, 7.729
617.670, 609.863, 868.079, 4948.213, 7.746
618.547, 610.656, 869.261, 4936.963, 7.763
619.423, 611.450, 870.443, 4928.480, 7.779
620.300, 612.243, 871.625, 4920.318, 7.796
621.177, 613.036, 872.808, 4914.125, 7.813
622.053, 613.829, 873.990, 4908.918, 7.830
622.930, 614.622, 875.172, 4904.952, 7.847
623.807, 615.416, 876.355, 4901.315, 7.863
624.683, 616.209, 877.537, 4897.273, 7.880
625.560, 617.002, 878.719, 4892.823, 7.897
626.470, 617.758, 879.901, 4885.675, 7.914
627.368, 618.528, 881.084, 4876.371, 7.931
628.254, 619.311, 882.266, 4866.106, 7.947
629.130, 620.105, 883.448, 4856.362, 7.964
629.996, 620.910, 884.630, 4844.429, 7.981
630.819, 621.762, 885.813, 4831.682, 7.998
631.681, 622.572, 886.995, 4818.460, 8.015
632.534, 623.391, 888.178, 4804.002, 8.031
633.381, 624.218, 889.361, 4787.715, 8.048
634.221, 625.051, 890.544, 4769.155, 8.065
635.056, 625.891, 891.728, 4747.278, 8.082
635.886, 626.735, 892.912, 4723.035, 8.099
636.713, 627.583, 894.096, 4698.191, 8.115
637.538, 628.434, 895.281, 4674.392, 8.132
638.360, 629.287, 896.466, 4650.801, 8.149
639.182, 630.141, 897.651, 4628.105, 8.166
640.003, 630.995, 898.836, 4606.568, 8.183
640.826, 631.848, 900.020, 4587.477, 8.200
641.650, 632.700, 901.205, 4570.202, 8.216
642.477, 633.548, 902.390, 4554.244, 8.233
643.308, 634.392, 903.574, 4539.550, 8.250
644.143, 635.231, 904.758, 4526.170, 8.267
644.983, 636.065, 905.941, 4514.265, 8.284
645.829, 636.892, 907.124, 4504.774, 8.301
646.683, 637.710, 908.307, 4494.974, 8.317
647.544, 638.520, 909.489, 4484.574, 8.334
648.414, 639.321, 910.670, 4472.626, 8.351
649.294, 640.110, 911.851, 4459.851, 8.368
650.185, 640.888, 913.033, 4447.005, 8.385
651.087, 641.653, 914.216, 4433.408, 8.401
651.955, 642.456, 915.398, 4419.902, 8.418
652.822, 643.260, 916.580, 4406.810, 8.435
653.688, 644.065, 917.762, 4392.386, 8.452
654.553, 644.871, 918.944, 4377.978, 8.469
655.418, 645.678, 920.126, 4363.694, 8.485
656.328, 646.434, 921.309, 4347.897, 8.502
657.205, 647.227, 922.491, 4330.106, 8.519
658.081, 648.020, 923.673, 4311.304, 8.536
658.958, 648.813, 924.855, 4293.450, 8.553
659.835, 649.607, 926.038, 4275.739, 8.569
660.711, 650.400, 927.220, 4259.090, 8.586
661.588, 651.193, 928.402, 4243.957, 8.603
662.465, 651.986, 929.585, 4228.663, 8.620
663.341, 652.779, 930.767, 4214.040, 8.637
664.218, 653.573, 931.949, 4199.905, 8.653
665.095, 654.366, 933.131, 4186.884, 8.670
665.971, 655.159, 934.314, 4173.941, 8.687
666.848, 655.952, 935.496, 4160.249, 8.704
667.725, 656.745, 936.678, 4146.660, 8.721
668.601, 657.538, 937.860, 4134.126, 8.737
669.478, 658.332, 939.043, 4122.311, 8.754
670.355, 659.125, 940.225, 4111.767, 8.771
671.232, 659.918, 941.407, 4100.816, 8.788
672.108, 660.711, 942.589, 4091.187, 8.805
672.985, 661.504, 943.772, 4083.224, 8.821
673.862, 662.298, 944.954, 4077.098, 8.838
674.738, 663.091, 946.136, 4071.666, 8.855
675.615, 663.884, 947.318, 4065.764, 8.872
676.492, 664.677, 948.501, 4059.004, 8.889
677.368, 665.470, 949.683, 4052.306, 8.905
678.212, 666.301, 950.865, 4045.233, 8.922
679.067, 667.117, 952.048, 4037.406, 8.939
679.934, 667.921, 953.230, 4029.463, 8.956
680.812, 668.713, 954.412, 4019.829, 8.973
681.700, 669.494, 955.594, 4011.033, 8.989
682.596, 670.266, 956.777, 4003.468, 9.006
683.500, 671.028, 957.959, 3997.262, 9.023
684.412, 671.783, 959.141, 3990.573, 9.040
685.329, 672.531, 960.324, 3982.138, 9.057
686.252, 673.273, 961.506, 3973.708, 9.073
687.179, 674.010, 962.689, 3964.642, 9.090
688.110, 674.744, 963.872, 3954.400, 9.107
689.044, 675.474, 965.058, 3943.514, 9.124
689.979, 676.203, 966.243, 3930.472, 9.141
690.915, 676.930, 967.429, 3917.569, 9.157
691.852, 677.657, 968.614, 3904.441, 9.174
692.787, 678.386, 969.800, 3891.891, 9.191
693.720, 679.116, 970.985, 3878.570, 9.208
694.651, 679.850, 972.170, 3865.114, 9.225
695.579, 680.587, 973.355, 3851.253, 9.242
696.501, 681.329, 974.539, 3838.467, 9.259
697.419, 682.077, 975.722, 3827.680, 9.275
698.330, 682.832, 976.905, 3819.411, 9.292
699.235, 683.594, 978.088, 3811.030, 9.309
700.131, 684.366, 979.270, 3802.928, 9.326
701.019, 685.147, 980.451, 3794.302, 9.343
701.896, 685.939, 981.631, 3786.405, 9.359
702.763, 686.743, 982.811, 3778.467, 9.376
703.619, 687.559, 983.991, 3770.583, 9.393
704.462, 688.390, 985.170, 3762.097, 9.410
705.339, 689.183, 986.351, 3753.684, 9.426
706.216, 689.976, 987.533, 3745.248, 9.443
707.092, 690.769, 988.714, 3738.354, 9.460
707.969, 691.562, 989.896, 3733.119, 9.477
708.846, 692.356, 991.078, 3727.144, 9.494
709.722, 693.149, 992.261, 3720.306, 9.510
710.599, 693.942, 993.443, 3712.382, 9.527
711.476, 694.735, 994.625, 3704.846, 9.544
712.353, 695.528, 995.807, 3696.661, 9.561
713.229, 696.322, 996.990, 3686.360, 9.578
714.106, 697.115, 998.172, 3674.294, 9.594
714.983, 697.908, 999.354, 3660.592, 9.611
715.859, 698.701, 1000.536, 3645.888, 9.628
716.736, 699.494, 1001.719, 3632.368, 9.645
717.613, 700.288, 1002.901, 3618.082, 9.662
718.489, 701.081, 1004.083, 3602.582, 9.678
719.366, 701.874, 1005.265, 3585.620, 9.695
720.243, 702.667, 1006.448, 3568.982, 9.712
721.086, 703.497, 1007.630, 3551.898, 9.729
721.942, 704.314, 1008.812, 3534.782, 9.746
722.809, 705.118, 1009.995, 3516.954, 9.762
723.720, 705.873, 1011.177, 3497.999, 9.779
724.595, 706.668, 1012.359, 3478.549, 9.796
725.480, 707.452, 1013.541, 3460.560, 9.813
726.374, 708.226, 1014.723, 3443.512, 9.830
727.275, 708.992, 1015.906, 3426.736, 9.846
728.184, 709.750, 1017.089, 3409.470, 9.863
729.099, 710.500, 1018.273, 3393.177, 9.880
730.019, 711.246, 1019.457, 3376.772, 9.897
730.944, 711.986, 1020.641, 3360.698, 9.914
731.872, 712.722, 1021.826, 3344.581, 9.930
732.803, 713.455, 1023.011, 3328.547, 9.947
733.735, 714.187, 1024.196, 3311.553, 9.964
734.669, 714.917, 1025.381, 3294.339, 9.981
735.603, 715.647, 1026.566, 3278.666, 9.998
736.535, 716.379, 1027.751, 3264.123, 10.015
737.466, 717.112, 1028.936, 3249.808, 10.032
738.394, 717.848, 1030.121, 3235.770, 10.048
739.319, 718.588, 1031.305, 3222.023, 10.065
740.239, 719.334, 1032.489, 3208.481, 10.082
741.154, 720.084, 1033.673, 3195.000, 10.099
742.063, 720.842, 1034.856, 3182.235, 10.116
742.964, 721.608, 1036.038, 3170.098, 10.132
743.858, 722.382, 1037.220, 3157.411, 10.149
744.743, 723.166, 1038.401, 3145.320, 10.166
745.618, 723.961, 1039.582, 3134.058, 10.183
746.483, 724.768, 1040.762, 3122.598, 10.200
747.336, 725.588, 1041.941, 3110.655, 10.216
748.223, 726.369, 1043.123, 3099.155, 10.233
749.111, 727.149, 1044.306, 3087.642, 10.250
750.000, 727.929, 1045.488, 3076.881, 10.267
750.843, 728.759, 1046.670, 3066.833, 10.284
751.720, 729.552, 1047.852, 3057.733, 10.300
752.563, 730.383, 1049.035, 3048.556, 10.317
753.419, 731.199, 1050.217, 3039.248, 10.334
754.286, 732.003, 1051.400, 3030.543, 10.351
755.164, 732.795, 1052.582, 3021.362, 10.368
756.051, 733.576, 1053.764, 3011.212, 10.384
756.948, 734.348, 1054.946, 3001.349, 10.401
757.852, 735.110, 1056.128, 2991.179, 10.418
758.763, 735.865, 1057.311, 2980.789, 10.435
759.681, 736.613, 1058.493, 2972.213, 10.452
760.604, 737.355, 1059.676, 2965.240, 10.468
761.531, 738.092, 1060.859, 2959.686, 10.485
762.462, 738.826, 1062.042, 2954.219, 10.502
763.396, 739.556, 1063.226, 2949.238, 10.519
764.331, 740.284, 1064.410, 2944.199, 10.536
765.267, 741.012, 1065.594, 2938.403, 10.552
766.203, 741.739, 1066.778, 2932.664, 10.569
767.138, 742.468, 1067.962, 2927.484, 10.586
768.072, 743.198, 1069.148, 2923.352, 10.603
769.003, 743.931, 1070.333, 2920.583, 10.620
769.930, 744.669, 1071.517, 2919.032, 10.637
770.853, 745.411, 1072.701, 2918.643, 10.653
771.771, 746.159, 1073.885, 2918.292, 10.670
772.682, 746.914, 1075.068, 2917.145, 10.687
773.553, 747.713, 1076.248, 2916.213, 10.704
774.428, 748.508, 1077.429, 2914.920, 10.721
775.306, 749.300, 1078.611, 2912.840, 10.737
776.185, 750.091, 1079.792, 2910.952, 10.754
777.063, 750.883, 1080.974, 2908.920, 10.771
777.938, 751.677, 1082.155, 2907.244, 10.788
778.809, 752.477, 1083.337, 2905.645, 10.805
779.720, 753.232, 1084.520, 2903.604, 10.821
780.638, 753.980, 1085.704, 2901.174, 10.838
781.561, 754.722, 1086.888, 2897.149, 10.855
782.488, 755.459, 1088.072, 2892.030, 10.872
783.419, 756.192, 1089.256, 2886.026, 10.889
784.353, 756.923, 1090.441, 2878.791, 10.906
785.288, 757.651, 1091.625, 2871.166, 10.922
786.224, 758.379, 1092.810, 2864.110, 10.939
787.160, 759.106, 1093.995, 2856.455, 10.956
788.096, 759.835, 1095.181, 2849.181, 10.973
789.029, 760.565, 1096.366, 2841.573, 10.990
789.960, 761.298, 1097.551, 2833.798, 11.007
790.887, 762.036, 1098.735, 2825.001, 11.023
791.810, 762.778, 1099.920, 2815.542, 11.040
792.694, 763.563, 1101.100, 2806.732, 11.057
793.585, 764.341, 1102.282, 2797.915, 11.074
794.479, 765.114, 1103.464, 2789.068, 11.091
795.377, 765.884, 1104.647, 2780.435, 11.107
796.275, 766.654, 1105.829, 2771.539, 11.124
797.172, 767.424, 1107.012, 2762.452, 11.141
798.067, 768.197, 1108.194, 2752.861, 11.158
798.958, 768.975, 1109.376, 2743.042, 11.175
799.842, 769.760, 1110.558, 2733.724, 11.191
800.765, 770.502, 1111.742, 2723.760, 11.208
801.692, 771.240, 1112.926, 2713.659, 11.225
802.623, 771.973, 1114.111, 2703.627, 11.242
803.556, 772.703, 1115.296, 2693.370, 11.259
804.492, 773.432, 1116.480, 2683.312, 11.276
805.428, 774.159, 1117.666, 2673.485, 11.292
806.330, 774.924, 1118.848, 2663.548, 11.309
807.245, 775.675, 1120.032, 2653.562, 11.326
808.169, 776.416, 1121.216, 2642.794, 11.343
809.101, 777.148, 1122.401, 2631.463, 11.360
810.039, 777.874, 1123.587, 2619.885, 11.377
810.981, 778.594, 1124.773, 2607.883, 11.393
811.927, 779.312, 1125.960, 2596.288, 11.410
812.873, 780.028, 1127.147, 2584.985, 11.427
813.818, 780.745, 1128.333, 2574.191, 11.444
814.760, 781.466, 1129.520, 2563.757, 11.461
815.698, 782.191, 1130.705, 2553.272, 11.478
816.630, 782.923, 1131.890, 2543.285, 11.495
817.554, 783.664, 1133.075, 2532.976, 11.511
818.469, 784.416, 1134.258, 2522.360, 11.528
819.371, 785.180, 1135.440, 2511.734, 11.545
820.308, 785.908, 1136.625, 2500.063, 11.562
821.209, 786.673, 1137.807, 2487.878, 11.579
822.122, 787.427, 1138.991, 2475.670, 11.595
823.043, 788.171, 1140.175, 2463.202, 11.612
823.971, 788.907, 1141.359, 2451.001, 11.629
824.905, 789.637, 1142.545, 2439.162, 11.646
825.842, 790.363, 1143.730, 2427.732, 11.663
826.781, 791.088, 1144.916, 2416.794, 11.680
827.720, 791.812, 1146.102, 2405.788, 11.696
828.658, 792.538, 1147.288, 2395.130, 11.713
829.591, 793.268, 1148.473, 2384.233, 11.730
830.520, 794.004, 1149.658, 2373.321, 11.747
831.441, 794.748, 1150.842, 2362.797, 11.764
832.320, 795.539, 1152.022, 2352.504, 11.781
833.201, 796.328, 1153.203, 2342.335, 11.797
834.127, 797.066, 1154.388, 2332.748, 11.814
835.065, 797.792, 1155.573, 2323.507, 11.831
836.011, 798.508, 1156.759, 2314.557, 11.848
836.964, 799.217, 1157.946, 2306.145, 11.865
837.922, 799.920, 1159.133, 2298.136, 11.882
838.885, 800.619, 1160.322, 2290.672, 11.899
839.848, 801.316, 1161.510, 2283.704, 11.915
840.812, 802.013, 1162.699, 2277.319, 11.932
841.774, 802.711, 1163.887, 2271.242, 11.949
842.699, 803.451, 1165.071, 2265.341, 11.966
843.631, 804.183, 1166.256, 2260.005, 11.983
844.568, 804.910, 1167.442, 2254.701, 12.000
845.506, 805.635, 1168.628, 2249.876, 12.017
846.444, 806.361, 1169.814, 2245.069, 12.033
847.377, 807.091, 1170.999, 2240.118, 12.050
848.305, 807.828, 1172.184, 2235.299, 12.067
849.271, 808.523, 1173.373, 2230.571, 12.084
850.239, 809.215, 1174.563, 2225.953, 12.101
851.208, 809.906, 1175.754, 2222.172, 12.118
852.176, 810.598, 1176.944, 2218.523, 12.135
853.108, 811.330, 1178.128, 2215.373, 12.152
854.048, 812.053, 1179.314, 2212.606, 12.168
854.994, 812.771, 1180.500, 2209.763, 12.185
855.942, 813.485, 1181.687, 2206.921, 12.202
856.890, 814.199, 1182.874, 2203.879, 12.219
857.835, 814.917, 1184.061, 2200.713, 12.236
858.775, 815.640, 1185.247, 2197.571, 12.253
859.707, 816.372, 1186.432, 2194.410, 12.270
860.676, 817.064, 1187.621, 2191.604, 12.286
861.645, 817.755, 1188.811, 2188.924, 12.303
862.580, 818.484, 1189.996, 2186.253, 12.320
863.524, 819.202, 1191.183, 2183.543, 12.337
864.476, 819.912, 1192.371, 2180.702, 12.354
865.432, 820.618, 1193.559, 2177.366, 12.371
866.389, 821.322, 1194.747, 2174.212, 12.388
867.346, 822.026, 1195.935, 2171.164, 12.405
868.300, 822.735, 1197.123, 2167.491, 12.422
869.247, 823.450, 1198.310, 2163.747, 12.438
870.185, 824.175, 1199.496, 2159.781, 12.455
871.159, 824.861, 1200.686, 2156.484, 12.472
872.132, 825.547, 1201.877, 2153.164, 12.489
873.071, 826.272, 1203.063, 2149.812, 12.506
874.018, 826.988, 1204.249, 2146.312, 12.523
874.971, 827.696, 1205.437, 2142.458, 12.540
875.928, 828.401, 1206.626, 2138.325, 12.557
876.886, 829.104, 1207.814, 2134.260, 12.573
877.842, 829.810, 1209.002, 2130.117, 12.590
878.793, 830.520, 1210.190, 2126.151, 12.607
879.704, 831.275, 1211.371, 2122.190, 12.624
880.618, 832.028, 1212.554, 2118.957, 12.641
881.578, 832.729, 1213.742, 2115.829, 12.658
882.547, 833.420, 1214.932, 2112.819, 12.675
883.523, 834.103, 1216.123, 2110.231, 12.692
884.504, 834.781, 1217.315, 2107.704, 12.708
885.487, 835.457, 1218.507, 2104.834, 12.725
886.468, 836.135, 1219.699, 2102.226, 12.742
887.446, 836.816, 1220.890, 2099.732, 12.759
888.385, 837.541, 1222.076, 2097.100, 12.776
889.327, 838.262, 1223.262, 2094.636, 12.793
890.269, 838.983, 1224.448, 2092.438, 12.810
891.254, 839.656, 1225.641, 2090.139, 12.827
892.246, 840.321, 1226.836, 2087.890, 12.844
893.243, 840.982, 1228.032, 2085.721, 12.861
894.242, 841.640, 1229.228, 2083.927, 12.878
895.239, 842.300, 1230.424, 2081.492, 12.895
896.233, 842.963, 1231.619, 2079.042, 12.912
897.221, 843.634, 1232.813, 2076.805, 12.929
898.200, 844.314, 1234.005, 2074.253, 12.946
899.134, 845.043, 1235.187, 2071.980, 12.962
900.067, 845.775, 1236.370, 2069.222, 12.979
900.994, 846.513, 1237.552, 2066.516, 12.996
901.958, 847.209, 1238.742, 2063.634, 13.013
902.925, 847.902, 1239.932, 2059.951, 13.030
903.891, 848.597, 1241.121, 2055.989, 13.047
904.853, 849.296, 1242.310, 2051.884, 13.064
905.809, 850.001, 1243.498, 2047.380, 13.081
906.723, 850.754, 1244.679, 2043.289, 13.097
907.637, 851.505, 1245.860, 2039.333, 13.114
908.596, 852.208, 1247.048, 2035.770, 13.131
909.563, 852.901, 1248.238, 2032.153, 13.148
910.535, 853.589, 1249.429, 2028.489, 13.165
911.509, 854.274, 1250.620, 2024.978, 13.182
912.484, 854.959, 1251.811, 2021.317, 13.199
913.422, 855.684, 1252.997, 2017.554, 13.215
914.368, 856.401, 1254.183, 2013.878, 13.232
915.317, 857.114, 1255.370, 2009.915, 13.249
916.266, 857.827, 1256.558, 2005.996, 13.266
917.258, 858.493, 1257.751, 2002.374, 13.283
918.258, 859.150, 1258.946, 1998.868, 13.300
919.262, 859.803, 1260.142, 1995.727, 13.317
920.267, 860.454, 1261.339, 1992.777, 13.334
921.238, 861.143, 1262.530, 1990.177, 13.351
922.218, 861.822, 1263.722, 1987.590, 13.368
923.204, 862.495, 1264.915, 1984.813, 13.385
924.191, 863.166, 1266.108, 1982.079, 13.402
925.176, 863.839, 1267.302, 1978.998, 13.419
926.157, 864.518, 1268.494, 1975.660, 13.436
927.128, 865.206, 1269.685, 1972.198, 13.453
928.133, 865.857, 1270.882, 1968.350, 13.470
929.104, 866.547, 1272.072, 1964.961, 13.487
930.082, 867.228, 1273.264, 1961.510, 13.504
931.065, 867.904, 1274.457, 1958.018, 13.520
932.048, 868.579, 1275.650, 1955.014, 13.537
933.029, 869.256, 1276.842, 1952.261, 13.554
933.971, 869.978, 1278.028, 1949.428, 13.571
934.915, 870.697, 1279.215, 1946.480, 13.588
935.904, 871.366, 1280.407, 1943.223, 13.605
936.901, 872.027, 1281.602, 1940.190, 13.622
937.902, 872.682, 1282.798, 1937.030, 13.639
938.904, 873.336, 1283.995, 1934.144, 13.656
939.904, 873.994, 1285.191, 1931.595, 13.673
940.897, 874.658, 1286.385, 1929.108, 13.690
941.847, 875.370, 1287.572, 1926.921, 13.707
942.843, 876.031, 1288.767, 1924.515, 13.724
943.848, 876.683, 1289.964, 1921.911, 13.741
944.858, 877.329, 1291.163, 1919.118, 13.758
945.870, 877.972, 1292.361, 1915.835, 13.775
946.880, 878.618, 1293.560, 1912.362, 13.792
947.852, 879.306, 1294.750, 1909.154, 13.809
948.827, 879.991, 1295.941, 1906.165, 13.826
949.801, 880.676, 1297.132, 1903.497, 13.843
950.816, 881.316, 1298.332, 1900.689, 13.860
951.836, 881.951, 1299.532, 1898.115, 13.877
952.857, 882.585, 1300.733, 1895.353, 13.894
953.875, 883.222, 1301.934, 1892.362, 13.911
954.854, 883.903, 1303.125, 1889.119, 13.928
955.835, 884.580, 1304.318, 1885.673, 13.945
956.814, 885.260, 1305.510, 1881.852, 13.962
957.787, 885.947, 1306.701, 1878.289, 13.979
958.797, 886.593, 1307.899, 1874.974, 13.996
959.772, 887.278, 1309.090, 1871.735, 14.013
960.755, 887.954, 1310.283, 1868.532, 14.030
961.741, 888.625, 1311.476, 1865.234, 14.047
962.727, 889.298, 1312.670, 1861.757, 14.063
963.754, 889.925, 1313.872, 1857.879, 14.081
964.785, 890.547, 1315.075, 1853.872, 14.098
965.817, 891.169, 1316.278, 1849.932, 14.115
966.847, 891.793, 1317.481, 1845.705, 14.132
967.837, 892.461, 1318.676, 1841.483, 14.149
968.830, 893.126, 1319.870, 1837.657, 14.166
969.821, 893.793, 1321.065, 1834.101, 14.183
970.772, 894.504, 1322.250, 1830.249, 14.200
971.772, 895.161, 1323.447, 1826.278, 14.217
972.782, 895.806, 1324.645, 1822.308, 14.234
973.799, 896.445, 1325.846, 1817.907, 14.251
974.817, 897.081, 1327.046, 1813.099, 14.268
975.833, 897.721, 1328.246, 1808.487, 14.285
976.841, 898.368, 1329.445, 1803.889, 14.302
977.851, 899.014, 1330.644, 1799.217, 14.319
978.872, 899.648, 1331.845, 1794.864, 14.336
979.900, 900.274, 1333.048, 1791.158, 14.353
980.929, 900.899, 1334.252, 1787.393, 14.370
981.955, 901.527, 1335.455, 1783.314, 14.387
982.974, 902.163, 1336.657, 1779.358, 14.404
983.982, 902.811, 1337.855, 1775.274, 14.421
984.987, 903.463, 1339.052, 1770.863, 14.438
985.998, 904.107, 1340.251, 1766.455, 14.455
987.011, 904.750, 1341.451, 1762.224, 14.472
988.022, 905.395, 1342.650, 1757.755, 14.489
989.025, 906.048, 1343.847, 1753.244, 14.507
990.063, 906.663, 1345.053, 1749.323, 14.524
991.067, 907.316, 1346.250, 1745.481, 14.541
992.077, 907.961, 1347.449, 1741.679, 14.558
993.090, 908.604, 1348.649, 1737.667, 14.575
994.101, 909.248, 1349.848, 1733.790, 14.592
995.106, 909.900, 1351.045, 1730.016, 14.609
996.101, 910.563, 1352.240, 1726.130, 14.626
997.047, 911.279, 1353.423, 1722.488, 14.643
998.032, 911.952, 1354.616, 1719.173, 14.660
999.020, 912.623, 1355.809, 1715.445, 14.676
1000.004, 913.297, 1357.002, 1711.855, 14.693
1001.029, 913.927, 1358.204, 1708.491, 14.711
1002.022, 914.591, 1359.399, 1704.842, 14.728
1003.027, 915.242, 1360.597, 1700.942, 14.745
1004.039, 915.886, 1361.796, 1697.212, 14.762
1005.054, 916.526, 1362.996, 1693.586, 14.779
1006.067, 917.169, 1364.195, 1689.727, 14.796
1007.041, 917.855, 1365.386, 1686.181, 14.813
1008.062, 918.488, 1366.587, 1682.985, 14.830
1009.095, 919.109, 1367.791, 1679.753, 14.847
1010.134, 919.723, 1368.997, 1676.414, 14.864
1011.174, 920.335, 1370.204, 1673.371, 14.881
1012.212, 920.950, 1371.410, 1670.090, 14.898
1013.209, 921.610, 1372.605, 1666.366, 14.915
1014.207, 922.269, 1373.801, 1662.613, 14.932
1015.248, 922.881, 1375.008, 1659.055, 14.949
1016.259, 923.526, 1376.207, 1655.482, 14.966
1017.283, 924.156, 1377.409, 1652.086, 14.983
1018.314, 924.779, 1378.613, 1649.014, 15.001
1019.347, 925.400, 1379.818, 1646.088, 15.018
1020.376, 926.025, 1381.022, 1642.981, 15.035
1021.409, 926.644, 1382.227, 1640.185, 15.052
1022.455, 927.250, 1383.436, 1637.168, 15.069
1023.508, 927.849, 1384.647, 1634.047, 15.086
1024.563, 928.445, 1385.858, 1630.588, 15.103
1025.614, 929.045, 1387.069, 1627.218, 15.121
1026.623, 929.692, 1388.266, 1624.002, 15.138
1027.677, 930.290, 1389.478, 1621.056, 15.155
1028.737, 930.880, 1390.691, 1618.371, 15.172
1029.798, 931.470, 1391.904, 1616.011, 15.189
1030.855, 932.064, 1393.117, 1613.409, 15.207
1031.868, 932.706, 1394.315, 1610.824, 15.224
1032.926, 933.299, 1395.528, 1607.851, 15.241
1033.988, 933.887, 1396.742, 1604.882, 15.258
1035.051, 934.475, 1397.956, 1601.437, 15.275
1036.075, 935.105, 1399.158, 1597.826, 15.292
1037.101, 935.733, 1400.361, 1594.465, 15.310
1038.169, 936.315, 1401.576, 1591.226, 15.327
1039.241, 936.893, 1402.793, 1588.234, 15.344
1040.311, 937.472, 1404.010, 1585.482, 15.361
1041.373, 938.060, 1405.224, 1582.420, 15.379
1042.390, 938.698, 1406.424, 1579.199, 15.396
1043.402, 939.342, 1407.622, 1575.962, 15.413
1044.449, 939.947, 1408.831, 1572.695, 15.430
1045.459, 940.593, 1410.030, 1569.437, 15.447
1046.472, 941.236, 1411.229, 1516.192, 15.464
1047.529, 941.829, 1412.441, 1514.121, 15.481
1048.592, 942.416, 1413.654, 1512.168, 15.498
1049.655, 943.004, 1414.868, 1510.308, 15.516
1050.679, 943.634, 1416.070, 1508.214, 15.533
1051.705, 944.263, 1417.273, 1506.196, 15.550
1052.773, 944.844, 1418.489, 1504.172, 15.567
1053.844, 945.422, 1419.705, 1502.349, 15.584
1054.881, 946.039, 1420.911, 1500.312, 15.602
1055.923, 946.650, 1422.119, 1498.371, 15.619
1056.963, 947.262, 1423.326, 1496.129, 15.636
1058.044, 947.829, 1424.546, 1493.873, 15.653
1059.092, 948.433, 1425.755, 1491.356, 15.670
1060.148, 949.029, 1426.967, 1488.709, 15.688
1061.205, 949.622, 1428.180, 1486.070, 15.705
1062.258, 950.220, 1429.391, 1483.570, 15.722
1063.314, 950.815, 1430.603, 1481.288, 15.739
1064.380, 951.399, 1431.818, 1479.140, 15.757
1065.449, 951.980, 1433.034, 1476.678, 15.774
1066.516, 952.563, 1434.250, 1474.331, 15.791
1067.620, 953.105, 1435.477, 1471.700, 15.809
1068.723, 953.647, 1436.707, 1469.000, 15.826
1069.787, 954.234, 1437.921, 1466.412, 15.843
1070.852, 954.819, 1439.136, 1463.854, 15.861
1071.911, 955.410, 1440.349, 1461.327, 15.878
1072.926, 956.051, 1441.546, 1459.034, 15.895
1073.982, 956.646, 1442.758, 1456.682, 15.912
1075.039, 957.240, 1443.971, 1454.401, 15.929
1076.093, 957.838, 1445.182, 1452.264, 15.947
1077.148, 958.433, 1446.394, 1450.135, 15.964
1078.214, 959.017, 1447.609, 1448.119, 15.981
1079.283, 959.598, 1448.826, 1445.939, 15.998
1080.350, 960.181, 1450.042, 1443.928, 16.016
1081.374, 960.811, 1451.243, 1442.144, 16.033
1082.442, 961.393, 1452.459, 1440.489, 16.050
1083.515, 961.969, 1453.677, 1438.585, 16.067
1084.586, 962.548, 1454.894, 1436.613, 16.085
1085.615, 963.172, 1456.097, 1434.494, 16.102
1086.690, 963.747, 1457.315, 1432.452, 16.119
1087.769, 964.316, 1458.535, 1430.408, 16.136
1088.848, 964.885, 1459.755, 1428.363, 16.154
1089.887, 965.500, 1460.961, 1426.176, 16.171
1090.971, 966.064, 1462.183, 1424.071, 16.188
1092.061, 966.621, 1463.407, 1422.043, 16.205
1093.152, 967.178, 1464.632, 1420.154, 16.223
1094.202, 967.779, 1465.841, 1418.004, 16.240
1095.300, 968.328, 1467.068, 1415.846, 16.258
1096.404, 968.869, 1468.298, 1413.682, 16.275
1097.510, 969.409, 1469.528, 1411.342, 16.292
1098.576, 969.993, 1470.743, 1409.120, 16.310
1099.644, 970.575, 1471.959, 1407.153, 16.327
1100.705, 971.164, 1473.173, 1405.203, 16.344
1101.767, 971.753, 1474.386, 1403.248, 16.362
1102.834, 972.335, 1475.602, 1401.474, 16.379
1103.901, 972.919, 1476.818, 1399.602, 16.396
1104.973, 973.496, 1478.035, 1397.457, 16.413
1106.056, 974.061, 1479.257, 1395.318, 16.431
1107.144, 974.620, 1480.480, 1393.152, 16.448
1108.230, 975.183, 1481.703, 1390.971, 16.465
1109.318, 975.742, 1482.927, 1388.948, 16.483
1110.417, 976.290, 1484.154, 1387.184, 16.500
1111.518, 976.835, 1485.382, 1385.381, 16.518
1112.581, 977.422, 1486.597, 1383.587, 16.535
1113.692, 977.956, 1487.828, 1381.711, 16.553
1114.810, 978.482, 1489.063, 1379.754, 16.570
1115.895, 979.046, 1490.285, 1377.718, 16.587
1116.985, 979.603, 1491.510, 1375.623, 16.605
1118.119, 980.112, 1492.751, 1373.525, 16.622
1119.256, 980.617, 1493.995, 1371.375, 16.640
1120.357, 981.163, 1495.223, 1369.337, 16.658
1121.459, 981.707, 1496.453, 1367.442, 16.675
1122.602, 982.206, 1497.699, 1365.675, 16.693
1123.745, 982.705, 1498.945, 1363.928, 16.710
1124.847, 983.249, 1500.174, 1362.294, 16.728
1125.947, 983.795, 1501.402, 1360.445, 16.745
1127.085, 984.300, 1502.646, 1358.772, 16.763
1128.185, 984.846, 1503.875, 1356.890, 16.781
1129.288, 985.390, 1505.104, 1355.005, 16.798
1130.384, 985.940, 1506.330, 1353.235, 16.815
1131.512, 986.455, 1507.570, 1351.411, 16.833
1132.599, 987.016, 1508.793, 1349.756, 16.850
1133.684, 987.579, 1510.015, 1348.092, 16.868
1134.805, 988.103, 1511.251, 1346.563, 16.885
1135.887, 988.668, 1512.472, 1344.774, 16.903
1136.971, 989.232, 1513.694, 1343.106, 16.920
1138.094, 989.753, 1514.932, 1341.467, 16.938
1139.217, 990.275, 1516.169, 1339.814, 16.955
1140.298, 990.842, 1517.390, 1338.384, 16.973
1141.376, 991.412, 1518.610, 1336.972, 16.990
1142.491, 991.943, 1519.843, 1335.434, 17.007
1143.567, 992.515, 1521.063, 1334.054, 17.025
1144.645, 993.086, 1522.282, 1332.722, 17.042
1145.762, 993.614, 1523.517, 1331.241, 17.060
1146.845, 994.179, 1524.738, 1329.662, 17.077
1147.932, 994.740, 1525.961, 1327.997, 17.094
1149.062, 995.252, 1527.201, 1326.375, 17.112
1150.162, 995.799, 1528.429, 1324.688, 17.129
1151.269, 996.337, 1529.661, 1323.133, 17.147
1152.377, 996.875, 1530.892, 1321.587, 17.164
1153.490, 997.407, 1532.125, 1319.828, 17.182
1154.613, 997.928, 1533.363, 1318.059, 17.200
1155.740, 998.445, 1534.602, 1316.410, 17.217
1156.827, 999.006, 1535.825, 1314.708, 17.235
1157.960, 999.515, 1537.067, 1312.709, 17.252
1159.098, 1000.020, 1538.310, 1310.836, 17.270
1160.232, 1000.529, 1539.552, 1308.869, 17.288
1161.368, 1001.035, 1540.796, 1306.853, 17.305
1162.511, 1001.534, 1542.042, 1304.825, 17.323
1163.619, 1002.071, 1543.273, 1302.747, 17.340
1164.732, 1002.604, 1544.507, 1300.587, 17.358
1165.885, 1003.091, 1545.758, 1298.300, 17.376
1167.039, 1003.578, 1547.010, 1296.255, 17.394
1168.151, 1004.111, 1548.243, 1293.979, 17.411
1169.306, 1004.596, 1549.496, 1291.777, 17.429
1170.430, 1005.117, 1550.734, 1289.490, 17.446
1171.560, 1005.630, 1551.975, 1287.411, 17.464
1172.687, 1006.146, 1553.215, 1285.349, 17.482
1173.850, 1006.624, 1554.471, 1283.212, 17.500
1174.972, 1007.145, 1555.709, 1281.172, 17.517
1176.093, 1007.668, 1556.945, 1279.271, 17.535
1177.217, 1008.188, 1558.184, 1276.991, 17.552
1178.348, 1008.700, 1559.425, 1274.809, 17.570
1179.477, 1009.215, 1560.666, 1272.575, 17.588
1180.642, 1009.689, 1561.923, 1270.191, 17.605
1181.768, 1010.206, 1563.162, 1268.004, 17.623
1182.894, 1010.725, 1564.401, 1265.895, 17.641
1184.023, 1011.239, 1565.642, 1263.867, 17.658
1185.160, 1011.745, 1566.886, 1261.530, 17.676
1186.296, 1012.251, 1568.130, 1259.471, 17.694
1187.435, 1012.754, 1569.375, 1257.510, 17.711
1188.583, 1013.248, 1570.625, 1255.574, 17.729
1189.696, 1013.779, 1571.858, 1253.620, 17.747
1190.859, 1014.256, 1573.114, 1251.597, 17.764
1192.029, 1014.726, 1574.374, 1249.618, 17.782
1193.163, 1015.234, 1575.617, 1247.593, 17.800
1194.299, 1015.740, 1576.861, 1245.740, 17.818
1195.474, 1016.204, 1578.123, 1243.975, 17.836
1196.612, 1016.708, 1579.368, 1242.046, 17.853
1197.797, 1017.161, 1580.635, 1240.271, 17.871
1198.986, 1017.609, 1581.905, 1238.480, 17.889
1200.138, 1018.098, 1583.156, 1236.776, 17.907
1201.288, 1018.589, 1584.407, 1234.833, 17.925
1202.474, 1019.040, 1585.675, 1233.144, 17.943
1203.621, 1019.534, 1586.924, 1231.402, 17.961
1204.812, 1019.980, 1588.195, 1229.735, 17.979
1205.972, 1020.461, 1589.450, 1228.019, 17.997
1207.136, 1020.936, 1590.708, 1226.317, 18.014
1208.296, 1021.416, 1591.963, 1224.551, 18.032
1209.456, 1021.897, 1593.218, 1222.847, 18.050
1210.617, 1022.375, 1594.475, 1221.041, 18.068
1211.819, 1022.809, 1595.751, 1219.211, 18.086
1212.985, 1023.283, 1597.009, 1217.198, 18.104
1214.151, 1023.756, 1598.268, 1215.366, 18.122
1215.308, 1024.239, 1599.522, 1213.701, 18.140
1216.461, 1024.727, 1600.774, 1211.926, 18.157
1217.611, 1025.218, 1602.024, 1209.989, 18.175
1218.763, 1025.707, 1603.276, 1207.970, 18.193
1219.921, 1026.190, 1604.530, 1206.069, 18.211
1221.074, 1026.677, 1605.782, 1204.132, 18.229
1222.226, 1027.166, 1607.033, 1202.250, 18.246
1223.381, 1027.652, 1608.286, 1200.307, 18.264
1224.542, 1028.131, 1609.542, 1198.405, 18.282
1225.713, 1028.599, 1610.803, 1196.707, 18.300
1226.883, 1029.067, 1612.064, 1195.112, 18.318
1228.058, 1029.531, 1613.326, 1193.493, 18.336
1229.239, 1029.988, 1614.592, 1191.741, 18.354
1230.384, 1030.484, 1615.840, 1189.959, 18.372
1231.576, 1030.929, 1617.112, 1188.092, 18.390
1232.772, 1031.369, 1618.385, 1186.217, 18.408
1233.928, 1031.854, 1619.639, 1184.551, 18.426
1235.127, 1032.291, 1620.914, 1182.640, 18.444
1236.326, 1032.728, 1622.189, 1181.053, 18.462
1237.482, 1033.212, 1623.442, 1179.395, 18.480
1238.677, 1033.653, 1624.716, 1177.947, 18.498
1239.836, 1034.135, 1625.971, 1176.541, 18.516
1241.040, 1034.566, 1627.250, 1174.990, 18.534
1242.248, 1034.994, 1628.531, 1173.427, 18.552
1243.414, 1035.467, 1629.789, 1171.873, 18.570
1244.623, 1035.893, 1631.070, 1170.270, 18.588
1245.797, 1036.357, 1632.333, 1168.836, 18.606
1246.974, 1036.819, 1633.596, 1167.265, 18.624
1248.188, 1037.239, 1634.881, 1165.781, 18.642
1249.363, 1037.702, 1636.144, 1164.218, 18.660
1250.536, 1038.168, 1637.406, 1162.640, 18.678
1251.709, 1038.634, 1638.667, 1161.112, 18.696
1252.884, 1039.097, 1639.930, 1159.633, 18.714
1254.065, 1039.554, 1641.197, 1158.049, 18.732
1255.253, 1040.003, 1642.467, 1156.570, 18.750
1256.439, 1040.454, 1643.736, 1154.925, 18.768
1257.625, 1040.905, 1645.005, 1153.511, 18.786
1258.814, 1041.354, 1646.275, 1152.159, 18.804
1260.008, 1041.796, 1647.549, 1150.758, 18.822
1261.210, 1042.230, 1648.826, 1149.191, 18.840
1262.376, 1042.704, 1650.084, 1147.560, 18.858
1263.587, 1043.127, 1651.367, 1146.043, 18.876
1264.801, 1043.548, 1652.651, 1144.552, 18.895
1266.019, 1043.964, 1653.938, 1142.958, 18.913
1267.244, 1044.372, 1655.229, 1141.434, 18.931
1268.432, 1044.821, 1656.498, 1139.854, 18.949
1269.665, 1045.221, 1657.794, 1138.313, 18.968
1270.865, 1045.656, 1659.071, 1136.997, 18.986
1272.068, 1046.089, 1660.349, 1135.489, 19.004
1273.275, 1046.516, 1661.630, 1134.059, 19.022
1274.489, 1046.937, 1662.914, 1132.470, 19.041
1275.744, 1047.312, 1664.223, 1130.844, 19.059
1276.963, 1047.727, 1665.511, 1129.384, 19.077
1278.181, 1048.143, 1666.798, 1127.664, 19.096
1279.400, 1048.558, 1668.085, 1126.095, 19.114
1280.621, 1048.970, 1669.375, 1124.477, 19.132
1281.847, 1049.377, 1670.666, 1122.718, 19.151
1283.080, 1049.777, 1671.962, 1121.129, 19.169
1284.273, 1050.220, 1673.234, 1119.512, 19.187
1285.509, 1050.617, 1674.532, 1117.932, 19.206
1286.709, 1051.053, 1675.808, 1116.332, 19.224
1287.953, 1051.439, 1677.111, 1114.716, 19.242
1289.198, 1051.826, 1678.414, 1113.210, 19.261
1290.444, 1052.211, 1679.718, 1111.720, 19.279
1291.694, 1052.591, 1681.024, 1110.183, 19.298
1292.903, 1053.018, 1682.305, 1108.823, 19.316
1294.151, 1053.400, 1683.610, 1107.334, 19.335
1295.360, 1053.826, 1684.892, 1105.995, 19.353
1296.612, 1054.205, 1686.199, 1104.686, 19.371
1297.827, 1054.623, 1687.485, 1103.506, 19.390
1299.088, 1054.992, 1688.798, 1102.376, 19.408
1300.315, 1055.398, 1690.090, 1101.143, 19.427
1301.543, 1055.803, 1691.383, 1099.975, 19.445
1302.773, 1056.206, 1692.677, 1098.906, 19.463
1304.005, 1056.606, 1693.973, 1097.854, 19.482
1305.241, 1057.002, 1695.271, 1096.781, 19.500
1306.481, 1057.394, 1696.571, 1095.666, 19.519
1307.760, 1057.742, 1697.896, 1094.566, 19.538
1309.000, 1058.134, 1699.196, 1093.550, 19.556
1310.281, 1058.481, 1700.522, 1092.511, 19.575
1311.525, 1058.868, 1701.824, 1091.469, 19.593
1312.766, 1059.258, 1703.126, 1090.343, 19.612
1314.005, 1059.650, 1704.426, 1089.105, 19.630
1315.211, 1060.081, 1705.704, 1088.094, 19.649
1316.461, 1060.460, 1707.012, 1086.952, 19.667
1317.712, 1060.840, 1708.319, 1085.844, 19.686
1318.964, 1061.218, 1709.627, 1084.705, 19.704
1320.218, 1061.595, 1710.935, 1083.491, 19.723
1321.474, 1061.968, 1712.246, 1082.313, 19.742
1322.701, 1062.375, 1713.538, 1081.105, 19.760
1323.977, 1062.726, 1714.861, 1079.961, 19.779
1325.225, 1063.109, 1716.166, 1078.740, 19.797
1326.477, 1063.488, 1717.474, 1077.426, 19.816
1327.733, 1063.861, 1718.785, 1076.287, 19.834
1328.994, 1064.230, 1720.099, 1075.128, 19.853
1330.260, 1064.593, 1721.415, 1073.996, 19.872
1331.529, 1064.952, 1722.735, 1072.887, 19.891
1332.837, 1065.269, 1724.078, 1071.697, 19.910
1334.103, 1065.632, 1725.396, 1070.518, 19.928
1335.408, 1065.952, 1726.738, 1069.267, 19.947
1336.673, 1066.316, 1728.054, 1068.028, 19.966
1337.943, 1066.674, 1729.374, 1066.873, 19.985
1339.220, 1067.025, 1730.698, 1065.639, 20.004
1340.503, 1067.369, 1732.026, 1064.379, 20.023
1341.792, 1067.706, 1733.359, 1063.128, 20.042
1343.088, 1068.037, 1734.695, 1061.977, 20.061
1344.389, 1068.360, 1736.036, 1060.783, 20.080
1345.650, 1068.729, 1737.349, 1059.628, 20.098
1346.950, 1069.054, 1738.689, 1058.412, 20.117
1348.209, 1069.425, 1740.001, 1057.139, 20.136
1349.505, 1069.755, 1741.338, 1055.848, 20.155
1350.759, 1070.131, 1742.647, 1054.596, 20.174
1352.050, 1070.466, 1743.981, 1053.328, 20.193
1353.345, 1070.798, 1745.317, 1051.892, 20.211
1354.643, 1071.125, 1746.655, 1050.482, 20.231
1355.897, 1071.500, 1747.965, 1049.129, 20.249
1357.155, 1071.873, 1749.276, 1047.724, 20.268
1358.414, 1072.243, 1750.588, 1046.394, 20.286
1359.675, 1072.612, 1751.901, 1045.026, 20.305
1360.981, 1072.930, 1753.246, 1043.609, 20.324
1362.255, 1073.284, 1754.567, 1042.162, 20.343
1363.574, 1073.588, 1755.920, 1040.838, 20.362
1364.859, 1073.930, 1757.250, 1039.488, 20.381
1366.189, 1074.223, 1758.610, 1037.974, 20.400
1367.484, 1074.554, 1759.947, 1036.494, 20.419
1368.789, 1074.873, 1761.290, 1034.977, 20.438
1370.104, 1075.182, 1762.640, 1033.512, 20.458
1371.381, 1075.532, 1763.965, 1032.061, 20.476
1372.699, 1075.838, 1765.317, 1030.692, 20.496
1373.976, 1076.189, 1766.641, 1029.274, 20.515
1375.291, 1076.497, 1767.992, 1027.831, 20.534
1376.610, 1076.802, 1769.345, 1026.436, 20.553
1377.931, 1077.104, 1770.700, 1025.051, 20.572
1379.254, 1077.404, 1772.056, 1023.665, 20.591
1380.545, 1077.740, 1773.389, 1022.218, 20.610
1381.881, 1078.025, 1774.756, 1020.804, 20.630
1383.182, 1078.349, 1776.096, 1019.430, 20.649
1384.527, 1078.625, 1777.468, 1018.017, 20.668
1385.833, 1078.944, 1778.813, 1016.691, 20.687
1387.146, 1079.254, 1780.162, 1015.326, 20.707
1388.465, 1079.559, 1781.516, 1013.902, 20.726
1389.787, 1079.859, 1782.872, 1012.532, 20.745
1391.112, 1080.158, 1784.229, 1011.131, 20.764
1392.436, 1080.457, 1785.587, 1009.808, 20.784
1393.725, 1080.794, 1786.918, 1008.474, 20.803
1395.056, 1081.085, 1788.281, 1007.012, 20.822
1396.394, 1081.368, 1789.649, 1005.659, 20.841
1397.738, 1081.645, 1791.020, 1004.124, 20.861
1399.085, 1081.919, 1792.394, 1002.604, 20.880
1400.400, 1082.227, 1793.745, 1001.104, 20.900
1401.761, 1082.484, 1795.130, 999.538, 20.919
1403.087, 1082.782, 1796.488, 997.950, 20.939
1404.453, 1083.034, 1797.876, 996.340, 20.958
1405.779, 1083.330, 1799.235, 994.886, 20.978
1407.109, 1083.623, 1800.597, 993.434, 20.997
1408.486, 1083.863, 1801.994, 991.966, 21.017
1409.829, 1084.141, 1803.365, 990.520, 21.036
1411.215, 1084.371, 1804.770, 989.007, 21.056
1412.562, 1084.644, 1806.144, 987.391, 21.076
1413.915, 1084.911, 1807.523, 985.827, 21.095
1415.270, 1085.175, 1808.904, 984.241, 21.115
1416.625, 1085.440, 1810.285, 982.620, 21.135
1417.945, 1085.744, 1811.638, 981.024, 21.154
1419.304, 1086.003, 1813.022, 979.499, 21.174
1420.668, 1086.258, 1814.409, 978.101, 21.193
1422.001, 1086.547, 1815.773, 976.719, 21.213
1423.378, 1086.787, 1817.170, 975.399, 21.233
1424.718, 1087.069, 1818.539, 974.072, 21.252
1426.096, 1087.307, 1819.938, 972.703, 21.272
1427.477, 1087.543, 1821.338, 971.419, 21.292
1428.824, 1087.816, 1822.713, 970.170, 21.311
1430.215, 1088.041, 1824.121, 968.855, 21.331
1431.566, 1088.310, 1825.499, 967.579, 21.351
1432.954, 1088.538, 1826.905, 966.320, 21.371
1434.343, 1088.765, 1828.312, 965.133, 21.391
1435.697, 1089.031, 1829.691, 963.952, 21.410
1437.058, 1089.289, 1831.077, 962.652, 21.430
1438.424, 1089.541, 1832.466, 961.422, 21.450
1439.791, 1089.792, 1833.856, 960.132, 21.470
1441.202, 1089.995, 1835.280, 958.853, 21.490
1442.575, 1090.240, 1836.674, 957.555, 21.510
1443.951, 1090.481, 1838.072, 956.190, 21.530
1445.329, 1090.720, 1839.470, 954.874, 21.549
1446.704, 1090.963, 1840.866, 953.463, 21.569
1448.086, 1091.198, 1842.268, 952.089, 21.589
1449.471, 1091.428, 1843.673, 950.672, 21.609
1450.857, 1091.659, 1845.077, 949.100, 21.629
1452.205, 1091.931, 1846.452, 947.555, 21.649
1453.593, 1092.160, 1847.858, 945.992, 21.669
1454.982, 1092.387, 1849.266, 944.377, 21.689
1456.336, 1092.652, 1850.645, 942.776, 21.708
1457.730, 1092.873, 1852.057, 941.129, 21.728
1459.128, 1093.090, 1853.471, 939.520, 21.748
1460.492, 1093.345, 1854.859, 937.919, 21.768
1461.866, 1093.589, 1856.254, 936.349, 21.788
1463.290, 1093.777, 1857.690, 934.795, 21.808
1464.682, 1094.000, 1859.099, 933.133, 21.828
1466.084, 1094.213, 1860.517, 931.513, 21.849
1467.491, 1094.420, 1861.939, 929.929, 21.869
1468.899, 1094.626, 1863.362, 928.325, 21.889
1470.316, 1094.822, 1864.793, 926.783, 21.909
1471.706, 1095.048, 1866.200, 925.271, 21.929
1473.142, 1095.223, 1867.647, 923.762, 21.950
1474.540, 1095.440, 1869.062, 922.255, 21.970
1475.942, 1095.653, 1870.480, 920.708, 21.990
1477.389, 1095.816, 1871.935, 919.138, 22.011
1478.843, 1095.971, 1873.396, 917.520, 22.032
1480.266, 1096.160, 1874.832, 915.864, 22.052
1481.699, 1096.338, 1876.276, 914.249, 22.072
1483.138, 1096.509, 1877.725, 912.600, 22.093
1484.577, 1096.681, 1879.174, 911.028, 22.114
1486.024, 1096.844, 1880.630, 909.501, 22.134
1487.441, 1097.041, 1882.060, 907.981, 22.155
1488.900, 1097.190, 1883.526, 906.538, 22.175
1490.364, 1097.334, 1884.997, 905.000, 22.196
1491.827, 1097.480, 1886.466, 903.495, 22.217
1493.283, 1097.632, 1887.930, 901.944, 22.238
1494.742, 1097.782, 1889.396, 900.348, 22.259
1496.163, 1097.973, 1890.830, 898.790, 22.279
1497.588, 1098.160, 1892.268, 897.274, 22.300
1499.057, 1098.299, 1893.743, 895.778, 22.321
1500.485, 1098.483, 1895.182, 894.349, 22.341
1501.912, 1098.668, 1896.621, 892.943, 22.362
1503.345, 1098.846, 1898.065, 891.571, 22.382
1504.825, 1098.973, 1899.549, 890.155, 22.403
1506.266, 1099.143, 1901.000, 888.755, 22.424
1507.708, 1099.310, 1902.453, 887.324, 22.444
1509.160, 1099.468, 1903.913, 885.859, 22.465
1510.581, 1099.660, 1905.346, 884.432, 22.486
1512.044, 1099.805, 1906.816, 883.044, 22.506
1513.510, 1099.947, 1908.289, 881.627, 22.527
1514.985, 1100.078, 1909.770, 880.239, 22.548
1516.431, 1100.243, 1911.225, 878.843, 22.569
1517.919, 1100.359, 1912.717, 877.463, 22.590
1519.412, 1100.472, 1914.213, 876.044, 22.612
1520.868, 1100.625, 1915.677, 874.657, 22.632
1522.328, 1100.774, 1917.145, 873.275, 22.653
1523.797, 1100.912, 1918.620, 871.891, 22.674
1525.316, 1100.995, 1920.140, 870.514, 22.696
1526.798, 1101.120, 1921.627, 869.152, 22.717
1528.282, 1101.241, 1923.116, 867.821, 22.738
1529.809, 1101.316, 1924.643, 866.503, 22.760
1531.339, 1101.387, 1926.174, 865.191, 22.782
1532.831, 1101.500, 1927.670, 863.846, 22.803
1534.326, 1101.609, 1929.169, 862.531, 22.824
1535.783, 1101.761, 1930.633, 861.184, 22.845
1537.242, 1101.912, 1932.099, 859.835, 22.866
1538.706, 1102.055, 1933.570, 858.505, 22.887
1540.215, 1102.149, 1935.082, 857.151, 22.908
1541.729, 1102.238, 1936.598, 855.781, 22.930
1543.206, 1102.367, 1938.081, 854.452, 22.951
1544.687, 1102.493, 1939.567, 853.137, 22.972
1546.175, 1102.611, 1941.060, 851.821, 22.993
1547.676, 1102.713, 1942.565, 850.499, 23.014
1549.183, 1102.810, 1944.074, 849.203, 23.036
1550.687, 1102.910, 1945.582, 847.852, 23.057
1552.194, 1103.006, 1947.092, 846.534, 23.079
1553.709, 1103.094, 1948.609, 845.199, 23.100
1555.237, 1103.168, 1950.138, 843.841, 23.122
1556.737, 1103.272, 1951.642, 842.464, 23.143
1558.247, 1103.366, 1953.154, 841.116, 23.165
1559.771, 1103.444, 1954.679, 839.775, 23.187
1561.313, 1103.501, 1956.222, 838.454, 23.209
1562.865, 1103.548, 1957.774, 837.150, 23.231
1564.418, 1103.593, 1959.328, 835.896, 23.253
1565.976, 1103.633, 1960.886, 834.618, 23.275
1567.545, 1103.662, 1962.455, 833.348, 23.297
1569.127, 1103.675, 1964.037, 832.071, 23.320
1570.681, 1103.720, 1965.592, 830.807, 23.342
1572.244, 1103.755, 1967.155, 829.584, 23.364
1573.819, 1103.776, 1968.730, 828.340, 23.386
1575.364, 1103.831, 1970.276, 827.122, 23.408
1576.947, 1103.843, 1971.859, 825.916, 23.431
1578.526, 1103.860, 1973.438, 824.722, 23.453
1580.104, 1103.878, 1975.016, 823.564, 23.476
1581.685, 1103.893, 1976.596, 822.394, 23.498
1583.271, 1103.902, 1978.183, 821.262, 23.521
1584.868, 1103.899, 1979.780, 820.110, 23.543
1586.431, 1103.934, 1981.343, 818.975, 23.565
1587.997, 1103.965, 1982.909, 817.885, 23.588
1589.568, 1103.991, 1984.480, 816.755, 23.610
1591.180, 1103.971, 1986.092, 815.655, 23.633
1592.758, 1103.990, 1987.670, 814.555, 23.655
1594.383, 1103.956, 1989.294, 813.438, 23.678
1595.932, 1104.006, 1990.844, 812.312, 23.700
1597.487, 1104.049, 1992.400, 811.168, 23.723
1599.084, 1104.046, 1993.996, 810.027, 23.745
1600.645, 1104.083, 1995.557, 808.917, 23.767
1602.218, 1104.107, 1997.130, 807.829, 23.790
1603.838, 1104.078, 1998.751, 806.757, 23.813
1605.462, 1104.045, 2000.375, 805.681, 23.836
1607.093, 1104.005, 2002.005, 804.634, 23.859
1608.732, 1103.955, 2003.645, 803.612, 23.882
1610.303, 1103.982, 2005.215, 802.558, 23.905
1611.886, 1103.994, 2006.798, 801.493, 23.927
1613.482, 1103.992, 2008.394, 800.420, 23.950
1615.092, 1103.974, 2010.005, 799.356, 23.973
1616.718, 1103.940, 2011.630, 798.328, 23.996
1618.359, 1103.888, 2013.272, 797.311, 24.019
1620.017, 1103.817, 2014.931, 796.316, 24.043
1621.693, 1103.727, 2016.608, 795.342, 24.067
1623.421, 1103.580, 2018.338, 794.386, 24.091
1625.109, 1103.476, 2020.028, 793.462, 24.115
1626.759, 1103.415, 2021.678, 792.530, 24.139
1628.416, 1103.345, 2023.337, 791.572, 24.162
1630.082, 1103.266, 2025.004, 790.622, 24.186
1631.755, 1103.179, 2026.679, 789.657, 24.210
1633.437, 1103.083, 2028.362, 788.732, 24.234
1635.126, 1102.978, 2030.055, 787.837, 24.258
1636.823, 1102.864, 2031.756, 786.967, 24.282
1638.529, 1102.741, 2033.466, 786.155, 24.306
1640.195, 1102.662, 2035.134, 785.343, 24.330
1641.902, 1102.537, 2036.845, 784.569, 24.354
1643.570, 1102.456, 2038.514, 783.817, 24.378
1645.277, 1102.332, 2040.226, 783.077, 24.402
1646.990, 1102.200, 2041.944, 782.369, 24.427
1648.663, 1102.114, 2043.619, 781.672, 24.450
1650.374, 1101.984, 2045.335, 780.994, 24.475
1652.091, 1101.849, 2047.057, 780.312, 24.499
1653.766, 1101.759, 2048.735, 779.673, 24.523
1655.433, 1101.679, 2050.403, 779.100, 24.547
1657.090, 1101.610, 2052.061, 778.533, 24.570
1658.736, 1101.553, 2053.707, 777.979, 24.594
1660.384, 1101.494, 2055.356, 777.465, 24.617
1662.046, 1101.419, 2057.020, 776.950, 24.641
1663.721, 1101.329, 2058.697, 776.463, 24.665
1665.409, 1101.226, 2060.388, 775.999, 24.689
1667.108, 1101.110, 2062.091, 775.540, 24.713
1668.785, 1101.019, 2063.770, 775.088, 24.737
1670.483, 1100.904, 2065.473, 774.640, 24.761
1672.202, 1100.767, 2067.197, 774.233, 24.786
1673.893, 1100.660, 2068.891, 773.833, 24.810
1675.587, 1100.550, 2070.588, 773.433, 24.834
1677.293, 1100.426, 2072.299, 773.047, 24.858
1679.024, 1100.276, 2074.036, 772.662, 24.883
1680.776, 1100.102, 2075.796, 772.256, 24.908
1682.546, 1099.907, 2077.577, 771.895, 24.933
1684.333, 1099.695, 2079.375, 771.536, 24.959
1686.132, 1099.468, 2081.187, 771.186, 24.984
1687.909, 1099.266, 2082.975, 770.842, 25.000
1689.706, 1099.042, 2084.786, 770.519, 25.000
1691.520, 1098.799, 2086.615, 770.210, 25.000
1693.348, 1098.542, 2088.459, 769.910, 25.000
1695.151, 1098.310, 2090.276, 769.601, 25.000
1696.973, 1098.059, 2092.115, 769.293, 25.000
1698.810, 1097.791, 2093.969, 768.968, 25.000
1700.656, 1097.513, 2095.835, 768.673, 25.000
1702.507, 1097.229, 2097.707, 768.389, 25.000
1704.359, 1096.944, 2099.579, 768.136, 25.000
1706.174, 1096.700, 2101.411, 767.876, 25.000
1707.994, 1096.451, 2103.247, 767.644, 25.000
1709.779, 1096.239, 2105.045, 767.448, 25.000
1711.571, 1096.022, 2106.849, 767.267, 25.000
1713.376, 1095.789, 2108.669, 767.090, 25.000
1715.201, 1095.534, 2110.512, 766.940, 25.000
1717.040, 1095.263, 2112.371, 766.792, 25.000
1718.888, 1094.983, 2114.239, 766.684, 25.000
1720.703, 1094.739, 2116.071, 766.602, 25.000
1722.573, 1094.434, 2117.966, 766.541, 25.000
1724.459, 1094.112, 2119.877, 766.497, 25.000
1726.353, 1093.781, 2121.800, 766.468, 25.000
1728.250, 1093.446, 2123.725, 766.460, 25.000
1730.110, 1093.153, 2125.608, 766.477, 25.000
1731.986, 1092.842, 2127.509, 766.505, 25.000
1733.883, 1092.506, 2129.436, 766.561, 25.000
1735.796, 1092.154, 2131.381, 766.669, 25.000
1737.684, 1091.830, 2133.295, 766.795, 25.000
1739.585, 1091.492, 2135.226, 766.949, 25.000
1741.491, 1091.147, 2137.162, 767.117, 25.000
1743.407, 1090.791, 2139.111, 767.311, 25.000
1745.340, 1090.417, 2141.079, 767.517, 25.000
1747.281, 1090.034, 2143.056, 767.751, 25.000
1749.188, 1089.688, 2144.994, 768.002, 25.000
1751.146, 1089.286, 2146.992, 768.277, 25.000
1753.081, 1088.910, 2148.963, 768.564, 25.000
1754.996, 1088.555, 2150.910, 768.893, 25.000
1756.929, 1088.181, 2152.879, 769.223, 25.000
1758.870, 1087.798, 2154.858, 769.573, 25.000
1760.776, 1087.454, 2156.794, 769.923, 25.000
1762.729, 1087.057, 2158.787, 770.322, 25.000
1764.653, 1086.692, 2160.746, 770.732, 25.000
1766.631, 1086.268, 2162.768, 771.174, 25.000
1768.587, 1085.869, 2164.764, 771.648, 25.000
1770.602, 1085.404, 2166.831, 772.154, 25.000
1772.601, 1084.957, 2168.879, 772.687, 25.000
1774.619, 1084.489, 2170.950, 773.257, 25.000
1776.612, 1084.047, 2172.991, 773.816, 25.000
1778.663, 1083.543, 2175.102, 774.399, 25.000
1780.728, 1083.023, 2177.229, 774.992, 25.000
1782.761, 1082.538, 2179.319, 775.643, 25.000
1784.765, 1082.085, 2181.373, 776.319, 25.000
1786.775, 1081.626, 2183.435, 777.044, 25.000
1788.791, 1081.160, 2185.503, 777.809, 25.000
1790.827, 1080.672, 2187.597, 778.619, 25.000
1792.851, 1080.197, 2189.676, 779.464, 25.000
1794.896, 1079.699, 2191.780, 780.345, 25.000
1796.963, 1079.177, 2193.911, 781.247, 25.000
1799.017, 1078.668, 2196.028, 782.183, 25.000
1801.092, 1078.138, 2198.169, 783.152, 25.000
1803.186, 1077.585, 2200.335, 784.174, 25.000
1805.265, 1077.049, 2202.482, 785.241, 25.000
1807.361, 1076.495, 2204.650, 786.343, 25.000
1809.472, 1075.924, 2206.837, 787.485, 25.000
1811.563, 1075.375, 2208.998, 788.652, 25.000
1813.678, 1074.799, 2211.190, 789.864, 25.000
1815.827, 1074.186, 2213.425, 791.101, 25.000
1818.008, 1073.537, 2215.699, 792.368, 25.000
1820.172, 1072.908, 2217.952, 793.673, 25.000
1822.361, 1072.250, 2220.237, 795.036, 25.000
1824.539, 1071.605, 2222.508, 796.428, 25.000
1826.782, 1070.889, 2224.860, 797.869, 25.000
1829.005, 1070.194, 2227.188, 799.334, 25.000
1831.251, 1069.473, 2229.546, 800.848, 25.000
1833.483, 1068.769, 2231.884, 802.400, 25.000
1835.740, 1068.036, 2234.257, 804.006, 25.000
1837.986, 1067.316, 2236.614, 805.642, 25.000
1840.294, 1066.528, 2239.049, 807.318, 25.000
1842.577, 1065.766, 2241.455, 809.042, 25.000
1844.831, 1065.037, 2243.824, 810.836, 25.000
1847.095, 1064.298, 2246.205, 812.664, 25.000
1849.374, 1063.540, 2248.607, 814.564, 25.000
1851.629, 1062.810, 2250.977, 816.503, 25.000
1853.931, 1062.028, 2253.409, 818.532, 25.000
1856.241, 1061.237, 2255.850, 820.624, 25.000
1858.564, 1060.432, 2258.308, 822.782, 25.000
1860.826, 1059.694, 2260.687, 824.981, 25.000
1863.112, 1058.929, 2263.098, 827.230, 25.000
1865.426, 1058.133, 2265.545, 829.538, 25.000
1867.727, 1057.353, 2267.974, 831.940, 25.000
1870.050, 1056.547, 2270.433, 834.394, 25.000
1872.367, 1055.749, 2272.883, 836.937, 25.000
1874.679, 1054.956, 2275.328, 839.562, 25.000
1877.022, 1054.128, 2277.813, 842.301, 25.000
1879.398, 1053.264, 2280.340, 845.125, 25.000
1881.809, 1052.362, 2282.913, 848.020, 25.000
1884.255, 1051.420, 2285.533, 850.969, 25.000
1886.694, 1050.487, 2288.142, 853.971, 25.000
1889.124, 1049.563, 2290.741, 857.048, 25.000
1891.593, 1048.596, 2293.391, 860.207, 25.000
1894.101, 1047.586, 2296.092, 863.449, 25.000
1896.602, 1046.585, 2298.786, 866.790, 25.000
1899.094, 1045.593, 2301.468, 870.244, 25.000
1901.622, 1044.561, 2304.198, 873.810, 25.000
1904.151, 1043.528, 2306.930, 877.479, 25.000
1906.725, 1042.445, 2309.723, 881.194, 25.000
1909.342, 1041.315, 2312.573, 884.983, 25.000
1911.918, 1040.229, 2315.368, 888.843, 25.000
1914.497, 1039.142, 2318.167, 892.786, 25.000
1917.118, 1038.006, 2321.023, 896.834, 25.000
1919.745, 1036.865, 2323.886, 900.991, 25.000
1922.416, 1035.675, 2326.810, 905.247, 25.000
1925.093, 1034.478, 2329.742, 909.633, 25.000
1927.735, 1033.320, 2332.626, 914.105, 25.000
1930.413, 1032.123, 2335.560, 918.687, 25.000
1933.085, 1030.931, 2338.485, 923.324, 25.000
1935.835, 1029.654, 2341.516, 928.047, 25.000
1938.724, 1028.297, 2344.706, 932.859, 25.000
1941.663, 1026.914, 2347.952, 937.732, 25.000
1944.622, 1025.518, 2351.222, 942.668, 25.000
1947.574, 1024.121, 2354.487, 947.681, 25.000
1950.541, 1022.685, 2357.781, 952.741, 25.000
1953.405, 1021.270, 2360.973, 957.848, 25.000
1956.271, 1019.841, 2364.175, 962.963, 25.000
1959.059, 1018.449, 2367.291, 968.114, 25.000
1961.750, 1017.103, 2370.300, 973.264, 25.000
1964.328, 1015.813, 2373.183, 978.470, 25.000
1966.777, 1014.588, 2375.921, 983.761, 25.000
1969.068, 1013.398, 2378.503, 989.136, 25.000
1971.284, 1012.241, 2381.002, 994.663, 25.000
1973.355, 1011.165, 2383.336, 1000.399, 25.000
1975.271, 1010.176, 2385.492, 1006.334, 25.000
1977.074, 1009.229, 2387.529, 1012.528, 25.000
1978.725, 1008.365, 2389.392, 1018.998, 25.000
1980.207, 1007.550, 2391.082, 1025.796, 25.000
1981.475, 1006.855, 2392.527, 1032.969, 25.000
1982.564, 1006.268, 2393.764, 1040.619, 25.000
1983.554, 1005.721, 2394.895, 1048.853, 25.000
1984.631, 1005.109, 2396.133, 1057.748, 25.000
1985.704, 1004.515, 2397.359, 1067.360, 25.000
1986.820, 1003.890, 2398.637, 1077.774, 25.000
1987.948, 1003.271, 2399.924, 1089.074, 25.000
1989.141, 1002.608, 2401.288, 1101.345, 25.000
1990.419, 1001.885, 2402.755, 1114.665, 25.000
1991.758, 1001.138, 2404.288, 1129.097, 25.000
1993.152, 1000.322, 2405.903, 1144.757, 25.000
1994.572, 999.505, 2407.542, 1161.777, 25.000
1996.061, 998.644, 2409.262, 1180.315, 25.000
1997.593, 997.759, 2411.031, 1200.532, 25.000
1999.154, 996.850, 2412.838, 1222.590, 25.000
2000.734, 995.922, 2414.670, 1246.705, 25.000
2002.320, 994.978, 2416.515, 1273.075, 25.000
2003.984, 994.005, 2418.443, 1301.953, 25.000
2005.638, 993.028, 2420.365, 1333.574, 25.000
2007.255, 992.060, 2422.248, 1368.209, 25.000
2008.824, 991.108, 2424.084, 1406.216, 25.000
2010.336, 990.173, 2425.861, 1447.974, 25.000
2011.782, 989.260, 2427.571, 1493.923, 25.000
2013.143, 988.404, 2429.178, 1544.549, 25.000
2014.462, 987.566, 2430.740, 1600.369, 25.000
2015.713, 986.762, 2432.225, 1661.954, 25.000
2016.883, 985.996, 2433.623, 1729.986, 25.000
2017.963, 985.273, 2434.922, 1805.151, 25.000
2018.943, 984.598, 2436.110, 1888.244, 25.000
2019.803, 984.008, 2437.151, 1980.125, 25.000
2020.777, 983.355, 2438.322, 2081.827, 25.000
2021.837, 982.665, 2439.587, 2194.411, 25.000
2023.015, 981.920, 2440.980, 2319.086, 25.000
2024.153, 981.210, 2442.322, 2457.147, 25.000
2025.285, 980.504, 2443.656, 2610.087, 25.000
2026.406, 979.802, 2444.979, 2779.565, 25.000
2027.413, 979.151, 2446.178, 2967.423, 25.000
2028.473, 978.456, 2447.446, 3175.728, 25.000
2029.523, 977.760, 2448.705, 3406.722, 25.000
2030.554, 977.063, 2449.949, 3662.877, 25.000
2031.650, 976.354, 2451.254, 3947.028, 25.000
2032.876, 975.577, 2452.706, 4262.246, 25.000
2034.077, 974.821, 2454.125, 4611.968, 25.000
2035.193, 974.104, 2455.452, 5000.000, 0.000
2036.394, 973.329, 2456.880, 5000.000, 0.000
2037.617, 972.542, 2458.335, 5000.000, 0.000
2038.857, 971.741, 2459.811, 5000.000, 0.000
2040.109, 970.928, 2461.304, 5000.000, 0.000
2041.311, 970.145, 2462.738, 5000.000, 0.000
2042.499, 969.366, 2464.159, 5000.000, 0.000
2043.710, 968.564, 2465.611, 5000.000, 0.000
2044.879, 967.779, 2467.019, 5000.000, 0.000
2046.004, 967.014, 2468.379, 5000.000, 0.000
2047.212, 966.203, 2469.834, 5000.000, 0.000
2048.349, 965.436, 2471.206, 5000.000, 0.000
2049.497, 964.656, 2472.594, 5000.000, 0.000
2050.599, 963.907, 2473.926, 5000.000, 0.000
2051.653, 963.189, 2475.201, 5000.000, 0.000
2052.656, 962.502, 2476.417, 5000.000, 0.000
2053.739, 961.777, 2477.720, 5000.000, 0.000
2054.747, 961.102, 2478.933, 5000.000, 0.000
2055.720, 960.446, 2480.108, 5000.000, 0.000
2056.594, 959.815, 2481.184, 5000.000, 0.000
2057.493, 959.166, 2482.293, 5000.000, 0.000
2058.360, 958.539, 2483.362, 5000.000, 0.000
2059.193, 957.934, 2484.392, 5000.000, 0.000
2060.126, 957.282, 2485.530, 5000.000, 0.000
2061.006, 956.671, 2486.601, 5000.000, 0.000
2061.874, 956.069, 2487.658, 5000.000, 0.000
2062.635, 955.522, 2488.594, 5000.000, 0.000
2063.460, 954.933, 2489.609, 5000.000, 0.000
2064.292, 954.342, 2490.629, 5000.000, 0.000
2065.130, 953.749, 2491.655, 5000.000, 0.000
2066.106, 953.087, 2492.835, 5000.000, 0.000
2067.069, 952.442, 2493.993, 5000.000, 0.000
2068.059, 951.783, 2495.182, 5000.000, 0.000
2068.980, 951.155, 2496.297, 5000.000, 0.000
2070.004, 950.461, 2497.534, 5000.000, 0.000
2071.077, 949.745, 2498.824, 5000.000, 0.000
2072.195, 949.004, 2500.166, 5000.000, 0.000
2073.300, 948.279, 2501.487, 5000.000, 0.000
2074.432, 947.541, 2502.838, 5000.000, 0.000
2075.588, 946.789, 2504.217, 5000.000, 0.000
2076.766, 946.024, 2505.622, 5000.000, 0.000
2077.965, 945.245, 2507.051, 5000.000, 0.000
2079.024, 944.538, 2508.325, 5000.000, 0.000
2080.151, 943.776, 2509.686, 5000.000, 0.000
2081.287, 943.003, 2511.059, 5000.000, 0.000
2082.424, 942.220, 2512.440, 5000.000, 0.000
2083.559, 941.427, 2513.824, 5000.000, 0.000
2084.686, 940.625, 2515.206, 5000.000, 0.000
2085.801, 939.816, 2516.583, 5000.000, 0.000
2087.028, 938.956, 2518.081, 5000.000, 0.000
2088.187, 938.139, 2519.499, 5000.000, 0.000
2089.316, 937.336, 2520.884, 5000.000, 0.000
2090.414, 936.549, 2522.234, 5000.000, 0.000
2091.477, 935.779, 2523.547, 5000.000, 0.000
2092.546, 934.999, 2524.870, 5000.000, 0.000
2093.563, 934.251, 2526.132, 5000.000, 0.000
2094.659, 933.469, 2527.478, 5000.000, 0.000
2095.682, 932.741, 2528.733, 5000.000, 0.000
2096.671, 932.037, 2529.948, 5000.000, 0.000
2097.627, 931.355, 2531.122, 5000.000, 0.000
2098.452, 930.743, 2532.149, 5000.000, 0.000
2099.319, 930.106, 2533.225, 5000.000, 0.000
2100.169, 929.484, 2534.278, 5000.000, 0.000
2101.133, 928.813, 2535.453, 5000.000, 0.000
2102.060, 928.180, 2536.575, 5000.000, 0.000
2102.987, 927.552, 2537.694, 5000.000, 0.000
2103.912, 926.928, 2538.809, 5000.000, 0.000
2104.736, 926.353, 2539.815, 5000.000, 0.000
2105.633, 925.731, 2540.905, 5000.000, 0.000
2106.542, 925.105, 2542.009, 5000.000, 0.000
2107.460, 924.472, 2543.124, 5000.000, 0.000
2108.383, 923.832, 2544.247, 5000.000, 0.000
2109.446, 923.120, 2545.526, 5000.000, 0.000
2110.494, 922.422, 2546.785, 5000.000, 0.000
2111.567, 921.708, 2548.074, 5000.000, 0.000
2112.566, 921.022, 2549.286, 5000.000, 0.000
2113.664, 920.270, 2550.617, 5000.000, 0.000
2114.801, 919.492, 2551.994, 5000.000, 0.000
2115.975, 918.689, 2553.417, 5000.000, 0.000
2117.126, 917.902, 2554.811, 5000.000, 0.000
2118.295, 917.105, 2556.226, 5000.000, 0.000
2119.479, 916.298, 2557.658, 5000.000, 0.000
2120.579, 915.530, 2559.000, 5000.000, 0.000
2121.766, 914.708, 2560.444, 5000.000, 0.000
2122.921, 913.917, 2561.844, 5000.000, 0.000
2124.078, 913.128, 2563.244, 5000.000, 0.000
2125.232, 912.343, 2564.640, 5000.000, 0.000
2126.376, 911.563, 2566.024, 5000.000, 0.000
2127.503, 910.790, 2567.391, 5000.000, 0.000
2128.607, 910.024, 2568.735, 5000.000, 0.000
2129.817, 909.202, 2570.198, 5000.000, 0.000
2130.878, 908.458, 2571.493, 5000.000, 0.000
2131.998, 907.670, 2572.863, 5000.000, 0.000
2133.118, 906.883, 2574.232, 5000.000, 0.000
2134.233, 906.100, 2575.594, 5000.000, 0.000
2135.335, 905.322, 2576.943, 5000.000, 0.000
2136.419, 904.550, 2578.273, 5000.000, 0.000
2137.614, 903.721, 2579.728, 5000.000, 0.000
2138.762, 902.925, 2581.125, 5000.000, 0.000
2139.900, 902.131, 2582.512, 5000.000, 0.000
2140.956, 901.348, 2583.827, 5000.000, 0.000
2142.054, 900.534, 2585.193, 5000.000, 0.000
2143.132, 899.733, 2586.537, 5000.000, 0.000
2144.186, 898.945, 2587.852, 5000.000, 0.000
2145.211, 898.172, 2589.136, 5000.000, 0.000
2146.339, 897.350, 2590.531, 5000.000, 0.000
2147.414, 896.570, 2591.860, 5000.000, 0.000
2148.516, 895.771, 2593.221, 5000.000, 0.000
2149.584, 894.995, 2594.541, 5000.000, 0.000
2150.616, 894.242, 2595.819, 5000.000, 0.000
2151.613, 893.513, 2597.054, 5000.000, 0.000
2152.572, 892.809, 2598.243, 5000.000, 0.000
2153.671, 892.037, 2599.586, 5000.000, 0.000
2154.698, 891.324, 2600.836, 5000.000, 0.000
2155.692, 890.637, 2602.044, 5000.000, 0.000
2156.655, 889.975, 2603.213, 5000.000, 0.000
2157.587, 889.336, 2604.342, 5000.000, 0.000
2158.530, 888.690, 2605.485, 5000.000, 0.000
2159.426, 888.074, 2606.572, 5000.000, 0.000
2160.276, 887.486, 2607.605, 5000.000, 0.000
2161.081, 886.924, 2608.587, 5000.000, 0.000
2161.981, 886.321, 2609.670, 5000.000, 0.000
2162.867, 885.735, 2610.733, 5000.000, 0.000
2163.727, 885.172, 2611.760, 5000.000, 0.000
2164.561, 884.628, 2612.756, 5000.000, 0.000
2165.373, 884.097, 2613.726, 5000.000, 0.000
2166.164, 883.574, 2614.675, 5000.000, 0.000
2166.937, 883.054, 2615.606, 5000.000, 0.000
2167.694, 882.531, 2616.525, 5000.000, 0.000
2168.475, 881.970, 2617.487, 5000.000, 0.000
2169.320, 881.395, 2618.509, 5000.000, 0.000
2170.113, 880.853, 2619.470, 5000.000, 0.000
2170.901, 880.310, 2620.427, 5000.000, 0.000
2171.689, 879.761, 2621.387, 5000.000, 0.000
2172.482, 879.202, 2622.357, 5000.000, 0.000
2173.325, 878.599, 2623.393, 5000.000, 0.000
2174.166, 877.986, 2624.433, 5000.000, 0.000
2174.955, 877.403, 2625.414, 5000.000, 0.000
2175.740, 876.816, 2626.393, 5000.000, 0.000
2176.528, 876.223, 2627.378, 5000.000, 0.000
2177.368, 875.591, 2628.428, 5000.000, 0.000
2178.210, 874.960, 2629.480, 5000.000, 0.000
2179.000, 874.364, 2630.470, 5000.000, 0.000
2179.788, 873.771, 2631.456, 5000.000, 0.000
2180.580, 873.177, 2632.445, 5000.000, 0.000
2181.380, 872.579, 2633.444, 5000.000, 0.000
2182.236, 871.943, 2634.511, 5000.000, 0.000
2183.036, 871.345, 2635.510, 5000.000, 0.000
2183.830, 870.754, 2636.500, 5000.000, 0.000
2184.624, 870.166, 2637.488, 5000.000, 0.000
2185.425, 869.580, 2638.480, 5000.000, 0.000
2186.282, 868.962, 2639.537, 5000.000, 0.000
2187.086, 868.392, 2640.522, 5000.000, 0.000
2187.880, 867.833, 2641.493, 5000.000, 0.000
2188.670, 867.280, 2642.456, 5000.000, 0.000
2189.460, 866.730, 2643.419, 5000.000, 0.000
2190.254, 866.177, 2644.387, 5000.000, 0.000
2191.099, 865.585, 2645.418, 5000.000, 0.000
2191.941, 864.991, 2646.448, 5000.000, 0.000
2192.731, 864.434, 2647.415, 5000.000, 0.000
2193.515, 863.878, 2648.376, 5000.000, 0.000
2194.298, 863.320, 2649.338, 5000.000, 0.000
2195.131, 862.728, 2650.359, 5000.000, 0.000
2195.960, 862.139, 2651.376, 5000.000, 0.000
2196.792, 861.547, 2652.397, 5000.000, 0.000
2197.576, 860.989, 2653.359, 5000.000, 0.000
2198.360, 860.433, 2654.321, 5000.000, 0.000
2199.150, 859.876, 2655.287, 5000.000, 0.000
2199.854, 859.359, 2656.161, 5000.000, 0.000
2200.652, 858.785, 2657.143, 5000.000, 0.000
2201.429, 858.232, 2658.098, 5000.000, 0.000
2202.230, 857.665, 2659.079, 5000.000, 0.000
2203.057, 857.083, 2660.090, 5000.000, 0.000
2203.913, 856.484, 2661.135, 5000.000, 0.000
2204.845, 855.835, 2662.270, 5000.000, 0.000
2205.799, 855.177, 2663.429, 5000.000, 0.000
2206.721, 854.546, 2664.547, 5000.000, 0.000
2207.658, 853.912, 2665.677, 5000.000, 0.000
2208.610, 853.272, 2666.825, 5000.000, 0.000
2209.582, 852.622, 2667.994, 5000.000, 0.000
2210.576, 851.960, 2669.188, 5000.000, 0.000
2211.575, 851.291, 2670.389, 5000.000, 0.000
2212.565, 850.626, 2671.582, 5000.000, 0.000
2213.548, 849.960, 2672.770, 5000.000, 0.000
2214.529, 849.291, 2673.957, 5000.000, 0.000
2215.508, 848.616, 2675.146, 5000.000, 0.000
2216.490, 847.932, 2676.343, 5000.000, 0.000
2217.322, 847.326, 2677.372, 5000.000, 0.000
2218.224, 846.672, 2678.486, 5000.000, 0.000
2219.140, 846.013, 2679.614, 5000.000, 0.000
2220.070, 845.348, 2680.758, 5000.000, 0.000
2221.015, 844.676, 2681.918, 5000.000, 0.000
2221.917, 844.034, 2683.025, 5000.000, 0.000
2222.815, 843.392, 2684.128, 5000.000, 0.000
2223.707, 842.749, 2685.228, 5000.000, 0.000
2224.495, 842.150, 2686.217, 5000.000, 0.000
2225.352, 841.500, 2687.293, 5000.000, 0.000
2226.218, 840.840, 2688.381, 5000.000, 0.000
2227.226, 840.105, 2689.629, 5000.000, 0.000
2228.223, 839.382, 2690.860, 5000.000, 0.000
2229.252, 838.644, 2692.127, 5000.000, 0.000
2230.313, 837.891, 2693.428, 5000.000, 0.000
2231.310, 837.169, 2694.659, 5000.000, 0.000
2232.416, 836.385, 2696.014, 5000.000, 0.000
2233.515, 835.622, 2697.352, 5000.000, 0.000
2234.641, 834.849, 2698.718, 5000.000, 0.000
2235.793, 834.066, 2700.110, 5000.000, 0.000
2236.965, 833.273, 2701.524, 5000.000, 0.000
2238.153, 832.470, 2702.958, 5000.000, 0.000
2239.354, 831.658, 2704.408, 5000.000, 0.000
2240.604, 830.804, 2705.921, 5000.000, 0.000
2241.787, 829.995, 2707.355, 5000.000, 0.000
2242.942, 829.201, 2708.756, 5000.000, 0.000
2244.066, 828.423, 2710.123, 5000.000, 0.000
2245.156, 827.663, 2711.452, 5000.000, 0.000
2246.208, 826.920, 2712.739, 5000.000, 0.000
2247.261, 826.166, 2714.034, 5000.000, 0.000
2248.390, 825.377, 2715.412, 5000.000, 0.000
2249.443, 824.641, 2716.697, 5000.000, 0.000
2250.459, 823.926, 2717.939, 5000.000, 0.000
2251.436, 823.232, 2719.137, 5000.000, 0.000
2252.373, 822.557, 2720.292, 5000.000, 0.000
2253.174, 821.948, 2721.298, 5000.000, 0.000
2254.010, 821.309, 2722.349, 5000.000, 0.000
2254.820, 820.680, 2723.373, 5000.000, 0.000
2255.738, 819.996, 2724.517, 5000.000, 0.000
2256.612, 819.348, 2725.605, 5000.000, 0.000
2257.482, 818.703, 2726.689, 5000.000, 0.000
2258.393, 818.034, 2727.818, 5000.000, 0.000
2259.287, 817.382, 2728.924, 5000.000, 0.000
2260.165, 816.747, 2730.009, 5000.000, 0.000
2261.026, 816.124, 2731.071, 5000.000, 0.000
2262.006, 815.448, 2732.262, 5000.000, 0.000
2262.954, 814.804, 2733.407, 5000.000, 0.000
2263.909, 814.158, 2734.560, 5000.000, 0.000
2264.912, 813.476, 2735.773, 5000.000, 0.000
2265.908, 812.796, 2736.979, 5000.000, 0.000
2266.898, 812.115, 2738.181, 5000.000, 0.000
2267.887, 811.431, 2739.384, 5000.000, 0.000
2268.877, 810.740, 2740.591, 5000.000, 0.000
2269.859, 810.056, 2741.787, 5000.000, 0.000
2270.818, 809.388, 2742.956, 5000.000, 0.000
2271.758, 808.732, 2744.102, 5000.000, 0.000
2272.681, 808.087, 2745.229, 5000.000, 0.000
2273.590, 807.447, 2746.340, 5000.000, 0.000
2274.488, 806.812, 2747.440, 5000.000, 0.000
2275.360, 806.190, 2748.511, 5000.000, 0.000
2276.194, 805.589, 2749.539, 5000.000, 0.000
2276.992, 805.008, 2750.526, 5000.000, 0.000
2277.757, 804.443, 2751.476, 5000.000, 0.000
2278.491, 803.891, 2752.394, 5000.000, 0.000
2279.197, 803.349, 2753.283, 5000.000, 0.000
2279.916, 802.796, 2754.189, 5000.000, 0.000
2280.673, 802.222, 2755.139, 5000.000, 0.000
2281.456, 801.638, 2756.116, 5000.000, 0.000
2282.270, 801.043, 2757.125, 5000.000, 0.000
2283.117, 800.433, 2758.168, 5000.000, 0.000
2284.002, 799.808, 2759.251, 5000.000, 0.000
2284.867, 799.204, 2760.307, 5000.000, 0.000
2285.692, 798.598, 2761.330, 5000.000, 0.000
2286.604, 797.943, 2762.453, 5000.000, 0.000
2287.547, 797.279, 2763.606, 5000.000, 0.000
2288.522, 796.603, 2764.792, 5000.000, 0.000
2289.529, 795.912, 2766.013, 5000.000, 0.000
2290.569, 795.202, 2767.272, 5000.000, 0.000
2291.587, 794.515, 2768.500, 5000.000, 0.000
2292.666, 793.790, 2769.800, 5000.000, 0.000
2293.753, 793.067, 2771.105, 5000.000, 0.000
2294.848, 792.345, 2772.416, 5000.000, 0.000
2295.954, 791.622, 2773.736, 5000.000, 0.000
2297.012, 790.936, 2774.997, 5000.000, 0.000
2298.065, 790.255, 2776.250, 5000.000, 0.000
2299.151, 789.546, 2777.547, 5000.000, 0.000
2300.217, 788.851, 2778.819, 5000.000, 0.000
2301.263, 788.166, 2780.068, 5000.000, 0.000
2302.289, 787.489, 2781.298, 5000.000, 0.000
2303.241, 786.860, 2782.440, 5000.000, 0.000
2304.160, 786.246, 2783.544, 5000.000, 0.000
2304.948, 785.693, 2784.506, 5000.000, 0.000
2305.779, 785.105, 2785.524, 5000.000, 0.000
2306.597, 784.525, 2786.527, 5000.000, 0.000
2307.399, 783.950, 2787.513, 5000.000, 0.000
2308.318, 783.313, 2788.632, 5000.000, 0.000
2309.202, 782.700, 2789.708, 5000.000, 0.000
2310.090, 782.079, 2790.792, 5000.000, 0.000
2310.983, 781.447, 2791.885, 5000.000, 0.000
2311.879, 780.803, 2792.988, 5000.000, 0.000
2312.817, 780.111, 2794.153, 5000.000, 0.000
2313.740, 779.411, 2795.311, 5000.000, 0.000
2314.738, 778.687, 2796.544, 5000.000, 0.000
2315.695, 777.989, 2797.728, 5000.000, 0.000
2316.654, 777.287, 2798.917, 5000.000, 0.000
2317.523, 776.627, 2800.008, 5000.000, 0.000
2318.479, 775.913, 2801.200, 5000.000, 0.000
2319.461, 775.185, 2802.422, 5000.000, 0.000
2320.472, 774.441, 2803.677, 5000.000, 0.000
2321.454, 773.723, 2804.894, 5000.000, 0.000
2322.451, 773.002, 2806.124, 5000.000, 0.000
2323.503, 772.248, 2807.418, 5000.000, 0.000
2324.552, 771.500, 2808.707, 5000.000, 0.000
2325.599, 770.758, 2809.991, 5000.000, 0.000
2326.646, 770.020, 2811.271, 5000.000, 0.000
2327.636, 769.328, 2812.479, 5000.000, 0.000
2328.652, 768.623, 2813.715, 5000.000, 0.000
2329.637, 767.945, 2814.911, 5000.000, 0.000
2330.592, 767.293, 2816.067, 5000.000, 0.000
2331.516, 766.665, 2817.184, 5000.000, 0.000
2332.410, 766.060, 2818.264, 5000.000, 0.000
2333.408, 765.409, 2819.455, 5000.000, 0.000
2334.401, 764.769, 2820.635, 5000.000, 0.000
2335.370, 764.145, 2821.787, 5000.000, 0.000
2336.318, 763.534, 2822.914, 5000.000, 0.000
2337.246, 762.932, 2824.021, 5000.000, 0.000
2338.158, 762.336, 2825.110, 5000.000, 0.000
2339.098, 761.714, 2826.236, 5000.000, 0.000
2340.009, 761.102, 2827.334, 5000.000, 0.000
2340.894, 760.496, 2828.407, 5000.000, 0.000
2341.703, 759.935, 2829.391, 5000.000, 0.000
2342.482, 759.390, 2830.342, 5000.000, 0.000
2343.276, 758.828, 2831.314, 5000.000, 0.000
2344.033, 758.291, 2832.243, 5000.000, 0.000
2344.758, 757.773, 2833.133, 5000.000, 0.000
2345.585, 757.203, 2834.138, 5000.000, 0.000
2346.366, 756.665, 2835.087, 5000.000, 0.000
2347.149, 756.124, 2836.038, 5000.000, 0.000
2347.939, 755.578, 2836.999, 5000.000, 0.000
2348.782, 754.989, 2838.026, 5000.000, 0.000
2349.624, 754.396, 2839.057, 5000.000, 0.000
2350.413, 753.832, 2840.026, 5000.000, 0.000
2351.199, 753.268, 2840.994, 5000.000, 0.000
2351.988, 752.699, 2841.967, 5000.000, 0.000
2352.692, 752.171, 2842.846, 5000.000, 0.000
2353.490, 751.587, 2843.835, 5000.000, 0.000
2354.269, 751.023, 2844.796, 5000.000, 0.000
2355.072, 750.449, 2845.784, 5000.000, 0.000
2355.902, 749.859, 2846.802, 5000.000, 0.000
2356.761, 749.252, 2847.854, 5000.000, 0.000
2357.653, 748.623, 2848.945, 5000.000, 0.000
2358.619, 747.940, 2850.128, 5000.000, 0.000
2359.550, 747.283, 2851.268, 5000.000, 0.000
2360.492, 746.622, 2852.418, 5000.000, 0.000
2361.447, 745.953, 2853.584, 5000.000, 0.000
2362.419, 745.275, 2854.769, 5000.000, 0.000
2363.411, 744.585, 2855.978, 5000.000, 0.000
2364.408, 743.891, 2857.193, 5000.000, 0.000
2365.400, 743.203, 2858.400, 5000.000, 0.000
2366.388, 742.520, 2859.601, 5000.000, 0.000
2367.378, 741.840, 2860.802, 5000.000, 0.000
2368.372, 741.160, 2862.006, 5000.000, 0.000
2369.314, 740.519, 2863.146, 5000.000, 0.000
2370.286, 739.852, 2864.325, 5000.000, 0.000
2371.232, 739.196, 2865.476, 5000.000, 0.000
2372.155, 738.549, 2866.603, 5000.000, 0.000
2373.056, 737.909, 2867.709, 5000.000, 0.000
2373.940, 737.272, 2868.798, 5000.000, 0.000
2374.852, 736.607, 2869.926, 5000.000, 0.000
2375.680, 735.994, 2870.956, 5000.000, 0.000
2376.471, 735.403, 2871.943, 5000.000, 0.000
2377.229, 734.832, 2872.891, 5000.000, 0.000
2377.958, 734.279, 2873.806, 5000.000, 0.000
2378.704, 733.713, 2874.741, 5000.000, 0.000
2379.545, 733.104, 2875.780, 5000.000, 0.000
2380.334, 732.537, 2876.751, 5000.000, 0.000
2381.118, 731.978, 2877.714, 5000.000, 0.000
2381.902, 731.422, 2878.675, 5000.000, 0.000
2382.734, 730.837, 2879.693, 5000.000, 0.000
2383.565, 730.262, 2880.703, 5000.000, 0.000
2384.400, 729.691, 2881.715, 5000.000, 0.000
2385.188, 729.159, 2882.665, 5000.000, 0.000
2385.973, 728.633, 2883.610, 5000.000, 0.000
2386.760, 728.107, 2884.557, 5000.000, 0.000
2387.554, 727.576, 2885.512, 5000.000, 0.000
2388.262, 727.082, 2886.375, 5000.000, 0.000
2389.061, 726.525, 2887.349, 5000.000, 0.000
2389.841, 725.986, 2888.297, 5000.000, 0.000
2390.645, 725.432, 2889.273, 5000.000, 0.000
2391.476, 724.859, 2890.283, 5000.000, 0.000
2392.336, 724.265, 2891.328, 5000.000, 0.000
2393.228, 723.646, 2892.414, 5000.000, 0.000
2394.194, 722.968, 2893.594, 5000.000, 0.000
2395.125, 722.313, 2894.732, 5000.000, 0.000
2396.067, 721.650, 2895.884, 5000.000, 0.000
2397.022, 720.976, 2897.053, 5000.000, 0.000
2397.993, 720.288, 2898.243, 5000.000, 0.000
2398.985, 719.585, 2899.459, 5000.000, 0.000
2399.982, 718.874, 2900.683, 5000.000, 0.000
2400.970, 718.164, 2901.900, 5000.000, 0.000
2401.954, 717.455, 2903.113, 5000.000, 0.000
2402.939, 716.743, 2904.328, 5000.000, 0.000
2403.928, 716.029, 2905.548, 5000.000, 0.000
2404.771, 715.398, 2906.600, 5000.000, 0.000
2405.686, 714.726, 2907.736, 5000.000, 0.000
2406.618, 714.056, 2908.884, 5000.000, 0.000
2407.568, 713.386, 2910.047, 5000.000, 0.000
2408.537, 712.714, 2911.225, 5000.000, 0.000
2409.465, 712.080, 2912.348, 5000.000, 0.000
2410.390, 711.451, 2913.467, 5000.000, 0.000
2411.310, 710.825, 2914.580, 5000.000, 0.000
2412.127, 710.246, 2915.581, 5000.000, 0.000
2413.012, 709.620, 2916.665, 5000.000, 0.000
2413.906, 708.987, 2917.760, 5000.000, 0.000
2414.805, 708.346, 2918.865, 5000.000, 0.000
2415.844, 707.633, 2920.124, 5000.000, 0.000
2416.869, 706.936, 2921.364, 5000.000, 0.000
2417.920, 706.224, 2922.634, 5000.000, 0.000
2419.038, 705.465, 2923.984, 5000.000, 0.000
2420.164, 704.699, 2925.346, 5000.000, 0.000
2421.298, 703.925, 2926.719, 5000.000, 0.000
2422.442, 703.142, 2928.105, 5000.000, 0.000
2423.540, 702.391, 2929.435, 5000.000, 0.000
2424.674, 701.613, 2930.810, 5000.000, 0.000
2425.790, 700.851, 2932.162, 5000.000, 0.000
2426.886, 700.101, 2933.490, 5000.000, 0.000
2427.963, 699.362, 2934.796, 5000.000, 0.000
2429.019, 698.631, 2936.080, 5000.000, 0.000
2429.999, 697.950, 2937.274, 5000.000, 0.000
2430.943, 697.288, 2938.427, 5000.000, 0.000
2431.892, 696.615, 2939.590, 5000.000, 0.000
2432.787, 695.969, 2940.693, 5000.000, 0.000
2433.630, 695.352, 2941.738, 5000.000, 0.000
2434.555, 694.693, 2942.873, 5000.000, 0.000
2435.412, 694.082, 2943.926, 5000.000, 0.000
2436.287, 693.456, 2945.002, 5000.000, 0.000
2437.123, 692.854, 2946.032, 5000.000, 0.000
2437.923, 692.273, 2947.020, 5000.000, 0.000
2438.689, 691.709, 2947.972, 5000.000, 0.000
2439.425, 691.160, 2948.889, 5000.000, 0.000
2440.131, 690.622, 2949.776, 5000.000, 0.000
2440.850, 690.075, 2950.679, 5000.000, 0.000
2441.607, 689.508, 2951.625, 5000.000, 0.000
2442.389, 688.932, 2952.596, 5000.000, 0.000
2443.197, 688.342, 2953.597, 5000.000, 0.000
2444.035, 687.736, 2954.630, 5000.000, 0.000
2444.905, 687.112, 2955.701, 5000.000, 0.000
2445.810, 686.465, 2956.813, 5000.000, 0.000
2446.736, 685.806, 2957.950, 5000.000, 0.000
2447.671, 685.144, 2959.096, 5000.000, 0.000
2448.618, 684.477, 2960.254, 5000.000, 0.000
2449.582, 683.804, 2961.430, 5000.000, 0.000
2450.567, 683.123, 2962.627, 5000.000, 0.000
2451.560, 682.444, 2963.829, 5000.000, 0.000
2452.546, 681.775, 2965.021, 5000.000, 0.000
2453.526, 681.112, 2966.204, 5000.000, 0.000
2454.504, 680.451, 2967.384, 5000.000, 0.000
2455.481, 679.789, 2968.563, 5000.000, 0.000
2456.458, 679.124, 2969.746, 5000.000, 0.000
2457.480, 678.419, 2970.987, 5000.000, 0.000
2458.435, 677.757, 2972.149, 5000.000, 0.000
2459.368, 677.107, 2973.287, 5000.000, 0.000
2460.285, 676.466, 2974.405, 5000.000, 0.000
2461.190, 675.833, 2975.509, 5000.000, 0.000
2462.127, 675.178, 2976.653, 5000.000, 0.000
2462.986, 674.579, 2977.700, 5000.000, 0.000
2463.810, 674.003, 2978.705, 5000.000, 0.000
2464.600, 673.447, 2979.672, 5000.000, 0.000
2465.360, 672.907, 2980.604, 5000.000, 0.000
2466.092, 672.382, 2981.504, 5000.000, 0.000
2466.839, 671.837, 2982.429, 5000.000, 0.000
2467.683, 671.245, 2983.460, 5000.000, 0.000
2468.475, 670.689, 2984.428, 5000.000, 0.000
2469.263, 670.137, 2985.390, 5000.000, 0.000
2470.050, 669.582, 2986.353, 5000.000, 0.000
2470.843, 669.022, 2987.323, 5000.000, 0.000
2471.686, 668.420, 2988.359, 5000.000, 0.000
2472.527, 667.813, 2989.396, 5000.000, 0.000
2473.316, 667.238, 2990.372, 5000.000, 0.000
2474.101, 666.664, 2991.345, 5000.000, 0.000
2474.890, 666.088, 2992.322, 5000.000, 0.000
2475.731, 665.477, 2993.361, 5000.000, 0.000
2476.572, 664.868, 2994.399, 5000.000, 0.000
2477.361, 664.297, 2995.373, 5000.000, 0.000
2478.144, 663.730, 2996.340, 5000.000, 0.000
2478.928, 663.163, 2997.307, 5000.000, 0.000
2479.759, 662.564, 2998.333, 5000.000, 0.000
2480.587, 661.967, 2999.352, 5000.000, 0.000
2481.416, 661.369, 3000.375, 5000.000, 0.000
2482.196, 660.806, 3001.337, 5000.000, 0.000
2482.976, 660.247, 3002.297, 5000.000, 0.000
2483.806, 659.660, 3003.313, 5000.000, 0.000
2484.634, 659.082, 3004.323, 5000.000, 0.000
2485.467, 658.509, 3005.334, 5000.000, 0.000
2486.252, 657.975, 3006.283, 5000.000, 0.000
2487.035, 657.447, 3007.227, 5000.000, 0.000
2487.820, 656.919, 3008.173, 5000.000, 0.000
2488.654, 656.357, 3009.179, 5000.000, 0.000
2489.485, 655.798, 3010.180, 5000.000, 0.000
2490.319, 655.235, 3011.185, 5000.000, 0.000
2491.104, 654.708, 3012.132, 5000.000, 0.000
2491.887, 654.179, 3013.076, 5000.000, 0.000
2492.672, 653.646, 3014.025, 5000.000, 0.000
2493.401, 653.113, 3014.928, 5000.000, 0.000
2494.206, 652.532, 3015.921, 5000.000, 0.000
2495.035, 651.940, 3016.939, 5000.000, 0.000
2495.834, 651.374, 3017.918, 5000.000, 0.000
2496.650, 650.803, 3018.915, 5000.000, 0.000
2497.487, 650.221, 3019.934, 5000.000, 0.000
2498.349, 649.627, 3020.980, 5000.000, 0.000
2499.281, 648.986, 3022.111, 5000.000, 0.000
2500.171, 648.376, 3023.190, 5000.000, 0.000
2501.066, 647.766, 3024.274, 5000.000, 0.000
2501.970, 647.151, 3025.367, 5000.000, 0.000
2502.888, 646.529, 3026.476, 5000.000, 0.000
2503.823, 645.896, 3027.605, 5000.000, 0.000
2504.271, 645.588, 3028.149, 5000.000, 0.000
2505.169, 644.969, 3029.239, 5000.000, 0.000
2506.071, 644.349, 3030.334, 5000.000, 0.000
2506.976, 643.727, 3031.432, 5000.000, 0.000
2507.884, 643.104, 3032.533, 5000.000, 0.000
2508.795, 642.479, 3033.638, 5000.000, 0.000
2509.710, 641.852, 3034.747, 5000.000, 0.000
2510.628, 641.224, 3035.859, 5000.000, 0.000
2511.549, 640.593, 3036.975, 5000.000, 0.000
2512.473, 639.962, 3038.095, 5000.000, 0.000
2513.401, 639.328, 3039.219, 5000.000, 0.000
2514.332, 638.693, 3040.345, 5000.000, 0.000
2515.266, 638.056, 3041.476, 5000.000, 0.000
2516.203, 637.418, 3042.610, 5000.000, 0.000
2517.144, 636.777, 3043.748, 5000.000, 0.000
