x, y, length, r, ctrl
0.249, -0.276, 0.000, 5000.000, 0.000
1.052, 0.599, 1.187, 5000.000, 0.000
1.858, 1.471, 2.374, 5000.000, 0.000
2.666, 2.340, 3.561, 5000.000, 0.000
3.476, 3.207, 4.747, 5000.000, 0.000
4.289, 4.070, 5.933, 5000.000, 0.000
5.105, 4.931, 7.119, 5000.000, 0.000
5.923, 5.789, 8.305, 5000.000, 0.000
6.744, 6.644, 9.490, 5000.000, 0.000
7.567, 7.496, 10.675, 5000.000, 0.000
8.393, 8.346, 11.859, 5000.000, 0.000
9.221, 9.192, 13.043, 5000.000, 0.000
10.052, 10.036, 14.227, 5000.000, 0.000
10.885, 10.877, 15.411, 5000.000, 0.000
11.722, 11.715, 16.595, 5000.000, 0.000
12.963, 12.986, 18.371, 5000.000, 0.000
13.789, 13.835, 19.556, 5000.000, 0.000
14.653, 14.643, 20.737, 5000.000, 0.000
15.510, 15.458, 21.918, 5000.000, 0.000
16.361, 16.279, 23.101, 5000.000, 0.000
17.209, 17.104, 24.283, 5000.000, 0.000
18.056, 17.930, 25.466, 5000.000, 0.000
18.902, 18.757, 26.649, 5000.000, 0.000
19.750, 19.582, 27.832, 5000.000, 0.000
20.601, 20.403, 29.015, 5000.000, 0.000
21.458, 21.218, 30.197, 5000.000, 0.000
22.322, 22.026, 31.380, 5000.000, 0.000
23.148, 22.875, 32.564, 5000.000, 0.000
23.971, 23.728, 33.748, 5000.000, 0.000
24.791, 24.584, 34.933, 5000.000, 0.000
25.609, 25.442, 36.118, 5000.000, 0.000
26.426, 26.301, 37.303, 5000.000, 0.000
27.243, 27.160, 38.489, 5000.000, 0.000
28.061, 28.018, 39.674, 5000.000, 0.000
28.915, 28.837, 40.856, 5000.000, 0.000
29.758, 29.666, 42.039, 5000.000, 0.000
30.594, 30.505, 43.223, 5000.000, 0.000
31.423, 31.350, 44.408, 5000.000, 0.000
32.248, 32.201, 45.592, 5000.000, 0.000
33.070, 33.054, 46.777, 5000.000, 0.000
33.892, 33.908, 47.962, 5000.000, 0.000
34.714, 34.762, 49.147, 5000.000, 0.000
35.539, 35.612, 50.332, 5000.000, 0.000
36.369, 36.457, 51.516, 5000.000, 0.000
37.204, 37.296, 52.700, 5000.000, 0.000
38.048, 38.126, 53.883, 5000.000, 0.000
38.901, 38.945, 55.066, 5000.000, 0.000
39.719, 39.803, 56.251, 5000.000, 0.000
40.536, 40.662, 57.436, 5000.000, 0.000
41.354, 41.521, 58.622, 5000.000, 0.000
42.172, 42.379, 59.807, 5000.000, 0.000
42.992, 43.235, 60.992, 5000.000, 0.000
43.814, 44.088, 62.177, 5000.000, 0.000
44.640, 44.937, 63.362, 5000.000, 0.000
45.471, 45.781, 64.546, 5000.000, 0.000
46.306, 46.620, 65.730, 5000.000, 0.000
47.148, 47.451, 66.913, 5000.000, 0.000
48.031, 48.238, 68.093, 5000.000, 0.000
48.909, 49.029, 69.274, 5000.000, 0.000
49.785, 49.824, 70.454, 5000.000, 0.000
50.659, 50.620, 71.636, 5000.000, 0.000
51.535, 51.414, 72.817, 5000.000, 0.000
52.413, 52.206, 73.998, 5000.000, 0.000
53.295, 52.993, 75.179, 5000.000, 0.000
54.137, 53.824, 76.362, 5000.000, 0.000
54.973, 54.662, 77.546, 5000.000, 0.000
55.803, 55.507, 78.730, 5000.000, 0.000
56.630, 56.356, 79.915, 5000.000, 0.000
57.452, 57.209, 81.100, 5000.000, 0.000
58.272, 58.065, 82.285, 5000.000, 0.000
59.090, 58.923, 83.471, 5000.000, 0.000
59.907, 59.782, 84.656, 5000.000, 0.000
60.758, 60.604, 85.838, 5000.000, 0.000
61.597, 61.439, 87.022, 5000.000, 0.000
62.426, 62.284, 88.206, 5000.000, 0.000
63.248, 63.138, 89.391, 5000.000, 0.000
64.030, 64.036, 90.580, 5000.000, 0.000
64.853, 64.889, 91.765, 5000.000, 0.000
65.673, 65.745, 92.950, 5000.000, 0.000
66.490, 66.603, 94.136, 5000.000, 0.000
67.308, 67.461, 95.321, 5000.000, 0.000
68.128, 68.317, 96.507, 5000.000, 0.000
68.951, 69.170, 97.692, 5000.000, 0.000
69.780, 70.016, 98.876, 5000.000, 0.000
70.615, 70.855, 100.060, 5000.000, 0.000
71.460, 71.684, 101.243, 5000.000, 0.000
72.315, 72.501, 102.424, 5000.000, 0.000
73.136, 73.356, 103.610, 5000.000, 0.000
73.956, 74.211, 104.795, 5000.000, 0.000
74.778, 75.065, 105.980, 5000.000, 0.000
75.601, 75.917, 107.165, 5000.000, 0.000
76.428, 76.766, 108.349, 5000.000, 0.000
77.257, 77.611, 109.534, 5000.000, 0.000
78.091, 78.452, 110.718, 5000.000, 0.000
78.930, 79.286, 111.901, 5000.000, 0.000
79.776, 80.114, 113.084, 5000.000, 0.000
80.629, 80.934, 114.267, 5000.000, 0.000
81.523, 81.708, 115.446, 5000.000, 0.000
82.413, 82.485, 116.626, 5000.000, 0.000
83.302, 83.265, 117.807, 5000.000, 0.000
84.191, 84.045, 118.988, 5000.000, 0.000
85.081, 84.823, 120.170, 5000.000, 0.000
85.928, 85.649, 121.353, 5000.000, 0.000
86.767, 86.484, 122.536, 5000.000, 0.000
87.597, 87.329, 123.720, 5000.000, 0.000
88.421, 88.181, 124.904, 5000.000, 0.000
89.285, 88.988, 126.086, 5000.000, 0.000
90.111, 89.837, 127.270, 5000.000, 0.000
90.933, 90.690, 128.455, 5000.000, 0.000
91.753, 91.546, 129.639, 5000.000, 0.000
92.571, 92.404, 130.824, 5000.000, 0.000
93.388, 93.263, 132.009, 5000.000, 0.000
94.206, 94.122, 133.195, 5000.000, 0.000
95.024, 94.980, 134.381, 5000.000, 0.000
95.877, 95.799, 135.562, 5000.000, 0.000
96.721, 96.629, 136.745, 5000.000, 0.000
97.556, 97.467, 137.929, 5000.000, 0.000
98.386, 98.313, 139.114, 5000.000, 0.000
99.211, 99.163, 140.298, 5000.000, 0.000
100.033, 100.017, 141.483, 5000.000, 0.000
100.854, 100.871, 142.668, 5000.000, 0.000
101.677, 101.724, 143.853, 5000.000, 0.000
102.502, 102.574, 145.038, 5000.000, 0.000
103.331, 103.420, 146.223, 5000.000, 0.000
104.167, 104.258, 147.406, 5000.000, 0.000
105.010, 105.088, 148.589, 5000.000, 0.000
105.864, 105.907, 149.772, 5000.000, 0.000
106.682, 106.765, 150.957, 5000.000, 0.000
107.499, 107.624, 152.143, 5000.000, 0.000
108.316, 108.483, 153.328, 5000.000, 0.000
109.134, 109.341, 154.513, 5000.000, 0.000
109.954, 110.197, 155.699, 5000.000, 0.000
110.777, 111.050, 156.884, 5000.000, 0.000
111.603, 111.899, 158.068, 5000.000, 0.000
112.467, 112.707, 159.250, 5000.000, 0.000
113.323, 113.522, 160.433, 5000.000, 0.000
114.175, 114.343, 161.615, 5000.000, 0.000
115.023, 115.168, 162.798, 5000.000, 0.000
115.869, 115.994, 163.982, 5000.000, 0.000
116.715, 116.821, 165.165, 5000.000, 0.000
117.563, 117.646, 166.348, 5000.000, 0.000
118.415, 118.467, 167.531, 5000.000, 0.000
119.272, 119.282, 168.713, 5000.000, 0.000
120.136, 120.090, 169.895, 5000.000, 0.000
120.962, 120.939, 171.080, 5000.000, 0.000
121.784, 121.792, 172.264, 5000.000, 0.000
122.604, 122.648, 173.449, 5000.000, 0.000
123.422, 123.506, 174.633, 5000.000, 0.000
124.240, 124.365, 175.818, 5000.000, 0.000
125.057, 125.224, 177.004, 5000.000, 0.000
125.875, 126.082, 178.189, 5000.000, 0.000
126.695, 126.938, 179.374, 5000.000, 0.000
127.517, 127.791, 180.558, 5000.000, 0.000
128.377, 128.603, 181.740, 5000.000, 0.000
129.228, 129.424, 182.923, 5000.000, 0.000
130.074, 130.252, 184.106, 5000.000, 0.000
130.915, 131.084, 185.290, 5000.000, 0.000
131.753, 131.920, 186.473, 5000.000, 0.000
132.590, 132.757, 187.657, 5000.000, 0.000
133.428, 133.592, 188.841, 5000.000, 0.000
134.269, 134.425, 190.024, 5000.000, 0.000
135.115, 135.253, 191.207, 5000.000, 0.000
135.966, 136.074, 192.390, 5000.000, 0.000
136.826, 136.886, 193.572, 5000.000, 0.000
137.648, 137.739, 194.757, 5000.000, 0.000
138.468, 138.595, 195.942, 5000.000, 0.000
139.286, 139.453, 197.127, 5000.000, 0.000
140.103, 140.312, 198.312, 5000.000, 0.000
140.921, 141.171, 199.497, 5000.000, 0.000
141.739, 142.029, 200.683, 5000.000, 0.000
142.559, 142.885, 201.868, 5000.000, 0.000
143.415, 143.701, 203.050, 5000.000, 0.000
144.262, 144.527, 204.233, 5000.000, 0.000
145.102, 145.361, 205.416, 5000.000, 0.000
145.936, 146.200, 206.600, 5000.000, 0.000
146.768, 147.044, 207.785, 5000.000, 0.000
147.597, 147.889, 208.969, 5000.000, 0.000
148.426, 148.735, 210.153, 5000.000, 0.000
149.258, 149.578, 211.337, 5000.000, 0.000
150.092, 150.418, 212.521, 5000.000, 0.000
150.932, 151.251, 213.705, 5000.000, 0.000
151.780, 152.077, 214.888, 5000.000, 0.000
152.636, 152.893, 216.070, 5000.000, 0.000
153.455, 153.749, 217.255, 5000.000, 0.000
154.273, 154.607, 218.440, 5000.000, 0.000
155.091, 155.466, 219.626, 5000.000, 0.000
155.908, 156.325, 220.811, 5000.000, 0.000
156.726, 157.183, 221.996, 5000.000, 0.000
157.546, 158.039, 223.182, 5000.000, 0.000
158.368, 158.892, 224.367, 5000.000, 0.000
159.194, 159.742, 225.551, 5000.000, 0.000
160.025, 160.586, 226.736, 5000.000, 0.000
160.861, 161.424, 227.919, 5000.000, 0.000
161.736, 162.219, 229.100, 5000.000, 0.000
162.606, 163.019, 230.281, 5000.000, 0.000
163.473, 163.824, 231.462, 5000.000, 0.000
164.338, 164.630, 232.644, 5000.000, 0.000
165.202, 165.436, 233.825, 5000.000, 0.000
166.069, 166.241, 235.007, 5000.000, 0.000
166.939, 167.041, 236.189, 5000.000, 0.000
167.815, 167.836, 237.372, 5000.000, 0.000
168.650, 168.674, 238.555, 5000.000, 0.000
169.481, 169.518, 239.738, 5000.000, 0.000
170.307, 170.367, 240.922, 5000.000, 0.000
171.130, 171.220, 242.107, 5000.000, 0.000
171.949, 172.076, 243.292, 5000.000, 0.000
172.767, 172.934, 244.477, 5000.000, 0.000
173.585, 173.793, 245.662, 5000.000, 0.000
174.402, 174.652, 246.847, 5000.000, 0.000
175.220, 175.510, 248.033, 5000.000, 0.000
176.040, 176.366, 249.218, 5000.000, 0.000
176.862, 177.219, 250.403, 5000.000, 0.000
177.688, 178.069, 251.587, 5000.000, 0.000
178.552, 178.876, 252.769, 5000.000, 0.000
179.409, 179.691, 253.951, 5000.000, 0.000
180.261, 180.512, 255.134, 5000.000, 0.000
181.109, 181.337, 256.316, 5000.000, 0.000
181.955, 182.164, 257.499, 5000.000, 0.000
182.801, 182.991, 258.683, 5000.000, 0.000
183.649, 183.815, 259.865, 5000.000, 0.000
184.501, 184.636, 261.048, 5000.000, 0.000
185.358, 185.452, 262.231, 5000.000, 0.000
186.222, 186.259, 263.413, 5000.000, 0.000
187.048, 187.108, 264.597, 5000.000, 0.000
187.870, 187.961, 265.782, 5000.000, 0.000
188.690, 188.817, 266.966, 5000.000, 0.000
189.508, 189.675, 268.152, 5000.000, 0.000
190.325, 190.534, 269.337, 5000.000, 0.000
191.142, 191.393, 270.522, 5000.000, 0.000
191.961, 192.251, 271.708, 5000.000, 0.000
192.780, 193.107, 272.893, 5000.000, 0.000
193.636, 193.923, 274.075, 5000.000, 0.000
194.483, 194.749, 275.258, 5000.000, 0.000
195.324, 195.583, 276.441, 5000.000, 0.000
196.158, 196.422, 277.625, 5000.000, 0.000
196.989, 197.266, 278.809, 5000.000, 0.000
197.819, 198.111, 279.994, 5000.000, 0.000
198.648, 198.957, 281.178, 5000.000, 0.000
199.479, 199.800, 282.362, 5000.000, 0.000
200.314, 200.640, 283.546, 5000.000, 0.000
201.154, 201.473, 284.730, 5000.000, 0.000
202.001, 202.299, 285.913, 5000.000, 0.000
202.857, 203.115, 287.095, 5000.000, 0.000
203.677, 203.971, 288.280, 5000.000, 0.000
204.495, 204.829, 289.466, 5000.000, 0.000
205.312, 205.688, 290.651, 5000.000, 0.000
206.163, 206.510, 291.833, 5000.000, 0.000
206.969, 207.382, 293.020, 5000.000, 0.000
207.777, 208.251, 294.207, 5000.000, 0.000
208.589, 209.115, 295.393, 5000.000, 0.000
209.405, 209.975, 296.578, 5000.000, 0.000
210.227, 210.829, 297.763, 5000.000, 0.000
211.055, 211.677, 298.948, 5000.000, 0.000
211.923, 212.479, 300.128, 5000.000, 0.000
212.787, 213.286, 301.309, 5000.000, 0.000
213.648, 214.096, 302.491, 5000.000, 0.000
214.509, 214.908, 303.672, 5000.000, 0.000
215.370, 215.718, 304.854, 5000.000, 0.000
216.234, 216.525, 306.036, 5000.000, 0.000
217.102, 217.328, 307.217, 5000.000, 0.000
217.977, 218.123, 308.398, 5000.000, 0.000
218.813, 218.962, 309.582, 5000.000, 0.000
219.644, 219.805, 310.766, 5000.000, 0.000
220.472, 220.652, 311.951, 5000.000, 0.000
221.297, 221.502, 313.135, 5000.000, 0.000
222.121, 222.354, 314.320, 5000.000, 0.000
222.943, 223.207, 315.505, 5000.000, 0.000
223.766, 224.060, 316.690, 5000.000, 0.000
224.589, 224.913, 317.875, 5000.000, 0.000
225.414, 225.763, 319.060, 5000.000, 0.000
226.242, 226.610, 320.244, 5000.000, 0.000
227.073, 227.453, 321.429, 5000.000, 0.000
227.909, 228.292, 322.612, 5000.000, 0.000
228.750, 229.124, 323.796, 5000.000, 0.014
229.631, 229.913, 324.975, 5000.000, 0.034
230.506, 230.707, 326.156, 5000.000, 0.054
231.332, 231.557, 327.341, 5000.000, 0.074
232.188, 232.374, 328.523, 5000.000, 0.094
233.043, 233.191, 329.706, 5000.000, 0.114
233.899, 234.007, 330.888, 5000.000, 0.135
234.757, 234.820, 332.070, 5000.000, 0.155
235.620, 235.628, 333.252, 5000.000, 0.175
236.490, 236.430, 334.434, 5000.000, 0.195
237.320, 237.274, 335.618, 5000.000, 0.215
238.146, 238.123, 336.803, 5000.000, 0.235
238.969, 238.976, 337.987, 5000.000, 0.256
239.788, 239.832, 339.172, 5000.000, 0.276
240.607, 240.690, 340.358, 5000.000, 0.296
241.424, 241.549, 341.543, 5000.000, 0.316
242.241, 242.408, 342.729, 5000.000, 0.336
243.059, 243.266, 343.914, 5000.000, 0.357
243.879, 244.122, 345.100, 5000.000, 0.377
244.701, 244.975, 346.285, 5000.000, 0.397
245.527, 245.824, 347.469, 5000.000, 0.417
246.391, 246.631, 348.650, 5000.000, 0.437
247.248, 247.447, 349.832, 5000.000, 0.458
248.100, 248.268, 351.014, 5000.000, 0.478
248.948, 249.092, 352.197, 5000.000, 0.498
249.794, 249.919, 353.380, 5000.000, 0.518
250.640, 250.746, 354.563, 5000.000, 0.538
251.488, 251.571, 355.746, 5000.000, 0.558
252.340, 252.392, 356.928, 5000.000, 0.579
253.197, 253.207, 358.111, 5000.000, 0.599
254.061, 254.014, 359.293, 5000.000, 0.619
254.887, 254.864, 360.477, 5000.000, 0.639
255.709, 255.717, 361.662, 5000.000, 0.659
256.529, 256.573, 362.847, 5000.000, 0.679
257.347, 257.431, 364.032, 5000.000, 0.700
258.164, 258.290, 365.217, 5000.000, 0.720
258.982, 259.149, 366.403, 5000.000, 0.740
259.800, 260.007, 367.588, 5000.000, 0.760
260.620, 260.863, 368.774, 5000.000, 0.781
261.442, 261.716, 369.959, 5000.000, 0.801
262.268, 262.565, 371.143, 5000.000, 0.821
263.099, 263.409, 372.327, 5000.000, 0.841
263.934, 264.247, 373.511, 5000.000, 0.861
264.810, 265.042, 374.691, 5000.000, 0.881
265.680, 265.842, 375.872, 5000.000, 0.902
266.547, 266.647, 377.054, 5000.000, 0.922
267.411, 267.453, 378.236, 5000.000, 0.942
268.276, 268.259, 379.418, 5000.000, 0.962
269.143, 269.064, 380.599, 5000.000, 0.982
270.013, 269.864, 381.781, 5000.000, 1.002
270.888, 270.659, 382.963, 5000.000, 1.023
271.724, 271.497, 384.146, 5000.000, 1.043
272.555, 272.341, 385.330, 5000.000, 1.063
273.381, 273.191, 386.515, 5000.000, 1.083
274.203, 274.044, 387.699, 5000.000, 1.103
275.023, 274.900, 388.884, 5000.000, 1.123
275.841, 275.758, 390.069, 5000.000, 1.144
276.658, 276.617, 391.254, 5000.000, 1.164
277.476, 277.476, 392.440, 5000.000, 1.184
278.294, 278.334, 393.625, 5000.000, 1.204
279.114, 279.190, 394.810, 5000.000, 1.225
279.936, 280.043, 395.995, 5000.000, 1.245
280.796, 280.855, 397.177, 5000.000, 1.265
281.647, 281.676, 398.359, 5000.000, 1.285
282.492, 282.504, 399.542, 5000.000, 1.305
283.333, 283.336, 400.725, 5000.000, 1.325
284.172, 284.172, 401.909, 5000.000, 1.346
285.009, 285.009, 403.093, 5000.000, 1.366
285.847, 285.844, 404.276, 5000.000, 1.386
286.688, 286.677, 405.460, 5000.000, 1.406
287.534, 287.505, 406.643, 5000.000, 1.426
288.385, 288.326, 407.826, 5000.000, 1.446
289.245, 289.138, 409.008, 5000.000, 1.467
290.067, 289.991, 410.193, 5000.000, 1.487
290.887, 290.847, 411.378, 5000.000, 1.507
291.705, 291.705, 412.563, 5000.000, 1.527
292.522, 292.564, 413.748, 5000.000, 1.547
293.339, 293.423, 414.933, 5000.000, 1.568
294.158, 294.281, 416.119, 5000.000, 1.588
294.977, 295.137, 417.304, 5000.000, 1.608
295.833, 295.953, 418.486, 5000.000, 1.628
296.681, 296.779, 419.669, 5000.000, 1.648
297.521, 297.613, 420.853, 5000.000, 1.669
298.355, 298.452, 422.037, 5000.000, 1.689
299.186, 299.296, 423.221, 5000.000, 1.709
300.016, 300.141, 424.405, 5000.000, 1.729
300.845, 300.987, 425.589, 5000.000, 1.749
301.677, 301.830, 426.773, 5000.000, 1.770
302.511, 302.670, 427.957, 5000.000, 1.790
303.351, 303.503, 429.141, 5000.000, 1.810
304.198, 304.329, 430.324, 5000.000, 1.830
305.054, 305.145, 431.506, 5000.000, 1.850
305.874, 306.001, 432.691, 5000.000, 1.870
306.692, 306.859, 433.876, 5000.000, 1.891
307.510, 307.718, 435.062, 5000.000, 1.911
308.327, 308.577, 436.247, 5000.000, 1.931
309.145, 309.435, 437.432, 5000.000, 1.951
309.965, 310.291, 438.617, 5000.000, 1.972
310.787, 311.144, 439.802, 5000.000, 1.992
311.613, 311.993, 440.987, 5000.000, 2.012
312.477, 312.801, 442.168, 5000.000, 2.032
313.334, 313.616, 443.350, 5000.000, 2.052
314.186, 314.437, 444.533, 5000.000, 2.072
315.034, 315.262, 445.716, 5000.000, 2.093
315.880, 316.089, 446.899, 5000.000, 2.113
316.726, 316.915, 448.083, 5000.000, 2.133
317.574, 317.740, 449.266, 5000.000, 2.153
318.426, 318.561, 450.448, 5000.000, 2.173
319.282, 319.376, 451.631, 5000.000, 2.193
320.146, 320.184, 452.813, 5000.000, 2.214
320.972, 321.033, 453.997, 5000.000, 2.234
321.795, 321.886, 455.182, 5000.000, 2.254
322.615, 322.742, 456.367, 5000.000, 2.274
323.433, 323.600, 457.552, 5000.000, 2.294
324.250, 324.459, 458.737, 5000.000, 2.315
325.067, 325.318, 459.922, 5000.000, 2.335
325.885, 326.176, 461.107, 5000.000, 2.355
326.705, 327.032, 462.292, 5000.000, 2.375
327.528, 327.885, 463.477, 5000.000, 2.395
328.354, 328.734, 464.661, 5000.000, 2.416
329.218, 329.541, 465.843, 5000.000, 2.436
330.075, 330.356, 467.025, 5000.000, 2.456
330.926, 331.177, 468.208, 5000.000, 2.476
331.774, 332.002, 469.391, 5000.000, 2.496
332.620, 332.829, 470.574, 5000.000, 2.516
333.467, 333.656, 471.757, 5000.000, 2.537
334.315, 334.481, 472.940, 5000.000, 2.557
335.166, 335.302, 474.123, 5000.000, 2.577
336.023, 336.117, 475.306, 5000.000, 2.597
336.887, 336.924, 476.488, 5000.000, 2.617
337.713, 337.773, 477.672, 5000.000, 2.638
338.536, 338.627, 478.856, 5000.000, 2.658
339.355, 339.483, 480.041, 5000.000, 2.678
340.174, 340.341, 481.226, 5000.000, 2.698
340.991, 341.199, 482.411, 5000.000, 2.718
341.808, 342.058, 483.597, 5000.000, 2.739
342.626, 342.916, 484.782, 5000.000, 2.759
343.446, 343.772, 485.967, 5000.000, 2.779
344.268, 344.625, 487.152, 5000.000, 2.799
345.094, 345.475, 488.336, 5000.000, 2.819
345.925, 346.319, 489.521, 5000.000, 2.840
346.761, 347.157, 490.704, 5000.000, 2.860
347.603, 347.989, 491.888, 5000.000, 2.880
348.485, 348.776, 493.068, 5000.000, 2.900
349.363, 349.567, 494.249, 5000.000, 2.920
350.239, 350.362, 495.430, 5000.000, 2.940
351.113, 351.157, 496.612, 5000.000, 2.960
351.989, 351.952, 497.794, 5000.000, 2.981
352.867, 352.744, 498.976, 5000.000, 3.001
353.749, 353.530, 500.159, 5000.000, 3.021
354.591, 354.362, 501.341, 5000.000, 3.041
355.427, 355.200, 502.524, 5000.000, 3.061
356.258, 356.044, 503.707, 5000.000, 3.081
357.084, 356.894, 504.891, 5000.000, 3.102
357.906, 357.747, 506.075, 5000.000, 3.122
358.726, 358.603, 507.259, 5000.000, 3.142
359.544, 359.461, 508.444, 5000.000, 3.162
360.361, 360.320, 509.629, 5000.000, 3.182
361.179, 361.179, 510.814, 5000.000, 3.203
361.997, 362.037, 511.999, 5000.000, 3.223
362.850, 362.856, 513.182, 5000.000, 3.243
363.694, 363.685, 514.365, 5000.000, 3.263
364.529, 364.524, 515.549, 5000.000, 3.283
365.359, 365.369, 516.733, 5000.000, 3.304
366.184, 366.220, 517.918, 5000.000, 3.324
367.006, 367.073, 519.102, 5000.000, 3.344
367.827, 367.927, 520.287, 5000.000, 3.364
368.650, 368.781, 521.472, 5000.000, 3.384
369.475, 369.631, 522.657, 5000.000, 3.405
370.304, 370.476, 523.841, 5000.000, 3.425
371.140, 371.315, 525.025, 5000.000, 3.445
371.983, 372.145, 526.208, 5000.000, 3.465
372.837, 372.964, 527.391, 5000.000, 3.485
373.655, 373.822, 528.576, 5000.000, 3.506
374.472, 374.681, 529.761, 5000.000, 3.526
375.289, 375.540, 530.947, 5000.000, 3.546
376.107, 376.398, 532.132, 5000.000, 3.566
376.927, 377.254, 533.317, 5000.000, 3.586
377.750, 378.107, 534.502, 5000.000, 3.607
378.576, 378.956, 535.687, 5000.000, 3.627
379.406, 379.800, 536.871, 5000.000, 3.647
380.242, 380.639, 538.055, 5000.000, 3.667
381.084, 381.470, 539.238, 5000.000, 3.687
381.966, 382.257, 540.418, 5000.000, 3.707
382.845, 383.048, 541.598, 5000.000, 3.728
383.720, 383.843, 542.779, 5000.000, 3.748
384.595, 384.639, 543.960, 5000.000, 3.768
385.470, 385.433, 545.141, 5000.000, 3.788
386.348, 386.225, 546.322, 5000.000, 3.808
387.231, 387.011, 547.503, 5000.000, 3.828
388.073, 387.843, 548.687, 5000.000, 3.848
388.908, 388.681, 549.870, 5000.000, 3.869
389.739, 389.526, 551.055, 5000.000, 3.889
390.565, 390.375, 552.239, 5000.000, 3.909
391.387, 391.228, 553.424, 5000.000, 3.929
392.207, 392.084, 554.609, 5000.000, 3.949
393.025, 392.942, 555.795, 5000.000, 3.970
393.843, 393.801, 556.980, 5000.000, 3.990
394.660, 394.660, 558.166, 5000.000, 4.010
395.478, 395.518, 559.351, 5000.000, 4.030
396.298, 396.374, 560.536, 5000.000, 4.051
397.120, 397.227, 561.721, 5000.000, 4.071
397.946, 398.076, 562.906, 5000.000, 4.091
398.810, 398.883, 564.087, 5000.000, 4.111
399.667, 399.698, 565.269, 5000.000, 4.131
400.519, 400.519, 566.451, 5000.000, 4.151
401.367, 401.344, 567.634, 5000.000, 4.172
402.213, 402.171, 568.817, 5000.000, 4.192
403.059, 402.998, 570.000, 5000.000, 4.212
403.907, 403.823, 571.183, 5000.000, 4.232
404.759, 404.644, 572.365, 5000.000, 4.252
405.616, 405.459, 573.548, 5000.000, 4.272
406.480, 406.266, 574.730, 5000.000, 4.293
407.306, 407.115, 575.914, 5000.000, 4.313
408.128, 407.969, 577.099, 5000.000, 4.333
408.948, 408.825, 578.284, 5000.000, 4.353
409.766, 409.683, 579.469, 5000.000, 4.373
410.583, 410.541, 580.655, 5000.000, 4.394
411.400, 411.400, 581.840, 5000.000, 4.414
412.219, 412.258, 583.026, 5000.000, 4.434
413.038, 413.114, 584.211, 5000.000, 4.454
413.861, 413.967, 585.396, 5000.000, 4.474
414.687, 414.817, 586.581, 5000.000, 4.495
415.517, 415.661, 587.765, 5000.000, 4.515
416.353, 416.499, 588.948, 5000.000, 4.535
417.195, 417.331, 590.132, 5000.000, 4.555
418.078, 418.118, 591.311, 5000.000, 4.575
418.956, 418.909, 592.492, 5000.000, 4.595
419.831, 419.704, 593.672, 5000.000, 4.616
420.706, 420.499, 594.853, 5000.000, 4.636
421.581, 421.294, 596.034, 5000.000, 4.656
422.459, 422.086, 597.215, 5000.000, 4.676
423.342, 422.872, 598.396, 5000.000, 4.696
424.184, 423.704, 599.580, 5000.000, 4.716
425.020, 424.542, 600.763, 5000.000, 4.737
425.850, 425.387, 601.948, 5000.000, 4.757
426.676, 426.236, 603.132, 5000.000, 4.777
427.499, 427.089, 604.317, 5000.000, 4.797
428.319, 427.945, 605.502, 5000.000, 4.817
429.137, 428.803, 606.688, 5000.000, 4.838
429.954, 429.662, 607.873, 5000.000, 4.858
430.771, 430.521, 609.059, 5000.000, 4.878
431.589, 431.379, 610.244, 5000.000, 4.898
432.409, 432.235, 611.430, 5000.000, 4.918
433.232, 433.088, 612.615, 5000.000, 4.939
434.058, 433.937, 613.799, 5000.000, 4.959
434.888, 434.781, 614.984, 5000.000, 4.979
435.757, 435.583, 616.164, 5000.000, 4.999
436.620, 436.391, 617.345, 5000.000, 5.019
437.479, 437.204, 618.527, 5000.000, 5.039
438.335, 438.020, 619.709, 5000.000, 5.060
439.190, 438.837, 620.892, 5000.000, 5.080
440.046, 439.653, 622.074, 5000.000, 5.100
440.905, 440.466, 623.256, 5000.000, 5.120
441.768, 441.275, 624.438, 5000.000, 5.140
442.637, 442.076, 625.619, 5000.000, 5.160
443.467, 442.920, 626.803, 5000.000, 5.181
444.294, 443.769, 627.988, 5000.000, 5.201
445.116, 444.623, 629.173, 5000.000, 5.221
445.936, 445.479, 630.358, 5000.000, 5.241
446.754, 446.337, 631.544, 5000.000, 5.261
447.571, 447.195, 632.729, 5000.000, 5.282
448.388, 448.054, 633.915, 5000.000, 5.302
449.206, 448.912, 635.100, 5000.000, 5.322
450.026, 449.768, 636.286, 5000.000, 5.342
450.849, 450.621, 637.471, 5000.000, 5.362
451.675, 451.471, 638.655, 5000.000, 5.383
452.505, 452.315, 639.839, 5000.000, 5.403
453.341, 453.153, 641.023, 5000.000, 5.423
454.183, 453.985, 642.206, 5000.000, 5.443
455.032, 454.809, 643.389, 5000.000, 5.463
455.889, 455.624, 644.570, 5000.000, 5.484
456.789, 456.392, 645.749, 5000.000, 5.504
457.685, 457.163, 646.928, 5000.000, 5.524
458.581, 457.935, 648.107, 5000.000, 5.544
459.478, 458.706, 649.287, 5000.000, 5.564
460.377, 459.474, 650.467, 5000.000, 5.584
461.234, 460.289, 651.649, 5000.000, 5.604
462.083, 461.113, 652.832, 5000.000, 5.624
462.925, 461.944, 654.015, 5000.000, 5.645
463.761, 462.783, 655.199, 5000.000, 5.665
464.592, 463.627, 656.383, 5000.000, 5.685
465.418, 464.476, 657.568, 5000.000, 5.705
466.240, 465.329, 658.753, 5000.000, 5.725
467.060, 466.185, 659.938, 5000.000, 5.746
467.878, 467.043, 661.123, 5000.000, 5.766
468.695, 467.902, 662.309, 5000.000, 5.786
469.512, 468.761, 663.494, 5000.000, 5.806
470.331, 469.619, 664.680, 5000.000, 5.826
471.150, 470.475, 665.865, 5000.000, 5.847
471.973, 471.328, 667.050, 5000.000, 5.867
472.799, 472.177, 668.234, 5000.000, 5.887
473.663, 472.985, 669.416, 5000.000, 5.907
474.520, 473.800, 670.598, 5000.000, 5.927
475.371, 474.621, 671.780, 5000.000, 5.948
476.219, 475.446, 672.963, 5000.000, 5.968
477.066, 476.272, 674.146, 5000.000, 5.988
477.912, 477.099, 675.329, 5000.000, 6.008
478.760, 477.924, 676.512, 5000.000, 6.028
479.611, 478.745, 677.694, 5000.000, 6.048
480.468, 479.560, 678.877, 5000.000, 6.069
481.332, 480.368, 680.059, 5000.000, 6.089
482.158, 481.217, 681.243, 5000.000, 6.109
482.981, 482.070, 682.428, 5000.000, 6.129
483.801, 482.926, 683.613, 5000.000, 6.149
484.619, 483.784, 684.798, 5000.000, 6.169
485.436, 484.643, 685.983, 5000.000, 6.190
486.253, 485.502, 687.169, 5000.000, 6.210
487.071, 486.360, 688.354, 5000.000, 6.230
487.891, 487.216, 689.539, 5000.000, 6.250
488.714, 488.069, 690.724, 5000.000, 6.271
489.540, 488.918, 691.909, 5000.000, 6.291
490.370, 489.762, 693.093, 5000.000, 6.311
491.206, 490.601, 694.277, 5000.000, 6.331
492.048, 491.432, 695.460, 5000.000, 6.351
492.897, 492.256, 696.643, 5000.000, 6.371
493.754, 493.071, 697.825, 5000.000, 6.392
494.620, 493.876, 699.006, 5000.000, 6.412
495.529, 494.633, 700.184, 5000.000, 6.432
496.436, 495.393, 701.363, 5000.000, 6.452
497.344, 496.152, 702.542, 5000.000, 6.472
498.253, 496.909, 703.722, 5000.000, 6.492
499.119, 497.714, 704.904, 5000.000, 6.512
499.976, 498.529, 706.087, 5000.000, 6.533
500.825, 499.353, 707.270, 5000.000, 6.553
501.667, 500.185, 708.453, 5000.000, 6.573
502.502, 501.023, 709.636, 5000.000, 6.593
503.333, 501.867, 710.820, 5000.000, 6.613
504.159, 502.716, 712.005, 5000.000, 6.633
504.981, 503.570, 713.189, 5000.000, 6.654
505.801, 504.426, 714.374, 5000.000, 6.674
506.619, 505.284, 715.559, 5000.000, 6.694
507.437, 506.142, 716.745, 5000.000, 6.714
508.254, 507.001, 717.930, 5000.000, 6.734
509.072, 507.859, 719.115, 5000.000, 6.755
509.892, 508.715, 720.300, 5000.000, 6.775
510.714, 509.568, 721.485, 5000.000, 6.795
511.540, 510.418, 722.670, 5000.000, 6.815
512.371, 511.262, 723.854, 5000.000, 6.835
513.207, 512.100, 725.038, 5000.000, 6.856
514.049, 512.932, 726.221, 5000.000, 6.876
514.898, 513.756, 727.404, 5000.000, 6.896
515.755, 514.570, 728.586, 5000.000, 6.916
516.621, 515.376, 729.768, 5000.000, 6.936
517.496, 516.170, 730.950, 5000.000, 6.956
518.382, 516.953, 732.132, 5000.000, 6.977
519.280, 517.723, 733.315, 5000.000, 6.997
520.190, 518.479, 734.498, 5000.000, 7.017
521.067, 519.272, 735.680, 5000.000, 7.037
521.944, 520.065, 736.862, 5000.000, 7.057
522.820, 520.858, 738.044, 5000.000, 7.077
523.697, 521.652, 739.226, 5000.000, 7.098
524.574, 522.445, 740.408, 5000.000, 7.118
525.451, 523.238, 741.591, 5000.000, 7.138
526.327, 524.031, 742.773, 5000.000, 7.158
527.204, 524.824, 743.955, 5000.000, 7.178
528.081, 525.618, 745.137, 5000.000, 7.198
528.957, 526.411, 746.320, 5000.000, 7.219
529.834, 527.204, 747.502, 5000.000, 7.239
530.711, 527.997, 748.684, 5000.000, 7.259
531.621, 528.753, 749.867, 5000.000, 7.279
532.485, 529.560, 751.049, 5000.000, 7.299
533.350, 530.366, 752.231, 5000.000, 7.319
534.216, 531.171, 753.413, 5000.000, 7.340
535.117, 531.938, 754.596, 5000.000, 7.360
536.006, 532.718, 755.778, 5000.000, 7.380
536.884, 533.509, 756.960, 5000.000, 7.400
537.753, 534.311, 758.142, 5000.000, 7.420
538.612, 535.123, 759.325, 5000.000, 7.440
539.464, 535.944, 760.507, 5000.000, 7.461
540.309, 536.773, 761.690, 5000.000, 7.481
541.147, 537.608, 762.874, 4996.750, 7.501
541.980, 538.450, 764.057, 4989.431, 7.521
542.809, 539.296, 765.241, 4980.544, 7.541
543.634, 540.146, 766.425, 4968.899, 7.561
544.457, 540.999, 767.610, 4953.860, 7.582
545.277, 541.854, 768.795, 4936.989, 7.602
546.097, 542.710, 769.979, 4916.042, 7.622
546.917, 543.566, 771.164, 4893.282, 7.642
547.738, 544.421, 772.349, 4869.649, 7.662
548.560, 545.274, 773.534, 4844.790, 7.683
549.385, 546.124, 774.719, 4818.495, 7.703
550.214, 546.971, 775.903, 4791.124, 7.723
551.047, 547.812, 777.087, 4764.947, 7.743
551.886, 548.647, 778.271, 4740.686, 7.763
552.730, 549.476, 779.454, 4717.152, 7.784
553.582, 550.297, 780.636, 4696.657, 7.804
554.442, 551.109, 781.819, 4677.391, 7.824
555.310, 551.911, 783.001, 4659.385, 7.844
556.189, 552.702, 784.183, 4642.690, 7.864
557.064, 553.497, 785.365, 4625.964, 7.884
557.938, 554.293, 786.548, 4609.649, 7.905
558.858, 555.039, 787.730, 4592.925, 7.925
559.778, 555.783, 788.913, 4575.959, 7.945
560.655, 556.577, 790.095, 4558.988, 7.965
561.522, 557.381, 791.277, 4539.534, 7.985
562.380, 558.195, 792.459, 4520.748, 8.005
563.230, 559.018, 793.641, 4501.200, 8.026
564.072, 559.848, 794.823, 4481.136, 8.046
564.909, 560.686, 796.006, 4460.708, 8.066
565.740, 561.529, 797.189, 4438.945, 8.086
566.567, 562.377, 798.372, 4416.336, 8.106
567.391, 563.229, 799.555, 4392.182, 8.126
568.212, 564.084, 800.739, 4366.917, 8.147
569.031, 564.941, 801.922, 4340.962, 8.167
569.849, 565.799, 803.107, 4315.184, 8.187
570.667, 566.657, 804.291, 4289.901, 8.207
571.486, 567.514, 805.475, 4266.655, 8.227
572.306, 568.369, 806.659, 4244.584, 8.248
573.130, 569.221, 807.844, 4223.428, 8.268
573.957, 570.069, 809.028, 4202.258, 8.288
574.788, 570.913, 810.212, 4181.722, 8.308
575.625, 571.750, 811.396, 4160.335, 8.328
576.468, 572.581, 812.579, 4138.685, 8.348
577.318, 573.403, 813.762, 4117.357, 8.369
578.176, 574.217, 814.944, 4095.487, 8.389
579.042, 575.022, 816.126, 4073.142, 8.409
579.919, 575.815, 817.308, 4051.178, 8.429
580.806, 576.597, 818.489, 4029.039, 8.449
581.705, 577.366, 819.670, 4006.761, 8.469
582.569, 578.172, 820.852, 3984.239, 8.490
583.479, 578.929, 822.033, 3960.901, 8.510
584.356, 579.722, 823.215, 3936.099, 8.530
585.232, 580.515, 824.397, 3910.548, 8.550
586.109, 581.308, 825.579, 3885.822, 8.570
586.986, 582.101, 826.762, 3862.083, 8.590
587.863, 582.895, 827.944, 3838.104, 8.610
588.739, 583.688, 829.126, 3815.003, 8.631
589.616, 584.481, 830.308, 3792.354, 8.651
590.493, 585.274, 831.490, 3770.365, 8.671
591.369, 586.067, 832.672, 3749.026, 8.691
592.246, 586.861, 833.855, 3728.144, 8.711
593.123, 587.654, 835.037, 3708.032, 8.731
593.999, 588.447, 836.219, 3689.157, 8.752
594.876, 589.240, 837.401, 3671.995, 8.772
595.753, 590.033, 838.584, 3656.515, 8.792
596.629, 590.827, 839.766, 3641.728, 8.812
597.506, 591.620, 840.948, 3627.504, 8.832
598.383, 592.413, 842.131, 3612.761, 8.852
599.259, 593.206, 843.313, 3597.681, 8.873
600.136, 593.999, 844.495, 3582.172, 8.893
601.013, 594.793, 845.677, 3565.741, 8.913
601.890, 595.586, 846.860, 3549.755, 8.933
602.766, 596.379, 848.042, 3534.344, 8.953
603.643, 597.172, 849.224, 3519.672, 8.973
604.520, 597.965, 850.406, 3506.404, 8.993
605.396, 598.759, 851.589, 3493.249, 9.014
606.273, 599.552, 852.771, 3479.941, 9.034
607.150, 600.345, 853.953, 3465.892, 9.054
608.026, 601.138, 855.135, 3450.809, 9.074
608.903, 601.931, 856.318, 3435.121, 9.094
609.780, 602.724, 857.500, 3418.919, 9.114
610.656, 603.518, 858.682, 3403.571, 9.135
611.533, 604.311, 859.864, 3390.012, 9.155
612.410, 605.104, 861.047, 3377.320, 9.175
613.287, 605.897, 862.229, 3366.463, 9.195
614.163, 606.690, 863.411, 3356.346, 9.215
615.040, 607.484, 864.594, 3346.341, 9.235
615.917, 608.277, 865.776, 3335.383, 9.256
616.793, 609.070, 866.958, 3323.120, 9.276
617.670, 609.863, 868.140, 3310.002, 9.296
618.547, 610.656, 869.323, 3296.130, 9.316
619.423, 611.450, 870.505, 3282.133, 9.336
620.300, 612.243, 871.687, 3268.571, 9.356
621.177, 613.036, 872.869, 3255.531, 9.377
622.053, 613.829, 874.052, 3242.416, 9.397
622.930, 614.622, 875.234, 3229.544, 9.417
623.807, 615.416, 876.416, 3216.398, 9.437
624.683, 616.209, 877.598, 3202.942, 9.457
625.560, 617.002, 878.781, 3188.807, 9.477
626.437, 617.795, 879.963, 3174.457, 9.498
627.314, 618.588, 881.145, 3159.998, 9.518
628.190, 619.382, 882.327, 3145.427, 9.538
629.067, 620.175, 883.510, 3130.983, 9.558
629.944, 620.968, 884.692, 3116.757, 9.578
630.820, 621.761, 885.874, 3102.373, 9.598
631.697, 622.554, 887.057, 3088.300, 9.618
632.574, 623.348, 888.239, 3074.220, 9.639
633.450, 624.141, 889.421, 3060.309, 9.659
634.327, 624.934, 890.603, 3047.140, 9.679
635.204, 625.727, 891.786, 3034.962, 9.699
636.080, 626.520, 892.968, 3024.018, 9.719
636.957, 627.314, 894.150, 3014.232, 9.739
637.834, 628.107, 895.332, 3004.943, 9.760
638.711, 628.900, 896.515, 2995.976, 9.780
639.587, 629.693, 897.697, 2986.213, 9.800
640.464, 630.486, 898.879, 2975.729, 9.820
641.341, 631.280, 900.061, 2964.219, 9.840
642.217, 632.073, 901.244, 2952.262, 9.860
643.094, 632.866, 902.426, 2939.961, 9.881
643.971, 633.659, 903.608, 2927.626, 9.901
644.847, 634.452, 904.790, 2916.036, 9.921
645.724, 635.246, 905.973, 2904.999, 9.941
646.567, 636.076, 907.155, 2894.048, 9.961
647.423, 636.892, 908.337, 2882.808, 9.981
648.290, 637.696, 909.520, 2871.338, 10.002
649.168, 638.488, 910.702, 2858.995, 10.022
650.055, 639.269, 911.884, 2845.838, 10.042
650.952, 640.041, 913.067, 2832.126, 10.062
651.856, 640.803, 914.250, 2817.894, 10.082
652.767, 641.558, 915.433, 2803.060, 10.102
653.685, 642.306, 916.617, 2789.491, 10.123
654.608, 643.048, 917.801, 2776.948, 10.143
655.535, 643.786, 918.985, 2765.153, 10.163
656.466, 644.519, 920.170, 2753.605, 10.183
657.400, 645.249, 921.355, 2742.419, 10.203
658.335, 645.978, 922.540, 2731.273, 10.224
659.271, 646.705, 923.726, 2720.175, 10.244
660.207, 647.433, 924.911, 2709.542, 10.264
661.142, 648.161, 926.096, 2699.194, 10.284
662.076, 648.891, 927.282, 2688.501, 10.304
663.007, 649.625, 928.467, 2678.723, 10.325
663.934, 650.362, 929.651, 2669.825, 10.345
664.857, 651.104, 930.836, 2661.582, 10.365
665.775, 651.852, 932.019, 2653.486, 10.385
666.686, 652.607, 933.203, 2645.580, 10.405
667.590, 653.370, 934.385, 2637.752, 10.426
668.487, 654.141, 935.567, 2629.942, 10.446
669.374, 654.922, 936.749, 2622.907, 10.466
670.252, 655.714, 937.929, 2616.719, 10.486
671.119, 656.518, 939.112, 2610.882, 10.506
671.975, 657.335, 940.294, 2605.327, 10.526
672.818, 658.165, 941.477, 2600.031, 10.546
673.695, 658.958, 942.659, 2594.815, 10.567
674.571, 659.751, 943.841, 2589.833, 10.587
675.448, 660.544, 945.023, 2584.918, 10.607
676.325, 661.337, 946.206, 2580.513, 10.627
677.201, 662.131, 947.388, 2576.366, 10.647
678.078, 662.924, 948.570, 2572.276, 10.667
678.955, 663.717, 949.752, 2568.910, 10.688
679.831, 664.510, 950.934, 2566.148, 10.708
680.708, 665.303, 952.117, 2563.001, 10.728
681.585, 666.097, 953.299, 2559.364, 10.748
682.462, 666.890, 954.481, 2555.147, 10.768
683.305, 667.720, 955.664, 2551.177, 10.788
684.160, 668.537, 956.846, 2547.123, 10.809
685.028, 669.340, 958.029, 2542.896, 10.829
685.905, 670.132, 959.211, 2538.843, 10.849
686.793, 670.914, 960.393, 2534.487, 10.869
687.689, 671.685, 961.575, 2530.341, 10.889
688.593, 672.448, 962.757, 2526.189, 10.909
689.505, 673.203, 963.939, 2521.496, 10.929
690.422, 673.951, 965.123, 2515.750, 10.950
691.345, 674.693, 966.307, 2509.648, 10.970
692.273, 675.430, 967.492, 2503.647, 10.990
693.203, 676.163, 968.677, 2498.167, 11.010
694.137, 676.894, 969.862, 2492.944, 11.030
695.072, 677.622, 971.047, 2488.424, 11.051
696.008, 678.349, 972.233, 2484.065, 11.071
696.945, 679.077, 973.418, 2480.135, 11.091
697.880, 679.805, 974.604, 2476.473, 11.111
698.813, 680.536, 975.789, 2472.558, 11.132
699.744, 681.269, 976.974, 2468.382, 11.152
700.672, 682.006, 978.159, 2464.037, 11.172
701.561, 682.785, 979.340, 2459.950, 11.192
702.458, 683.557, 980.522, 2456.441, 11.212
703.359, 684.322, 981.704, 2452.664, 11.232
704.265, 685.084, 982.887, 2449.078, 11.253
705.172, 685.843, 984.070, 2445.641, 11.273
706.079, 686.603, 985.253, 2441.913, 11.293
706.985, 687.364, 986.435, 2438.276, 11.313
707.886, 688.130, 987.618, 2433.986, 11.333
708.783, 688.901, 988.800, 2429.232, 11.353
709.672, 689.680, 989.982, 2424.415, 11.374
710.600, 690.417, 991.167, 2419.279, 11.394
711.530, 691.150, 992.352, 2414.021, 11.414
712.464, 691.881, 993.537, 2408.307, 11.434
713.399, 692.609, 994.722, 2401.723, 11.454
714.335, 693.337, 995.908, 2394.942, 11.475
715.272, 694.064, 997.093, 2387.717, 11.495
716.207, 694.793, 998.279, 2380.662, 11.515
717.140, 695.523, 999.464, 2373.190, 11.535
718.071, 696.256, 1000.649, 2365.732, 11.555
718.965, 697.030, 1001.831, 2357.773, 11.576
719.867, 697.796, 1003.013, 2349.944, 11.596
720.775, 698.554, 1004.196, 2342.286, 11.616
721.688, 699.308, 1005.379, 2334.930, 11.636
722.603, 700.059, 1006.563, 2327.300, 11.656
723.519, 700.809, 1007.746, 2319.528, 11.677
724.434, 701.559, 1008.930, 2311.074, 11.697
725.346, 702.313, 1010.113, 2303.005, 11.717
726.254, 703.072, 1011.296, 2294.984, 11.737
727.156, 703.837, 1012.479, 2286.868, 11.757
728.050, 704.611, 1013.661, 2278.745, 11.777
728.981, 705.344, 1014.845, 2270.476, 11.798
729.914, 706.075, 1016.031, 2262.058, 11.818
730.850, 706.803, 1017.216, 2254.394, 11.838
731.786, 707.531, 1018.402, 2246.530, 11.858
732.722, 708.258, 1019.587, 2238.463, 11.878
733.657, 708.987, 1020.773, 2229.949, 11.899
734.591, 709.717, 1021.958, 2221.195, 11.919
735.488, 710.487, 1023.140, 2212.665, 11.939
736.394, 711.248, 1024.322, 2204.437, 11.959
737.308, 712.000, 1025.506, 2196.343, 11.979
738.226, 712.747, 1026.690, 2187.964, 12.000
739.149, 713.490, 1027.874, 2179.308, 12.020
740.073, 714.231, 1029.058, 2170.848, 12.040
740.997, 714.972, 1030.242, 2163.008, 12.060
741.919, 715.715, 1031.427, 2155.280, 12.080
742.837, 716.462, 1032.611, 2147.332, 12.101
743.751, 717.214, 1033.794, 2139.043, 12.121
744.657, 717.975, 1034.977, 2130.927, 12.141
745.554, 718.745, 1036.159, 2122.996, 12.161
746.488, 719.476, 1037.344, 2115.583, 12.181
747.390, 720.241, 1038.527, 2108.103, 12.201
748.305, 720.992, 1039.710, 2100.280, 12.222
749.232, 721.730, 1040.895, 2092.249, 12.242
750.168, 722.457, 1042.080, 2084.230, 12.262
751.112, 723.176, 1043.267, 2076.546, 12.282
752.063, 723.887, 1044.454, 2069.228, 12.302
753.018, 724.594, 1045.642, 2061.293, 12.323
753.975, 725.298, 1046.830, 2053.147, 12.343
754.934, 726.000, 1048.019, 2045.119, 12.363
755.891, 726.704, 1049.207, 2037.646, 12.384
756.846, 727.411, 1050.395, 2030.569, 12.404
757.797, 728.122, 1051.583, 2023.627, 12.424
758.741, 728.841, 1052.769, 2016.284, 12.444
759.644, 729.605, 1053.950, 2009.165, 12.464
760.550, 730.366, 1055.132, 2002.082, 12.485
761.455, 731.128, 1056.313, 1995.248, 12.505
762.358, 731.892, 1057.495, 1988.263, 12.525
763.302, 732.610, 1058.682, 1981.106, 12.545
764.253, 733.322, 1059.869, 1973.875, 12.565
765.208, 734.029, 1061.057, 1966.860, 12.586
766.165, 734.732, 1062.245, 1960.454, 12.606
767.124, 735.435, 1063.433, 1954.173, 12.626
768.082, 736.139, 1064.621, 1947.923, 12.646
769.036, 736.846, 1065.809, 1941.626, 12.667
769.987, 737.557, 1066.996, 1935.496, 12.687
770.898, 738.313, 1068.179, 1929.540, 12.707
771.813, 739.063, 1069.362, 1923.644, 12.727
772.730, 739.812, 1070.546, 1917.235, 12.747
773.646, 740.561, 1071.730, 1910.696, 12.768
774.559, 741.315, 1072.913, 1903.914, 12.788
775.512, 742.024, 1074.100, 1897.550, 12.808
776.471, 742.726, 1075.288, 1891.326, 12.828
777.433, 743.425, 1076.476, 1884.960, 12.849
778.396, 744.122, 1077.664, 1878.865, 12.869
779.360, 744.819, 1078.853, 1872.715, 12.889
780.289, 745.555, 1080.038, 1866.620, 12.909
781.226, 746.281, 1081.224, 1860.612, 12.929
782.170, 747.000, 1082.410, 1854.410, 12.950
783.117, 747.715, 1083.597, 1848.133, 12.970
784.065, 748.430, 1084.784, 1842.042, 12.990
785.011, 749.146, 1085.971, 1836.109, 13.010
785.953, 749.867, 1087.157, 1830.238, 13.031
786.888, 750.596, 1088.342, 1824.373, 13.051
787.860, 751.284, 1089.532, 1818.385, 13.071
788.833, 751.971, 1090.722, 1812.510, 13.091
789.807, 752.657, 1091.913, 1806.508, 13.112
790.745, 753.382, 1093.098, 1800.483, 13.132
791.692, 754.097, 1094.285, 1794.614, 13.152
792.646, 754.806, 1095.473, 1788.759, 13.172
793.603, 755.510, 1096.661, 1782.936, 13.193
794.560, 756.214, 1097.850, 1776.875, 13.213
795.516, 756.919, 1099.038, 1770.932, 13.233
796.468, 757.630, 1100.226, 1765.191, 13.253
797.412, 758.348, 1101.412, 1759.509, 13.274
798.314, 759.114, 1102.593, 1753.981, 13.294
799.262, 759.828, 1103.780, 1748.590, 13.314
800.220, 760.531, 1104.968, 1743.401, 13.334
801.187, 761.225, 1106.158, 1738.464, 13.355
802.159, 761.913, 1107.348, 1733.575, 13.375
803.134, 762.597, 1108.539, 1728.944, 13.395
804.108, 763.282, 1109.730, 1724.143, 13.416
805.080, 763.970, 1110.920, 1719.689, 13.436
806.047, 764.664, 1112.110, 1715.526, 13.456
806.972, 765.404, 1113.294, 1711.733, 13.476
807.899, 766.141, 1114.477, 1708.290, 13.497
808.871, 766.829, 1115.668, 1704.852, 13.517
809.852, 767.507, 1116.860, 1701.682, 13.537
810.839, 768.179, 1118.053, 1698.819, 13.557
811.829, 768.846, 1119.246, 1696.477, 13.578
812.821, 769.512, 1120.440, 1693.936, 13.598
813.810, 770.181, 1121.634, 1691.312, 13.619
814.762, 770.891, 1122.821, 1688.898, 13.639
815.719, 771.595, 1124.009, 1686.815, 13.659
816.678, 772.298, 1125.197, 1684.846, 13.679
817.635, 773.002, 1126.386, 1682.837, 13.700
818.587, 773.712, 1127.573, 1680.757, 13.720
819.576, 774.381, 1128.767, 1678.735, 13.740
820.568, 775.047, 1129.961, 1676.390, 13.761
821.558, 775.714, 1131.155, 1674.028, 13.781
822.512, 776.423, 1132.342, 1671.503, 13.801
823.472, 777.124, 1133.531, 1669.061, 13.821
824.434, 777.823, 1134.720, 1666.457, 13.842
825.396, 778.522, 1135.909, 1663.939, 13.862
826.353, 779.226, 1137.097, 1661.613, 13.882
827.348, 779.888, 1138.292, 1659.225, 13.903
828.347, 780.546, 1139.487, 1656.418, 13.923
829.345, 781.205, 1140.683, 1653.406, 13.943
830.341, 781.867, 1141.878, 1650.167, 13.964
831.298, 782.571, 1143.066, 1646.722, 13.984
832.260, 783.270, 1144.255, 1643.083, 14.004
833.222, 783.969, 1145.444, 1639.604, 14.025
834.182, 784.670, 1146.632, 1635.867, 14.045
835.136, 785.379, 1147.820, 1632.233, 14.065
836.093, 786.083, 1149.009, 1628.549, 14.085
837.063, 786.773, 1150.199, 1624.725, 14.106
838.043, 787.451, 1151.391, 1620.701, 14.126
839.029, 788.124, 1152.584, 1616.417, 14.146
840.018, 788.793, 1153.778, 1612.362, 14.167
841.006, 789.463, 1154.971, 1608.159, 14.187
841.990, 790.138, 1156.164, 1604.173, 14.207
842.966, 790.822, 1157.356, 1600.440, 14.228
843.977, 791.466, 1158.554, 1596.751, 14.248
844.953, 792.149, 1159.745, 1592.987, 14.268
845.938, 792.822, 1160.939, 1589.232, 14.289
846.929, 793.489, 1162.133, 1585.564, 14.309
847.922, 794.155, 1163.328, 1581.968, 14.330
848.912, 794.822, 1164.522, 1578.044, 14.350
849.898, 795.495, 1165.715, 1574.401, 14.370
850.841, 796.215, 1166.900, 1570.855, 14.390
851.831, 796.883, 1168.095, 1567.482, 14.411
852.830, 797.540, 1169.291, 1563.977, 14.431
853.836, 798.191, 1170.488, 1560.706, 14.452
854.844, 798.838, 1171.686, 1557.322, 14.472
855.852, 799.487, 1172.884, 1553.954, 14.492
856.822, 800.177, 1174.074, 1550.607, 14.513
857.796, 800.863, 1175.265, 1547.454, 14.533
858.770, 801.549, 1176.456, 1543.936, 14.553
859.739, 802.239, 1177.647, 1540.396, 14.574
860.747, 802.888, 1178.844, 1536.966, 14.594
861.755, 803.535, 1180.042, 1533.819, 14.615
862.728, 804.223, 1181.232, 1530.734, 14.635
863.706, 804.903, 1182.424, 1527.651, 14.655
864.686, 805.582, 1183.617, 1524.664, 14.676
865.711, 806.212, 1184.818, 1521.525, 14.696
866.742, 806.834, 1186.021, 1518.460, 14.716
867.744, 807.490, 1187.217, 1515.638, 14.737
868.758, 808.131, 1188.417, 1512.820, 14.757
869.779, 808.764, 1189.618, 1509.922, 14.778
870.805, 809.393, 1190.820, 1507.282, 14.798
871.829, 810.022, 1192.022, 1504.654, 14.819
872.849, 810.658, 1193.223, 1501.930, 14.839
873.825, 811.341, 1194.414, 1499.167, 14.860
874.846, 811.975, 1195.615, 1496.426, 14.880
875.874, 812.601, 1196.818, 1493.612, 14.901
876.904, 813.224, 1198.021, 1490.887, 14.921
877.933, 813.849, 1199.225, 1488.209, 14.942
878.956, 814.481, 1200.427, 1485.722, 14.962
879.935, 815.161, 1201.618, 1483.161, 14.982
880.958, 815.793, 1202.820, 1480.816, 15.003
881.987, 816.418, 1204.023, 1478.578, 15.023
883.017, 817.041, 1205.227, 1476.492, 15.044
884.045, 817.667, 1206.431, 1474.376, 15.065
885.033, 818.337, 1207.624, 1472.313, 15.085
886.021, 819.007, 1208.817, 1470.281, 15.105
887.052, 819.630, 1210.021, 1468.194, 15.126
888.087, 820.248, 1211.227, 1466.279, 15.146
889.089, 820.903, 1212.423, 1464.686, 15.167
890.098, 821.549, 1213.622, 1462.884, 15.187
891.111, 822.193, 1214.822, 1461.157, 15.208
892.120, 822.839, 1216.020, 1459.265, 15.228
893.169, 823.442, 1217.229, 1457.431, 15.249
894.218, 824.045, 1218.438, 1455.783, 15.269
895.264, 824.651, 1219.646, 1453.833, 15.290
896.268, 825.303, 1220.843, 1451.968, 15.310
897.273, 825.955, 1222.041, 1449.960, 15.331
898.318, 826.561, 1223.249, 1448.032, 15.351
899.368, 827.164, 1224.458, 1446.286, 15.372
900.416, 827.767, 1225.667, 1444.514, 15.393
901.426, 828.413, 1226.866, 1442.393, 15.413
902.438, 829.057, 1228.065, 1440.242, 15.433
903.448, 829.703, 1229.264, 1438.055, 15.454
904.496, 830.306, 1230.473, 1435.664, 15.475
905.512, 830.946, 1231.673, 1433.224, 15.495
906.537, 831.575, 1232.876, 1431.056, 15.515
907.565, 832.201, 1234.079, 1428.716, 15.536
908.592, 832.829, 1235.282, 1426.614, 15.557
909.611, 833.464, 1236.484, 1424.774, 15.577
910.665, 834.062, 1237.694, 1423.117, 15.598
911.681, 834.700, 1238.895, 1421.282, 15.618
912.703, 835.334, 1240.096, 1419.186, 15.639
913.723, 835.968, 1241.298, 1417.007, 15.659
914.737, 836.609, 1242.498, 1414.804, 15.680
915.753, 837.249, 1243.698, 1412.655, 15.700
916.778, 837.877, 1244.901, 1410.476, 15.721
917.808, 838.501, 1246.105, 1408.271, 15.741
918.838, 839.126, 1247.309, 1406.058, 15.762
919.907, 839.706, 1248.524, 1403.853, 15.782
920.946, 840.320, 1249.730, 1401.886, 15.803
921.996, 840.922, 1250.940, 1399.916, 15.824
923.050, 841.518, 1252.151, 1397.947, 15.844
924.105, 842.115, 1253.363, 1395.756, 15.865
925.155, 842.717, 1254.573, 1393.443, 15.885
926.160, 843.368, 1255.769, 1391.319, 15.906
927.209, 843.971, 1256.979, 1389.197, 15.926
928.262, 844.569, 1258.190, 1387.168, 15.947
929.314, 845.168, 1259.400, 1384.949, 15.968
930.360, 845.775, 1260.609, 1382.855, 15.988
931.361, 846.430, 1261.804, 1380.673, 16.009
932.404, 847.039, 1263.013, 1378.619, 16.029
933.451, 847.645, 1264.222, 1376.438, 16.050
934.496, 848.252, 1265.430, 1373.943, 16.071
935.534, 848.867, 1266.637, 1371.568, 16.091
936.573, 849.480, 1267.843, 1369.331, 16.112
937.621, 850.085, 1269.053, 1366.988, 16.132
938.672, 850.685, 1270.263, 1365.107, 16.153
939.721, 851.287, 1271.473, 1362.977, 16.174
940.730, 851.934, 1272.671, 1360.876, 16.194
941.739, 852.581, 1273.869, 1358.636, 16.215
942.789, 853.183, 1275.079, 1356.343, 16.235
943.840, 853.784, 1276.289, 1354.171, 16.256
944.888, 854.388, 1277.498, 1351.747, 16.276
945.893, 855.039, 1278.695, 1349.322, 16.297
946.944, 855.640, 1279.905, 1347.118, 16.317
948.000, 856.234, 1281.118, 1345.112, 16.338
949.024, 856.865, 1282.320, 1343.433, 16.359
950.056, 857.486, 1283.524, 1341.686, 16.379
951.090, 858.106, 1284.729, 1339.733, 16.400
952.166, 858.679, 1285.947, 1337.583, 16.420
953.245, 859.248, 1287.167, 1335.288, 16.441
954.323, 859.819, 1288.386, 1333.136, 16.462
955.361, 860.434, 1289.592, 1330.976, 16.483
956.398, 861.050, 1290.798, 1328.709, 16.503
957.442, 861.658, 1292.006, 1326.591, 16.524
958.501, 862.250, 1293.219, 1324.757, 16.544
959.567, 862.833, 1294.435, 1322.962, 16.565
960.635, 863.415, 1295.651, 1321.300, 16.586
961.699, 864.001, 1296.865, 1319.223, 16.607
962.766, 864.585, 1298.081, 1317.061, 16.627
963.842, 865.157, 1299.300, 1314.626, 16.648
964.922, 865.726, 1300.520, 1312.209, 16.669
965.965, 866.335, 1301.728, 1309.921, 16.690
967.013, 866.939, 1302.937, 1307.564, 16.710
968.103, 867.496, 1304.160, 1305.377, 16.731
969.197, 868.050, 1305.385, 1303.564, 16.752
970.255, 868.643, 1306.598, 1301.670, 16.773
971.316, 869.232, 1307.812, 1299.869, 16.793
972.421, 869.773, 1309.040, 1297.844, 16.814
973.529, 870.310, 1310.271, 1295.693, 16.835
974.601, 870.888, 1311.489, 1293.375, 16.856
975.676, 871.461, 1312.708, 1291.143, 16.877
976.748, 872.039, 1313.925, 1289.155, 16.898
977.856, 872.576, 1315.156, 1287.219, 16.919
978.927, 873.154, 1316.373, 1285.200, 16.939
980.001, 873.730, 1317.591, 1283.384, 16.960
981.117, 874.258, 1318.825, 1281.557, 16.981
982.203, 874.821, 1320.048, 1279.715, 17.002
983.297, 875.374, 1321.274, 1277.820, 17.023
984.392, 875.925, 1322.500, 1276.005, 17.044
985.483, 876.482, 1323.724, 1274.230, 17.065
986.528, 877.089, 1324.932, 1272.355, 17.085
987.612, 877.653, 1326.154, 1270.593, 17.106
988.696, 878.217, 1327.376, 1268.917, 17.127
989.784, 878.776, 1328.599, 1267.147, 17.148
990.885, 879.322, 1329.827, 1265.427, 17.169
991.989, 879.863, 1331.057, 1263.716, 17.190
993.092, 880.407, 1332.286, 1261.931, 17.211
994.150, 880.999, 1333.499, 1260.302, 17.231
995.252, 881.544, 1334.727, 1258.617, 17.252
996.355, 882.087, 1335.956, 1256.873, 17.273
997.419, 882.673, 1337.171, 1254.909, 17.294
998.530, 883.208, 1338.403, 1252.960, 17.315
999.647, 883.735, 1339.638, 1251.075, 17.336
1000.763, 884.264, 1340.872, 1249.068, 17.357
1001.838, 884.838, 1342.090, 1246.865, 17.378
1002.957, 885.363, 1343.326, 1244.707, 17.399
1004.079, 885.885, 1344.563, 1242.493, 17.420
1005.165, 886.447, 1345.786, 1240.274, 17.441
1006.252, 887.008, 1347.009, 1238.112, 17.462
1007.380, 887.524, 1348.248, 1236.075, 17.483
1008.507, 888.039, 1349.488, 1233.656, 17.504
1009.595, 888.600, 1350.711, 1231.324, 17.525
1010.680, 889.162, 1351.933, 1229.115, 17.546
1011.769, 889.721, 1353.157, 1226.973, 17.567
1012.867, 890.270, 1354.384, 1224.651, 17.587
1013.966, 890.817, 1355.612, 1222.329, 17.608
1015.104, 891.321, 1356.856, 1219.997, 17.630
1016.208, 891.863, 1358.085, 1217.723, 17.651
1017.316, 892.400, 1359.317, 1215.495, 17.672
1018.421, 892.941, 1360.547, 1213.330, 17.693
1019.528, 893.480, 1361.778, 1210.941, 17.714
1020.642, 894.011, 1363.012, 1208.534, 17.735
1021.755, 894.544, 1364.246, 1206.308, 17.756
1022.905, 895.034, 1365.495, 1204.155, 17.777
1024.020, 895.564, 1366.730, 1201.908, 17.798
1025.137, 896.091, 1367.965, 1199.643, 17.819
1026.249, 896.624, 1369.198, 1197.327, 17.840
1027.361, 897.158, 1370.432, 1194.894, 17.861
1028.479, 897.685, 1371.667, 1192.474, 17.882
1029.593, 898.215, 1372.901, 1190.221, 17.903
1030.711, 898.742, 1374.137, 1187.841, 17.924
1031.836, 899.261, 1375.376, 1185.389, 17.945
1032.961, 899.779, 1376.615, 1182.999, 17.967
1034.078, 900.306, 1377.850, 1180.747, 17.988
1035.193, 900.837, 1379.084, 1178.528, 18.009
1036.310, 901.364, 1380.320, 1176.292, 18.030
1037.422, 901.897, 1381.553, 1173.978, 18.051
1038.534, 902.430, 1382.786, 1171.714, 18.072
1039.652, 902.957, 1384.022, 1169.375, 18.093
1040.733, 903.525, 1385.242, 1167.187, 18.114
1041.816, 904.090, 1386.462, 1165.116, 18.134
1042.938, 904.611, 1387.700, 1162.912, 18.156
1044.059, 905.134, 1388.937, 1160.760, 18.177
1045.184, 905.654, 1390.176, 1158.741, 18.198
1046.317, 906.164, 1391.418, 1156.862, 18.219
1047.418, 906.709, 1392.646, 1154.998, 18.240
1048.524, 907.249, 1393.877, 1153.124, 18.261
1049.673, 907.741, 1395.126, 1151.264, 18.282
1050.790, 908.268, 1396.362, 1149.326, 18.303
1051.914, 908.788, 1397.600, 1147.420, 18.324
1053.082, 909.260, 1398.858, 1145.703, 18.346
1054.219, 909.765, 1400.102, 1143.900, 18.367
1055.363, 910.263, 1401.349, 1142.066, 18.388
1056.505, 910.763, 1402.596, 1140.370, 18.410
1057.650, 911.259, 1403.844, 1111.743, 18.431
1058.802, 911.748, 1405.095, 1110.356, 18.452
1059.952, 912.239, 1406.345, 1108.934, 18.474
1061.105, 912.727, 1407.597, 1107.465, 18.495
1062.265, 913.207, 1408.852, 1106.023, 18.516
1063.390, 913.726, 1410.090, 1104.716, 18.537
1064.563, 914.192, 1411.352, 1103.529, 18.559
1065.742, 914.650, 1412.616, 1102.125, 18.580
1066.886, 915.149, 1413.863, 1100.851, 18.602
1068.030, 915.646, 1415.111, 1099.565, 18.623
1069.212, 916.102, 1416.377, 1098.236, 18.645
1070.356, 916.599, 1417.625, 1096.811, 18.666
1071.500, 917.098, 1418.872, 1095.444, 18.687
1072.646, 917.593, 1420.120, 1093.998, 18.708
1073.798, 918.082, 1421.372, 1092.606, 18.730
1074.993, 918.523, 1422.645, 1091.186, 18.751
1076.189, 918.963, 1423.918, 1089.924, 18.773
1077.344, 919.449, 1425.171, 1088.560, 18.795
1078.495, 919.939, 1426.422, 1087.223, 18.816
1079.644, 920.431, 1427.672, 1085.864, 18.837
1080.796, 920.920, 1428.923, 1084.506, 18.859
1081.955, 921.402, 1430.178, 1083.149, 18.880
1083.123, 921.873, 1431.437, 1081.850, 18.901
1084.291, 922.344, 1432.697, 1080.543, 18.923
1085.463, 922.811, 1433.958, 1079.225, 18.944
1086.641, 923.270, 1435.223, 1077.834, 18.966
1087.817, 923.733, 1436.486, 1076.591, 18.988
1088.994, 924.194, 1437.750, 1075.349, 19.009
1090.176, 924.650, 1439.017, 1074.167, 19.031
1091.318, 925.150, 1440.263, 1073.013, 19.052
1092.505, 925.600, 1441.532, 1071.750, 19.074
1093.693, 926.050, 1442.802, 1070.568, 19.095
1094.838, 926.546, 1444.050, 1069.399, 19.116
1096.024, 926.998, 1445.318, 1068.325, 19.138
1097.174, 927.489, 1446.568, 1067.245, 19.159
1098.370, 927.929, 1447.843, 1065.935, 19.181
1099.570, 928.365, 1449.119, 1064.699, 19.203
1100.730, 928.844, 1450.374, 1063.638, 19.224
1101.934, 929.276, 1451.652, 1062.401, 19.246
1103.137, 929.708, 1452.931, 1061.139, 19.268
1104.298, 930.188, 1454.186, 1059.782, 19.289
1105.498, 930.624, 1455.462, 1058.513, 19.311
1106.661, 931.101, 1456.719, 1057.206, 19.333
1107.870, 931.527, 1458.000, 1055.908, 19.354
1109.048, 931.987, 1459.265, 1054.576, 19.376
1110.231, 932.441, 1460.532, 1053.246, 19.398
1111.409, 932.901, 1461.797, 1052.001, 19.419
1112.584, 933.364, 1463.060, 1050.827, 19.441
1113.760, 933.827, 1464.324, 1049.478, 19.462
1114.938, 934.287, 1465.588, 1048.175, 19.484
1116.121, 934.742, 1466.856, 1046.712, 19.505
1117.346, 935.150, 1468.146, 1045.370, 19.527
1118.535, 935.598, 1469.416, 1043.970, 19.549
1119.726, 936.044, 1470.688, 1042.510, 19.571
1120.920, 936.487, 1471.961, 1041.046, 19.592
1122.120, 936.922, 1473.238, 1039.604, 19.614
1123.282, 937.400, 1474.494, 1038.201, 19.636
1124.489, 937.829, 1475.774, 1036.978, 19.657
1125.662, 938.294, 1477.036, 1035.521, 19.679
1126.883, 938.707, 1478.324, 1034.088, 19.701
1128.109, 939.114, 1479.615, 1032.672, 19.723
1129.295, 939.565, 1480.884, 1031.234, 19.745
1130.523, 939.969, 1482.177, 1029.875, 19.767
1131.717, 940.413, 1483.450, 1028.502, 19.788
1132.957, 940.804, 1484.749, 1027.064, 19.811
1134.199, 941.193, 1486.050, 1025.735, 19.833
1135.401, 941.627, 1487.327, 1024.392, 19.854
1136.642, 942.017, 1488.628, 1023.024, 19.877
1137.847, 942.448, 1489.907, 1021.591, 19.898
1139.050, 942.880, 1491.185, 1020.081, 19.920
1140.253, 943.313, 1492.464, 1018.714, 19.942
1141.458, 943.743, 1493.743, 1017.313, 19.964
1142.666, 944.170, 1495.025, 1015.970, 19.986
1143.880, 944.591, 1496.309, 1014.683, 20.008
1145.134, 944.967, 1497.617, 1013.399, 20.030
1146.351, 945.384, 1498.903, 1012.154, 20.052
1147.567, 945.803, 1500.189, 1010.807, 20.074
1148.782, 946.221, 1501.475, 1009.438, 20.096
1149.999, 946.638, 1502.761, 1008.124, 20.118
1151.220, 947.051, 1504.050, 1006.760, 20.140
1152.446, 947.458, 1505.342, 1005.511, 20.162
1153.632, 947.909, 1506.610, 1004.113, 20.183
1154.860, 948.314, 1507.903, 1002.790, 20.205
1156.051, 948.760, 1509.174, 1001.492, 20.227
1157.286, 949.158, 1510.471, 1000.162, 20.249
1158.486, 949.593, 1511.748, 998.857, 20.271
1159.733, 949.977, 1513.052, 997.547, 20.293
1160.949, 950.395, 1514.338, 996.116, 20.315
1162.214, 950.759, 1515.652, 994.816, 20.337
1163.450, 951.156, 1516.950, 993.476, 20.360
1164.691, 951.546, 1518.251, 992.212, 20.382
1165.939, 951.929, 1519.556, 990.925, 20.404
1167.193, 952.305, 1520.864, 989.640, 20.426
1168.456, 952.672, 1522.178, 988.404, 20.449
1169.727, 953.029, 1523.497, 987.136, 20.471
1170.961, 953.427, 1524.794, 985.825, 20.493
1172.239, 953.777, 1526.117, 984.574, 20.516
1173.480, 954.167, 1527.419, 983.234, 20.538
1174.766, 954.508, 1528.748, 981.975, 20.561
1176.049, 954.851, 1530.077, 980.794, 20.583
1177.332, 955.196, 1531.405, 979.705, 20.606
1178.582, 955.577, 1532.711, 978.562, 20.628
1179.878, 955.907, 1534.048, 977.439, 20.651
1181.141, 956.272, 1535.363, 976.298, 20.674
1182.406, 956.637, 1536.679, 975.207, 20.696
1183.705, 956.963, 1538.018, 974.070, 20.719
1184.958, 957.340, 1539.327, 973.023, 20.741
1186.214, 957.714, 1540.637, 971.937, 20.764
1187.471, 958.087, 1541.948, 970.795, 20.786
1188.730, 958.457, 1543.260, 969.659, 20.808
1189.991, 958.826, 1544.574, 968.531, 20.831
1191.254, 959.192, 1545.889, 967.403, 20.853
1192.518, 959.557, 1547.205, 966.194, 20.876
1193.785, 959.920, 1548.522, 965.020, 20.898
1195.053, 960.280, 1549.840, 963.838, 20.920
1196.322, 960.639, 1551.160, 962.699, 20.943
1197.594, 960.996, 1552.480, 961.525, 20.965
1198.867, 961.351, 1553.802, 960.387, 20.988
1200.142, 961.704, 1555.125, 959.212, 21.011
1201.419, 962.055, 1556.449, 958.028, 21.033
1202.698, 962.404, 1557.775, 956.953, 21.056
1203.978, 962.751, 1559.101, 955.902, 21.078
1205.260, 963.096, 1560.429, 954.816, 21.101
1206.544, 963.439, 1561.758, 953.708, 21.124
1207.796, 963.817, 1563.065, 952.580, 21.146
1209.096, 964.142, 1564.405, 951.549, 21.169
1210.363, 964.504, 1565.723, 950.425, 21.191
1211.677, 964.814, 1567.072, 949.335, 21.214
1212.958, 965.161, 1568.399, 948.250, 21.237
1214.238, 965.508, 1569.725, 947.132, 21.260
1215.516, 965.858, 1571.050, 945.921, 21.282
1216.837, 966.159, 1572.405, 944.790, 21.305
1218.123, 966.500, 1573.735, 943.585, 21.328
1219.452, 966.793, 1575.095, 942.389, 21.351
1220.744, 967.128, 1576.429, 941.126, 21.374
1222.032, 967.467, 1577.761, 939.876, 21.397
1223.314, 967.811, 1579.089, 938.503, 21.419
1224.604, 968.148, 1580.421, 937.131, 21.442
1225.899, 968.479, 1581.758, 935.795, 21.465
1227.200, 968.803, 1583.099, 934.420, 21.488
1228.506, 969.122, 1584.443, 933.005, 21.511
1229.815, 969.438, 1585.789, 931.733, 21.533
1231.126, 969.750, 1587.137, 930.413, 21.556
1232.439, 970.061, 1588.487, 929.114, 21.579
1233.720, 970.408, 1589.813, 927.829, 21.602
1235.047, 970.704, 1591.172, 926.504, 21.625
1236.338, 971.039, 1592.506, 925.214, 21.648
1237.673, 971.326, 1593.871, 923.962, 21.671
1238.969, 971.655, 1595.208, 922.794, 21.694
1240.273, 971.976, 1596.551, 921.633, 21.717
1241.582, 972.291, 1597.897, 920.385, 21.740
1242.895, 972.603, 1599.246, 919.233, 21.763
1244.209, 972.912, 1600.597, 918.092, 21.786
1245.523, 973.222, 1601.947, 916.948, 21.809
1246.849, 973.518, 1603.306, 915.778, 21.832
1248.185, 973.804, 1604.671, 914.493, 21.855
1249.528, 974.081, 1606.042, 913.229, 21.879
1250.878, 974.352, 1607.418, 911.944, 21.902
1252.232, 974.617, 1608.797, 910.654, 21.926
1253.556, 974.917, 1610.154, 909.351, 21.949
1254.926, 975.164, 1611.545, 908.025, 21.973
1256.261, 975.451, 1612.910, 906.677, 21.996
1257.605, 975.728, 1614.282, 905.373, 22.019
1258.955, 975.998, 1615.659, 904.017, 22.043
1260.308, 976.264, 1617.038, 902.633, 22.066
1261.662, 976.530, 1618.418, 901.175, 22.090
1263.015, 976.797, 1619.797, 899.750, 22.113
1264.376, 977.054, 1621.182, 898.355, 22.137
1265.744, 977.305, 1622.573, 896.935, 22.161
1267.115, 977.551, 1623.966, 895.577, 22.184
1268.487, 977.797, 1625.360, 894.225, 22.208
1269.858, 978.045, 1626.752, 892.814, 22.232
1271.190, 978.334, 1628.115, 891.534, 22.255
1272.561, 978.581, 1629.508, 890.195, 22.279
1273.935, 978.825, 1630.903, 888.958, 22.303
1275.276, 979.105, 1632.273, 887.663, 22.326
1276.659, 979.338, 1633.675, 886.351, 22.350
1278.003, 979.615, 1635.047, 885.059, 22.373
1279.351, 979.888, 1636.422, 883.732, 22.397
1280.745, 980.109, 1637.833, 882.485, 22.421
1282.103, 980.370, 1639.216, 881.208, 22.445
1283.502, 980.586, 1640.631, 879.872, 22.469
1284.858, 980.850, 1642.012, 878.604, 22.492
1286.215, 981.112, 1643.394, 877.283, 22.516
1287.583, 981.362, 1644.785, 876.032, 22.539
1288.958, 981.604, 1646.181, 874.748, 22.563
1290.336, 981.843, 1647.580, 873.425, 22.587
1291.681, 982.119, 1648.953, 872.130, 22.611
1293.069, 982.348, 1650.359, 870.795, 22.635
1294.461, 982.570, 1651.769, 869.482, 22.659
1295.822, 982.828, 1653.154, 868.198, 22.682
1297.227, 983.038, 1654.574, 866.844, 22.706
1298.639, 983.239, 1656.000, 865.508, 22.731
1300.055, 983.437, 1657.428, 864.133, 22.755
1301.471, 983.634, 1658.857, 862.792, 22.779
1302.849, 983.873, 1660.256, 861.489, 22.803
1304.233, 984.105, 1661.660, 860.215, 22.827
1305.665, 984.285, 1663.102, 858.950, 22.852
1307.060, 984.505, 1664.514, 857.688, 22.876
1308.462, 984.718, 1665.932, 856.402, 22.900
1309.865, 984.929, 1667.351, 855.185, 22.924
1311.266, 985.143, 1668.768, 853.999, 22.948
1312.673, 985.350, 1670.190, 852.758, 22.973
1314.048, 985.592, 1671.586, 851.566, 22.997
1315.467, 985.786, 1673.018, 850.278, 23.021
1316.890, 985.975, 1674.453, 849.058, 23.045
1318.282, 986.199, 1675.863, 847.883, 23.069
1319.715, 986.377, 1677.307, 846.673, 23.094
1321.153, 986.550, 1678.755, 845.506, 23.119
1322.558, 986.760, 1680.175, 844.298, 23.143
1324.004, 986.924, 1681.630, 843.159, 23.168
1325.406, 987.136, 1683.048, 842.045, 23.192
1326.807, 987.350, 1684.465, 840.874, 23.216
1328.214, 987.556, 1685.888, 839.711, 23.240
1329.669, 987.711, 1687.350, 838.456, 23.265
1331.087, 987.906, 1688.781, 837.261, 23.290
1332.509, 988.096, 1690.216, 836.094, 23.314
1333.944, 988.273, 1691.661, 834.898, 23.339
1335.385, 988.441, 1693.113, 833.738, 23.364
1336.829, 988.608, 1694.565, 832.550, 23.388
1338.282, 988.764, 1696.027, 831.373, 23.413
1339.706, 988.952, 1697.463, 830.237, 23.438
1341.175, 989.091, 1698.938, 829.061, 23.463
1342.604, 989.274, 1700.378, 827.910, 23.487
1344.032, 989.457, 1701.818, 826.718, 23.512
1345.468, 989.633, 1703.265, 825.557, 23.537
1346.951, 989.755, 1704.752, 824.371, 23.562
1348.397, 989.920, 1706.206, 823.207, 23.587
1349.845, 990.082, 1707.663, 822.044, 23.612
1351.302, 990.233, 1709.129, 820.907, 23.637
1352.730, 990.417, 1710.568, 819.752, 23.661
1354.168, 990.590, 1712.016, 818.637, 23.686
1355.655, 990.709, 1713.507, 817.497, 23.711
1357.152, 990.817, 1715.007, 816.337, 23.737
1358.618, 990.958, 1716.481, 815.182, 23.762
1360.095, 991.088, 1717.963, 814.043, 23.787
1361.621, 991.163, 1719.489, 812.856, 23.813
1363.110, 991.280, 1720.983, 811.711, 23.839
1364.601, 991.393, 1722.478, 810.545, 23.864
1366.102, 991.497, 1723.982, 809.405, 23.890
1367.571, 991.636, 1725.457, 808.266, 23.915
1369.080, 991.730, 1726.969, 807.176, 23.941
1370.589, 991.824, 1728.481, 806.110, 23.967
1372.105, 991.911, 1729.999, 805.046, 23.993
1373.586, 992.036, 1731.485, 803.983, 24.018
1375.071, 992.156, 1732.975, 802.940, 24.043
1376.600, 992.229, 1734.505, 801.905, 24.069
1378.132, 992.298, 1736.037, 800.909, 24.096
1379.625, 992.410, 1737.535, 799.904, 24.121
1381.120, 992.520, 1739.033, 798.943, 24.147
1382.620, 992.624, 1740.537, 798.002, 24.172
1384.132, 992.715, 1742.052, 797.112, 24.198
1385.648, 992.802, 1743.570, 796.256, 24.224
1387.159, 992.894, 1745.084, 795.417, 24.250
1388.671, 992.984, 1746.599, 794.620, 24.276
1390.190, 993.068, 1748.120, 793.825, 24.302
1391.673, 993.191, 1749.608, 793.074, 24.327
1393.159, 993.311, 1751.098, 792.299, 24.352
1394.651, 993.424, 1752.595, 791.531, 24.378
1396.156, 993.523, 1754.103, 790.772, 24.404
1397.676, 993.605, 1755.625, 790.015, 24.430
1399.250, 993.627, 1757.198, 789.236, 24.456
1400.790, 993.688, 1758.738, 788.506, 24.483
1402.333, 993.744, 1760.282, 787.797, 24.509
1403.884, 993.792, 1761.834, 787.092, 24.535
1405.448, 993.826, 1763.397, 786.362, 24.562
1406.982, 993.893, 1764.932, 785.657, 24.588
1408.523, 993.952, 1766.474, 784.923, 24.615
1410.108, 993.962, 1768.057, 784.224, 24.642
1411.694, 993.971, 1769.643, 783.529, 24.669
1413.287, 993.972, 1771.234, 782.827, 24.696
1414.844, 994.014, 1772.791, 782.092, 24.722
1416.401, 994.054, 1774.349, 781.369, 24.749
1417.963, 994.090, 1775.911, 780.667, 24.776
1419.534, 994.117, 1777.482, 779.994, 24.802
1421.115, 994.131, 1779.063, 779.272, 24.829
1422.665, 994.180, 1780.614, 778.552, 24.856
1424.219, 994.225, 1782.169, 777.792, 24.882
1425.781, 994.261, 1783.730, 777.064, 24.909
1427.352, 994.287, 1785.302, 776.355, 24.936
1428.935, 994.299, 1786.885, 775.642, 24.963
1430.534, 994.294, 1788.483, 774.909, 24.990
1432.103, 994.322, 1790.053, 774.193, 25.000
1433.679, 994.342, 1791.629, 773.483, 25.000
1435.262, 994.354, 1793.212, 772.779, 25.000
1436.856, 994.355, 1794.806, 772.041, 25.000
1438.461, 994.343, 1796.410, 771.289, 25.000
1440.112, 994.280, 1798.061, 770.492, 25.000
1441.767, 994.214, 1799.715, 769.704, 25.000
1443.426, 994.142, 1801.374, 768.919, 25.000
1445.094, 994.061, 1803.041, 768.136, 25.000
1446.725, 994.020, 1804.673, 767.359, 25.000
1448.356, 993.980, 1806.304, 766.548, 25.000
1449.987, 993.939, 1807.935, 765.726, 25.000
1451.622, 993.895, 1809.569, 764.893, 25.000
1453.260, 993.846, 1811.209, 764.060, 25.000
1454.905, 993.790, 1812.854, 763.202, 25.000
1456.558, 993.726, 1814.508, 762.332, 25.000
1458.173, 993.702, 1816.124, 761.450, 25.000
1459.786, 993.681, 1817.737, 760.574, 25.000
1461.398, 993.663, 1819.348, 759.711, 25.000
1463.008, 993.645, 1820.959, 758.871, 25.000
1464.585, 993.664, 1822.535, 758.014, 25.000
1466.175, 993.669, 1824.125, 757.150, 25.000
1467.779, 993.659, 1825.728, 756.291, 25.000
1469.395, 993.634, 1827.345, 755.473, 25.000
1471.025, 993.594, 1828.976, 754.665, 25.000
1472.669, 993.540, 1830.620, 753.899, 25.000
1474.325, 993.471, 1832.277, 753.141, 25.000
1475.995, 993.388, 1833.948, 752.417, 25.000
1477.678, 993.290, 1835.633, 751.732, 25.000
1479.375, 993.177, 1837.332, 751.089, 25.000
1481.051, 993.086, 1839.010, 750.461, 25.000
1482.753, 992.967, 1840.715, 749.830, 25.000
1484.480, 992.821, 1842.445, 749.218, 25.000
1486.230, 992.648, 1844.201, 748.641, 25.000
1488.004, 992.450, 1845.981, 748.073, 25.000
1489.753, 992.279, 1847.738, 747.539, 25.000
1491.509, 992.100, 1849.503, 747.010, 25.000
1493.271, 991.916, 1851.274, 746.505, 25.000
1495.036, 991.727, 1853.049, 746.043, 25.000
1496.802, 991.537, 1854.826, 745.600, 25.000
1498.569, 991.346, 1856.603, 745.193, 25.000
1500.301, 991.194, 1858.341, 744.788, 25.000
1502.041, 991.033, 1860.089, 744.394, 25.000
1503.787, 990.865, 1861.843, 744.014, 25.000
1505.538, 990.693, 1863.602, 743.671, 25.000
1507.289, 990.520, 1865.361, 743.341, 25.000
1509.004, 990.385, 1867.082, 743.032, 25.000
1510.728, 990.242, 1868.812, 742.739, 25.000
1512.456, 990.095, 1870.546, 742.493, 25.000
1514.185, 989.946, 1872.281, 742.273, 25.000
1515.958, 989.748, 1874.065, 742.101, 25.000
1517.706, 989.579, 1875.821, 741.938, 25.000
1519.471, 989.390, 1877.596, 741.772, 25.000
1521.251, 989.185, 1879.387, 741.610, 25.000
1523.041, 988.969, 1881.190, 741.473, 25.000
1524.805, 988.782, 1882.963, 741.335, 25.000
1526.584, 988.577, 1884.755, 741.209, 25.000
1528.342, 988.396, 1886.522, 741.101, 25.000
1530.153, 988.157, 1888.348, 741.025, 25.000
1531.931, 987.953, 1890.138, 740.976, 25.000
1533.767, 987.687, 1891.992, 740.958, 25.000
1535.621, 987.400, 1893.868, 740.970, 25.000
1537.489, 987.097, 1895.760, 740.987, 25.000
1539.367, 986.783, 1897.663, 741.015, 25.000
1541.217, 986.501, 1899.534, 741.059, 25.000
1543.046, 986.241, 1901.382, 741.103, 25.000
1544.930, 985.922, 1903.291, 741.184, 25.000
1546.815, 985.600, 1905.203, 741.263, 25.000
1548.663, 985.320, 1907.073, 741.358, 25.000
1550.515, 985.035, 1908.946, 741.482, 25.000
1552.330, 984.791, 1910.778, 741.614, 25.000
1554.196, 984.491, 1912.668, 741.760, 25.000
1556.073, 984.179, 1914.570, 741.921, 25.000
1557.920, 983.899, 1916.438, 742.078, 25.000
1559.778, 983.607, 1918.319, 742.243, 25.000
1561.640, 983.312, 1920.204, 742.436, 25.000
1563.545, 982.969, 1922.138, 742.650, 25.000
1565.420, 982.659, 1924.039, 742.878, 25.000
1567.271, 982.375, 1925.911, 743.109, 25.000
1569.137, 982.074, 1927.802, 743.361, 25.000
1571.011, 981.766, 1929.700, 743.609, 25.000
1572.896, 981.444, 1931.613, 743.872, 25.000
1574.800, 981.102, 1933.547, 744.150, 25.000
1576.679, 980.787, 1935.453, 744.429, 25.000
1578.573, 980.456, 1937.375, 744.697, 25.000
1580.486, 980.104, 1939.320, 745.019, 25.000
1582.421, 979.727, 1941.291, 745.374, 25.000
1584.384, 979.320, 1943.295, 745.760, 25.000
1586.332, 978.929, 1945.282, 746.157, 25.000
1588.336, 978.477, 1947.334, 746.576, 25.000
1590.319, 978.047, 1949.363, 747.006, 25.000
1592.319, 977.598, 1951.411, 747.466, 25.000
1594.293, 977.178, 1953.429, 747.947, 25.000
1596.277, 976.748, 1955.458, 748.440, 25.000
1598.273, 976.304, 1957.502, 748.925, 25.000
1600.331, 975.792, 1959.620, 749.471, 25.000
1602.327, 975.348, 1961.665, 750.034, 25.000
1604.330, 974.896, 1963.718, 750.637, 25.000
1606.309, 974.471, 1965.741, 751.257, 25.000
1608.311, 974.021, 1967.793, 751.884, 25.000
1610.370, 973.507, 1969.913, 752.543, 25.000
1612.441, 972.980, 1972.050, 753.239, 25.000
1614.446, 972.526, 1974.106, 753.957, 25.000
1616.479, 972.041, 1976.196, 754.716, 25.000
1618.540, 971.526, 1978.320, 755.464, 25.000
1620.614, 970.995, 1980.461, 756.248, 25.000
1622.656, 970.501, 1982.562, 757.054, 25.000
1624.745, 969.954, 1984.720, 757.897, 25.000
1626.846, 969.393, 1986.896, 758.761, 25.000
1628.928, 968.855, 1989.046, 759.641, 25.000
1630.989, 968.339, 1991.170, 760.563, 25.000
1633.107, 967.760, 1993.365, 761.521, 25.000
1635.201, 967.208, 1995.531, 762.500, 25.000
1637.317, 966.632, 1997.723, 763.523, 25.000
1639.452, 966.034, 1999.940, 764.559, 25.000
1641.604, 965.417, 2002.178, 765.612, 25.000
1643.739, 964.819, 2004.395, 766.698, 25.000
1645.935, 964.155, 2006.687, 767.807, 25.000
1648.108, 963.515, 2008.952, 768.947, 25.000
1650.257, 962.903, 2011.185, 770.115, 25.000
1652.457, 962.233, 2013.485, 771.323, 25.000
1654.627, 961.596, 2015.745, 772.555, 25.000
1656.809, 960.947, 2018.021, 773.802, 25.000
1658.967, 960.324, 2020.267, 775.080, 25.000
1661.142, 959.682, 2022.535, 776.394, 25.000
1663.298, 959.062, 2024.778, 777.694, 25.000
1665.474, 958.419, 2027.047, 779.023, 25.000
1667.666, 957.758, 2029.337, 780.379, 25.000
1669.916, 957.033, 2031.700, 781.776, 25.000
1672.152, 956.324, 2034.045, 783.213, 25.000
1674.368, 955.637, 2036.366, 784.688, 25.000
1676.559, 954.977, 2038.654, 786.191, 25.000
1678.811, 954.251, 2041.019, 787.719, 25.000
1681.098, 953.486, 2043.430, 789.262, 25.000
1683.379, 952.727, 2045.833, 790.858, 25.000
1685.648, 951.981, 2048.221, 792.442, 25.000
1687.943, 951.206, 2050.644, 794.067, 25.000
1690.224, 950.447, 2053.047, 795.726, 25.000
1692.528, 949.663, 2055.480, 797.461, 25.000
1694.826, 948.886, 2057.905, 799.258, 25.000
1697.201, 948.022, 2060.430, 801.107, 25.000
1699.532, 947.209, 2062.898, 802.976, 25.000
1701.900, 946.353, 2065.415, 804.885, 25.000
1704.310, 945.452, 2067.985, 806.814, 25.000
1706.716, 944.555, 2070.551, 808.810, 25.000
1709.154, 943.622, 2073.161, 810.815, 25.000
1711.625, 942.653, 2075.816, 812.864, 25.000
1714.052, 941.733, 2078.411, 814.959, 25.000
1716.548, 940.736, 2081.098, 817.116, 25.000
1719.033, 939.752, 2083.771, 819.324, 25.000
1721.508, 938.779, 2086.431, 821.584, 25.000
1723.971, 937.818, 2089.075, 823.871, 25.000
1726.468, 936.820, 2091.764, 826.197, 25.000
1728.964, 935.824, 2094.450, 828.547, 25.000
1731.502, 934.781, 2097.194, 830.955, 25.000
1734.046, 933.731, 2099.946, 833.408, 25.000
1736.640, 932.627, 2102.765, 835.910, 25.000
1739.200, 931.559, 2105.538, 838.468, 25.000
1741.767, 930.484, 2108.320, 841.096, 25.000
1744.382, 929.357, 2111.167, 843.794, 25.000
1747.005, 928.220, 2114.025, 846.546, 25.000
1749.675, 927.030, 2116.947, 849.329, 25.000
1752.353, 925.832, 2119.880, 852.136, 25.000
1755.044, 924.621, 2122.829, 854.965, 25.000
1757.752, 923.390, 2125.801, 857.826, 25.000
1760.480, 922.137, 2128.801, 860.729, 25.000
1763.265, 920.821, 2131.878, 863.646, 25.000
1766.062, 919.492, 2134.975, 866.575, 25.000
1768.874, 918.146, 2138.092, 869.497, 25.000
1771.781, 916.695, 2141.341, 872.426, 25.000
1774.658, 915.277, 2144.549, 875.330, 25.000
1777.723, 913.726, 2147.984, 878.199, 25.000
1780.849, 912.135, 2151.491, 880.983, 25.000
1784.004, 910.523, 2155.033, 883.665, 25.000
1787.156, 908.906, 2158.576, 886.223, 25.000
1790.277, 907.299, 2162.086, 888.685, 25.000
1793.245, 905.769, 2165.425, 890.987, 25.000
1796.115, 904.261, 2168.666, 893.160, 25.000
1798.954, 902.784, 2171.866, 895.194, 25.000
1801.756, 901.306, 2175.034, 897.105, 25.000
1804.463, 899.881, 2178.093, 898.862, 25.000
1807.101, 898.471, 2181.084, 900.477, 25.000
1809.615, 897.127, 2183.934, 901.939, 25.000
1811.940, 895.861, 2186.580, 903.263, 25.000
1814.061, 894.705, 2188.995, 904.471, 25.000
1816.044, 893.601, 2191.263, 905.629, 25.000
1818.011, 892.504, 2193.514, 906.710, 25.000
1819.932, 891.417, 2195.720, 907.712, 25.000
1821.807, 890.337, 2197.882, 908.628, 25.000
1823.592, 889.313, 2199.940, 909.461, 25.000
1825.323, 888.303, 2201.944, 910.206, 25.000
1827.002, 887.325, 2203.887, 910.906, 25.000
1828.612, 886.376, 2205.756, 911.542, 25.000
1830.164, 885.448, 2207.564, 912.129, 25.000
1831.672, 884.533, 2209.328, 912.659, 25.000
1833.153, 883.620, 2211.067, 913.157, 25.000
1834.516, 882.761, 2212.678, 913.599, 25.000
1835.944, 881.863, 2214.364, 914.001, 25.000
1837.401, 880.957, 2216.080, 914.348, 25.000
1838.866, 880.076, 2217.789, 914.618, 25.000
1840.396, 879.168, 2219.568, 914.782, 25.000
1841.828, 878.325, 2221.230, 914.841, 25.000
1843.194, 877.519, 2222.816, 914.818, 25.000
1844.483, 876.753, 2224.315, 914.738, 25.000
1845.684, 876.032, 2225.717, 914.602, 25.000
1846.722, 875.365, 2226.950, 914.421, 25.000
1847.709, 874.721, 2228.127, 914.236, 25.000
1848.848, 873.990, 2229.480, 914.059, 25.000
1849.917, 873.302, 2230.751, 913.855, 25.000
1850.952, 872.632, 2231.983, 913.623, 25.000
1851.943, 871.985, 2233.166, 913.370, 25.000
1852.884, 871.362, 2234.294, 913.108, 25.000
1853.808, 870.739, 2235.409, 912.881, 25.000
1854.786, 870.095, 2236.580, 912.704, 25.000
1855.850, 869.409, 2237.846, 912.555, 25.000
1857.033, 868.661, 2239.245, 912.396, 25.000
1858.180, 867.938, 2240.602, 912.220, 25.000
1859.334, 867.209, 2241.966, 912.046, 25.000
1860.491, 866.473, 2243.337, 911.868, 25.000
1861.652, 865.729, 2244.716, 911.657, 25.000
1862.748, 864.985, 2246.041, 911.430, 25.000
1863.849, 864.234, 2247.372, 911.166, 25.000
1864.938, 863.493, 2248.689, 910.893, 25.000
1866.013, 862.761, 2249.990, 910.604, 25.000
1867.072, 862.037, 2251.273, 910.278, 25.000
1868.112, 861.321, 2252.535, 909.912, 25.000
1869.216, 860.596, 2253.856, 909.545, 25.000
1870.262, 859.911, 2255.106, 909.161, 25.000
1871.285, 859.236, 2256.332, 908.758, 25.000
1872.184, 858.612, 2257.426, 908.321, 25.000
1873.129, 857.945, 2258.582, 907.916, 25.000
1874.059, 857.277, 2259.727, 907.529, 25.000
1874.972, 856.609, 2260.856, 907.171, 25.000
1875.860, 855.939, 2261.969, 906.825, 25.000
1876.721, 855.267, 2263.061, 906.492, 25.000
1877.640, 854.580, 2264.209, 906.187, 25.000
1878.687, 853.823, 2265.500, 905.923, 25.000
1879.611, 853.130, 2266.655, 905.657, 25.000
1880.628, 852.377, 2267.921, 905.436, 25.000
1881.680, 851.608, 2269.224, 905.226, 25.000
1882.767, 850.824, 2270.564, 905.034, 25.000
1883.888, 850.026, 2271.939, 904.860, 25.000
1884.981, 849.255, 2273.277, 904.695, 25.000
1886.084, 848.479, 2274.625, 904.515, 25.000
1887.232, 847.669, 2276.030, 904.310, 25.000
1888.367, 846.866, 2277.420, 904.076, 25.000
1889.486, 846.070, 2278.793, 903.835, 25.000
1890.586, 845.281, 2280.147, 903.560, 25.000
1891.666, 844.497, 2281.481, 903.265, 25.000
1892.722, 843.719, 2282.793, 902.941, 25.000
1893.883, 842.904, 2284.212, 902.586, 25.000
1894.975, 842.146, 2285.540, 902.180, 25.000
1896.036, 841.414, 2286.829, 901.739, 25.000
1897.063, 840.704, 2288.077, 901.227, 25.000
1898.055, 840.016, 2289.284, 900.656, 25.000
1899.009, 839.347, 2290.449, 900.049, 25.000
1899.924, 838.697, 2291.572, 899.405, 25.000
1900.799, 838.063, 2292.652, 898.698, 25.000
1901.669, 837.411, 2293.740, 897.979, 25.000
1902.615, 836.718, 2294.912, 897.251, 25.000
1903.485, 836.070, 2295.997, 896.461, 25.000
1904.324, 835.436, 2297.048, 895.637, 25.000
1905.132, 834.814, 2298.068, 894.783, 25.000
1905.956, 834.174, 2299.110, 893.904, 25.000
1906.742, 833.558, 2300.109, 893.002, 25.000
1907.493, 832.961, 2301.068, 892.086, 25.000
1908.211, 832.379, 2301.991, 891.166, 25.000
1909.033, 831.746, 2303.029, 890.253, 25.000
1909.812, 831.146, 2304.012, 889.301, 25.000
1910.591, 830.545, 2304.996, 888.340, 25.000
1911.376, 829.940, 2305.987, 887.355, 25.000
1912.209, 829.295, 2307.041, 886.372, 25.000
1913.041, 828.650, 2308.093, 885.337, 25.000
1913.877, 828.003, 2309.150, 884.273, 25.000
1914.665, 827.390, 2310.148, 883.188, 25.000
1915.451, 826.778, 2311.144, 882.086, 25.000
1916.238, 826.165, 2312.142, 880.961, 25.000
1917.032, 825.546, 2313.149, 879.825, 25.000
1917.836, 824.920, 2314.168, 878.654, 25.000
1918.694, 824.249, 2315.257, 877.465, 25.000
1919.502, 823.620, 2316.281, 876.203, 25.000
1920.301, 822.996, 2317.295, 874.891, 25.000
1921.095, 822.372, 2318.305, 873.498, 25.000
1921.886, 821.744, 2319.315, 872.064, 25.000
1922.679, 821.109, 2320.331, 870.609, 25.000
1923.476, 820.461, 2321.357, 869.122, 25.000
1924.281, 819.797, 2322.400, 867.593, 25.000
1925.096, 819.113, 2323.465, 866.070, 25.000
1925.872, 818.450, 2324.485, 864.501, 25.000
1926.655, 817.776, 2325.517, 862.911, 25.000
1927.486, 817.058, 2326.615, 861.272, 25.000
1928.316, 816.337, 2327.713, 859.579, 25.000
1929.151, 815.612, 2328.819, 857.805, 25.000
1929.939, 814.922, 2329.866, 855.971, 25.000
1930.721, 814.232, 2330.908, 854.107, 25.000
1931.501, 813.540, 2331.950, 852.213, 25.000
1932.284, 812.846, 2332.996, 850.285, 25.000
1933.112, 812.114, 2334.100, 848.351, 25.000
1933.938, 811.389, 2335.199, 846.394, 25.000
1934.764, 810.667, 2336.296, 844.421, 25.000
1935.596, 809.943, 2337.398, 842.428, 25.000
1936.382, 809.261, 2338.440, 840.384, 25.000
1937.164, 808.584, 2339.474, 838.285, 25.000
1937.946, 807.909, 2340.507, 836.153, 25.000
1938.730, 807.235, 2341.541, 833.986, 25.000
1939.519, 806.559, 2342.580, 831.798, 25.000
1940.316, 805.877, 2343.629, 829.549, 25.000
1941.125, 805.189, 2344.691, 827.267, 25.000
1941.986, 804.456, 2345.821, 824.926, 25.000
1942.798, 803.770, 2346.884, 822.516, 25.000
1943.600, 803.093, 2347.934, 820.125, 25.000
1944.394, 802.421, 2348.974, 817.693, 25.000
1945.184, 801.752, 2350.009, 815.297, 25.000
1945.970, 801.082, 2351.042, 812.930, 25.000
1946.755, 800.407, 2352.077, 810.581, 25.000
1947.541, 799.725, 2353.118, 808.249, 25.000
1948.332, 799.031, 2354.170, 805.938, 25.000
1949.128, 798.324, 2355.235, 803.635, 25.000
1949.932, 797.599, 2356.317, 801.358, 25.000
1950.747, 796.854, 2357.421, 799.117, 25.000
1951.524, 796.132, 2358.481, 796.991, 25.000
1952.304, 795.400, 2359.550, 794.936, 25.000
1953.090, 794.658, 2360.631, 793.046, 25.000
1953.884, 793.904, 2361.726, 791.303, 25.000
1954.725, 793.103, 2362.888, 789.738, 25.000
1955.567, 792.299, 2364.052, 788.312, 25.000
1956.413, 791.493, 2365.221, 786.986, 25.000
1957.212, 790.726, 2366.329, 785.715, 25.000
1958.004, 789.962, 2367.428, 784.529, 25.000
1958.791, 789.201, 2368.523, 783.443, 25.000
1959.575, 788.442, 2369.615, 782.495, 25.000
1960.358, 787.681, 2370.706, 781.671, 25.000
1961.144, 786.919, 2371.801, 780.956, 25.000
1961.933, 786.154, 2372.900, 780.313, 25.000
1962.729, 785.383, 2374.008, 779.765, 25.000
1963.534, 784.607, 2375.126, 779.275, 25.000
1964.350, 783.823, 2376.258, 778.875, 25.000
1965.220, 783.066, 2377.409, 778.518, 25.000
1966.042, 782.335, 2378.509, 778.163, 25.000
1966.817, 781.561, 2379.604, 777.846, 25.000
1967.595, 780.789, 2380.700, 777.579, 25.000
1968.378, 780.017, 2381.799, 777.460, 25.000
1969.164, 779.243, 2382.902, 777.408, 25.000
1969.955, 778.466, 2384.011, 777.403, 25.000
1970.750, 777.684, 2385.126, 777.497, 25.000
1971.550, 776.895, 2386.249, 777.647, 25.000
1972.355, 776.099, 2387.382, 777.849, 25.000
1973.165, 775.293, 2388.524, 778.109, 25.000
1973.982, 774.477, 2389.679, 778.426, 25.000
1974.805, 773.649, 2390.846, 778.714, 25.000
1975.635, 772.808, 2392.028, 778.967, 25.000
1976.473, 771.953, 2393.225, 779.293, 25.000
1977.320, 771.083, 2394.440, 779.603, 25.000
1978.177, 770.196, 2395.672, 779.913, 25.000
1978.993, 769.341, 2396.855, 780.201, 25.000
1979.807, 768.482, 2398.037, 780.497, 25.000
1980.617, 767.621, 2399.219, 780.803, 25.000
1981.426, 766.759, 2400.401, 781.080, 25.000
1982.233, 765.894, 2401.583, 781.356, 25.000
1983.038, 765.029, 2402.765, 781.611, 25.000
1983.843, 764.162, 2403.947, 781.801, 25.000
1984.648, 763.296, 2405.129, 781.993, 25.000
1985.454, 762.431, 2406.312, 782.218, 25.000
1986.262, 761.568, 2407.494, 782.467, 25.000
1987.072, 760.707, 2408.676, 782.719, 25.000
1987.887, 759.850, 2409.859, 782.979, 25.000
1988.707, 758.997, 2411.042, 783.228, 25.000
1989.477, 758.099, 2412.223, 783.467, 25.000
1990.233, 757.189, 2413.405, 783.745, 25.000
1991.026, 756.312, 2414.588, 784.075, 25.000
1991.819, 755.436, 2415.770, 784.389, 25.000
1992.612, 754.559, 2416.952, 784.728, 25.000
1993.406, 753.682, 2418.134, 785.152, 25.000
1994.199, 752.805, 2419.317, 785.649, 25.000
1994.992, 751.929, 2420.499, 786.134, 25.000
1995.785, 751.052, 2421.681, 786.705, 25.000
1996.578, 750.175, 2422.863, 787.322, 25.000
1997.372, 749.299, 2424.046, 787.969, 25.000
1998.165, 748.422, 2425.228, 788.621, 25.000
1998.958, 747.545, 2426.410, 789.384, 25.000
1999.751, 746.669, 2427.592, 790.224, 25.000
2000.544, 745.792, 2428.775, 791.071, 25.000
2001.338, 744.915, 2429.957, 792.010, 25.000
2002.131, 744.039, 2431.139, 793.046, 25.000
2002.924, 743.162, 2432.322, 794.113, 25.000
2003.717, 742.285, 2433.504, 795.204, 25.000
2004.510, 741.409, 2434.686, 796.331, 25.000
2005.304, 740.532, 2435.868, 797.541, 25.000
2006.097, 739.655, 2437.051, 798.824, 25.000
2006.890, 738.778, 2438.233, 800.193, 25.000
2007.683, 737.902, 2439.415, 801.686, 25.000
2008.476, 737.025, 2440.597, 803.201, 25.000
2009.269, 736.148, 2441.780, 804.777, 25.000
2010.063, 735.272, 2442.962, 806.436, 25.000
2010.856, 734.395, 2444.144, 808.142, 25.000
2011.649, 733.518, 2445.326, 809.857, 25.000
2012.442, 732.642, 2446.509, 811.593, 25.000
2013.235, 731.765, 2447.691, 813.329, 25.000
2014.029, 730.888, 2448.873, 815.086, 25.000
2014.822, 730.012, 2450.055, 816.903, 25.000
2015.615, 729.135, 2451.238, 818.786, 25.000
2016.408, 728.258, 2452.420, 820.688, 25.000
2017.201, 727.381, 2453.602, 822.578, 25.000
2017.995, 726.505, 2454.785, 824.496, 25.000
2018.788, 725.628, 2455.967, 826.566, 25.000
2019.618, 724.785, 2457.149, 828.590, 25.000
2020.435, 723.929, 2458.331, 830.622, 25.000
2021.238, 723.062, 2459.514, 832.695, 25.000
2022.030, 722.184, 2460.696, 834.785, 25.000
2022.812, 721.297, 2461.878, 836.900, 25.000
2023.583, 720.401, 2463.061, 839.052, 25.000
2024.346, 719.496, 2464.244, 841.224, 25.000
2025.101, 718.585, 2465.427, 843.403, 25.000
2025.849, 717.667, 2466.611, 845.629, 25.000
2026.591, 716.744, 2467.795, 847.960, 25.000
2027.328, 715.817, 2468.979, 850.357, 25.000
2028.098, 714.920, 2470.162, 852.819, 25.000
2028.852, 714.007, 2471.345, 855.338, 25.000
2029.591, 713.081, 2472.529, 857.921, 25.000
2030.317, 712.144, 2473.714, 860.613, 25.000
2031.033, 711.197, 2474.900, 863.375, 25.000
2031.739, 710.242, 2476.087, 866.231, 25.000
2032.439, 709.281, 2477.274, 869.162, 25.000
2033.134, 708.316, 2478.462, 872.126, 25.000
2033.826, 707.347, 2479.651, 875.155, 25.000
2034.517, 706.378, 2480.839, 878.303, 25.000
2035.209, 705.410, 2482.028, 881.541, 25.000
2035.904, 704.444, 2483.217, 884.896, 25.000
2036.641, 703.517, 2484.402, 888.349, 25.000
2037.371, 702.583, 2485.587, 891.841, 25.000
2038.097, 701.645, 2486.773, 895.518, 25.000
2038.822, 700.707, 2487.958, 899.353, 25.000
2039.549, 699.771, 2489.144, 903.345, 25.000
2040.281, 698.838, 2490.329, 907.464, 25.000
2041.021, 697.913, 2491.514, 911.563, 25.000
2041.720, 696.951, 2492.702, 915.892, 25.000
2042.417, 695.988, 2493.891, 920.354, 25.000
2043.114, 695.024, 2495.080, 924.960, 25.000
2043.850, 694.095, 2496.264, 929.821, 25.000
2044.576, 693.158, 2497.450, 934.848, 25.000
2045.295, 692.214, 2498.637, 940.078, 25.000
2046.010, 691.267, 2499.824, 945.604, 25.000
2046.724, 690.319, 2501.011, 951.407, 25.000
2047.441, 689.373, 2502.197, 957.508, 25.000
2048.162, 688.431, 2503.384, 963.842, 25.000
2048.891, 687.496, 2504.569, 970.579, 25.000
2049.579, 686.524, 2505.759, 977.667, 25.000
2050.265, 685.551, 2506.949, 985.124, 25.000
2050.988, 684.611, 2508.135, 992.991, 25.000
2051.663, 683.627, 2509.327, 1001.264, 25.000
2052.379, 682.680, 2510.514, 1010.031, 25.000
2053.088, 681.728, 2511.702, 1019.320, 25.000
2053.794, 680.772, 2512.890, 1029.194, 25.000
2054.499, 679.815, 2514.078, 1039.747, 25.000
2055.242, 678.893, 2515.262, 1050.929, 25.000
2055.977, 677.964, 2516.446, 1062.828, 25.000
2056.707, 677.030, 2517.632, 1075.589, 25.000
2057.435, 676.095, 2518.817, 1089.236, 25.000
2058.115, 675.116, 2520.008, 1103.808, 25.000
2058.787, 674.129, 2521.200, 1119.493, 25.000
2059.452, 673.136, 2522.393, 1136.339, 25.000
2060.115, 672.141, 2523.587, 1154.559, 25.000
2060.814, 671.180, 2524.776, 1174.326, 25.000
2061.503, 670.209, 2525.967, 1195.702, 25.000
2062.185, 669.231, 2527.158, 1218.970, 25.000
2062.864, 668.251, 2528.350, 1244.154, 25.000
2063.543, 667.272, 2529.542, 1271.633, 25.000
2064.228, 666.297, 2530.733, 1301.694, 25.000
2064.870, 665.284, 2531.931, 1334.460, 25.000
2065.546, 664.301, 2533.123, 1370.361, 25.000
2066.208, 663.306, 2534.318, 1409.675, 25.000
2066.861, 662.302, 2535.515, 1452.759, 25.000
2067.507, 661.292, 2536.712, 1500.100, 25.000
2068.152, 660.281, 2537.910, 1552.171, 25.000
2068.836, 659.306, 2539.101, 1609.559, 25.000
2069.512, 658.323, 2540.294, 1672.560, 25.000
2070.184, 657.337, 2541.488, 1742.052, 25.000
2070.859, 656.353, 2542.681, 1818.624, 25.000
2071.489, 655.329, 2543.882, 1903.019, 25.000
2072.167, 654.348, 2545.074, 1996.097, 25.000
2072.846, 653.367, 2546.267, 2098.799, 25.000
2073.516, 652.379, 2547.461, 2212.193, 25.000
2074.182, 651.387, 2548.655, 2337.413, 25.000
2074.849, 650.397, 2549.850, 2475.787, 25.000
2075.470, 649.364, 2551.053, 2628.833, 25.000
2076.086, 648.327, 2552.258, 2798.125, 25.000
2076.738, 647.323, 2553.455, 2985.471, 25.000
2077.380, 646.309, 2554.655, 3192.864, 25.000
2078.016, 645.290, 2555.855, 3422.551, 25.000
2078.650, 644.270, 2557.057, 3676.847, 25.000
2079.289, 643.254, 2558.257, 3958.646, 25.000
2079.936, 642.245, 2559.455, 4270.845, 25.000
2080.546, 641.202, 2560.662, 4616.639, 25.000
2081.195, 640.195, 2561.860, 5000.000, 0.000
2081.838, 639.182, 2563.060, 5000.000, 0.000
2082.478, 638.167, 2564.260, 5000.000, 0.000
2083.122, 637.155, 2565.459, 5000.000, 0.000
2083.810, 636.184, 2566.650, 5000.000, 0.000
2084.497, 635.211, 2567.841, 5000.000, 0.000
2085.138, 634.196, 2569.039, 5000.000, 0.000
2085.810, 633.211, 2570.233, 5000.000, 0.000
2086.469, 632.212, 2571.429, 5000.000, 0.000
2087.120, 631.207, 2572.626, 5000.000, 0.000
2087.770, 630.200, 2573.824, 5000.000, 0.000
2088.371, 629.150, 2575.032, 5000.000, 0.000
2089.004, 628.128, 2576.233, 5000.000, 0.000
2089.621, 627.093, 2577.438, 5000.000, 0.000
2090.231, 626.049, 2578.645, 5000.000, 0.000
2090.837, 625.003, 2579.853, 5000.000, 0.000
2091.446, 623.960, 2581.060, 5000.000, 0.000
2092.049, 622.911, 2582.269, 5000.000, 0.000
2092.637, 621.850, 2583.482, 5000.000, 0.000
2093.217, 620.780, 2584.696, 5000.000, 0.000
2093.831, 619.741, 2585.903, 5000.000, 0.000
2094.434, 618.692, 2587.112, 5000.000, 0.000
2095.033, 617.640, 2588.322, 5000.000, 0.000
2095.583, 616.543, 2589.545, 5000.000, 0.000
2096.128, 615.441, 2590.770, 5000.000, 0.000
2096.709, 614.373, 2591.985, 5000.000, 0.000
2097.283, 613.298, 2593.204, 5000.000, 0.000
2097.855, 612.222, 2594.423, 5000.000, 0.000
2098.434, 611.151, 2595.640, 5000.000, 0.000
2099.062, 610.125, 2596.842, 5000.000, 0.000
2099.645, 609.057, 2598.058, 5000.000, 0.000
2100.225, 607.988, 2599.274, 5000.000, 0.000
2100.810, 606.923, 2600.489, 5000.000, 0.000
2101.408, 605.869, 2601.701, 5000.000, 0.000
2101.972, 604.785, 2602.922, 5000.000, 0.000
2102.545, 603.710, 2604.141, 5000.000, 0.000
2103.172, 602.683, 2605.343, 5000.000, 0.000
2103.755, 601.615, 2606.559, 5000.000, 0.000
2104.336, 600.547, 2607.775, 5000.000, 0.000
2104.960, 599.517, 2608.979, 5000.000, 0.000
2105.580, 598.484, 2610.183, 5000.000, 0.000
2106.205, 597.455, 2611.386, 5000.000, 0.000
2106.788, 596.389, 2612.602, 5000.000, 0.000
2107.374, 595.324, 2613.817, 5000.000, 0.000
2108.004, 594.300, 2615.018, 5000.000, 0.000
2108.635, 593.276, 2616.220, 5000.000, 0.000
2109.272, 592.258, 2617.419, 5000.000, 0.000
2109.871, 591.206, 2618.630, 5000.000, 0.000
2110.475, 590.159, 2619.840, 5000.000, 0.000
2111.127, 589.154, 2621.036, 5000.000, 0.000
2111.731, 588.105, 2622.246, 5000.000, 0.000
2112.328, 587.051, 2623.457, 5000.000, 0.000
2112.962, 586.031, 2624.658, 5000.000, 0.000
2113.589, 585.003, 2625.862, 5000.000, 0.000
2114.214, 583.975, 2627.065, 5000.000, 0.000
2114.831, 582.939, 2628.271, 5000.000, 0.000
2115.431, 581.887, 2629.482, 5000.000, 0.000
2116.021, 580.827, 2630.695, 5000.000, 0.000
2116.608, 579.764, 2631.909, 5000.000, 0.000
2117.148, 578.658, 2633.136, 5000.000, 0.000
2117.720, 577.581, 2634.354, 5000.000, 0.000
2118.279, 576.492, 2635.577, 5000.000, 0.000
2118.832, 575.398, 2636.801, 5000.000, 0.000
2119.386, 574.305, 2638.025, 5000.000, 0.000
2119.948, 573.219, 2639.247, 5000.000, 0.000
2120.524, 572.146, 2640.465, 5000.000, 0.000
2121.108, 571.080, 2641.681, 5000.000, 0.000
2121.690, 570.013, 2642.897, 5000.000, 0.000
2122.278, 568.951, 2644.111, 5000.000, 0.000
2122.865, 567.887, 2645.325, 5000.000, 0.000
2123.441, 566.814, 2646.543, 5000.000, 0.000
2124.015, 565.739, 2647.762, 5000.000, 0.000
2124.593, 564.667, 2648.979, 5000.000, 0.000
2125.181, 563.605, 2650.193, 5000.000, 0.000
2125.735, 562.512, 2651.419, 5000.000, 0.000
2126.335, 561.460, 2652.629, 5000.000, 0.000
2126.936, 560.410, 2653.839, 5000.000, 0.000
2127.545, 559.366, 2655.046, 5000.000, 0.000
2128.206, 558.370, 2656.238, 5000.000, 0.000
2128.822, 557.333, 2657.444, 5000.000, 0.000
2129.439, 556.297, 2658.650, 5000.000, 0.000
2130.062, 555.267, 2659.854, 5000.000, 0.000
2130.648, 554.202, 2661.068, 5000.000, 0.000
2131.275, 553.176, 2662.271, 5000.000, 0.000
2131.900, 552.146, 2663.475, 5000.000, 0.000
2132.477, 551.074, 2664.692, 5000.000, 0.000
2133.049, 549.997, 2665.911, 5000.000, 0.000
2133.621, 548.921, 2667.129, 5000.000, 0.000
2134.238, 547.884, 2668.335, 5000.000, 0.000
2134.854, 546.847, 2669.541, 5000.000, 0.000
2135.424, 545.768, 2670.761, 5000.000, 0.000
2136.028, 544.720, 2671.970, 5000.000, 0.000
2136.621, 543.663, 2673.183, 5000.000, 0.000
2137.210, 542.602, 2674.396, 5000.000, 0.000
2137.802, 541.543, 2675.609, 5000.000, 0.000
2138.404, 540.493, 2676.819, 5000.000, 0.000
2138.971, 539.412, 2678.040, 5000.000, 0.000
2139.583, 538.371, 2679.247, 5000.000, 0.000
2140.195, 537.330, 2680.454, 5000.000, 0.000
2140.762, 536.249, 2681.674, 5000.000, 0.000
2141.327, 535.166, 2682.896, 5000.000, 0.000
2141.933, 534.120, 2684.104, 5000.000, 0.000
2142.535, 533.070, 2685.314, 5000.000, 0.000
2143.140, 532.023, 2686.523, 5000.000, 0.000
2143.755, 530.985, 2687.730, 5000.000, 0.000
2144.371, 529.949, 2688.935, 5000.000, 0.000
2144.982, 528.907, 2690.143, 5000.000, 0.000
2145.594, 527.866, 2691.350, 5000.000, 0.000
2146.162, 526.786, 2692.570, 5000.000, 0.000
2146.766, 525.738, 2693.779, 5000.000, 0.000
2147.361, 524.682, 2694.991, 5000.000, 0.000
2147.954, 523.624, 2696.204, 5000.000, 0.000
2148.552, 522.571, 2697.415, 5000.000, 0.000
2149.147, 521.515, 2698.627, 5000.000, 0.000
2149.732, 520.449, 2699.843, 5000.000, 0.000
2150.312, 519.380, 2701.059, 5000.000, 0.000
2150.896, 518.314, 2702.275, 5000.000, 0.000
2151.489, 517.256, 2703.487, 5000.000, 0.000
2152.084, 516.200, 2704.699, 5000.000, 0.000
2152.673, 515.139, 2705.913, 5000.000, 0.000
2153.264, 514.079, 2707.127, 5000.000, 0.000
2153.847, 513.012, 2708.342, 5000.000, 0.000
2154.416, 511.933, 2709.563, 5000.000, 0.000
2154.977, 510.846, 2710.785, 5000.000, 0.000
2155.537, 509.758, 2712.008, 5000.000, 0.000
2156.102, 508.676, 2713.230, 5000.000, 0.000
2156.718, 507.638, 2714.435, 5000.000, 0.000
2157.288, 506.559, 2715.655, 5000.000, 0.000
2157.855, 505.479, 2716.876, 5000.000, 0.000
2158.428, 504.402, 2718.095, 5000.000, 0.000
2159.012, 503.337, 2719.310, 5000.000, 0.000
2159.564, 502.241, 2720.536, 5000.000, 0.000
2160.162, 501.188, 2721.747, 5000.000, 0.000
2160.762, 500.137, 2722.957, 5000.000, 0.000
2161.371, 499.093, 2724.165, 5000.000, 0.000
2161.981, 498.051, 2725.372, 5000.000, 0.000
2162.584, 497.002, 2726.582, 5000.000, 0.000
2163.187, 495.953, 2727.792, 5000.000, 0.000
2163.796, 494.910, 2728.999, 5000.000, 0.000
2164.405, 493.867, 2730.207, 5000.000, 0.000
2165.005, 492.815, 2731.418, 5000.000, 0.000
2165.603, 491.762, 2732.629, 5000.000, 0.000
2166.206, 490.713, 2733.839, 5000.000, 0.000
2166.769, 489.629, 2735.060, 5000.000, 0.000
2167.372, 488.580, 2736.270, 5000.000, 0.000
2167.971, 487.527, 2737.481, 5000.000, 0.000
2168.571, 486.475, 2738.692, 5000.000, 0.000
2169.216, 485.465, 2739.889, 5000.000, 0.000
2169.813, 484.410, 2741.101, 5000.000, 0.000
2170.403, 483.350, 2742.314, 5000.000, 0.000
2170.957, 482.257, 2743.538, 5000.000, 0.000
2171.518, 481.170, 2744.760, 5000.000, 0.000
2172.077, 480.082, 2745.983, 5000.000, 0.000
2172.677, 479.030, 2747.194, 5000.000, 0.000
2173.274, 477.975, 2748.405, 5000.000, 0.000
2173.873, 476.923, 2749.616, 5000.000, 0.000
2174.467, 475.866, 2750.829, 5000.000, 0.000
2175.048, 474.798, 2752.045, 5000.000, 0.000
2175.624, 473.724, 2753.263, 5000.000, 0.000
2176.200, 472.652, 2754.481, 5000.000, 0.000
2176.822, 471.620, 2755.685, 5000.000, 0.000
2177.444, 470.588, 2756.889, 5000.000, 0.000
2178.024, 469.518, 2758.105, 5000.000, 0.000
2178.604, 468.449, 2759.322, 5000.000, 0.000
2179.192, 467.387, 2760.536, 5000.000, 0.000
2179.781, 466.325, 2761.750, 5000.000, 0.000
2180.361, 465.256, 2762.966, 5000.000, 0.000
2180.941, 464.186, 2764.183, 5000.000, 0.000
2181.526, 463.121, 2765.398, 5000.000, 0.000
2182.073, 462.021, 2766.625, 5000.000, 0.000
2182.660, 460.958, 2767.840, 5000.000, 0.000
2183.243, 459.892, 2769.055, 5000.000, 0.000
2183.830, 458.828, 2770.270, 5000.000, 0.000
2184.463, 457.806, 2771.470, 5000.000, 0.000
2185.047, 456.741, 2772.686, 5000.000, 0.000
2185.627, 455.671, 2773.902, 5000.000, 0.000
2186.208, 454.603, 2775.119, 5000.000, 0.000
2186.747, 453.496, 2776.348, 5000.000, 0.000
2187.322, 452.422, 2777.566, 5000.000, 0.000
2187.890, 451.341, 2778.787, 5000.000, 0.000
2188.509, 450.306, 2779.992, 5000.000, 0.000
2189.097, 449.244, 2781.206, 5000.000, 0.000
2189.699, 448.195, 2782.416, 5000.000, 0.000
2190.307, 447.150, 2783.625, 5000.000, 0.000
2190.913, 446.104, 2784.833, 5000.000, 0.000
2191.523, 445.063, 2786.041, 5000.000, 0.000
2192.094, 443.985, 2787.260, 5000.000, 0.000
2192.705, 442.943, 2788.467, 5000.000, 0.000
2193.311, 441.897, 2789.676, 5000.000, 0.000
2193.919, 440.853, 2790.885, 5000.000, 0.000
2194.484, 439.769, 2792.105, 5000.000, 0.000
2195.086, 438.720, 2793.316, 5000.000, 0.000
2195.680, 437.663, 2794.528, 5000.000, 0.000
2196.273, 436.605, 2795.740, 5000.000, 0.000
2196.872, 435.553, 2796.951, 5000.000, 0.000
2197.433, 434.465, 2798.174, 5000.000, 0.000
2198.034, 433.415, 2799.384, 5000.000, 0.000
2198.631, 432.361, 2800.595, 5000.000, 0.000
2199.231, 431.309, 2801.806, 5000.000, 0.000
2199.841, 430.267, 2803.014, 5000.000, 0.000
2200.452, 429.226, 2804.221, 5000.000, 0.000
2201.058, 428.180, 2805.430, 5000.000, 0.000
2201.665, 427.135, 2806.639, 5000.000, 0.000
2202.228, 426.050, 2807.860, 5000.000, 0.000
2202.790, 424.964, 2809.083, 5000.000, 0.000
2203.394, 423.916, 2810.292, 5000.000, 0.000
2203.995, 422.865, 2811.502, 5000.000, 0.000
2204.600, 421.818, 2812.711, 5000.000, 0.000
2205.201, 420.768, 2813.921, 5000.000, 0.000
2205.791, 419.707, 2815.135, 5000.000, 0.000
2206.375, 418.641, 2816.350, 5000.000, 0.000
2206.961, 417.577, 2817.565, 5000.000, 0.000
2207.557, 416.521, 2818.777, 5000.000, 0.000
2208.153, 415.466, 2819.989, 5000.000, 0.000
2208.742, 414.405, 2821.203, 5000.000, 0.000
2209.331, 413.344, 2822.416, 5000.000, 0.000
2209.927, 412.289, 2823.628, 5000.000, 0.000
2210.523, 411.233, 2824.840, 5000.000, 0.000
2211.109, 410.169, 2826.055, 5000.000, 0.000
2211.693, 409.104, 2827.270, 5000.000, 0.000
2212.283, 408.043, 2828.484, 5000.000, 0.000
2212.832, 406.945, 2829.710, 5000.000, 0.000
2213.421, 405.884, 2830.924, 5000.000, 0.000
2214.006, 404.819, 2832.139, 5000.000, 0.000
2214.592, 403.755, 2833.354, 5000.000, 0.000
2215.187, 402.699, 2834.566, 5000.000, 0.000
2215.783, 401.644, 2835.778, 5000.000, 0.000
2216.373, 400.583, 2836.991, 5000.000, 0.000
2216.962, 399.521, 2838.205, 5000.000, 0.000
2217.558, 398.466, 2839.417, 5000.000, 0.000
2218.116, 397.377, 2840.640, 5000.000, 0.000
2218.716, 396.326, 2841.851, 5000.000, 0.000
2219.313, 395.272, 2843.062, 5000.000, 0.000
2219.914, 394.221, 2844.273, 5000.000, 0.000
2220.526, 393.180, 2845.480, 5000.000, 0.000
2221.141, 392.142, 2846.686, 5000.000, 0.000
2221.751, 391.099, 2847.893, 5000.000, 0.000
2222.362, 390.059, 2849.101, 5000.000, 0.000
2222.931, 388.979, 2850.320, 5000.000, 0.000
2223.537, 387.933, 2851.529, 5000.000, 0.000
2224.135, 386.880, 2852.740, 5000.000, 0.000
2224.733, 385.826, 2853.952, 5000.000, 0.000
2225.336, 384.777, 2855.162, 5000.000, 0.000
2225.937, 383.726, 2856.372, 5000.000, 0.000
2226.528, 382.667, 2857.585, 5000.000, 0.000
2227.116, 381.605, 2858.799, 5000.000, 0.000
2227.708, 380.546, 2860.012, 5000.000, 0.000
2228.260, 379.451, 2861.238, 5000.000, 0.000
2228.850, 378.390, 2862.451, 5000.000, 0.000
2229.434, 377.325, 2863.667, 5000.000, 0.000
2230.020, 376.260, 2864.882, 5000.000, 0.000
2230.613, 375.203, 2866.094, 5000.000, 0.000
2231.206, 374.145, 2867.307, 5000.000, 0.000
2231.791, 373.080, 2868.522, 5000.000, 0.000
2232.376, 372.015, 2869.737, 5000.000, 0.000
2232.966, 370.954, 2870.951, 5000.000, 0.000
2233.554, 369.892, 2872.165, 5000.000, 0.000
2234.133, 368.821, 2873.382, 5000.000, 0.000
2234.709, 367.748, 2874.600, 5000.000, 0.000
2235.288, 366.678, 2875.817, 5000.000, 0.000
2235.878, 365.617, 2877.030, 5000.000, 0.000
2236.472, 364.560, 2878.243, 5000.000, 0.000
2237.060, 363.498, 2879.457, 5000.000, 0.000
2237.650, 362.437, 2880.671, 5000.000, 0.000
2238.286, 361.419, 2881.870, 5000.000, 0.000
2238.872, 360.355, 2883.085, 5000.000, 0.000
2239.453, 359.286, 2884.301, 5000.000, 0.000
2240.034, 358.217, 2885.517, 5000.000, 0.000
2240.624, 357.156, 2886.731, 5000.000, 0.000
2241.176, 356.061, 2887.957, 5000.000, 0.000
2241.771, 355.006, 2889.169, 5000.000, 0.000
2242.364, 353.948, 2890.381, 5000.000, 0.000
2242.962, 352.895, 2891.592, 5000.000, 0.000
2243.558, 351.839, 2892.804, 5000.000, 0.000
2244.142, 350.773, 2894.020, 5000.000, 0.000
2244.723, 349.704, 2895.236, 5000.000, 0.000
2245.306, 348.638, 2896.452, 5000.000, 0.000
2245.899, 347.580, 2897.664, 5000.000, 0.000
2246.494, 346.524, 2898.876, 5000.000, 0.000
2247.084, 345.463, 2900.090, 5000.000, 0.000
2247.674, 344.403, 2901.304, 5000.000, 0.000
2248.309, 343.383, 2902.503, 5000.000, 0.000
2248.893, 342.317, 2903.719, 5000.000, 0.000
2249.471, 341.245, 2904.936, 5000.000, 0.000
2250.048, 340.174, 2906.154, 5000.000, 0.000
2250.633, 339.108, 2907.369, 5000.000, 0.000
2251.216, 338.042, 2908.584, 5000.000, 0.000
2251.791, 336.967, 2909.803, 5000.000, 0.000
2252.363, 335.891, 2911.022, 5000.000, 0.000
2252.941, 334.819, 2912.239, 5000.000, 0.000
2253.567, 333.791, 2913.443, 5000.000, 0.000
2254.147, 332.721, 2914.659, 5000.000, 0.000
2254.723, 331.649, 2915.876, 5000.000, 0.000
2255.304, 330.580, 2917.093, 5000.000, 0.000
2255.843, 329.473, 2918.322, 5000.000, 0.000
2256.422, 328.402, 2919.539, 5000.000, 0.000
2256.995, 327.326, 2920.758, 5000.000, 0.000
2257.568, 326.251, 2921.977, 5000.000, 0.000
2258.150, 325.183, 2923.193, 5000.000, 0.000
2258.783, 324.161, 2924.393, 5000.000, 0.000
2259.372, 323.100, 2925.607, 5000.000, 0.000
2259.961, 322.039, 2926.821, 5000.000, 0.000
2260.595, 321.017, 2928.021, 5000.000, 0.000
2261.176, 319.949, 2929.237, 5000.000, 0.000
2261.750, 318.874, 2930.456, 5000.000, 0.000
2262.322, 317.797, 2931.675, 5000.000, 0.000
2262.901, 316.726, 2932.892, 5000.000, 0.000
2263.529, 315.701, 2934.094, 5000.000, 0.000
2264.111, 314.633, 2935.310, 5000.000, 0.000
2264.692, 313.564, 2936.526, 5000.000, 0.000
2265.277, 312.499, 2937.741, 5000.000, 0.000
2265.823, 311.398, 2938.969, 5000.000, 0.000
2266.408, 310.334, 2940.184, 5000.000, 0.000
2266.989, 309.265, 2941.400, 5000.000, 0.000
2267.571, 308.197, 2942.616, 5000.000, 0.000
2268.162, 307.138, 2943.829, 5000.000, 0.000
2268.755, 306.079, 2945.042, 5000.000, 0.000
2269.340, 305.015, 2946.257, 5000.000, 0.000
2269.925, 303.950, 2947.472, 5000.000, 0.000
2270.517, 302.891, 2948.685, 5000.000, 0.000
2271.109, 301.832, 2949.898, 5000.000, 0.000
2271.691, 300.765, 2951.114, 5000.000, 0.000
2272.272, 299.695, 2952.331, 5000.000, 0.000
2272.857, 298.631, 2953.546, 5000.000, 0.000
2273.491, 297.610, 2954.746, 5000.000, 0.000
2274.078, 296.547, 2955.960, 5000.000, 0.000
2274.663, 295.481, 2957.176, 5000.000, 0.000
2275.251, 294.419, 2958.390, 5000.000, 0.000
2275.887, 293.401, 2959.590, 5000.000, 0.000
2276.476, 292.338, 2960.804, 5000.000, 0.000
2277.060, 291.273, 2962.019, 5000.000, 0.000
2277.647, 290.210, 2963.233, 5000.000, 0.000
2278.230, 289.143, 2964.449, 5000.000, 0.000
2278.799, 288.064, 2965.669, 5000.000, 0.000
2279.363, 286.979, 2966.891, 5000.000, 0.000
2279.928, 285.896, 2968.113, 5000.000, 0.000
2280.501, 284.820, 2969.332, 5000.000, 0.000
2281.073, 283.744, 2970.551, 5000.000, 0.000
2281.638, 282.660, 2971.773, 5000.000, 0.000
2282.202, 281.576, 2972.995, 5000.000, 0.000
2282.772, 280.497, 2974.215, 5000.000, 0.000
2283.354, 279.430, 2975.431, 5000.000, 0.000
2283.905, 278.334, 2976.657, 5000.000, 0.000
2284.503, 277.280, 2977.868, 5000.000, 0.000
2285.104, 276.230, 2979.077, 5000.000, 0.000
2285.714, 275.188, 2980.284, 5000.000, 0.000
2286.327, 274.148, 2981.490, 5000.000, 0.000
2286.934, 273.103, 2982.698, 5000.000, 0.000
2287.542, 272.059, 2983.906, 5000.000, 0.000
2288.158, 271.021, 2985.112, 5000.000, 0.000
2288.773, 269.984, 2986.317, 5000.000, 0.000
2289.381, 268.940, 2987.526, 5000.000, 0.000
2289.988, 267.894, 2988.734, 5000.000, 0.000
2290.601, 266.854, 2989.941, 5000.000, 0.000
2291.175, 265.779, 2991.159, 5000.000, 0.000
2291.790, 264.741, 2992.365, 5000.000, 0.000
2292.400, 263.699, 2993.573, 5000.000, 0.000
2293.014, 262.660, 2994.780, 5000.000, 0.000
2293.586, 261.583, 2995.998, 5000.000, 0.000
2294.196, 260.541, 2997.206, 5000.000, 0.000
2294.799, 259.492, 2998.416, 5000.000, 0.000
2295.402, 258.443, 2999.625, 5000.000, 0.000
2295.997, 257.387, 3000.837, 5000.000, 0.000
2296.576, 256.317, 3002.054, 5000.000, 0.000
2297.147, 255.239, 3003.273, 5000.000, 0.000
2297.716, 254.160, 3004.493, 5000.000, 0.000
2298.290, 253.084, 3005.712, 5000.000, 0.000
2298.860, 252.006, 3006.931, 5000.000, 0.000
2299.420, 250.919, 3008.154, 5000.000, 0.000
2299.976, 249.827, 3009.378, 5000.000, 0.000
2300.535, 248.739, 3010.602, 5000.000, 0.000
2301.104, 247.659, 3011.822, 5000.000, 0.000
2301.726, 246.628, 3013.025, 5000.000, 0.000
2302.307, 245.558, 3014.242, 5000.000, 0.000
2302.889, 244.491, 3015.458, 5000.000, 0.000
2303.480, 243.432, 3016.671, 5000.000, 0.000
2304.073, 242.373, 3017.884, 5000.000, 0.000
2304.658, 241.308, 3019.099, 5000.000, 0.000
2305.243, 240.244, 3020.314, 5000.000, 0.000
2305.836, 239.185, 3021.527, 5000.000, 0.000
2306.427, 238.126, 3022.740, 5000.000, 0.000
2307.009, 237.058, 3023.956, 5000.000, 0.000
2307.590, 235.989, 3025.172, 5000.000, 0.000
2308.175, 234.925, 3026.387, 5000.000, 0.000
2308.772, 233.870, 3027.599, 5000.000, 0.000
2309.373, 232.820, 3028.809, 5000.000, 0.000
2309.970, 231.766, 3030.021, 5000.000, 0.000
2310.570, 230.714, 3031.231, 5000.000, 0.000
2311.180, 229.672, 3032.439, 5000.000, 0.000
2311.480, 229.146, 3033.044, 5000.000, 0.000
2312.079, 228.094, 3034.255, 5000.000, 0.000
2312.679, 227.041, 3035.466, 5000.000, 0.000
2313.277, 225.989, 3036.677, 5000.000, 0.000
2313.876, 224.936, 3037.888, 5000.000, 0.000
2314.474, 223.883, 3039.099, 5000.000, 0.000
2315.072, 222.829, 3040.310, 5000.000, 0.000
2315.669, 221.775, 3041.522, 5000.000, 0.000
2316.266, 220.721, 3042.733, 5000.000, 0.000
2316.863, 219.667, 3043.945, 5000.000, 0.000
2317.460, 218.612, 3045.156, 5000.000, 0.000
2318.056, 217.557, 3046.368, 5000.000, 0.000
2318.652, 216.502, 3047.580, 5000.000, 0.000
2319.247, 215.447, 3048.792, 5000.000, 0.000
2319.842, 214.391, 3050.004, 5000.000, 0.000
