x, y, length, r, ctrl
-0.998, 1.120, 0.000, 5000.000, 0.000
-0.172, 1.971, 1.185, 5000.000, 0.000
0.655, 2.821, 2.371, 5000.000, 0.000
1.481, 3.670, 3.556, 5000.000, 0.000
2.309, 4.518, 4.741, 5000.000, 0.000
3.137, 5.367, 5.926, 5000.000, 0.000
3.965, 6.214, 7.111, 5000.000, 0.000
4.794, 7.061, 8.297, 5000.000, 0.000
5.624, 7.907, 9.482, 5000.000, 0.000
6.454, 8.753, 10.666, 5000.000, 0.000
7.284, 9.598, 11.851, 5000.000, 0.000
8.115, 10.442, 13.036, 5000.000, 0.000
8.947, 11.286, 14.221, 5000.000, 0.000
9.779, 12.130, 15.406, 5000.000, 0.000
10.611, 12.972, 16.590, 5000.000, 0.000
11.915, 14.175, 18.362, 5000.000, 0.000
12.777, 14.985, 19.544, 5000.000, 0.000
13.604, 15.834, 20.729, 5000.000, 0.000
14.429, 16.686, 21.915, 5000.000, 0.000
15.253, 17.538, 23.100, 5000.000, 0.000
16.110, 18.353, 24.282, 5000.000, 0.000
16.956, 19.181, 25.466, 5000.000, 0.000
17.792, 20.020, 26.650, 5000.000, 0.000
18.620, 20.868, 27.835, 5000.000, 0.000
19.442, 21.722, 29.021, 5000.000, 0.000
20.260, 22.582, 30.207, 5000.000, 0.000
21.075, 23.444, 31.394, 5000.000, 0.000
21.889, 24.307, 32.581, 5000.000, 0.000
22.704, 25.170, 33.767, 5000.000, 0.000
23.522, 26.029, 34.954, 5000.000, 0.000
24.344, 26.884, 36.140, 5000.000, 0.000
25.172, 27.732, 37.325, 5000.000, 0.000
26.009, 28.570, 38.509, 5000.000, 0.000
26.854, 29.398, 39.692, 5000.000, 0.000
27.712, 30.214, 40.874, 5000.000, 0.000
28.536, 31.066, 42.059, 5000.000, 0.000
29.360, 31.917, 43.245, 5000.000, 0.000
30.187, 32.767, 44.430, 5000.000, 0.000
31.016, 33.613, 45.615, 5000.000, 0.000
31.849, 34.456, 46.800, 5000.000, 0.000
32.686, 35.294, 47.984, 5000.000, 0.000
33.562, 36.088, 49.164, 5000.000, 0.000
34.398, 36.927, 50.348, 5000.000, 0.000
35.243, 37.756, 51.532, 5000.000, 0.000
36.129, 38.539, 52.712, 5000.000, 0.000
37.012, 39.325, 53.894, 5000.000, 0.000
37.895, 40.111, 55.076, 5000.000, 0.000
38.778, 40.897, 56.258, 5000.000, 0.000
39.664, 41.679, 57.441, 5000.000, 0.000
40.555, 42.457, 58.623, 5000.000, 0.000
41.405, 43.280, 59.805, 5000.000, 0.000
42.250, 44.110, 60.988, 5000.000, 0.000
43.089, 44.945, 62.171, 5000.000, 0.000
43.923, 45.786, 63.354, 5000.000, 0.000
44.754, 46.630, 64.538, 5000.000, 0.000
45.583, 47.478, 65.722, 5000.000, 0.000
46.409, 48.327, 66.907, 5000.000, 0.000
47.268, 49.140, 68.089, 5000.000, 0.000
48.115, 49.967, 69.273, 5000.000, 0.000
48.951, 50.806, 70.457, 5000.000, 0.000
49.778, 51.655, 71.641, 5000.000, 0.000
50.599, 52.511, 72.826, 5000.000, 0.000
51.414, 53.374, 74.012, 5000.000, 0.000
52.225, 54.240, 75.198, 5000.000, 0.000
53.035, 55.109, 76.384, 5000.000, 0.000
53.845, 55.977, 77.570, 5000.000, 0.000
54.656, 56.843, 78.756, 5000.000, 0.000
55.472, 57.706, 79.943, 5000.000, 0.000
56.292, 58.562, 81.129, 5000.000, 0.000
57.119, 59.411, 82.314, 5000.000, 0.000
57.955, 60.250, 83.498, 5000.000, 0.000
58.756, 61.129, 84.687, 5000.000, 0.000
59.601, 61.958, 85.870, 5000.000, 0.000
60.459, 62.772, 87.052, 5000.000, 0.000
61.285, 63.621, 88.237, 5000.000, 0.000
62.115, 64.468, 89.422, 5000.000, 0.000
62.981, 65.273, 90.603, 5000.000, 0.000
63.839, 66.087, 91.786, 5000.000, 0.000
64.691, 66.908, 92.969, 5000.000, 0.000
65.538, 67.734, 94.152, 5000.000, 0.000
66.383, 68.563, 95.336, 5000.000, 0.000
67.227, 69.393, 96.519, 5000.000, 0.000
68.072, 70.222, 97.703, 5000.000, 0.000
68.920, 71.048, 98.886, 5000.000, 0.000
69.771, 71.869, 100.069, 5000.000, 0.000
70.630, 72.683, 101.252, 5000.000, 0.000
71.495, 73.489, 102.434, 5000.000, 0.000
72.325, 74.335, 103.619, 5000.000, 0.000
73.151, 75.185, 104.804, 5000.000, 0.000
73.976, 76.036, 105.989, 5000.000, 0.000
74.800, 76.889, 107.175, 5000.000, 0.000
75.624, 77.741, 108.360, 5000.000, 0.000
76.482, 78.555, 109.542, 5000.000, 0.000
77.330, 79.381, 110.726, 5000.000, 0.000
78.169, 80.217, 111.910, 5000.000, 0.000
79.001, 81.061, 113.095, 5000.000, 0.000
79.827, 81.910, 114.280, 5000.000, 0.000
80.650, 82.764, 115.465, 5000.000, 0.000
81.471, 83.619, 116.651, 5000.000, 0.000
82.292, 84.475, 117.837, 5000.000, 0.000
83.115, 85.329, 119.023, 5000.000, 0.000
83.942, 86.178, 120.208, 5000.000, 0.000
84.774, 87.022, 121.393, 5000.000, 0.000
85.612, 87.858, 122.577, 5000.000, 0.000
86.460, 88.684, 123.760, 5000.000, 0.000
87.318, 89.498, 124.942, 5000.000, 0.000
88.142, 90.350, 126.128, 5000.000, 0.000
88.966, 91.203, 127.313, 5000.000, 0.000
89.791, 92.054, 128.499, 5000.000, 0.000
90.618, 92.904, 129.684, 5000.000, 0.000
91.447, 93.750, 130.869, 5000.000, 0.000
92.280, 94.593, 132.054, 5000.000, 0.000
93.117, 95.430, 133.238, 5000.000, 0.000
93.959, 96.262, 134.422, 5000.000, 0.000
94.841, 97.050, 135.603, 5000.000, 0.000
95.718, 97.843, 136.784, 5000.000, 0.000
96.591, 98.640, 137.966, 5000.000, 0.000
97.462, 99.440, 139.149, 5000.000, 0.000
98.333, 100.239, 140.331, 5000.000, 0.000
99.206, 101.037, 141.513, 5000.000, 0.000
100.083, 101.830, 142.695, 5000.000, 0.000
100.964, 102.618, 143.877, 5000.000, 0.000
101.807, 103.449, 145.061, 5000.000, 0.000
102.644, 104.287, 146.244, 5000.000, 0.000
103.477, 105.129, 147.428, 5000.000, 0.000
104.306, 105.976, 148.612, 5000.000, 0.000
105.133, 106.825, 149.797, 5000.000, 0.000
105.958, 107.677, 150.982, 5000.000, 0.000
106.782, 108.529, 152.166, 5000.000, 0.000
107.606, 109.382, 153.351, 5000.000, 0.000
108.431, 110.233, 154.536, 5000.000, 0.000
109.257, 111.082, 155.721, 5000.000, 0.000
110.120, 111.892, 156.903, 5000.000, 0.000
110.973, 112.711, 158.087, 5000.000, 0.000
111.820, 113.538, 159.270, 5000.000, 0.000
112.661, 114.371, 160.454, 5000.000, 0.000
113.499, 115.208, 161.638, 5000.000, 0.000
114.335, 116.046, 162.822, 5000.000, 0.000
115.172, 116.885, 164.007, 5000.000, 0.000
116.009, 117.722, 165.191, 5000.000, 0.000
116.851, 118.555, 166.375, 5000.000, 0.000
117.698, 119.382, 167.558, 5000.000, 0.000
118.551, 120.201, 168.741, 5000.000, 0.000
119.414, 121.010, 169.924, 5000.000, 0.000
120.240, 121.860, 171.109, 5000.000, 0.000
121.065, 122.711, 172.294, 5000.000, 0.000
121.889, 123.563, 173.479, 5000.000, 0.000
122.713, 124.416, 174.664, 5000.000, 0.000
123.571, 125.230, 175.847, 5000.000, 0.000
124.419, 126.056, 177.030, 5000.000, 0.000
125.258, 126.892, 178.215, 5000.000, 0.000
126.089, 127.736, 179.399, 5000.000, 0.000
126.916, 128.585, 180.584, 5000.000, 0.000
127.739, 129.439, 181.770, 5000.000, 0.000
128.560, 130.294, 182.955, 5000.000, 0.000
129.381, 131.150, 184.141, 5000.000, 0.000
130.204, 132.003, 185.327, 5000.000, 0.000
131.031, 132.853, 186.512, 5000.000, 0.000
131.862, 133.697, 187.697, 5000.000, 0.000
132.701, 134.533, 188.881, 5000.000, 0.000
133.549, 135.359, 190.064, 5000.000, 0.000
134.407, 136.173, 191.246, 5000.000, 0.000
135.231, 137.025, 192.432, 5000.000, 0.000
136.055, 137.878, 193.617, 5000.000, 0.000
136.880, 138.729, 194.803, 5000.000, 0.000
137.706, 139.579, 195.988, 5000.000, 0.000
138.536, 140.425, 197.173, 5000.000, 0.000
139.402, 141.230, 198.355, 5000.000, 0.000
140.260, 142.044, 199.537, 5000.000, 0.000
141.112, 142.866, 200.720, 5000.000, 0.000
141.959, 143.692, 201.903, 5000.000, 0.000
142.804, 144.520, 203.087, 5000.000, 0.000
143.648, 145.350, 204.271, 5000.000, 0.000
144.493, 146.179, 205.454, 5000.000, 0.000
145.341, 147.005, 206.638, 5000.000, 0.000
146.193, 147.826, 207.821, 5000.000, 0.000
147.051, 148.641, 209.003, 5000.000, 0.000
147.917, 149.446, 210.186, 5000.000, 0.000
148.746, 150.292, 211.370, 5000.000, 0.000
149.573, 151.142, 212.555, 5000.000, 0.000
150.397, 151.993, 213.740, 5000.000, 0.000
151.222, 152.846, 214.926, 5000.000, 0.000
152.046, 153.698, 216.111, 5000.000, 0.000
152.870, 154.549, 217.297, 5000.000, 0.000
153.697, 155.399, 218.482, 5000.000, 0.000
154.560, 156.208, 219.664, 5000.000, 0.000
155.413, 157.027, 220.847, 5000.000, 0.000
156.260, 157.854, 222.030, 5000.000, 0.000
157.101, 158.687, 223.214, 5000.000, 0.000
157.939, 159.524, 224.398, 5000.000, 0.000
158.775, 160.363, 225.583, 5000.000, 0.000
159.611, 161.202, 226.767, 5000.000, 0.000
160.449, 162.038, 227.951, 5000.000, 0.000
161.291, 162.871, 229.135, 5000.000, 0.000
162.137, 163.698, 230.318, 5000.000, 0.000
162.991, 164.517, 231.501, 5000.000, 0.000
163.854, 165.327, 232.684, 5000.000, 0.000
164.680, 166.176, 233.869, 5000.000, 0.000
165.505, 167.027, 235.054, 5000.000, 0.000
166.329, 167.880, 236.240, 5000.000, 0.000
167.153, 168.732, 237.425, 5000.000, 0.000
167.978, 169.584, 238.611, 5000.000, 0.000
168.805, 170.433, 239.796, 5000.000, 0.000
169.634, 171.280, 240.981, 5000.000, 0.000
170.500, 172.085, 242.162, 5000.000, 0.000
171.358, 172.899, 243.344, 5000.000, 0.000
172.210, 173.720, 244.527, 5000.000, 0.000
173.058, 174.546, 245.711, 5000.000, 0.000
173.902, 175.375, 246.894, 5000.000, 0.000
174.746, 176.205, 248.078, 5000.000, 0.000
175.591, 177.034, 249.262, 5000.000, 0.000
176.439, 177.860, 250.445, 5000.000, 0.000
177.291, 178.681, 251.628, 5000.000, 0.000
178.149, 179.495, 252.811, 5000.000, 0.000
179.015, 180.300, 253.993, 5000.000, 0.000
179.844, 181.147, 255.178, 5000.000, 0.000
180.671, 181.996, 256.363, 5000.000, 0.000
181.496, 182.848, 257.548, 5000.000, 0.000
182.320, 183.700, 258.733, 5000.000, 0.000
183.144, 184.553, 259.919, 5000.000, 0.000
183.969, 185.404, 261.104, 5000.000, 0.000
184.795, 186.253, 262.289, 5000.000, 0.000
185.658, 187.063, 263.471, 5000.000, 0.000
186.511, 187.882, 264.654, 5000.000, 0.000
187.358, 188.709, 265.838, 5000.000, 0.000
188.200, 189.542, 267.022, 5000.000, 0.000
189.037, 190.378, 268.206, 5000.000, 0.000
189.874, 191.217, 269.390, 5000.000, 0.000
190.710, 192.056, 270.574, 5000.000, 0.000
191.548, 192.893, 271.759, 5000.000, 0.000
192.389, 193.726, 272.943, 5000.000, 0.000
193.236, 194.553, 274.126, 5000.000, 0.000
194.089, 195.372, 275.309, 5000.000, 0.000
194.952, 196.181, 276.491, 5000.000, 0.000
195.778, 197.031, 277.676, 5000.000, 0.000
196.603, 197.882, 278.862, 5000.000, 0.000
197.427, 198.734, 280.047, 5000.000, 0.000
198.251, 199.587, 281.232, 5000.000, 0.000
199.076, 200.438, 282.417, 5000.000, 0.000
199.903, 201.288, 283.603, 5000.000, 0.000
200.765, 202.097, 284.785, 5000.000, 0.000
201.619, 202.916, 285.968, 5000.000, 0.000
202.466, 203.743, 287.151, 5000.000, 0.000
203.307, 204.576, 288.335, 5000.000, 0.000
204.145, 205.413, 289.519, 5000.000, 0.000
204.981, 206.251, 290.704, 5000.000, 0.000
205.817, 207.090, 291.888, 5000.000, 0.000
206.655, 207.927, 293.072, 5000.000, 0.000
207.497, 208.760, 294.256, 5000.000, 0.000
208.343, 209.587, 295.440, 5000.000, 0.000
209.197, 210.406, 296.623, 5000.000, 0.000
210.059, 211.215, 297.805, 5000.000, 0.000
210.886, 212.065, 298.990, 5000.000, 0.000
211.711, 212.916, 300.175, 5000.000, 0.000
212.535, 213.769, 301.360, 5000.000, 0.000
213.359, 214.621, 302.546, 5000.000, 0.000
214.184, 215.472, 303.731, 5000.000, 0.000
215.044, 216.285, 304.913, 5000.000, 0.000
215.894, 217.108, 306.097, 5000.000, 0.000
216.736, 217.939, 307.280, 5000.000, 0.000
217.572, 218.778, 308.465, 5000.000, 0.000
218.404, 219.622, 309.650, 5000.000, 0.000
219.233, 220.469, 310.834, 5000.000, 0.000
220.061, 221.316, 312.020, 5000.000, 0.000
220.891, 222.163, 313.204, 5000.000, 0.000
221.722, 223.007, 314.389, 5000.000, 0.000
222.558, 223.846, 315.574, 5000.000, 0.000
223.401, 224.677, 316.757, 5000.000, 0.000
224.251, 225.501, 317.941, 5000.000, 0.000
225.111, 226.313, 319.123, 5000.000, 0.000
225.936, 227.164, 320.308, 5000.000, 0.000
226.760, 228.017, 321.494, 5000.000, 0.000
227.584, 228.869, 322.679, 5000.000, 0.000
228.409, 229.720, 323.864, 5000.000, 0.009
229.235, 230.570, 325.050, 5000.000, 0.022
230.065, 231.416, 326.235, 5000.000, 0.034
230.897, 232.259, 327.419, 5000.000, 0.047
231.735, 233.096, 328.604, 5000.000, 0.060
232.577, 233.928, 329.787, 5000.000, 0.072
233.459, 234.716, 330.968, 5000.000, 0.085
234.335, 235.509, 332.149, 5000.000, 0.098
235.208, 236.307, 333.330, 5000.000, 0.110
236.079, 237.106, 334.512, 5000.000, 0.123
236.951, 237.905, 335.693, 5000.000, 0.135
237.824, 238.703, 336.875, 5000.000, 0.148
238.700, 239.496, 338.056, 5000.000, 0.160
239.582, 240.284, 339.238, 5000.000, 0.173
240.424, 241.116, 340.422, 5000.000, 0.186
241.262, 241.953, 341.606, 5000.000, 0.198
242.094, 242.796, 342.790, 5000.000, 0.211
242.924, 243.642, 343.975, 5000.000, 0.224
243.750, 244.492, 345.161, 5000.000, 0.236
244.575, 245.343, 346.346, 5000.000, 0.249
245.399, 246.195, 347.532, 5000.000, 0.261
246.223, 247.048, 348.717, 5000.000, 0.274
247.081, 247.862, 349.899, 5000.000, 0.287
247.929, 248.688, 351.083, 5000.000, 0.299
248.768, 249.524, 352.267, 5000.000, 0.312
249.599, 250.368, 353.451, 5000.000, 0.325
250.426, 251.217, 354.637, 5000.000, 0.337
251.249, 252.071, 355.822, 5000.000, 0.350
252.070, 252.926, 357.008, 5000.000, 0.362
252.891, 253.782, 358.194, 5000.000, 0.375
253.714, 254.635, 359.380, 5000.000, 0.388
254.541, 255.485, 360.565, 5000.000, 0.400
255.372, 256.329, 361.750, 5000.000, 0.413
256.211, 257.165, 362.934, 5000.000, 0.426
257.059, 257.991, 364.117, 5000.000, 0.438
257.917, 258.805, 365.299, 5000.000, 0.451
258.741, 259.657, 366.485, 5000.000, 0.463
259.565, 260.510, 367.670, 5000.000, 0.476
260.390, 261.361, 368.856, 5000.000, 0.489
261.216, 262.211, 370.041, 5000.000, 0.501
262.046, 263.057, 371.226, 5000.000, 0.514
262.879, 263.900, 372.411, 5000.000, 0.527
263.716, 264.737, 373.595, 5000.000, 0.539
264.558, 265.569, 374.779, 5000.000, 0.552
265.440, 266.356, 375.959, 5000.000, 0.564
266.316, 267.150, 377.139, 5000.000, 0.577
267.189, 267.947, 378.321, 5000.000, 0.590
268.061, 268.747, 379.503, 5000.000, 0.602
268.932, 269.546, 380.684, 5000.000, 0.615
269.805, 270.344, 381.866, 5000.000, 0.627
270.681, 271.137, 383.048, 5000.000, 0.640
271.563, 271.925, 384.229, 5000.000, 0.653
272.406, 272.756, 385.413, 5000.000, 0.665
273.243, 273.594, 386.597, 5000.000, 0.678
274.076, 274.436, 387.781, 5000.000, 0.690
274.905, 275.283, 388.966, 5000.000, 0.703
275.732, 276.132, 390.151, 5000.000, 0.716
276.556, 276.984, 391.336, 5000.000, 0.728
277.380, 277.836, 392.521, 5000.000, 0.741
278.205, 278.689, 393.707, 5000.000, 0.754
279.029, 279.540, 394.892, 5000.000, 0.766
279.889, 280.352, 396.074, 5000.000, 0.779
280.739, 281.175, 397.257, 5000.000, 0.791
281.582, 282.007, 398.441, 5000.000, 0.804
282.418, 282.846, 399.626, 5000.000, 0.817
283.250, 283.690, 400.810, 5000.000, 0.829
284.079, 284.536, 401.995, 5000.000, 0.842
284.907, 285.384, 403.180, 5000.000, 0.855
285.736, 286.231, 404.365, 5000.000, 0.867
286.568, 287.074, 405.550, 5000.000, 0.880
287.404, 287.913, 406.735, 5000.000, 0.892
288.246, 288.745, 407.918, 5000.000, 0.905
289.096, 289.568, 409.101, 5000.000, 0.918
289.956, 290.380, 410.284, 5000.000, 0.930
290.781, 291.232, 411.469, 5000.000, 0.943
291.605, 292.084, 412.654, 5000.000, 0.956
292.429, 292.937, 413.840, 5000.000, 0.968
293.254, 293.788, 415.025, 5000.000, 0.981
294.081, 294.637, 416.211, 5000.000, 0.993
294.943, 295.447, 417.392, 5000.000, 1.006
295.797, 296.266, 418.576, 5000.000, 1.019
296.644, 297.093, 419.759, 5000.000, 1.031
297.485, 297.926, 420.943, 5000.000, 1.044
298.323, 298.762, 422.127, 5000.000, 1.056
299.159, 299.601, 423.311, 5000.000, 1.069
299.995, 300.440, 424.496, 5000.000, 1.082
300.833, 301.277, 425.680, 5000.000, 1.094
301.674, 302.110, 426.864, 5000.000, 1.107
302.521, 302.937, 428.047, 5000.000, 1.120
303.375, 303.756, 429.230, 5000.000, 1.132
304.237, 304.565, 430.413, 5000.000, 1.145
305.064, 305.415, 431.598, 5000.000, 1.157
305.889, 306.266, 432.783, 5000.000, 1.170
306.713, 307.118, 433.968, 5000.000, 1.183
307.537, 307.971, 435.153, 5000.000, 1.195
308.395, 308.785, 436.336, 5000.000, 1.208
309.242, 309.611, 437.519, 5000.000, 1.221
310.081, 310.447, 438.704, 5000.000, 1.233
310.913, 311.290, 439.888, 5000.000, 1.246
311.739, 312.140, 441.073, 5000.000, 1.258
312.562, 312.994, 442.259, 5000.000, 1.271
313.384, 313.849, 443.444, 5000.000, 1.284
314.205, 314.705, 444.630, 5000.000, 1.296
315.028, 315.558, 445.816, 5000.000, 1.309
315.854, 316.408, 447.001, 5000.000, 1.322
316.686, 317.252, 448.186, 5000.000, 1.334
317.525, 318.088, 449.370, 5000.000, 1.347
318.372, 318.914, 450.553, 5000.000, 1.359
319.230, 319.728, 451.736, 5000.000, 1.372
320.054, 320.580, 452.921, 5000.000, 1.385
320.878, 321.433, 454.106, 5000.000, 1.397
321.703, 322.284, 455.292, 5000.000, 1.410
322.530, 323.133, 456.477, 5000.000, 1.423
323.359, 323.980, 457.662, 5000.000, 1.435
324.192, 324.822, 458.847, 5000.000, 1.448
325.029, 325.660, 460.031, 5000.000, 1.460
325.872, 326.492, 461.215, 5000.000, 1.473
326.720, 327.317, 462.398, 5000.000, 1.486
327.576, 328.134, 463.581, 5000.000, 1.498
328.439, 328.942, 464.762, 5000.000, 1.511
329.345, 329.703, 465.941, 5000.000, 1.523
330.248, 330.466, 467.120, 5000.000, 1.536
331.150, 331.231, 468.299, 5000.000, 1.549
332.052, 331.995, 469.479, 5000.000, 1.561
332.958, 332.756, 470.662, 5000.000, 1.574
333.821, 333.564, 471.844, 5000.000, 1.586
334.677, 334.381, 473.026, 5000.000, 1.599
335.526, 335.206, 474.209, 5000.000, 1.612
336.368, 336.038, 475.392, 5000.000, 1.624
337.205, 336.875, 476.576, 5000.000, 1.637
338.038, 337.718, 477.760, 5000.000, 1.649
338.867, 338.564, 478.945, 5000.000, 1.662
339.694, 339.414, 480.129, 5000.000, 1.675
340.519, 340.265, 481.314, 5000.000, 1.687
341.343, 341.118, 482.499, 5000.000, 1.700
342.167, 341.970, 483.685, 5000.000, 1.713
343.025, 342.784, 484.867, 5000.000, 1.725
343.873, 343.610, 486.051, 5000.000, 1.738
344.711, 344.446, 487.235, 5000.000, 1.750
345.543, 345.290, 488.420, 5000.000, 1.763
346.370, 346.139, 489.605, 5000.000, 1.776
347.193, 346.993, 490.790, 5000.000, 1.788
348.014, 347.849, 491.976, 5000.000, 1.801
348.835, 348.704, 493.161, 5000.000, 1.814
349.658, 349.558, 494.347, 5000.000, 1.826
350.484, 350.407, 495.532, 5000.000, 1.839
351.316, 351.251, 496.717, 5000.000, 1.851
352.155, 352.087, 497.901, 5000.000, 1.864
353.003, 352.913, 499.084, 5000.000, 1.877
353.861, 353.727, 500.267, 5000.000, 1.889
354.685, 354.579, 501.452, 5000.000, 1.902
355.509, 355.432, 502.637, 5000.000, 1.915
356.334, 356.283, 503.823, 5000.000, 1.927
357.160, 357.133, 505.008, 5000.000, 1.940
358.023, 357.942, 506.190, 5000.000, 1.952
358.876, 358.761, 507.373, 5000.000, 1.965
359.723, 359.588, 508.556, 5000.000, 1.978
360.564, 360.421, 509.740, 5000.000, 1.990
361.402, 361.258, 510.924, 5000.000, 2.003
362.238, 362.097, 512.109, 5000.000, 2.015
363.075, 362.935, 513.293, 5000.000, 2.028
363.912, 363.772, 514.477, 5000.000, 2.041
364.754, 364.605, 515.661, 5000.000, 2.053
365.601, 365.432, 516.845, 5000.000, 2.066
366.454, 366.251, 518.028, 5000.000, 2.079
367.317, 367.060, 519.210, 5000.000, 2.091
368.143, 367.910, 520.395, 5000.000, 2.104
368.968, 368.761, 521.580, 5000.000, 2.116
369.792, 369.614, 522.766, 5000.000, 2.129
370.616, 370.466, 523.951, 5000.000, 2.142
371.441, 371.317, 525.137, 5000.000, 2.154
372.268, 372.167, 526.322, 5000.000, 2.167
373.130, 372.976, 527.504, 5000.000, 2.180
373.984, 373.795, 528.686, 5000.000, 2.192
374.831, 374.622, 529.870, 5000.000, 2.205
375.672, 375.455, 531.054, 5000.000, 2.217
376.510, 376.292, 532.238, 5000.000, 2.230
377.346, 377.131, 533.422, 5000.000, 2.243
378.182, 377.970, 534.607, 5000.000, 2.255
379.020, 378.806, 535.791, 5000.000, 2.268
379.861, 379.639, 536.975, 5000.000, 2.280
380.708, 380.466, 538.158, 5000.000, 2.293
381.562, 381.285, 539.341, 5000.000, 2.306
382.424, 382.095, 540.523, 5000.000, 2.318
383.251, 382.944, 541.708, 5000.000, 2.331
384.076, 383.795, 542.894, 5000.000, 2.344
384.900, 384.648, 544.079, 5000.000, 2.356
385.724, 385.500, 545.264, 5000.000, 2.369
386.549, 386.352, 546.450, 5000.000, 2.381
387.375, 387.201, 547.635, 5000.000, 2.394
388.205, 388.048, 548.820, 5000.000, 2.407
389.038, 388.890, 550.005, 5000.000, 2.419
389.875, 389.728, 551.189, 5000.000, 2.432
390.717, 390.559, 552.373, 5000.000, 2.445
391.599, 391.347, 553.553, 5000.000, 2.457
392.475, 392.140, 554.735, 5000.000, 2.470
393.348, 392.938, 555.917, 5000.000, 2.482
394.220, 393.737, 557.099, 5000.000, 2.495
395.091, 394.537, 558.281, 5000.000, 2.508
395.964, 395.334, 559.463, 5000.000, 2.520
396.840, 396.128, 560.645, 5000.000, 2.533
397.722, 396.915, 561.827, 5000.000, 2.545
398.565, 397.747, 563.011, 5000.000, 2.558
399.402, 398.584, 564.194, 5000.000, 2.571
400.235, 399.427, 565.378, 5000.000, 2.583
401.064, 400.273, 566.563, 5000.000, 2.596
401.891, 401.123, 567.747, 5000.000, 2.608
402.715, 401.974, 568.932, 5000.000, 2.621
403.539, 402.827, 570.117, 5000.000, 2.634
404.363, 403.679, 571.302, 5000.000, 2.646
405.188, 404.531, 572.487, 5000.000, 2.659
406.015, 405.380, 573.672, 5000.000, 2.672
406.878, 406.189, 574.854, 5000.000, 2.684
407.731, 407.008, 576.037, 5000.000, 2.697
408.578, 407.835, 577.221, 5000.000, 2.709
409.419, 408.668, 578.405, 5000.000, 2.722
410.257, 409.505, 579.589, 5000.000, 2.735
411.093, 410.344, 580.773, 5000.000, 2.747
411.929, 411.183, 581.957, 5000.000, 2.760
412.767, 412.019, 583.141, 5000.000, 2.773
413.609, 412.852, 584.325, 5000.000, 2.785
414.455, 413.679, 585.509, 5000.000, 2.798
415.309, 414.498, 586.692, 5000.000, 2.810
416.172, 415.308, 587.874, 5000.000, 2.823
416.998, 416.157, 589.059, 5000.000, 2.836
417.823, 417.009, 590.244, 5000.000, 2.848
418.647, 417.861, 591.429, 5000.000, 2.861
419.471, 418.713, 592.615, 5000.000, 2.873
420.296, 419.565, 593.800, 5000.000, 2.886
421.156, 420.377, 594.982, 5000.000, 2.899
422.006, 421.200, 596.166, 5000.000, 2.911
422.848, 422.032, 597.349, 5000.000, 2.924
423.684, 422.871, 598.534, 5000.000, 2.937
424.516, 423.714, 599.719, 5000.000, 2.949
425.345, 424.561, 600.904, 5000.000, 2.962
426.174, 425.409, 602.089, 5000.000, 2.974
427.003, 426.255, 603.274, 5000.000, 2.987
427.834, 427.099, 604.458, 5000.000, 3.000
428.671, 427.938, 605.643, 5000.000, 3.012
429.513, 428.770, 606.827, 5000.000, 3.025
430.363, 429.593, 608.010, 5000.000, 3.038
431.223, 430.405, 609.192, 5000.000, 3.050
432.048, 431.257, 610.377, 5000.000, 3.063
432.872, 432.109, 611.563, 5000.000, 3.075
433.696, 432.961, 612.748, 5000.000, 3.088
434.521, 433.813, 613.934, 5000.000, 3.101
435.347, 434.662, 615.119, 5000.000, 3.113
436.177, 435.509, 616.304, 5000.000, 3.126
437.009, 436.351, 617.488, 5000.000, 3.139
437.847, 437.189, 618.673, 5000.000, 3.151
438.722, 437.983, 619.853, 5000.000, 3.164
439.592, 438.785, 621.035, 5000.000, 3.176
440.457, 439.591, 622.217, 5000.000, 3.189
441.319, 440.400, 623.399, 5000.000, 3.202
442.181, 441.210, 624.581, 5000.000, 3.214
443.043, 442.020, 625.763, 5000.000, 3.227
443.908, 442.826, 626.946, 5000.000, 3.239
444.778, 443.627, 628.128, 5000.000, 3.252
445.653, 444.422, 629.311, 5000.000, 3.265
446.491, 445.259, 630.494, 5000.000, 3.277
447.323, 446.102, 631.678, 5000.000, 3.290
448.153, 446.948, 632.863, 5000.000, 3.302
448.979, 447.798, 634.047, 5000.000, 3.315
449.804, 448.649, 635.232, 5000.000, 3.328
450.628, 449.502, 636.418, 5000.000, 3.340
451.452, 450.354, 637.603, 5000.000, 3.353
452.277, 451.205, 638.788, 5000.000, 3.366
453.104, 452.055, 639.973, 5000.000, 3.378
453.933, 452.901, 641.158, 5000.000, 3.391
454.766, 453.744, 642.343, 5000.000, 3.403
455.603, 454.582, 643.527, 5000.000, 3.416
456.479, 455.376, 644.708, 5000.000, 3.429
457.348, 456.177, 645.890, 5000.000, 3.441
458.213, 456.984, 647.072, 5000.000, 3.454
459.076, 457.793, 648.254, 5000.000, 3.466
459.937, 458.603, 649.437, 5000.000, 3.479
460.800, 459.412, 650.619, 5000.000, 3.492
461.665, 460.219, 651.801, 5000.000, 3.504
462.534, 461.020, 652.984, 5000.000, 3.517
463.410, 461.814, 654.166, 5000.000, 3.529
464.247, 462.652, 655.349, 5000.000, 3.542
465.080, 463.495, 656.534, 5000.000, 3.555
465.909, 464.341, 657.718, 5000.000, 3.567
466.736, 465.191, 658.903, 5000.000, 3.580
467.561, 466.042, 660.088, 5000.000, 3.593
468.385, 466.894, 661.273, 5000.000, 3.605
469.242, 467.710, 662.456, 5000.000, 3.618
470.088, 468.537, 663.640, 5000.000, 3.630
470.924, 469.376, 664.824, 5000.000, 3.643
471.752, 470.224, 666.009, 5000.000, 3.656
472.574, 471.079, 667.195, 5000.000, 3.668
473.392, 471.938, 668.380, 5000.000, 3.681
474.207, 472.800, 669.567, 5000.000, 3.694
475.021, 473.664, 670.753, 5000.000, 3.706
475.836, 474.526, 671.939, 5000.000, 3.719
476.654, 475.386, 673.125, 5000.000, 3.732
477.476, 476.240, 674.311, 5000.000, 3.744
478.304, 477.088, 675.496, 5000.000, 3.757
479.141, 477.927, 676.681, 5000.000, 3.769
479.986, 478.755, 677.864, 5000.000, 3.782
480.844, 479.570, 679.047, 5000.000, 3.795
481.668, 480.422, 680.232, 5000.000, 3.807
482.493, 481.274, 681.417, 5000.000, 3.820
483.319, 482.123, 682.603, 5000.000, 3.833
484.148, 482.970, 683.788, 5000.000, 3.845
484.981, 483.812, 684.972, 5000.000, 3.858
485.818, 484.650, 686.156, 5000.000, 3.870
486.661, 485.482, 687.340, 5000.000, 3.883
487.543, 486.269, 688.521, 5000.000, 3.896
488.419, 487.063, 689.702, 5000.000, 3.908
489.292, 487.860, 690.883, 5000.000, 3.921
490.163, 488.659, 692.065, 5000.000, 3.933
491.035, 489.459, 693.247, 5000.000, 3.946
491.908, 490.256, 694.429, 5000.000, 3.959
492.784, 491.050, 695.611, 5000.000, 3.971
493.666, 491.837, 696.792, 5000.000, 3.984
494.508, 492.669, 697.976, 5000.000, 3.996
495.345, 493.507, 699.160, 5000.000, 4.009
496.178, 494.349, 700.344, 5000.000, 4.022
497.008, 495.196, 701.529, 5000.000, 4.034
497.834, 496.045, 702.713, 5000.000, 4.047
498.659, 496.897, 703.898, 5000.000, 4.059
499.483, 497.749, 705.084, 5000.000, 4.072
500.307, 498.601, 706.270, 5000.000, 4.085
501.132, 499.453, 707.455, 5000.000, 4.097
501.959, 500.302, 708.640, 5000.000, 4.110
502.821, 501.111, 709.822, 5000.000, 4.123
503.675, 501.931, 711.005, 5000.000, 4.135
504.522, 502.757, 712.188, 5000.000, 4.148
505.363, 503.590, 713.372, 5000.000, 4.160
506.201, 504.427, 714.556, 5000.000, 4.173
507.037, 505.266, 715.741, 5000.000, 4.186
507.873, 506.105, 716.925, 5000.000, 4.198
508.711, 506.942, 718.109, 5000.000, 4.211
509.552, 507.775, 719.293, 5000.000, 4.224
510.399, 508.602, 720.476, 5000.000, 4.236
511.253, 509.421, 721.659, 5000.000, 4.249
512.115, 510.230, 722.842, 5000.000, 4.261
512.942, 511.079, 724.027, 5000.000, 4.274
513.767, 511.931, 725.212, 5000.000, 4.287
514.591, 512.783, 726.397, 5000.000, 4.299
515.415, 513.635, 727.583, 5000.000, 4.312
516.240, 514.487, 728.768, 5000.000, 4.325
517.066, 515.336, 729.953, 5000.000, 4.337
517.896, 516.183, 731.138, 5000.000, 4.350
518.728, 517.025, 732.323, 5000.000, 4.362
519.566, 517.863, 733.507, 5000.000, 4.375
520.441, 518.657, 734.688, 5000.000, 4.388
521.311, 519.459, 735.870, 5000.000, 4.400
522.176, 520.265, 737.052, 5000.000, 4.413
523.038, 521.074, 738.235, 5000.000, 4.425
523.900, 521.885, 739.418, 5000.000, 4.438
524.762, 522.694, 740.600, 5000.000, 4.451
525.627, 523.500, 741.783, 5000.000, 4.463
526.497, 524.301, 742.965, 5000.000, 4.476
527.373, 525.096, 744.147, 5000.000, 4.488
528.210, 525.934, 745.331, 5000.000, 4.501
529.043, 526.776, 746.515, 5000.000, 4.514
529.872, 527.623, 747.700, 5000.000, 4.526
530.698, 528.472, 748.884, 5000.000, 4.539
531.523, 529.323, 750.069, 5000.000, 4.552
532.347, 530.176, 751.254, 5000.000, 4.564
533.171, 531.028, 752.439, 5000.000, 4.577
533.996, 531.880, 753.624, 5000.000, 4.589
534.823, 532.729, 754.809, 5000.000, 4.602
535.652, 533.576, 755.994, 5000.000, 4.615
536.485, 534.418, 757.178, 5000.000, 4.627
537.322, 535.256, 758.363, 5000.000, 4.640
538.165, 536.087, 759.546, 5000.000, 4.653
539.013, 536.912, 760.730, 5000.000, 4.665
539.869, 537.729, 761.913, 5000.000, 4.678
540.766, 538.500, 763.093, 5000.000, 4.690
541.659, 539.275, 764.274, 5000.000, 4.703
542.550, 540.051, 765.455, 5000.000, 4.716
543.442, 540.828, 766.637, 5000.000, 4.728
544.335, 541.603, 767.818, 5000.000, 4.741
545.231, 542.374, 769.000, 5000.000, 4.753
546.087, 543.191, 770.183, 5000.000, 4.766
546.936, 544.015, 771.366, 5000.000, 4.779
547.778, 544.847, 772.549, 5000.000, 4.791
548.615, 545.685, 773.733, 5000.000, 4.804
549.448, 546.527, 774.916, 5000.000, 4.816
550.277, 547.374, 776.101, 5000.000, 4.829
551.104, 548.223, 777.285, 5000.000, 4.842
551.929, 549.075, 778.469, 5000.000, 4.854
552.753, 549.927, 779.654, 5000.000, 4.867
553.577, 550.779, 780.839, 5000.000, 4.880
554.402, 551.631, 782.023, 5000.000, 4.892
555.229, 552.480, 783.209, 5000.000, 4.905
556.058, 553.327, 784.394, 5000.000, 4.917
556.891, 554.169, 785.578, 5000.000, 4.930
557.761, 554.970, 786.760, 5000.000, 4.943
558.624, 555.778, 787.942, 5000.000, 4.955
559.482, 556.592, 789.124, 5000.000, 4.968
560.337, 557.410, 790.307, 5000.000, 4.980
561.190, 558.230, 791.491, 5000.000, 4.993
562.043, 559.050, 792.674, 5000.000, 5.006
562.897, 559.869, 793.857, 5000.000, 5.018
563.755, 560.683, 795.039, 5000.000, 5.031
564.619, 561.491, 796.222, 5000.000, 5.043
565.489, 562.291, 797.404, 5000.000, 5.056
566.322, 563.134, 798.588, 5000.000, 5.069
567.151, 563.980, 799.773, 5000.000, 5.081
567.978, 564.830, 800.958, 5000.000, 5.094
568.803, 565.681, 802.143, 5000.000, 5.107
569.627, 566.534, 803.328, 5000.000, 5.119
570.451, 567.386, 804.513, 5000.000, 5.132
571.276, 568.237, 805.698, 5000.000, 5.144
572.102, 569.087, 806.883, 5000.000, 5.157
572.931, 569.933, 808.068, 5000.000, 5.170
573.764, 570.776, 809.253, 5000.000, 5.182
574.601, 571.614, 810.437, 5000.000, 5.195
575.477, 572.408, 811.618, 5000.000, 5.208
576.347, 573.209, 812.800, 5000.000, 5.220
577.212, 574.016, 813.983, 5000.000, 5.233
578.074, 574.825, 815.165, 5000.000, 5.245
578.902, 575.672, 816.350, 5000.000, 5.258
579.777, 576.468, 817.532, 5000.000, 5.271
580.654, 577.261, 818.714, 5000.000, 5.283
581.534, 578.051, 819.896, 5000.000, 5.296
582.419, 578.834, 821.077, 5000.000, 5.308
583.265, 579.662, 822.261, 5000.000, 5.321
584.106, 580.496, 823.444, 5000.000, 5.334
584.942, 581.334, 824.628, 5000.000, 5.346
585.775, 582.177, 825.812, 5000.000, 5.359
586.605, 583.022, 826.997, 5000.000, 5.371
587.433, 583.870, 828.181, 5000.000, 5.384
588.261, 584.718, 829.366, 5000.000, 5.397
589.088, 585.567, 830.550, 5000.000, 5.409
589.917, 586.414, 831.735, 5000.000, 5.422
590.747, 587.260, 832.920, 5000.000, 5.435
591.580, 588.102, 834.104, 5000.000, 5.447
592.416, 588.941, 835.288, 5000.000, 5.460
593.257, 589.775, 836.472, 5000.000, 5.472
594.103, 590.602, 837.656, 5000.000, 5.485
594.955, 591.423, 838.839, 5000.000, 5.498
595.814, 592.236, 840.022, 5000.000, 5.510
596.681, 593.040, 841.204, 5000.000, 5.523
597.557, 593.835, 842.386, 5000.000, 5.535
598.475, 594.581, 843.566, 5000.000, 5.548
599.392, 595.329, 844.746, 5000.000, 5.561
600.309, 596.077, 845.928, 5000.000, 5.573
601.181, 596.875, 847.110, 5000.000, 5.586
602.043, 597.685, 848.293, 5000.000, 5.598
602.895, 598.506, 849.475, 5000.000, 5.611
603.739, 599.337, 850.659, 5000.000, 5.624
604.620, 600.124, 851.841, 5000.000, 5.636
605.463, 600.956, 853.024, 5000.000, 5.649
606.300, 601.794, 854.207, 5000.000, 5.661
607.133, 602.636, 855.391, 5000.000, 5.674
607.962, 603.483, 856.575, 5000.000, 5.687
608.789, 604.332, 857.759, 5000.000, 5.699
609.614, 605.184, 858.943, 5000.000, 5.712
610.438, 606.036, 860.128, 5000.000, 5.725
611.262, 606.889, 861.313, 5000.000, 5.737
612.087, 607.740, 862.499, 5000.000, 5.750
612.913, 608.589, 863.684, 5000.000, 5.762
613.743, 609.436, 864.869, 5000.000, 5.775
614.575, 610.278, 866.054, 5000.000, 5.788
615.413, 611.116, 867.238, 5000.000, 5.800
616.255, 611.948, 868.422, 5000.000, 5.813
617.104, 612.773, 869.605, 5000.000, 5.826
617.959, 613.589, 870.787, 5000.000, 5.838
618.823, 614.398, 871.969, 5000.000, 5.851
619.728, 615.158, 873.148, 5000.000, 5.863
620.631, 615.922, 874.328, 5000.000, 5.876
621.533, 616.687, 875.508, 5000.000, 5.888
622.436, 617.451, 876.689, 5000.000, 5.901
623.341, 618.212, 877.869, 5000.000, 5.914
624.205, 619.020, 879.052, 5000.000, 5.926
625.060, 619.837, 880.235, 5000.000, 5.939
625.909, 620.662, 881.418, 5000.000, 5.951
626.751, 621.494, 882.602, 5000.000, 5.964
627.589, 622.331, 883.785, 5000.000, 5.977
628.421, 623.174, 884.970, 5000.000, 5.989
629.251, 624.020, 886.154, 5000.000, 6.002
630.077, 624.870, 887.339, 5000.000, 6.015
630.902, 625.721, 888.525, 5000.000, 6.027
631.726, 626.574, 889.710, 5000.000, 6.040
632.550, 627.426, 890.896, 5000.000, 6.052
633.375, 628.277, 892.081, 5000.000, 6.065
634.202, 629.127, 893.267, 5000.000, 6.078
635.031, 629.973, 894.452, 5000.000, 6.090
635.864, 630.816, 895.636, 5000.000, 6.103
636.701, 631.653, 896.820, 5000.000, 6.116
637.544, 632.485, 898.004, 5000.000, 6.128
638.392, 633.310, 899.187, 5000.000, 6.141
639.248, 634.127, 900.370, 5000.000, 6.153
640.111, 634.935, 901.551, 5000.000, 6.166
640.984, 635.733, 902.733, 5000.000, 6.179
641.899, 636.483, 903.911, 5000.000, 6.191
642.812, 637.235, 905.089, 5000.000, 6.204
643.725, 637.987, 906.269, 5000.000, 6.216
644.640, 638.738, 907.448, 5000.000, 6.229
645.513, 639.536, 908.630, 5000.000, 6.241
646.376, 640.344, 909.813, 5000.000, 6.254
647.232, 641.161, 910.996, 5000.000, 6.267
648.080, 641.986, 912.179, 5000.000, 6.279
648.923, 642.817, 913.363, 5000.000, 6.292
649.760, 643.655, 914.547, 5000.000, 6.305
650.593, 644.497, 915.732, 5000.000, 6.317
651.422, 645.344, 916.917, 5000.000, 6.330
652.249, 646.193, 918.102, 5000.000, 6.342
653.074, 647.045, 919.288, 5000.000, 6.355
653.898, 647.897, 920.473, 5000.000, 6.368
654.722, 648.750, 921.659, 5000.000, 6.380
655.547, 649.601, 922.844, 5000.000, 6.393
656.373, 650.450, 924.029, 5000.000, 6.406
657.203, 651.297, 925.214, 5000.000, 6.418
658.035, 652.139, 926.399, 5000.000, 6.431
658.873, 652.977, 927.583, 5000.000, 6.443
659.715, 653.809, 928.767, 5000.000, 6.456
660.564, 654.634, 929.950, 5000.000, 6.469
661.419, 655.451, 931.133, 5000.000, 6.481
662.283, 656.259, 932.314, 5000.000, 6.494
663.155, 657.057, 933.496, 5000.000, 6.506
664.037, 657.844, 934.676, 5000.000, 6.519
664.930, 658.620, 935.856, 5000.000, 6.532
665.833, 659.382, 937.035, 5000.000, 6.544
666.750, 660.131, 938.214, 5000.000, 6.557
667.666, 660.880, 939.397, 5000.000, 6.569
668.570, 661.643, 940.580, 5000.000, 6.582
669.429, 662.456, 941.761, 5000.000, 6.595
670.290, 663.267, 942.943, 5000.000, 6.607
671.186, 664.038, 944.125, 5000.000, 6.620
672.071, 664.822, 945.307, 5000.000, 6.632
672.947, 665.616, 946.490, 5000.000, 6.645
673.814, 666.420, 947.672, 5000.000, 6.658
674.673, 667.233, 948.854, 5000.000, 6.670
675.525, 668.054, 950.037, 5000.000, 6.683
676.371, 668.882, 951.219, 5000.000, 6.695
677.212, 669.715, 952.402, 5000.000, 6.708
678.048, 670.554, 953.586, 5000.000, 6.721
678.881, 671.396, 954.769, 5000.000, 6.733
679.711, 672.242, 955.953, 5000.000, 6.746
680.540, 673.089, 957.137, 5000.000, 6.758
681.367, 673.938, 958.321, 5000.000, 6.771
682.195, 674.786, 959.505, 5000.000, 6.784
683.023, 675.634, 960.690, 5000.000, 6.796
683.853, 676.479, 961.874, 5000.000, 6.809
684.686, 677.322, 963.058, 5000.000, 6.822
685.523, 678.160, 964.242, 5000.000, 6.834
686.363, 678.994, 965.426, 5000.000, 6.847
687.209, 679.822, 966.610, 5000.000, 6.859
688.061, 680.643, 967.793, 5000.000, 6.872
688.920, 681.456, 968.975, 5000.000, 6.885
689.787, 682.260, 970.158, 5000.000, 6.897
690.663, 683.054, 971.340, 5000.000, 6.910
691.549, 683.837, 972.521, 5000.000, 6.922
692.445, 684.609, 973.703, 5000.000, 6.935
693.306, 685.420, 974.885, 5000.000, 6.948
694.165, 686.233, 976.068, 5000.000, 6.960
695.069, 686.995, 977.249, 5000.000, 6.973
695.985, 687.744, 978.431, 5000.000, 6.985
696.868, 688.531, 979.613, 5000.000, 6.998
697.751, 689.317, 980.795, 5000.000, 7.011
698.634, 690.103, 981.977, 5000.000, 7.023
699.517, 690.889, 983.159, 5000.000, 7.036
700.400, 691.675, 984.342, 5000.000, 7.048
701.283, 692.461, 985.524, 5000.000, 7.061
702.166, 693.248, 986.706, 5000.000, 7.074
703.049, 694.034, 987.888, 5000.000, 7.086
703.932, 694.820, 989.070, 5000.000, 7.099
704.815, 695.606, 990.253, 5000.000, 7.111
705.698, 696.392, 991.435, 5000.000, 7.124
706.581, 697.178, 992.617, 5000.000, 7.137
707.497, 697.927, 993.800, 5000.000, 7.149
708.401, 698.690, 994.982, 5000.000, 7.162
709.293, 699.466, 996.165, 5000.000, 7.174
710.175, 700.253, 997.347, 5000.000, 7.187
711.048, 701.051, 998.529, 5000.000, 7.200
711.911, 701.859, 999.711, 5000.000, 7.212
712.767, 702.676, 1000.893, 5000.000, 7.225
713.615, 703.501, 1002.075, 5000.000, 7.237
714.458, 704.333, 1003.258, 5000.000, 7.250
715.295, 705.170, 1004.441, 5000.000, 7.263
716.128, 706.013, 1005.624, 5000.000, 7.275
716.957, 706.859, 1006.808, 5000.000, 7.288
717.784, 707.709, 1007.991, 5000.000, 7.300
718.609, 708.560, 1009.176, 5000.000, 7.313
719.433, 709.413, 1010.360, 5000.000, 7.326
720.257, 710.265, 1011.544, 5000.000, 7.338
721.082, 711.116, 1012.729, 5000.000, 7.351
721.908, 711.966, 1013.913, 5000.000, 7.364
722.738, 712.812, 1015.098, 5000.000, 7.376
723.570, 713.655, 1016.282, 5000.000, 7.389
724.407, 714.493, 1017.466, 5000.000, 7.401
725.250, 715.324, 1018.650, 5000.000, 7.414
726.099, 716.149, 1019.833, 5000.000, 7.427
726.954, 716.966, 1021.016, 5000.000, 7.439
727.818, 717.774, 1022.199, 5000.000, 7.452
728.690, 718.572, 1023.381, 5000.000, 7.464
729.572, 719.360, 1024.562, 5000.000, 7.477
730.464, 720.135, 1025.744, 5000.000, 7.490
731.368, 720.898, 1026.925, 5000.000, 7.502
732.284, 721.647, 1028.106, 5000.000, 7.515
733.167, 722.433, 1029.288, 5000.000, 7.527
734.050, 723.219, 1030.470, 5000.000, 7.540
734.933, 724.005, 1031.652, 5000.000, 7.553
735.816, 724.791, 1032.835, 5000.000, 7.565
736.699, 725.578, 1034.017, 5000.000, 7.578
737.582, 726.364, 1035.199, 5000.000, 7.590
738.465, 727.150, 1036.381, 5000.000, 7.603
739.348, 727.936, 1037.563, 5000.000, 7.616
740.231, 728.722, 1038.746, 5000.000, 7.628
741.114, 729.509, 1039.928, 5000.000, 7.641
741.997, 730.295, 1041.110, 5000.000, 7.653
742.880, 731.081, 1042.292, 5000.000, 7.666
743.763, 731.867, 1043.475, 5000.000, 7.679
744.646, 732.653, 1044.657, 5000.000, 7.691
745.529, 733.439, 1045.839, 5000.000, 7.704
746.412, 734.226, 1047.021, 5000.000, 7.716
747.295, 735.012, 1048.204, 5000.000, 7.729
748.178, 735.798, 1049.386, 5000.000, 7.742
749.061, 736.584, 1050.568, 5000.000, 7.754
749.944, 737.370, 1051.750, 5000.000, 7.767
750.827, 738.157, 1052.933, 5000.000, 7.779
751.710, 738.943, 1054.115, 5000.000, 7.792
752.593, 739.729, 1055.297, 5000.000, 7.805
753.476, 740.515, 1056.480, 5000.000, 7.817
754.359, 741.301, 1057.662, 5000.000, 7.830
755.242, 742.087, 1058.844, 5000.000, 7.842
756.125, 742.874, 1060.026, 5000.000, 7.855
757.008, 743.660, 1061.209, 4999.466, 7.868
757.891, 744.446, 1062.391, 4998.588, 7.880
758.774, 745.232, 1063.573, 4998.446, 7.893
759.657, 746.018, 1064.755, 4997.783, 7.905
760.573, 746.767, 1065.938, 4994.846, 7.918
761.477, 747.530, 1067.120, 4990.447, 7.931
762.370, 748.305, 1068.302, 4984.492, 7.943
763.218, 749.130, 1069.486, 4977.077, 7.956
764.070, 749.952, 1070.669, 4968.778, 7.968
764.957, 750.733, 1071.850, 4960.269, 7.981
765.834, 751.525, 1073.032, 4949.997, 7.994
766.703, 752.328, 1074.215, 4939.379, 8.006
767.564, 753.139, 1075.398, 4929.917, 8.019
768.418, 753.958, 1076.581, 4922.487, 8.031
769.266, 754.783, 1077.764, 4914.713, 8.044
770.108, 755.615, 1078.947, 4907.227, 8.057
770.946, 756.452, 1080.131, 4899.446, 8.069
771.781, 757.292, 1081.315, 4890.678, 8.082
772.613, 758.136, 1082.499, 4879.083, 8.095
773.443, 758.981, 1083.684, 4867.071, 8.107
774.272, 759.828, 1084.868, 4852.867, 8.120
775.101, 760.674, 1086.053, 4836.804, 8.132
775.898, 761.557, 1087.240, 4819.599, 8.145
776.709, 762.424, 1088.426, 4801.848, 8.158
777.535, 763.275, 1089.611, 4784.379, 8.170
778.374, 764.111, 1090.795, 4767.087, 8.183
779.227, 764.930, 1091.978, 4749.869, 8.196
780.094, 765.734, 1093.160, 4733.869, 8.208
780.975, 766.522, 1094.341, 4718.793, 8.221
781.871, 767.295, 1095.524, 4704.990, 8.233
782.780, 768.051, 1096.707, 4692.237, 8.246
783.703, 768.792, 1097.890, 4680.652, 8.259
784.641, 769.517, 1099.075, 4668.428, 8.271
785.592, 770.227, 1100.260, 4656.634, 8.284
786.511, 770.972, 1101.444, 4645.425, 8.296
787.430, 771.718, 1102.627, 4632.464, 8.309
788.349, 772.464, 1103.811, 4618.727, 8.322
789.311, 773.161, 1104.998, 4604.244, 8.334
790.286, 773.845, 1106.186, 4589.344, 8.347
791.225, 774.567, 1107.371, 4574.971, 8.360
792.162, 775.293, 1108.556, 4560.962, 8.372
793.095, 776.023, 1109.741, 4546.354, 8.385
794.024, 776.758, 1110.925, 4531.115, 8.397
794.947, 777.499, 1112.109, 4514.949, 8.410
795.865, 778.246, 1113.292, 4498.037, 8.423
796.775, 779.001, 1114.475, 4478.419, 8.435
797.677, 779.766, 1115.657, 4456.650, 8.448
798.604, 780.503, 1116.841, 4433.671, 8.461
799.509, 781.264, 1118.023, 4411.221, 8.473
800.359, 782.088, 1119.201, 4390.606, 8.486
801.199, 782.922, 1120.379, 4370.674, 8.498
802.029, 783.768, 1121.564, 4350.973, 8.511
802.893, 784.575, 1122.746, 4330.923, 8.523
803.760, 785.380, 1123.928, 4312.127, 8.536
804.628, 786.183, 1125.110, 4293.646, 8.549
805.498, 786.984, 1126.293, 4274.494, 8.561
806.369, 787.783, 1127.475, 4255.359, 8.574
807.242, 788.580, 1128.657, 4237.201, 8.586
808.118, 789.375, 1129.839, 4221.104, 8.599
808.994, 790.168, 1131.022, 4206.033, 8.612
809.873, 790.959, 1132.204, 4192.998, 8.624
810.753, 791.748, 1133.386, 4180.437, 8.637
811.635, 792.535, 1134.568, 4169.260, 8.649
812.519, 793.320, 1135.750, 4157.850, 8.662
813.405, 794.104, 1136.932, 4145.704, 8.675
814.292, 794.885, 1138.114, 4133.603, 8.687
815.181, 795.664, 1139.296, 4120.554, 8.700
816.072, 796.441, 1140.478, 4107.809, 8.712
816.965, 797.217, 1141.660, 4095.994, 8.725
817.859, 797.990, 1142.842, 4083.559, 8.738
818.756, 798.762, 1144.025, 4071.099, 8.750
819.653, 799.531, 1145.207, 4058.659, 8.763
820.553, 800.298, 1146.389, 4045.980, 8.775
821.455, 801.064, 1147.571, 4031.356, 8.788
822.358, 801.827, 1148.754, 4015.594, 8.801
823.263, 802.589, 1149.937, 3999.197, 8.813
824.169, 803.349, 1151.120, 3983.091, 8.826
825.031, 804.158, 1152.301, 3968.471, 8.838
825.881, 804.982, 1153.483, 3955.157, 8.851
826.764, 805.768, 1154.665, 3940.999, 8.864
827.647, 806.554, 1155.847, 3925.775, 8.876
828.530, 807.340, 1157.029, 3909.671, 8.889
829.413, 808.126, 1158.211, 3892.908, 8.901
830.296, 808.912, 1159.394, 3873.751, 8.914
831.179, 809.699, 1160.576, 3853.689, 8.927
832.062, 810.485, 1161.758, 3833.342, 8.939
832.945, 811.271, 1162.941, 3812.693, 8.952
833.828, 812.057, 1164.123, 3792.946, 8.964
834.711, 812.843, 1165.305, 3774.072, 8.977
835.594, 813.630, 1166.487, 3756.666, 8.990
836.477, 814.416, 1167.670, 3739.763, 9.002
837.360, 815.202, 1168.852, 3723.908, 9.015
838.243, 815.988, 1170.034, 3708.825, 9.027
839.126, 816.774, 1171.216, 3693.747, 9.040
840.009, 817.560, 1172.399, 3678.828, 9.053
840.892, 818.347, 1173.581, 3664.075, 9.065
841.775, 819.133, 1174.763, 3649.523, 9.078
842.658, 819.919, 1175.945, 3635.622, 9.090
843.541, 820.705, 1177.128, 3622.384, 9.103
844.424, 821.491, 1178.310, 3610.291, 9.116
845.307, 822.278, 1179.492, 3598.671, 9.128
846.190, 823.064, 1180.674, 3587.960, 9.141
847.073, 823.850, 1181.857, 3577.588, 9.153
847.956, 824.636, 1183.039, 3569.272, 9.166
848.839, 825.422, 1184.221, 3562.815, 9.179
849.722, 826.208, 1185.403, 3558.711, 9.191
850.605, 826.995, 1186.586, 3555.173, 9.204
851.488, 827.781, 1187.768, 3551.938, 9.216
852.338, 828.604, 1188.950, 3548.506, 9.229
853.200, 829.414, 1190.133, 3544.555, 9.242
854.073, 830.211, 1191.315, 3539.714, 9.254
854.957, 830.996, 1192.497, 3534.103, 9.267
855.851, 831.770, 1193.679, 3527.049, 9.279
856.754, 832.534, 1194.862, 3520.263, 9.292
857.664, 833.290, 1196.044, 3512.790, 9.305
858.581, 834.037, 1197.226, 3506.822, 9.317
859.505, 834.778, 1198.409, 3502.209, 9.330
860.434, 835.512, 1199.593, 3497.117, 9.342
861.367, 836.242, 1200.778, 3491.290, 9.355
862.304, 836.968, 1201.963, 3484.531, 9.368
863.243, 837.691, 1203.148, 3476.969, 9.380
864.184, 838.412, 1204.333, 3468.391, 9.393
865.126, 839.132, 1205.519, 3457.965, 9.406
866.068, 839.852, 1206.704, 3446.580, 9.418
867.009, 840.573, 1207.890, 3433.571, 9.431
867.948, 841.296, 1209.075, 3420.885, 9.444
868.885, 842.022, 1210.260, 3409.306, 9.456
869.818, 842.751, 1211.445, 3397.860, 9.469
870.747, 843.486, 1212.629, 3386.448, 9.481
871.670, 844.227, 1213.813, 3374.622, 9.494
872.588, 844.974, 1214.996, 3362.602, 9.507
873.498, 845.730, 1216.178, 3350.606, 9.519
874.401, 846.494, 1217.360, 3338.974, 9.532
875.294, 847.268, 1218.541, 3326.937, 9.544
876.178, 848.053, 1219.722, 3314.301, 9.557
877.052, 848.850, 1220.901, 3301.485, 9.570
877.914, 849.660, 1222.081, 3289.760, 9.582
878.731, 850.520, 1223.257, 3278.573, 9.595
879.593, 851.330, 1224.437, 3267.576, 9.607
880.466, 852.127, 1225.620, 3256.208, 9.620
881.350, 852.912, 1226.802, 3244.564, 9.632
882.244, 853.686, 1227.984, 3232.798, 9.645
883.146, 854.450, 1229.167, 3221.587, 9.658
884.057, 855.206, 1230.349, 3210.480, 9.670
884.974, 855.953, 1231.532, 3200.092, 9.683
885.898, 856.694, 1232.715, 3189.309, 9.695
886.827, 857.429, 1233.899, 3179.380, 9.708
887.760, 858.158, 1235.083, 3170.850, 9.721
888.696, 858.884, 1236.267, 3162.776, 9.733
889.636, 859.607, 1237.452, 3154.353, 9.746
890.577, 860.328, 1238.637, 3145.710, 9.759
891.519, 861.048, 1239.822, 3136.886, 9.771
892.461, 861.768, 1241.007, 3128.510, 9.784
893.402, 862.489, 1242.192, 3120.057, 9.796
894.341, 863.212, 1243.377, 3112.331, 9.809
895.278, 863.938, 1244.561, 3104.664, 9.822
896.211, 864.668, 1245.746, 3097.805, 9.834
897.140, 865.402, 1246.930, 3092.401, 9.847
898.063, 866.143, 1248.114, 3087.389, 9.860
898.981, 866.890, 1249.297, 3082.061, 9.872
899.891, 867.646, 1250.480, 3076.583, 9.885
900.793, 868.410, 1251.663, 3070.895, 9.897
901.654, 869.222, 1252.845, 3065.805, 9.910
902.517, 870.030, 1254.027, 3061.397, 9.923
903.381, 870.838, 1255.210, 3058.440, 9.935
904.244, 871.646, 1256.392, 3056.478, 9.948
905.105, 872.457, 1257.575, 3054.914, 9.960
906.007, 873.222, 1258.757, 3053.153, 9.973
906.918, 873.977, 1259.939, 3050.615, 9.986
907.835, 874.725, 1261.121, 3047.473, 9.998
908.759, 875.465, 1262.303, 3043.793, 10.011
909.687, 876.200, 1263.486, 3039.645, 10.023
910.621, 876.930, 1264.669, 3035.632, 10.036
911.557, 877.656, 1265.852, 3032.291, 10.049
912.497, 878.379, 1267.036, 3029.698, 10.061
913.438, 879.100, 1268.220, 3028.200, 10.074
914.380, 879.820, 1269.404, 3026.226, 10.086
915.322, 880.539, 1270.589, 3022.475, 10.099
916.263, 881.260, 1271.773, 3016.856, 10.112
917.202, 881.983, 1272.958, 3010.190, 10.124
918.106, 882.746, 1274.140, 3002.348, 10.137
919.018, 883.500, 1275.323, 2994.125, 10.150
919.937, 884.245, 1276.507, 2984.984, 10.162
920.862, 884.985, 1277.691, 2975.554, 10.175
921.790, 885.720, 1278.875, 2966.611, 10.187
922.720, 886.454, 1280.059, 2958.525, 10.200
923.649, 887.187, 1281.244, 2950.078, 10.213
924.578, 887.923, 1282.428, 2939.999, 10.225
925.502, 888.662, 1283.612, 2928.774, 10.238
926.421, 889.408, 1284.795, 2917.937, 10.251
927.334, 890.161, 1285.978, 2907.391, 10.263
928.237, 890.924, 1287.160, 2897.415, 10.276
929.177, 891.647, 1288.345, 2888.098, 10.288
930.118, 892.368, 1289.531, 2879.733, 10.301
931.060, 893.088, 1290.716, 2872.026, 10.314
932.002, 893.808, 1291.901, 2865.647, 10.326
932.943, 894.529, 1293.087, 2859.178, 10.339
933.882, 895.252, 1294.272, 2852.075, 10.352
934.785, 896.015, 1295.454, 2844.746, 10.364
935.698, 896.768, 1296.637, 2838.020, 10.377
936.617, 897.513, 1297.820, 2831.985, 10.389
937.542, 898.253, 1299.004, 2826.926, 10.402
938.470, 898.988, 1300.188, 2823.225, 10.415
939.400, 899.722, 1301.373, 2820.241, 10.427
940.329, 900.455, 1302.557, 2817.934, 10.440
941.258, 901.191, 1303.741, 2815.618, 10.452
942.182, 901.930, 1304.925, 2813.273, 10.465
943.101, 902.676, 1306.109, 2810.732, 10.478
944.014, 903.429, 1307.292, 2807.669, 10.490
944.917, 904.192, 1308.474, 2804.027, 10.503
945.857, 904.915, 1309.659, 2800.933, 10.516
946.798, 905.636, 1310.844, 2797.461, 10.528
947.740, 906.356, 1312.030, 2793.898, 10.541
948.682, 907.076, 1313.215, 2790.597, 10.553
949.589, 907.834, 1314.397, 2787.182, 10.566
950.508, 908.580, 1315.581, 2783.482, 10.579
951.435, 909.317, 1316.765, 2779.692, 10.591
952.369, 910.046, 1317.950, 2776.099, 10.604
953.309, 910.768, 1319.135, 2772.796, 10.617
954.252, 911.487, 1320.320, 2769.178, 10.629
955.197, 912.204, 1321.506, 2765.481, 10.642
956.141, 912.921, 1322.692, 2762.120, 10.654
957.084, 913.639, 1323.877, 2758.762, 10.667
958.024, 914.362, 1325.062, 2755.915, 10.680
958.958, 915.091, 1326.247, 2753.423, 10.692
959.852, 915.865, 1327.428, 2750.222, 10.705
960.750, 916.634, 1328.610, 2747.492, 10.717
961.648, 917.403, 1329.792, 2745.100, 10.730
962.591, 918.122, 1330.977, 2742.968, 10.743
963.544, 918.830, 1332.163, 2740.992, 10.755
964.504, 919.529, 1333.351, 2739.194, 10.768
965.471, 920.221, 1334.539, 2738.646, 10.781
966.442, 920.908, 1335.728, 2738.317, 10.793
967.416, 921.593, 1336.918, 2738.331, 10.806
968.390, 922.276, 1338.108, 2738.518, 10.819
969.364, 922.960, 1339.298, 2738.583, 10.831
970.335, 923.647, 1340.487, 2738.140, 10.844
971.302, 924.340, 1341.676, 2737.420, 10.857
972.262, 925.039, 1342.864, 2737.381, 10.869
973.215, 925.747, 1344.051, 2737.479, 10.882
974.158, 926.465, 1345.236, 2737.144, 10.895
975.057, 927.234, 1346.416, 2736.621, 10.907
975.954, 928.004, 1347.595, 2736.287, 10.920
976.848, 928.778, 1348.775, 2736.100, 10.932
977.782, 929.506, 1349.959, 2736.215, 10.945
978.722, 930.229, 1351.145, 2736.077, 10.958
979.665, 930.948, 1352.330, 2735.451, 10.970
980.610, 931.665, 1353.516, 2734.267, 10.983
981.554, 932.382, 1354.702, 2732.661, 10.996
982.497, 933.100, 1355.888, 2730.446, 11.008
983.437, 933.823, 1357.073, 2728.291, 11.021
984.371, 934.552, 1358.258, 2725.884, 11.033
985.298, 935.288, 1359.442, 2723.572, 11.046
986.184, 936.072, 1360.622, 2720.884, 11.059
987.071, 936.853, 1361.803, 2718.164, 11.071
988.003, 937.584, 1362.988, 2715.486, 11.084
988.946, 938.303, 1364.173, 2712.028, 11.097
989.898, 939.012, 1365.359, 2708.059, 11.109
990.857, 939.713, 1366.546, 2704.348, 11.122
991.821, 940.408, 1367.734, 2700.105, 11.134
992.788, 941.099, 1368.922, 2695.600, 11.147
993.758, 941.788, 1370.110, 2691.128, 11.160
994.727, 942.477, 1371.299, 2686.574, 11.172
995.695, 943.169, 1372.487, 2681.568, 11.185
996.626, 943.901, 1373.672, 2676.202, 11.198
997.563, 944.625, 1374.857, 2670.669, 11.210
998.506, 945.345, 1376.042, 2664.613, 11.223
999.450, 946.063, 1377.228, 2659.020, 11.236
1000.393, 946.781, 1378.414, 2652.651, 11.248
1001.333, 947.504, 1379.599, 2645.592, 11.261
1002.266, 948.233, 1380.784, 2637.455, 11.274
1003.237, 948.920, 1381.973, 2629.448, 11.286
1004.211, 949.605, 1383.164, 2621.371, 11.299
1005.186, 950.288, 1384.354, 2613.045, 11.312
1006.126, 951.009, 1385.538, 2604.914, 11.324
1007.076, 951.720, 1386.725, 2597.012, 11.337
1008.034, 952.423, 1387.912, 2589.174, 11.350
1008.995, 953.121, 1389.101, 2581.868, 11.362
1009.958, 953.817, 1390.289, 2574.675, 11.375
1010.921, 954.514, 1391.477, 2568.185, 11.388
1011.880, 955.214, 1392.665, 2561.006, 11.400
1012.833, 955.922, 1393.852, 2553.976, 11.413
1013.777, 956.640, 1395.037, 2547.400, 11.425
1014.756, 957.318, 1396.228, 2541.285, 11.438
1015.702, 958.034, 1397.414, 2535.856, 11.451
1016.658, 958.738, 1398.601, 2531.206, 11.463
1017.622, 959.432, 1399.790, 2526.974, 11.476
1018.592, 960.121, 1400.979, 2523.427, 11.489
1019.564, 960.808, 1402.169, 2519.516, 11.501
1020.536, 961.494, 1403.359, 2516.322, 11.514
1021.506, 962.183, 1404.548, 2513.348, 11.527
1022.470, 962.878, 1405.737, 2509.711, 11.539
1023.426, 963.581, 1406.924, 2506.108, 11.552
1024.372, 964.297, 1408.110, 2502.136, 11.565
1025.318, 965.013, 1409.296, 2497.767, 11.577
1026.274, 965.716, 1410.483, 2404.816, 11.590
1027.238, 966.411, 1411.672, 2398.916, 11.603
1028.208, 967.100, 1412.861, 2392.270, 11.615
1029.180, 967.786, 1414.051, 2386.523, 11.628
1030.152, 968.472, 1415.240, 2381.394, 11.641
1031.122, 969.161, 1416.430, 2377.273, 11.653
1032.086, 969.856, 1417.618, 2373.392, 11.666
1033.042, 970.560, 1418.806, 2369.985, 11.679
1033.988, 971.276, 1419.991, 2366.304, 11.691
1034.934, 971.991, 1421.177, 2362.561, 11.704
1035.890, 972.695, 1422.365, 2358.752, 11.717
1036.854, 973.390, 1423.553, 2354.612, 11.729
1037.824, 974.079, 1424.742, 2349.943, 11.742
1038.796, 974.765, 1425.932, 2345.246, 11.755
1039.768, 975.451, 1427.122, 2340.810, 11.767
1040.738, 976.140, 1428.311, 2337.675, 11.780
1041.702, 976.835, 1429.500, 2333.976, 11.793
1042.658, 977.539, 1430.687, 2330.647, 11.805
1043.571, 978.292, 1431.868, 2326.836, 11.818
1044.529, 978.994, 1433.056, 2322.286, 11.831
1045.497, 979.685, 1434.245, 2317.140, 11.843
1046.471, 980.368, 1435.435, 2311.032, 11.856
1047.451, 981.046, 1436.626, 2304.193, 11.869
1048.432, 981.722, 1437.818, 2297.222, 11.881
1049.412, 982.399, 1439.009, 2290.060, 11.894
1050.388, 983.080, 1440.199, 2283.695, 11.907
1051.358, 983.768, 1441.389, 2277.209, 11.919
1052.287, 984.503, 1442.571, 2270.215, 11.932
1053.216, 985.238, 1443.754, 2263.292, 11.945
1054.189, 985.923, 1444.944, 2255.995, 11.957
1055.170, 986.599, 1446.135, 2248.710, 11.970
1056.156, 987.269, 1447.327, 2241.553, 11.983
1057.145, 987.936, 1448.520, 2234.926, 11.995
1058.134, 988.604, 1449.713, 2228.770, 12.008
1059.120, 989.274, 1450.905, 2223.103, 12.021
1060.068, 989.988, 1452.091, 2217.759, 12.034
1061.020, 990.696, 1453.277, 2212.247, 12.046
1061.973, 991.404, 1454.464, 2206.749, 12.059
1062.923, 992.114, 1455.650, 2201.086, 12.071
1063.914, 992.779, 1456.843, 2195.030, 12.084
1064.909, 993.440, 1458.037, 2189.073, 12.097
1065.906, 994.098, 1459.230, 2183.178, 12.110
1066.901, 994.758, 1460.425, 2177.885, 12.122
1067.861, 995.458, 1461.612, 2173.116, 12.135
1068.826, 996.152, 1462.801, 2168.718, 12.148
1069.794, 996.843, 1463.990, 2163.986, 12.160
1070.761, 997.535, 1465.179, 2159.917, 12.173
1071.724, 998.231, 1466.367, 2155.281, 12.186
1072.725, 998.885, 1467.562, 2150.988, 12.198
1073.695, 999.573, 1468.751, 2146.529, 12.211
1074.678, 1000.247, 1469.943, 2141.975, 12.224
1075.670, 1000.911, 1471.136, 2137.819, 12.236
1076.667, 1001.569, 1472.330, 2133.727, 12.249
1077.665, 1002.226, 1473.525, 2130.097, 12.262
1078.662, 1002.884, 1474.719, 2126.214, 12.275
1079.654, 1003.548, 1475.913, 2122.041, 12.287
1080.603, 1004.259, 1477.098, 2117.890, 12.300
1081.599, 1004.919, 1478.293, 2114.032, 12.313
1082.605, 1005.567, 1479.489, 2110.368, 12.326
1083.617, 1006.208, 1480.686, 2106.916, 12.338
1084.631, 1006.847, 1481.884, 2103.323, 12.351
1085.645, 1007.487, 1483.082, 2099.807, 12.364
1086.654, 1008.131, 1484.279, 2096.035, 12.377
1087.655, 1008.784, 1485.474, 2092.332, 12.389
1088.612, 1009.488, 1486.661, 2088.479, 12.402
1089.612, 1010.142, 1487.856, 2084.275, 12.415
1090.620, 1010.788, 1489.052, 2080.638, 12.427
1091.631, 1011.431, 1490.250, 2076.834, 12.440
1092.641, 1012.073, 1491.447, 2073.476, 12.453
1093.649, 1012.720, 1492.644, 2070.076, 12.466
1094.649, 1013.374, 1493.840, 2066.298, 12.478
1095.639, 1014.040, 1495.033, 2062.638, 12.491
1096.582, 1014.760, 1496.216, 2058.682, 12.504
1097.566, 1015.433, 1497.408, 2054.805, 12.516
1098.554, 1016.101, 1498.600, 2051.028, 12.529
1099.543, 1016.768, 1499.793, 2047.506, 12.542
1100.529, 1017.438, 1500.986, 2044.047, 12.555
1101.509, 1018.115, 1502.177, 2040.745, 12.567
1102.480, 1018.803, 1503.366, 2037.434, 12.580
1103.483, 1019.453, 1504.562, 2034.350, 12.593
1104.451, 1020.144, 1505.751, 2031.264, 12.605
1105.426, 1020.827, 1506.941, 2027.888, 12.618
1106.405, 1021.506, 1508.132, 2024.452, 12.631
1107.383, 1022.185, 1509.323, 2020.703, 12.643
1108.358, 1022.868, 1510.513, 2017.493, 12.656
1109.293, 1023.596, 1511.696, 2014.171, 12.669
1110.276, 1024.270, 1512.887, 2011.026, 12.681
1111.270, 1024.931, 1514.081, 2008.091, 12.694
1112.272, 1025.583, 1515.277, 2005.305, 12.707
1113.279, 1026.231, 1516.474, 2002.541, 12.720
1114.286, 1026.877, 1517.671, 1999.366, 12.732
1115.291, 1027.527, 1518.867, 1996.450, 12.745
1116.256, 1028.220, 1520.055, 1993.867, 12.758
1117.224, 1028.911, 1521.243, 1990.987, 12.771
1118.237, 1029.551, 1522.441, 1988.837, 12.783
1119.258, 1030.183, 1523.641, 1987.240, 12.796
1120.283, 1030.810, 1524.841, 1985.109, 12.809
1121.275, 1031.473, 1526.035, 1983.011, 12.822
1122.278, 1032.125, 1527.231, 1980.378, 12.834
1123.285, 1032.771, 1528.428, 1977.349, 12.847
1124.294, 1033.416, 1529.625, 1973.816, 12.860
1125.299, 1034.066, 1530.821, 1969.877, 12.873
1126.342, 1034.672, 1532.026, 1966.092, 12.885
1127.387, 1035.276, 1533.232, 1962.085, 12.898
1128.397, 1035.919, 1534.430, 1958.182, 12.911
1129.415, 1036.554, 1535.629, 1954.578, 12.924
1130.434, 1037.187, 1536.829, 1950.654, 12.937
1131.453, 1037.821, 1538.028, 1946.624, 12.949
1132.465, 1038.462, 1539.226, 1942.691, 12.962
1133.466, 1039.116, 1540.422, 1938.859, 12.975
1134.466, 1039.771, 1541.617, 1934.152, 12.988
1135.472, 1040.418, 1542.814, 1929.179, 13.000
1136.482, 1041.062, 1544.011, 1924.334, 13.013
1137.489, 1041.708, 1545.208, 1919.480, 13.026
1138.491, 1042.362, 1546.404, 1914.390, 13.039
1139.495, 1043.012, 1547.600, 1909.950, 13.051
1140.510, 1043.649, 1548.799, 1905.841, 13.064
1141.533, 1044.279, 1549.999, 1901.704, 13.077
1142.558, 1044.905, 1551.201, 1897.720, 13.090
1143.581, 1045.534, 1552.401, 1894.022, 13.103
1144.599, 1046.169, 1553.601, 1890.263, 13.115
1145.572, 1046.854, 1554.790, 1886.297, 13.128
1146.589, 1047.489, 1555.989, 1882.409, 13.141
1147.613, 1048.117, 1557.190, 1878.995, 13.154
1148.638, 1048.744, 1558.391, 1874.989, 13.166
1149.660, 1049.373, 1559.592, 1871.126, 13.179
1150.676, 1050.011, 1560.791, 1867.812, 13.192
1151.726, 1050.609, 1561.998, 1864.477, 13.205
1152.742, 1051.246, 1563.197, 1861.154, 13.218
1153.764, 1051.876, 1564.398, 1857.872, 13.230
1154.789, 1052.502, 1565.599, 1854.806, 13.243
1155.813, 1053.131, 1566.800, 1851.736, 13.256
1156.830, 1053.766, 1567.999, 1848.708, 13.269
1157.804, 1054.451, 1569.188, 1846.075, 13.281
1158.821, 1055.086, 1570.387, 1843.575, 13.294
1159.844, 1055.715, 1571.588, 1840.912, 13.307
1160.869, 1056.341, 1572.789, 1838.692, 13.320
1161.892, 1056.971, 1573.990, 1836.735, 13.333
1162.874, 1057.645, 1575.181, 1834.711, 13.345
1163.857, 1058.319, 1576.372, 1832.087, 13.358
1164.882, 1058.945, 1577.573, 1829.806, 13.371
1165.912, 1059.567, 1578.775, 1827.642, 13.384
1166.941, 1060.189, 1579.978, 1825.443, 13.396
1167.933, 1060.852, 1581.171, 1823.506, 13.409
1168.929, 1061.512, 1582.365, 1821.967, 13.422
1169.969, 1062.122, 1583.570, 1820.498, 13.435
1171.016, 1062.724, 1584.777, 1819.050, 13.448
1172.066, 1063.323, 1585.984, 1817.827, 13.461
1173.114, 1063.924, 1587.191, 1816.335, 13.473
1174.122, 1064.569, 1588.389, 1814.184, 13.486
1175.133, 1065.212, 1589.586, 1811.931, 13.499
1176.186, 1065.807, 1590.795, 1809.764, 13.512
1177.244, 1066.396, 1592.006, 1807.814, 13.525
1178.304, 1066.984, 1593.218, 1805.782, 13.538
1179.360, 1067.576, 1594.428, 1804.206, 13.550
1180.374, 1068.214, 1595.626, 1802.749, 13.563
1181.389, 1068.852, 1596.824, 1801.227, 13.576
1182.399, 1069.497, 1598.020, 1799.586, 13.589
1183.411, 1070.138, 1599.218, 1797.843, 13.602
1184.433, 1070.767, 1600.419, 1795.429, 13.614
1185.461, 1071.390, 1601.621, 1792.801, 13.627
1186.489, 1072.014, 1602.823, 1790.567, 13.640
1187.512, 1072.643, 1604.024, 1788.709, 13.653
1188.570, 1073.232, 1605.235, 1787.122, 13.666
1189.594, 1073.860, 1606.436, 1785.479, 13.678
1190.624, 1074.482, 1607.638, 1783.992, 13.691
1191.654, 1075.102, 1608.841, 1782.500, 13.704
1192.680, 1075.728, 1610.043, 1780.938, 13.717
1193.710, 1076.349, 1611.246, 1778.966, 13.730
1194.751, 1076.958, 1612.451, 1776.619, 13.743
1195.799, 1077.559, 1613.659, 1773.876, 13.755
1196.847, 1078.160, 1614.867, 1771.512, 13.768
1197.890, 1078.766, 1616.073, 1769.605, 13.781
1198.938, 1079.367, 1617.281, 1767.944, 13.794
1199.996, 1079.956, 1618.492, 1766.312, 13.807
1201.028, 1080.575, 1619.695, 1764.459, 13.820
1202.073, 1081.180, 1620.902, 1762.506, 13.833
1203.125, 1081.776, 1622.112, 1760.234, 13.846
1204.177, 1082.372, 1623.321, 1757.510, 13.858
1205.271, 1082.921, 1624.543, 1754.537, 13.871
1206.367, 1083.468, 1625.767, 1751.646, 13.884
1207.461, 1084.017, 1626.990, 1748.848, 13.898
1208.514, 1084.613, 1628.200, 1746.067, 13.910
1209.566, 1085.210, 1629.409, 1743.799, 13.923
1210.610, 1085.814, 1630.616, 1741.486, 13.936
1211.688, 1086.381, 1631.834, 1738.933, 13.949
1212.728, 1086.992, 1633.039, 1736.086, 13.962
1213.769, 1087.600, 1634.244, 1732.934, 13.975
1214.852, 1088.161, 1635.464, 1729.375, 13.988
1215.939, 1088.719, 1636.685, 1726.383, 14.001
1217.024, 1089.278, 1637.905, 1723.388, 14.014
1218.069, 1089.882, 1639.112, 1720.537, 14.027
1219.114, 1090.487, 1640.318, 1717.679, 14.040
1220.152, 1091.098, 1641.523, 1715.091, 14.052
1221.225, 1091.671, 1642.739, 1712.627, 14.065
1222.260, 1092.287, 1643.943, 1709.813, 14.078
1223.298, 1092.899, 1645.148, 1706.585, 14.091
1224.332, 1093.515, 1646.352, 1703.373, 14.104
1225.403, 1094.090, 1647.566, 1700.003, 14.117
1226.472, 1094.667, 1648.781, 1697.075, 14.130
1227.501, 1095.290, 1649.983, 1694.537, 14.143
1228.530, 1095.912, 1651.185, 1691.808, 14.155
1229.553, 1096.541, 1652.386, 1689.025, 14.168
1230.610, 1097.132, 1653.597, 1686.478, 14.181
1231.629, 1097.765, 1654.796, 1683.965, 14.194
1232.698, 1098.343, 1656.010, 1681.459, 14.207
1233.776, 1098.909, 1657.227, 1678.779, 14.220
1234.861, 1099.469, 1658.447, 1675.884, 14.233
1235.945, 1100.030, 1659.666, 1673.226, 14.246
1236.990, 1100.633, 1660.873, 1670.682, 14.259
1238.038, 1101.235, 1662.081, 1668.424, 14.272
1239.081, 1101.841, 1663.288, 1666.562, 14.284
1240.126, 1102.445, 1664.495, 1664.842, 14.297
1241.182, 1103.037, 1665.705, 1662.729, 14.310
1242.241, 1103.626, 1666.917, 1660.828, 14.323
1243.297, 1104.218, 1668.127, 1658.664, 14.336
1244.390, 1104.767, 1669.350, 1656.505, 14.349
1245.450, 1105.355, 1670.561, 1654.481, 14.362
1246.516, 1105.935, 1671.775, 1652.691, 14.375
1247.582, 1106.516, 1672.989, 1650.804, 14.388
1248.642, 1107.104, 1674.201, 1649.275, 14.401
1249.702, 1107.691, 1675.413, 1647.926, 14.414
1250.771, 1108.269, 1676.628, 1646.624, 14.427
1251.841, 1108.844, 1677.843, 1644.678, 14.440
1252.907, 1109.425, 1679.057, 1642.949, 14.452
1253.975, 1110.003, 1680.271, 1641.148, 14.465
1255.053, 1110.570, 1681.489, 1639.354, 14.478
1256.135, 1111.133, 1682.709, 1637.380, 14.491
1257.214, 1111.699, 1683.927, 1635.613, 14.504
1258.251, 1112.312, 1685.131, 1633.761, 14.517
1259.332, 1112.876, 1686.350, 1631.989, 14.530
1260.417, 1113.435, 1687.570, 1630.178, 14.543
1261.500, 1113.997, 1688.790, 1628.371, 14.556
1262.543, 1114.604, 1689.996, 1625.961, 14.569
1263.630, 1115.161, 1691.217, 1623.772, 14.582
1264.722, 1115.712, 1692.440, 1621.546, 14.595
1265.813, 1116.264, 1693.663, 1619.083, 14.608
1266.864, 1116.862, 1694.871, 1616.765, 14.621
1267.914, 1117.460, 1696.080, 1614.391, 14.634
1269.003, 1118.015, 1697.301, 1612.192, 14.647
1270.091, 1118.571, 1698.523, 1610.006, 14.660
1271.138, 1119.173, 1699.730, 1607.664, 14.673
1272.231, 1119.723, 1700.954, 1605.620, 14.686
1273.331, 1120.266, 1702.179, 1603.153, 14.699
1274.397, 1120.847, 1703.393, 1600.551, 14.712
1275.469, 1121.421, 1704.609, 1598.211, 14.725
1276.540, 1121.995, 1705.825, 1595.852, 14.738
1277.617, 1122.564, 1707.042, 1593.562, 14.751
1278.705, 1123.120, 1708.264, 1591.448, 14.764
1279.797, 1123.671, 1709.487, 1589.328, 14.777
1280.887, 1124.225, 1710.710, 1587.337, 14.790
1281.980, 1124.775, 1711.933, 1585.133, 14.803
1283.083, 1125.314, 1713.161, 1582.924, 14.816
1284.188, 1125.851, 1714.389, 1581.007, 14.829
1285.256, 1126.429, 1715.603, 1578.851, 14.842
1286.371, 1126.955, 1716.835, 1577.034, 14.855
1287.494, 1127.472, 1718.070, 1575.193, 14.868
1288.616, 1127.990, 1719.305, 1573.367, 14.881
1289.698, 1128.552, 1720.524, 1571.763, 14.894
1290.824, 1129.065, 1721.761, 1570.190, 14.908
1291.955, 1129.573, 1722.999, 1568.589, 14.921
1293.050, 1130.120, 1724.224, 1567.068, 14.934
1294.148, 1130.665, 1725.449, 1565.379, 14.947
1295.287, 1131.164, 1726.692, 1564.129, 14.960
1296.427, 1131.662, 1727.935, 1562.260, 14.973
1297.560, 1132.167, 1729.176, 1560.547, 14.987
1298.648, 1132.724, 1730.397, 1558.887, 15.000
1299.773, 1133.237, 1731.634, 1557.171, 15.013
1300.864, 1133.790, 1732.856, 1555.590, 15.026
1301.958, 1134.339, 1734.080, 1554.026, 15.039
1303.048, 1134.893, 1735.302, 1552.552, 15.052
1304.172, 1135.408, 1736.538, 1551.142, 15.065
1305.257, 1135.968, 1737.758, 1549.356, 15.078
1306.341, 1136.529, 1738.978, 1547.856, 15.091
1307.462, 1137.047, 1740.213, 1546.020, 15.104
1308.580, 1137.569, 1741.448, 1544.312, 15.117
1309.656, 1138.138, 1742.664, 1542.638, 15.130
1310.774, 1138.661, 1743.898, 1541.124, 15.143
1311.894, 1139.181, 1745.132, 1539.560, 15.157
1312.975, 1139.745, 1746.351, 1538.067, 15.170
1314.056, 1140.308, 1747.570, 1536.305, 15.183
1315.175, 1140.829, 1748.804, 1534.698, 15.196
1316.293, 1141.351, 1750.038, 1533.018, 15.209
1317.369, 1141.921, 1751.254, 1531.609, 15.222
1318.488, 1142.442, 1752.489, 1529.901, 15.235
1319.609, 1142.961, 1753.724, 1527.996, 15.248
1320.693, 1143.522, 1754.943, 1526.388, 15.261
1321.777, 1144.081, 1756.164, 1524.854, 15.274
1322.901, 1144.597, 1757.400, 1523.330, 15.287
1324.024, 1145.113, 1758.636, 1521.720, 15.301
1325.106, 1145.676, 1759.855, 1519.953, 15.314
1326.232, 1146.190, 1761.092, 1517.973, 15.327
1327.361, 1146.699, 1762.330, 1516.099, 15.340
1328.454, 1147.250, 1763.554, 1514.135, 15.353
1329.548, 1147.799, 1764.778, 1512.417, 15.366
1330.636, 1148.355, 1765.999, 1510.182, 15.379
1331.723, 1148.912, 1767.220, 1508.182, 15.392
1332.815, 1149.463, 1768.443, 1506.279, 15.405
1333.950, 1149.967, 1769.684, 1504.339, 15.418
1335.053, 1150.505, 1770.912, 1502.520, 15.431
1336.165, 1151.034, 1772.143, 1500.671, 15.445
1337.277, 1151.564, 1773.375, 1498.812, 15.458
1338.394, 1152.087, 1774.608, 1496.954, 15.471
1339.522, 1152.598, 1775.846, 1495.280, 15.484
1340.652, 1153.107, 1777.085, 1493.770, 15.497
1341.744, 1153.658, 1778.308, 1492.135, 15.510
1342.881, 1154.159, 1779.550, 1490.487, 15.523
1344.023, 1154.655, 1780.795, 1488.781, 15.537
1345.161, 1155.154, 1782.038, 1486.990, 15.550
1346.301, 1155.652, 1783.282, 1484.936, 15.563
1347.448, 1156.142, 1784.529, 1483.038, 15.577
1348.594, 1156.632, 1785.776, 1481.147, 15.590
1349.698, 1157.170, 1787.003, 1479.354, 15.603
1350.844, 1157.661, 1788.249, 1477.368, 15.616
1351.991, 1158.151, 1789.496, 1475.564, 15.629
1353.098, 1158.686, 1790.725, 1473.667, 15.643
1354.248, 1159.171, 1791.973, 1471.648, 15.656
1355.401, 1159.654, 1793.223, 1469.597, 15.669
1356.516, 1160.180, 1794.455, 1467.440, 15.682
1357.630, 1160.707, 1795.687, 1465.189, 15.695
1358.780, 1161.193, 1796.936, 1463.011, 15.709
1359.893, 1161.721, 1798.167, 1461.037, 15.722
1361.006, 1162.249, 1799.399, 1459.078, 15.735
1362.123, 1162.772, 1800.632, 1456.986, 15.748
1363.249, 1163.285, 1801.869, 1454.754, 15.761
1364.375, 1163.798, 1803.107, 1452.767, 15.775
1365.539, 1164.269, 1804.361, 1450.648, 15.788
1366.666, 1164.782, 1805.599, 1448.462, 15.801
1367.793, 1165.293, 1806.837, 1446.418, 15.814
1368.926, 1165.798, 1808.078, 1444.400, 15.828
1370.069, 1166.293, 1809.323, 1442.585, 15.841
1371.213, 1166.786, 1810.569, 1440.810, 15.854
1372.362, 1167.274, 1811.816, 1439.171, 15.867
1373.520, 1167.750, 1813.069, 1437.141, 15.881
1374.679, 1168.226, 1814.322, 1435.291, 15.894
1375.844, 1168.696, 1815.578, 1433.271, 15.907
1377.018, 1169.155, 1816.838, 1431.464, 15.921
1378.194, 1169.613, 1818.099, 1429.491, 15.934
1379.328, 1170.117, 1819.340, 1427.719, 15.948
1380.504, 1170.574, 1820.601, 1426.133, 15.961
1381.647, 1171.069, 1821.846, 1424.761, 15.974
1382.793, 1171.559, 1823.093, 1423.319, 15.988
1383.980, 1172.004, 1824.359, 1421.792, 16.001
1385.164, 1172.451, 1825.625, 1420.038, 16.015
1386.305, 1172.947, 1826.869, 1418.367, 16.028
1387.486, 1173.400, 1828.133, 1416.736, 16.041
1388.631, 1173.892, 1829.379, 1415.127, 16.055
1389.776, 1174.383, 1830.625, 1413.685, 16.068
1390.959, 1174.832, 1831.890, 1412.222, 16.081
1392.105, 1175.324, 1833.136, 1411.125, 16.095
1393.249, 1175.816, 1834.382, 1409.904, 16.108
1394.430, 1176.268, 1835.646, 1408.520, 16.121
1395.571, 1176.764, 1836.890, 1406.942, 16.135
1396.756, 1177.211, 1838.156, 1405.346, 16.148
1397.909, 1177.694, 1839.406, 1403.611, 16.161
1399.068, 1178.170, 1840.659, 1401.878, 16.175
1400.222, 1178.652, 1841.909, 1400.132, 16.188
1401.376, 1179.134, 1843.160, 1398.857, 16.201
1402.532, 1179.614, 1844.411, 1397.381, 16.215
1403.727, 1180.049, 1845.682, 1396.181, 16.228
1404.886, 1180.525, 1846.936, 1394.718, 16.242
1406.047, 1180.999, 1848.189, 1393.207, 16.255
1407.212, 1181.469, 1849.445, 1391.476, 16.268
1408.384, 1181.930, 1850.705, 1389.789, 16.282
1409.555, 1182.393, 1851.964, 1387.977, 16.295
1410.728, 1182.853, 1853.224, 1386.299, 16.309
1411.906, 1183.308, 1854.487, 1384.584, 16.322
1413.080, 1183.768, 1855.747, 1383.243, 16.336
1414.252, 1184.229, 1857.007, 1381.608, 16.349
1415.428, 1184.687, 1858.268, 1380.122, 16.362
1416.609, 1185.137, 1859.533, 1378.436, 16.376
1417.800, 1185.578, 1860.802, 1376.844, 16.389
1418.992, 1186.018, 1862.072, 1375.001, 16.403
1420.140, 1186.506, 1863.319, 1373.206, 16.416
1421.327, 1186.950, 1864.587, 1371.337, 16.430
1422.512, 1187.398, 1865.853, 1369.559, 16.443
1423.696, 1187.846, 1867.119, 1367.728, 16.457
1424.883, 1188.290, 1868.387, 1366.047, 16.470
1426.032, 1188.778, 1869.634, 1364.525, 16.484
1427.223, 1189.218, 1870.903, 1362.597, 16.497
1428.381, 1189.695, 1872.156, 1360.855, 16.510
1429.541, 1190.170, 1873.409, 1359.049, 16.524
1430.740, 1190.601, 1874.683, 1357.178, 16.537
1431.902, 1191.074, 1875.937, 1355.282, 16.551
1433.108, 1191.498, 1877.215, 1353.410, 16.564
1434.316, 1191.919, 1878.493, 1351.502, 16.578
1435.483, 1192.386, 1879.750, 1349.760, 16.591
1436.690, 1192.808, 1881.029, 1347.908, 16.605
1437.863, 1193.268, 1882.289, 1346.251, 16.618
1439.037, 1193.728, 1883.549, 1344.082, 16.632
1440.247, 1194.146, 1884.829, 1342.064, 16.646
1441.419, 1194.609, 1886.088, 1340.118, 16.659
1442.633, 1195.023, 1887.370, 1338.056, 16.673
1443.813, 1195.475, 1888.635, 1336.131, 16.686
1444.997, 1195.924, 1889.900, 1334.205, 16.700
1446.185, 1196.367, 1891.169, 1332.399, 16.713
1447.382, 1196.801, 1892.441, 1330.517, 16.727
1448.576, 1197.238, 1893.713, 1328.621, 16.740
1449.770, 1197.674, 1894.984, 1326.971, 16.754
1450.967, 1198.108, 1896.257, 1325.130, 16.767
1452.168, 1198.536, 1897.533, 1323.252, 16.781
1453.378, 1198.956, 1898.813, 1321.344, 16.795
1454.585, 1199.378, 1900.092, 1319.572, 16.808
1455.792, 1199.800, 1901.370, 1317.898, 16.822
1457.002, 1200.219, 1902.651, 1316.318, 16.835
1458.171, 1200.684, 1903.908, 1314.784, 16.849
1459.380, 1201.105, 1905.187, 1313.489, 16.862
1460.585, 1201.529, 1906.465, 1312.108, 16.876
1461.789, 1201.954, 1907.743, 1310.814, 16.890
1462.996, 1202.377, 1909.021, 1309.684, 16.903
1464.206, 1202.795, 1910.301, 1308.272, 16.917
1465.424, 1203.205, 1911.586, 1306.906, 16.931
1466.605, 1203.657, 1912.850, 1305.611, 16.944
1467.830, 1204.058, 1914.139, 1304.191, 16.958
1469.024, 1204.496, 1915.410, 1302.888, 16.971
1470.220, 1204.931, 1916.683, 1301.702, 16.985
1471.453, 1205.323, 1917.977, 1300.696, 16.999
1472.647, 1205.760, 1919.248, 1299.533, 17.012
1473.883, 1206.150, 1920.544, 1298.394, 17.026
1475.084, 1206.579, 1921.819, 1297.462, 17.040
1476.286, 1207.007, 1923.094, 1296.431, 17.053
1477.488, 1207.434, 1924.371, 1295.260, 17.067
1478.695, 1207.857, 1925.649, 1294.203, 17.081
1479.940, 1208.237, 1926.950, 1293.058, 17.094
1481.146, 1208.660, 1928.228, 1292.010, 17.108
1482.395, 1209.035, 1929.531, 1290.810, 17.122
1483.611, 1209.448, 1930.815, 1289.831, 17.136
1484.827, 1209.860, 1932.099, 1288.612, 17.149
1486.045, 1210.269, 1933.384, 1287.326, 17.163
1487.268, 1210.673, 1934.673, 1286.191, 17.177
1488.498, 1211.071, 1935.964, 1285.079, 17.190
1489.735, 1211.459, 1937.261, 1283.772, 17.204
1490.935, 1211.889, 1938.536, 1282.519, 17.218
1492.179, 1212.269, 1939.836, 1281.295, 17.232
1493.423, 1212.651, 1941.136, 1280.070, 17.246
1494.667, 1213.031, 1942.437, 1278.812, 17.259
1495.913, 1213.409, 1943.739, 1277.602, 17.273
1497.118, 1213.834, 1945.016, 1276.266, 17.287
1498.362, 1214.215, 1946.317, 1274.822, 17.301
1499.565, 1214.641, 1947.593, 1273.427, 17.314
1500.811, 1215.020, 1948.895, 1272.050, 17.328
1502.019, 1215.441, 1950.174, 1270.603, 17.342
1503.271, 1215.813, 1951.480, 1269.098, 17.356
1504.489, 1216.223, 1952.765, 1267.703, 17.370
1505.753, 1216.581, 1954.078, 1266.245, 17.384
1506.986, 1216.974, 1955.372, 1264.837, 17.397
1508.222, 1217.364, 1956.668, 1263.280, 17.411
1509.494, 1217.713, 1957.986, 1261.823, 17.425
1510.725, 1218.108, 1959.279, 1260.298, 17.439
1511.995, 1218.459, 1960.596, 1258.817, 17.453
1513.228, 1218.853, 1961.890, 1257.253, 17.467
1514.501, 1219.200, 1963.209, 1255.722, 17.481
1515.740, 1219.588, 1964.507, 1254.145, 17.495
1516.976, 1219.977, 1965.803, 1252.494, 17.508
1518.212, 1220.367, 1967.098, 1250.777, 17.522
1519.447, 1220.757, 1968.394, 1249.261, 17.536
1520.684, 1221.147, 1969.690, 1247.544, 17.550
1521.922, 1221.534, 1970.988, 1246.067, 17.564
1523.163, 1221.918, 1972.287, 1244.664, 17.578
1524.407, 1222.298, 1973.588, 1243.191, 17.591
1525.656, 1222.674, 1974.892, 1241.631, 17.605
1526.910, 1223.043, 1976.199, 1240.211, 17.619
1528.170, 1223.406, 1977.510, 1238.726, 17.633
1529.437, 1223.761, 1978.826, 1237.143, 17.647
1530.665, 1224.159, 1980.117, 1235.564, 17.661
1531.935, 1224.510, 1981.434, 1234.193, 17.675
1533.167, 1224.904, 1982.728, 1232.625, 17.689
1534.442, 1225.251, 1984.048, 1231.409, 17.703
1535.679, 1225.639, 1985.345, 1230.241, 17.717
1536.959, 1225.979, 1986.669, 1228.984, 17.731
1538.204, 1226.359, 1987.970, 1227.598, 17.745
1539.492, 1226.691, 1989.299, 1226.126, 17.759
1540.745, 1227.061, 1990.606, 1224.562, 17.773
1542.043, 1227.381, 1991.942, 1222.839, 17.787
1543.307, 1227.740, 1993.255, 1221.195, 17.801
1544.616, 1228.047, 1994.599, 1219.547, 17.815
1545.892, 1228.392, 1995.920, 1217.926, 17.829
1547.168, 1228.736, 1997.242, 1216.419, 17.844
1548.444, 1229.081, 1998.564, 1215.010, 17.858
1549.687, 1229.463, 1999.864, 1213.555, 17.872
1550.976, 1229.794, 2001.194, 1212.070, 17.886
1552.230, 1230.163, 2002.501, 1210.521, 17.900
1553.529, 1230.482, 2003.839, 1208.986, 17.914
1554.793, 1230.840, 2005.152, 1207.444, 17.928
1556.101, 1231.150, 2006.495, 1205.991, 17.942
1557.372, 1231.499, 2007.814, 1204.614, 17.956
1558.687, 1231.800, 2009.162, 1203.366, 17.971
1559.965, 1232.143, 2010.485, 1202.083, 17.985
1561.285, 1232.438, 2011.838, 1200.831, 17.999
1562.567, 1232.776, 2013.164, 1199.585, 18.013
1563.891, 1233.067, 2014.518, 1198.455, 18.028
1565.176, 1233.402, 2015.846, 1197.159, 18.042
1566.501, 1233.691, 2017.202, 1195.953, 18.056
1567.787, 1234.025, 2018.530, 1194.786, 18.070
1569.112, 1234.315, 2019.886, 1193.664, 18.085
1570.397, 1234.649, 2021.214, 1192.435, 18.099
1571.721, 1234.941, 2022.569, 1191.431, 18.113
1573.003, 1235.278, 2023.895, 1190.222, 18.128
1574.290, 1235.611, 2025.224, 1189.018, 18.142
1575.580, 1235.940, 2026.555, 1187.688, 18.156
1576.873, 1236.265, 2027.888, 1186.368, 18.170
1578.168, 1236.589, 2029.223, 1184.894, 18.184
1579.463, 1236.912, 2030.558, 1183.555, 18.199
1580.759, 1237.235, 2031.893, 1182.217, 18.213
1582.054, 1237.559, 2033.228, 1180.890, 18.227
1583.347, 1237.884, 2034.561, 1179.529, 18.241
1584.637, 1238.213, 2035.893, 1178.279, 18.255
1585.924, 1238.546, 2037.222, 1176.891, 18.270
1587.206, 1238.883, 2038.548, 1175.457, 18.284
1588.496, 1239.212, 2039.879, 1173.924, 18.298
1589.794, 1239.533, 2041.216, 1172.416, 18.312
1591.097, 1239.847, 2042.556, 1170.879, 18.327
1592.406, 1240.155, 2043.901, 1169.353, 18.341
1593.719, 1240.458, 2045.248, 1167.936, 18.355
1595.035, 1240.757, 2046.598, 1166.521, 18.370
1596.355, 1241.053, 2047.950, 1165.089, 18.384
1597.643, 1241.385, 2049.280, 1163.668, 18.398
1598.977, 1241.664, 2050.642, 1162.235, 18.413
1600.277, 1241.982, 2051.980, 1160.866, 18.427
1601.621, 1242.250, 2053.350, 1159.455, 18.442
1602.928, 1242.560, 2054.693, 1157.991, 18.456
1604.243, 1242.861, 2056.042, 1156.551, 18.470
1605.564, 1243.155, 2057.395, 1155.014, 18.485
1606.890, 1243.444, 2058.752, 1153.680, 18.499
1608.218, 1243.730, 2060.110, 1152.284, 18.514
1609.547, 1244.016, 2061.469, 1151.019, 18.528
1610.875, 1244.302, 2062.828, 1149.722, 18.543
1612.201, 1244.591, 2064.184, 1148.515, 18.557
1613.568, 1244.833, 2065.573, 1147.338, 18.572
1614.897, 1245.118, 2066.932, 1146.116, 18.586
1616.232, 1245.396, 2068.296, 1144.943, 18.601
1617.572, 1245.670, 2069.663, 1143.813, 18.615
1618.914, 1245.940, 2071.032, 1142.594, 18.630
1620.224, 1246.247, 2072.377, 1141.516, 18.644
1621.579, 1246.503, 2073.755, 1140.332, 18.659
1622.897, 1246.801, 2075.106, 1139.301, 18.673
1624.221, 1247.091, 2076.462, 1138.206, 18.688
1625.551, 1247.376, 2077.822, 1137.192, 18.702
1626.882, 1247.659, 2079.183, 1136.193, 18.717
1628.258, 1247.891, 2080.577, 1135.203, 18.732
1629.599, 1248.163, 2081.945, 1134.285, 18.746
1630.981, 1248.389, 2083.344, 1133.375, 18.761
1632.322, 1248.660, 2084.713, 1132.425, 18.776
1633.667, 1248.927, 2086.084, 1131.479, 18.790
1635.013, 1249.194, 2087.456, 1130.498, 18.805
1636.357, 1249.462, 2088.827, 1129.443, 18.820
1637.743, 1249.683, 2090.229, 1128.425, 18.835
1639.090, 1249.948, 2091.602, 1127.419, 18.849
1640.441, 1250.208, 2092.978, 1126.337, 18.864
1641.794, 1250.467, 2094.356, 1125.272, 18.879
1643.146, 1250.726, 2095.732, 1124.204, 18.893
1644.541, 1250.937, 2097.142, 1123.055, 18.908
1645.898, 1251.192, 2098.522, 1121.956, 18.923
1647.259, 1251.440, 2099.907, 1120.722, 18.938
1648.624, 1251.686, 2101.293, 1119.531, 18.953
1649.988, 1251.931, 2102.679, 1118.273, 18.967
1651.317, 1252.217, 2104.037, 1117.066, 18.982
1652.685, 1252.458, 2105.427, 1115.867, 18.997
1654.012, 1252.745, 2106.784, 1114.576, 19.011
1655.340, 1253.032, 2108.142, 1113.375, 19.026
1656.711, 1253.270, 2109.534, 1112.052, 19.040
1658.044, 1253.551, 2110.895, 1110.788, 19.055
1659.381, 1253.827, 2112.261, 1109.512, 19.069
1660.766, 1254.049, 2113.663, 1108.142, 19.084
1662.116, 1254.312, 2115.037, 1106.908, 19.099
1663.473, 1254.565, 2116.418, 1105.586, 19.114
1664.881, 1254.761, 2117.839, 1104.368, 19.129
1666.258, 1254.993, 2119.234, 1103.193, 19.144
1667.679, 1255.174, 2120.665, 1101.960, 19.159
1669.063, 1255.398, 2122.067, 1100.788, 19.174
1670.452, 1255.616, 2123.473, 1099.529, 19.189
1671.843, 1255.831, 2124.880, 1098.288, 19.204
1673.232, 1256.049, 2126.286, 1097.006, 19.219
1674.629, 1256.258, 2127.699, 1095.725, 19.234
1675.998, 1256.499, 2129.088, 1094.485, 19.249
1677.412, 1256.688, 2130.515, 1093.222, 19.264
1678.790, 1256.919, 2131.911, 1091.963, 19.279
1680.173, 1257.143, 2133.313, 1090.755, 19.294
1681.603, 1257.315, 2134.752, 1089.500, 19.309
1682.998, 1257.526, 2136.163, 1088.173, 19.324
1684.399, 1257.731, 2137.578, 1086.823, 19.339
1685.801, 1257.934, 2138.995, 1085.506, 19.354
1687.201, 1258.139, 2140.410, 1084.173, 19.369
1688.607, 1258.338, 2141.830, 1082.824, 19.385
1690.014, 1258.535, 2143.251, 1081.518, 19.400
1691.419, 1258.735, 2144.671, 1080.179, 19.415
1692.831, 1258.928, 2146.095, 1078.803, 19.430
1694.244, 1259.119, 2147.520, 1077.484, 19.445
1695.654, 1259.313, 2148.944, 1076.122, 19.460
1697.070, 1259.500, 2150.373, 1074.671, 19.476
1698.455, 1259.722, 2151.775, 1073.330, 19.491
1699.883, 1259.896, 2153.213, 1071.937, 19.506
1701.317, 1260.065, 2154.656, 1070.594, 19.521
1702.717, 1260.269, 2156.072, 1069.338, 19.536
1704.160, 1260.427, 2157.523, 1068.108, 19.552
1705.607, 1260.579, 2158.978, 1066.854, 19.567
1707.021, 1260.769, 2160.404, 1065.570, 19.582
1708.443, 1260.950, 2161.838, 1064.295, 19.598
1709.868, 1261.128, 2163.273, 1063.080, 19.613
1711.290, 1261.309, 2164.707, 1061.802, 19.628
1712.717, 1261.484, 2166.145, 1060.637, 19.644
1714.144, 1261.659, 2167.582, 1059.424, 19.659
1715.566, 1261.839, 2169.016, 1058.263, 19.674
1716.990, 1262.017, 2170.451, 1057.076, 19.690
1718.459, 1262.146, 2171.924, 1055.888, 19.705
1719.887, 1262.320, 2173.363, 1054.647, 19.721
1721.316, 1262.493, 2174.802, 1053.359, 19.736
1722.753, 1262.656, 2176.249, 1052.061, 19.751
1724.161, 1262.853, 2177.671, 1050.784, 19.767
1725.613, 1263.000, 2179.130, 1049.494, 19.782
1727.070, 1263.142, 2180.593, 1048.166, 19.798
1728.494, 1263.320, 2182.028, 1046.828, 19.813
1729.958, 1263.454, 2183.498, 1045.492, 19.829
1731.424, 1263.586, 2184.969, 1044.153, 19.844
1732.853, 1263.758, 2186.408, 1042.844, 19.860
1734.319, 1263.890, 2187.880, 1041.521, 19.875
1735.783, 1264.024, 2189.350, 1040.159, 19.891
1737.207, 1264.202, 2190.784, 1038.773, 19.906
1738.630, 1264.381, 2192.219, 1037.457, 19.922
1740.061, 1264.552, 2193.660, 1036.119, 19.937
1741.506, 1264.707, 2195.113, 1034.736, 19.952
1742.926, 1264.891, 2196.545, 1033.421, 19.968
1744.393, 1265.021, 2198.017, 1032.061, 19.983
1745.867, 1265.143, 2199.496, 1030.654, 19.999
1747.311, 1265.299, 2200.948, 1029.296, 20.015
1748.795, 1265.410, 2202.436, 1027.989, 20.030
1750.281, 1265.519, 2203.925, 1026.654, 20.046
1751.776, 1265.618, 2205.422, 1025.357, 20.062
1753.240, 1265.751, 2206.893, 1024.105, 20.078
1754.747, 1265.837, 2208.400, 1022.852, 20.094
1756.256, 1265.920, 2209.910, 1021.477, 20.110
1757.728, 1266.045, 2211.388, 1020.215, 20.126
1759.236, 1266.129, 2212.897, 1018.866, 20.142
1760.741, 1266.217, 2214.403, 1017.513, 20.158
1762.202, 1266.353, 2215.872, 1016.170, 20.174
1763.661, 1266.493, 2217.336, 1014.946, 20.189
1765.121, 1266.630, 2218.804, 1013.734, 20.205
1766.591, 1266.757, 2220.279, 1012.508, 20.221
1768.109, 1266.831, 2221.797, 1011.322, 20.237
1769.589, 1266.946, 2223.282, 1010.097, 20.253
1771.071, 1267.060, 2224.768, 1008.849, 20.268
1772.561, 1267.164, 2226.262, 1007.624, 20.284
1774.018, 1267.305, 2227.726, 1006.372, 20.300
1775.482, 1267.439, 2229.196, 1005.088, 20.316
1776.957, 1267.560, 2230.676, 1003.757, 20.331
1778.436, 1267.678, 2232.159, 1002.496, 20.347
1779.910, 1267.800, 2233.638, 1001.282, 20.363
1781.385, 1267.921, 2235.118, 1000.063, 20.379
1782.866, 1268.035, 2236.604, 998.862, 20.395
1784.359, 1268.137, 2238.100, 997.691, 20.411
1785.901, 1268.182, 2239.641, 996.473, 20.427
1787.453, 1268.217, 2241.192, 995.234, 20.444
1788.975, 1268.286, 2242.714, 994.028, 20.460
1790.504, 1268.346, 2244.244, 992.851, 20.476
1792.047, 1268.391, 2245.786, 991.588, 20.492
1793.562, 1268.468, 2247.303, 990.389, 20.509
1795.086, 1268.534, 2248.828, 989.280, 20.525
1796.625, 1268.584, 2250.367, 988.158, 20.541
1798.181, 1268.613, 2251.924, 987.046, 20.558
1799.748, 1268.631, 2253.490, 985.999, 20.575
1801.315, 1268.649, 2255.058, 985.001, 20.591
1802.888, 1268.660, 2256.631, 983.978, 20.608
1804.424, 1268.713, 2258.167, 983.023, 20.624
1805.960, 1268.766, 2259.704, 982.058, 20.641
1807.499, 1268.815, 2261.244, 981.071, 20.657
1809.046, 1268.856, 2262.791, 980.092, 20.674
1810.636, 1268.848, 2264.381, 979.126, 20.691
1812.228, 1268.838, 2265.972, 978.148, 20.708
1813.780, 1268.873, 2267.524, 977.125, 20.724
1815.328, 1268.912, 2269.073, 976.128, 20.741
1816.876, 1268.951, 2270.622, 975.131, 20.757
1818.428, 1268.986, 2272.174, 974.117, 20.774
1819.987, 1269.013, 2273.733, 973.137, 20.790
1821.556, 1269.028, 2275.302, 972.181, 20.807
1823.140, 1269.028, 2276.885, 971.146, 20.824
1824.727, 1269.022, 2278.473, 970.099, 20.841
1826.310, 1269.023, 2280.055, 969.039, 20.858
1827.890, 1269.025, 2281.636, 967.980, 20.875
1829.473, 1269.026, 2283.218, 966.861, 20.891
1831.061, 1269.021, 2284.806, 965.741, 20.908
1832.611, 1269.057, 2286.356, 964.612, 20.925
1834.159, 1269.096, 2287.905, 963.455, 20.941
1835.709, 1269.134, 2289.455, 962.338, 20.958
1837.295, 1269.131, 2291.040, 961.182, 20.975
1838.874, 1269.134, 2292.620, 960.051, 20.992
1840.452, 1269.141, 2294.197, 958.899, 21.008
1842.030, 1269.146, 2295.775, 957.748, 21.025
1843.612, 1269.147, 2297.358, 956.629, 21.042
1845.203, 1269.138, 2298.948, 955.524, 21.059
1846.758, 1269.169, 2300.504, 954.378, 21.076
1848.314, 1269.199, 2302.060, 953.212, 21.092
1849.874, 1269.225, 2303.620, 952.003, 21.109
1851.440, 1269.244, 2305.186, 950.802, 21.126
1853.015, 1269.253, 2306.761, 949.624, 21.142
1854.601, 1269.250, 2308.347, 948.476, 21.159
1856.201, 1269.231, 2309.947, 947.314, 21.176
1857.772, 1269.245, 2311.518, 946.152, 21.193
1859.348, 1269.253, 2313.093, 945.035, 21.210
1860.931, 1269.253, 2314.676, 943.938, 21.227
1862.522, 1269.243, 2316.268, 942.885, 21.244
1864.124, 1269.221, 2317.870, 941.854, 21.261
1865.739, 1269.186, 2319.484, 940.863, 21.278
1867.367, 1269.135, 2321.113, 939.908, 21.295
1869.011, 1269.066, 2322.759, 938.962, 21.313
1870.673, 1268.978, 2324.423, 938.110, 21.331
1872.308, 1268.920, 2326.059, 937.308, 21.348
1873.950, 1268.853, 2327.702, 936.556, 21.366
1875.599, 1268.779, 2329.353, 935.811, 21.383
1877.258, 1268.694, 2331.014, 935.121, 21.401
1878.926, 1268.598, 2332.684, 934.444, 21.419
1880.605, 1268.491, 2334.366, 933.765, 21.437
1882.295, 1268.370, 2336.060, 933.098, 21.455
1883.997, 1268.236, 2337.767, 932.422, 21.473
1885.666, 1268.140, 2339.439, 931.750, 21.491
1887.335, 1268.043, 2341.111, 931.075, 21.508
1889.005, 1267.946, 2342.783, 930.413, 21.526
1890.674, 1267.849, 2344.455, 929.742, 21.544
1892.343, 1267.752, 2346.127, 929.070, 21.562
1894.012, 1267.655, 2347.799, 928.363, 21.580
1895.681, 1267.559, 2349.471, 927.731, 21.598
1897.350, 1267.462, 2351.143, 927.148, 21.615
1899.020, 1267.365, 2352.815, 926.578, 21.633
1900.689, 1267.268, 2354.487, 926.094, 21.651
1902.325, 1267.209, 2356.123, 925.664, 21.668
1903.973, 1267.135, 2357.773, 925.269, 21.686
1905.633, 1267.049, 2359.435, 924.932, 21.704
1907.303, 1266.951, 2361.108, 924.650, 21.722
1908.983, 1266.842, 2362.791, 924.355, 21.739
1910.671, 1266.724, 2364.484, 924.042, 21.758
1912.368, 1266.596, 2366.185, 923.747, 21.776
1914.072, 1266.461, 2367.894, 923.466, 21.794
1915.781, 1266.318, 2369.609, 923.149, 21.812
1917.463, 1266.207, 2371.295, 922.845, 21.830
1919.161, 1266.078, 2372.998, 922.546, 21.848
1920.875, 1265.931, 2374.717, 922.224, 21.867
1922.601, 1265.770, 2376.451, 921.875, 21.885
1924.339, 1265.596, 2378.197, 921.506, 21.904
1926.087, 1265.411, 2379.954, 921.103, 21.922
1927.843, 1265.217, 2381.719, 920.597, 21.941
1929.604, 1265.016, 2383.491, 920.023, 21.960
1931.370, 1264.811, 2385.268, 919.391, 21.979
1933.139, 1264.602, 2387.048, 918.673, 21.998
1934.875, 1264.430, 2388.792, 917.869, 22.017
1936.623, 1264.245, 2390.549, 917.043, 22.035
1938.380, 1264.050, 2392.316, 916.168, 22.054
1940.142, 1263.848, 2394.090, 915.265, 22.073
1941.908, 1263.642, 2395.868, 914.358, 22.092
1943.676, 1263.435, 2397.647, 913.451, 22.111
1945.441, 1263.231, 2399.424, 912.517, 22.130
1947.202, 1263.031, 2401.197, 911.541, 22.149
1948.923, 1262.876, 2402.924, 910.584, 22.167
1950.646, 1262.718, 2404.654, 909.679, 22.186
1952.335, 1262.599, 2406.347, 908.721, 22.204
1954.079, 1262.418, 2408.100, 907.769, 22.222
1955.840, 1262.218, 2409.872, 906.802, 22.241
1957.615, 1262.002, 2411.660, 905.791, 22.260
1959.401, 1261.775, 2413.460, 904.742, 22.279
1961.194, 1261.539, 2415.268, 903.681, 22.299
1962.957, 1261.337, 2417.042, 902.594, 22.318
1964.732, 1261.121, 2418.830, 901.445, 22.337
1966.515, 1260.896, 2420.628, 900.304, 22.356
1968.302, 1260.667, 2422.429, 899.243, 22.375
1970.134, 1260.387, 2424.281, 898.181, 22.395
1971.942, 1260.135, 2426.106, 897.185, 22.414
1973.767, 1259.862, 2427.950, 896.253, 22.434
1975.606, 1259.575, 2429.810, 895.341, 22.454
1977.420, 1259.316, 2431.642, 894.440, 22.473
1979.251, 1259.037, 2433.493, 893.569, 22.493
1981.093, 1258.746, 2435.358, 892.709, 22.513
1982.941, 1258.448, 2437.230, 891.807, 22.533
1984.757, 1258.186, 2439.065, 890.892, 22.552
1986.581, 1257.916, 2440.909, 889.997, 22.572
1988.453, 1257.591, 2442.809, 889.107, 22.592
1990.302, 1257.293, 2444.681, 888.270, 22.612
1992.167, 1256.976, 2446.573, 887.485, 22.632
1994.043, 1256.647, 2448.477, 886.707, 22.653
1995.890, 1256.351, 2450.348, 885.950, 22.673
1997.747, 1256.042, 2452.230, 885.171, 22.693
1999.575, 1255.767, 2454.079, 884.430, 22.712
2001.445, 1255.445, 2455.976, 883.656, 22.733
2003.316, 1255.121, 2457.875, 882.881, 22.753
2005.196, 1254.788, 2459.784, 882.100, 22.773
2007.122, 1254.402, 2461.747, 881.340, 22.794
2009.057, 1254.007, 2463.721, 880.600, 22.815
2010.960, 1253.648, 2465.657, 879.897, 22.836
2012.838, 1253.317, 2467.564, 879.204, 22.856
2014.729, 1252.971, 2469.486, 878.507, 22.877
2016.592, 1252.656, 2471.375, 877.807, 22.897
2018.511, 1252.279, 2473.331, 877.129, 22.918
2020.412, 1251.922, 2475.264, 876.492, 22.938
2022.332, 1251.543, 2477.222, 875.870, 22.959
2024.229, 1251.190, 2479.152, 875.278, 22.980
2026.141, 1250.821, 2481.098, 874.736, 23.000
2028.070, 1250.432, 2483.066, 874.180, 23.021
2030.020, 1250.020, 2485.059, 873.635, 23.043
2031.981, 1249.595, 2487.066, 873.092, 23.064
2033.991, 1249.115, 2489.131, 872.541, 23.086
2035.974, 1248.667, 2491.163, 871.953, 23.108
2037.933, 1248.244, 2493.167, 871.344, 23.129
2039.904, 1247.808, 2495.186, 870.729, 23.151
2041.890, 1247.355, 2497.223, 870.081, 23.172
2043.927, 1246.845, 2499.322, 869.462, 23.195
2045.893, 1246.416, 2501.334, 868.874, 23.216
2047.947, 1245.886, 2503.454, 868.284, 23.239
2049.968, 1245.394, 2505.534, 867.755, 23.261
2051.992, 1244.898, 2507.617, 867.256, 23.283
2054.022, 1244.397, 2509.707, 866.760, 23.305
2056.026, 1243.924, 2511.766, 866.287, 23.327
2058.086, 1243.388, 2513.893, 865.806, 23.350
2060.112, 1242.891, 2515.979, 865.390, 23.372
2062.138, 1242.392, 2518.066, 864.988, 23.394
2064.135, 1241.928, 2520.115, 864.649, 23.416
2066.135, 1241.460, 2522.169, 864.368, 23.438
2068.126, 1241.002, 2524.212, 864.126, 23.460
2070.109, 1240.552, 2526.246, 863.963, 23.482
2072.098, 1240.096, 2528.286, 863.848, 23.503
2074.061, 1239.669, 2530.295, 863.756, 23.525
2076.044, 1239.219, 2532.329, 863.688, 23.546
2078.048, 1238.747, 2534.387, 863.624, 23.568
2080.105, 1238.215, 2536.511, 863.585, 23.591
2082.136, 1237.711, 2538.604, 863.528, 23.613
2084.222, 1237.146, 2540.764, 863.452, 23.636
2086.250, 1236.646, 2542.853, 863.360, 23.659
2088.346, 1236.071, 2545.025, 863.270, 23.682
2090.429, 1235.509, 2547.182, 863.181, 23.705
2092.500, 1234.961, 2549.323, 863.086, 23.727
2094.555, 1234.430, 2551.446, 862.969, 23.750
2096.673, 1233.829, 2553.647, 862.819, 23.774
2098.818, 1233.198, 2555.881, 862.613, 23.797
2100.956, 1232.575, 2558.106, 862.357, 23.821
2103.129, 1231.912, 2560.375, 862.091, 23.845
2105.256, 1231.301, 2562.588, 861.791, 23.869
2107.492, 1230.568, 2564.936, 861.527, 23.894
2109.674, 1229.894, 2567.218, 861.278, 23.918
2111.912, 1229.159, 2569.573, 861.027, 23.943
2114.122, 1228.455, 2571.892, 860.797, 23.968
2116.378, 1227.699, 2574.273, 860.539, 23.993
2118.613, 1226.967, 2576.624, 860.253, 24.018
2120.800, 1226.288, 2578.913, 859.944, 24.043
2122.980, 1225.617, 2581.194, 859.616, 24.067
2125.193, 1224.910, 2583.518, 859.306, 24.092
2127.478, 1224.122, 2585.934, 858.981, 24.118
2129.782, 1223.312, 2588.375, 858.678, 24.144
2132.019, 1222.577, 2590.730, 858.402, 24.169
2134.275, 1221.821, 2593.110, 858.118, 24.194
2136.555, 1221.039, 2595.520, 857.860, 24.220
2138.863, 1220.224, 2597.967, 857.609, 24.246
2141.206, 1219.370, 2600.460, 857.326, 24.272
2143.576, 1218.487, 2602.987, 857.024, 24.299
2145.950, 1217.598, 2605.521, 856.663, 24.326
2148.322, 1216.712, 2608.052, 856.332, 24.353
2150.650, 1215.875, 2610.525, 855.999, 24.380
2153.051, 1214.956, 2613.095, 855.697, 24.407
2155.407, 1214.089, 2615.604, 855.430, 24.434
2157.754, 1213.230, 2618.103, 855.192, 24.461
2160.098, 1212.375, 2620.599, 854.974, 24.487
2162.446, 1211.517, 2623.098, 854.750, 24.514
2164.721, 1210.739, 2625.503, 854.513, 24.539
2167.008, 1209.948, 2627.923, 854.279, 24.565
2169.414, 1209.099, 2630.474, 854.063, 24.592
2171.862, 1208.234, 2633.070, 853.870, 24.620
2174.337, 1207.352, 2635.697, 853.716, 24.648
2176.776, 1206.503, 2638.280, 853.565, 24.676
2179.197, 1205.650, 2640.847, 853.430, 24.703
2181.542, 1204.844, 2643.327, 853.261, 24.729
2183.802, 1204.020, 2645.732, 853.028, 24.755
2185.898, 1203.278, 2647.955, 852.756, 24.779
2187.954, 1202.486, 2650.158, 852.443, 24.802
2189.987, 1201.638, 2652.357, 852.116, 24.826
2191.932, 1200.814, 2654.467, 851.763, 24.848
2193.839, 1199.970, 2656.548, 851.404, 24.870
2195.633, 1199.199, 2658.498, 851.080, 24.891
2197.350, 1198.471, 2660.361, 850.786, 24.911
2199.143, 1197.699, 2662.311, 850.516, 24.932
2200.919, 1196.957, 2664.234, 850.251, 24.952
2202.673, 1196.239, 2666.129, 849.973, 24.972
2204.404, 1195.538, 2667.996, 849.717, 24.992
2206.111, 1194.846, 2669.837, 849.492, 25.000
2207.748, 1194.207, 2671.595, 849.292, 25.000
2209.306, 1193.629, 2673.256, 849.140, 25.000
2210.755, 1193.079, 2674.807, 849.005, 25.000
2212.092, 1192.583, 2676.232, 848.958, 25.000
2213.342, 1192.132, 2677.561, 848.984, 25.000
2214.534, 1191.719, 2678.822, 849.069, 25.000
2215.740, 1191.284, 2680.104, 849.220, 25.000
2217.087, 1190.779, 2681.543, 849.447, 25.000
2218.523, 1190.240, 2683.076, 849.731, 25.000
2220.098, 1189.613, 2684.771, 850.055, 25.000
2221.787, 1188.930, 2686.593, 850.408, 25.000
2223.457, 1188.243, 2688.398, 850.762, 25.000
2225.038, 1187.570, 2690.114, 851.119, 25.000
2226.580, 1186.857, 2691.810, 851.482, 25.000
2228.193, 1186.058, 2693.603, 851.868, 25.000
2229.798, 1185.215, 2695.407, 852.218, 25.000
2231.376, 1184.329, 2697.204, 852.545, 25.000
2232.949, 1183.436, 2699.000, 852.854, 25.000
2234.555, 1182.496, 2700.847, 853.128, 25.000
2236.157, 1181.556, 2702.691, 853.355, 25.000
2237.718, 1180.602, 2704.505, 853.545, 25.000
2239.362, 1179.599, 2706.417, 853.702, 25.000
2241.001, 1178.641, 2708.316, 853.809, 25.000
2242.679, 1177.686, 2710.247, 853.831, 25.000
2244.361, 1176.780, 2712.156, 853.792, 25.000
2245.949, 1175.941, 2713.952, 853.691, 25.000
2247.469, 1175.137, 2715.672, 853.568, 25.000
2248.908, 1174.368, 2717.303, 853.429, 25.000
2250.253, 1173.635, 2718.834, 853.254, 25.000
2251.490, 1172.939, 2720.254, 853.036, 25.000
2252.607, 1172.281, 2721.549, 852.788, 25.000
2253.589, 1171.594, 2722.742, 852.523, 25.000
2254.482, 1170.927, 2723.848, 852.302, 25.000
2255.291, 1170.310, 2724.857, 852.124, 25.000
2256.103, 1169.682, 2725.875, 852.048, 25.000
2257.061, 1168.990, 2727.052, 852.121, 25.000
2258.097, 1168.310, 2728.290, 852.303, 25.000
2259.086, 1167.691, 2729.458, 852.569, 25.000
2260.066, 1167.100, 2730.602, 852.925, 25.000
2261.032, 1166.536, 2731.720, 853.356, 25.000
2261.978, 1165.994, 2732.810, 853.857, 25.000
2262.899, 1165.474, 2733.868, 854.449, 25.000
2263.924, 1164.902, 2735.040, 855.160, 25.000
2265.007, 1164.279, 2736.290, 855.977, 25.000
2265.975, 1163.739, 2737.398, 856.912, 25.000
2267.037, 1163.151, 2738.612, 858.040, 25.000
2268.136, 1162.557, 2739.861, 859.327, 25.000
2269.267, 1161.953, 2741.143, 860.768, 25.000
2270.425, 1161.334, 2742.456, 862.328, 25.000
2271.606, 1160.697, 2743.798, 863.984, 25.000
2272.847, 1160.074, 2745.187, 865.710, 25.000
2274.059, 1159.479, 2746.535, 867.501, 25.000
2275.272, 1158.875, 2747.890, 869.400, 25.000
2276.449, 1158.230, 2749.232, 871.435, 25.000
2277.596, 1157.551, 2750.563, 873.630, 25.000
2278.787, 1156.841, 2751.950, 876.036, 25.000
2279.962, 1156.136, 2753.318, 878.665, 25.000
2281.113, 1155.431, 2754.666, 881.516, 25.000
2282.236, 1154.722, 2755.992, 884.572, 25.000
2283.322, 1154.002, 2757.291, 887.854, 25.000
2284.368, 1153.267, 2758.563, 891.336, 25.000
2285.302, 1152.615, 2759.698, 895.079, 25.000
2286.293, 1151.970, 2760.879, 899.143, 25.000
2287.387, 1151.283, 2762.169, 903.552, 25.000
2288.525, 1150.635, 2763.479, 908.328, 25.000
2289.619, 1150.036, 2764.726, 913.465, 25.000
2290.702, 1149.451, 2765.957, 919.049, 25.000
2291.769, 1148.875, 2767.170, 925.121, 25.000
2292.817, 1148.304, 2768.363, 931.712, 25.000
2293.841, 1147.735, 2769.534, 938.881, 25.000
2294.836, 1147.164, 2770.681, 946.670, 25.000
2295.797, 1146.585, 2771.803, 955.168, 25.000
2296.722, 1145.997, 2772.897, 964.502, 25.000
2297.682, 1145.329, 2774.062, 974.763, 25.000
2298.772, 1144.596, 2775.373, 986.052, 25.000
2299.785, 1143.926, 2776.587, 998.378, 25.000
2300.761, 1143.279, 2777.757, 1011.924, 25.000
2301.702, 1142.650, 2778.888, 1026.765, 25.000
2302.609, 1142.033, 2779.983, 1043.039, 25.000
2303.484, 1141.423, 2781.048, 1060.881, 25.000
2304.297, 1140.787, 2782.075, 1080.458, 25.000
2305.029, 1140.165, 2783.026, 1102.025, 25.000
2305.702, 1139.548, 2783.927, 1125.802, 25.000
2306.487, 1138.923, 2784.926, 1152.083, 25.000
2307.344, 1138.343, 2785.961, 1181.087, 25.000
2308.184, 1137.816, 2786.952, 1213.074, 25.000
2309.047, 1137.308, 2787.952, 1248.357, 25.000
2309.929, 1136.811, 2788.962, 1287.255, 25.000
2310.829, 1136.322, 2789.987, 1330.138, 25.000
2311.745, 1135.834, 2791.024, 1377.379, 25.000
2312.674, 1135.342, 2792.075, 1429.481, 25.000
2313.703, 1134.826, 2793.226, 1486.984, 25.000
2314.712, 1134.335, 2794.348, 1550.515, 25.000
2315.736, 1133.829, 2795.490, 1620.772, 25.000
2316.773, 1133.303, 2796.653, 1698.484, 25.000
2317.820, 1132.750, 2797.837, 1784.478, 25.000
2318.876, 1132.166, 2799.043, 1879.624, 25.000
2319.937, 1131.544, 2800.272, 1984.907, 25.000
2321.002, 1130.880, 2801.524, 2101.411, 25.000
2322.069, 1130.168, 2802.801, 2230.350, 25.000
2323.135, 1129.403, 2804.104, 2373.140, 25.000
2324.098, 1128.623, 2805.327, 2531.310, 25.000
2325.026, 1127.768, 2806.560, 2706.533, 25.000
2325.997, 1126.938, 2807.821, 2900.782, 25.000
2326.936, 1126.121, 2809.050, 3116.097, 25.000
2327.879, 1125.288, 2810.292, 3354.904, 25.000
2328.819, 1124.438, 2811.543, 3619.636, 25.000
2329.752, 1123.574, 2812.799, 3913.179, 25.000
2330.673, 1122.695, 2814.054, 4238.661, 25.000
2331.577, 1121.803, 2815.304, 4599.636, 25.000
2332.500, 1120.935, 2816.571, 5000.000, 0.000
2333.498, 1120.052, 2817.903, 5000.000, 0.000
2334.593, 1119.152, 2819.319, 5000.000, 0.000
2335.664, 1118.289, 2820.694, 5000.000, 0.000
2336.744, 1117.429, 2822.074, 5000.000, 0.000
2337.730, 1116.616, 2823.351, 5000.000, 0.000
2338.791, 1115.756, 2824.717, 5000.000, 0.000
2339.870, 1114.895, 2826.096, 5000.000, 0.000
2340.961, 1114.036, 2827.485, 5000.000, 0.000
2342.061, 1113.179, 2828.879, 5000.000, 0.000
2343.165, 1112.325, 2830.274, 5000.000, 0.000
2344.268, 1111.475, 2831.666, 5000.000, 0.000
2345.365, 1110.631, 2833.050, 5000.000, 0.000
2346.451, 1109.793, 2834.421, 5000.000, 0.000
2347.560, 1108.930, 2835.826, 5000.000, 0.000
2348.632, 1108.085, 2837.191, 5000.000, 0.000
2349.663, 1107.259, 2838.512, 5000.000, 0.000
2350.651, 1106.452, 2839.787, 5000.000, 0.000
2351.591, 1105.665, 2841.013, 5000.000, 0.000
2352.479, 1104.897, 2842.187, 5000.000, 0.000
2353.353, 1104.118, 2843.356, 5000.000, 0.000
2354.296, 1103.312, 2844.597, 5000.000, 0.000
2355.302, 1102.510, 2845.883, 5000.000, 0.000
2356.252, 1101.765, 2847.091, 5000.000, 0.000
2357.184, 1101.041, 2848.271, 5000.000, 0.000
2358.098, 1100.335, 2849.425, 5000.000, 0.000
2358.993, 1099.646, 2850.555, 5000.000, 0.000
2359.869, 1098.972, 2851.660, 5000.000, 0.000
2360.764, 1098.279, 2852.792, 5000.000, 0.000
2361.625, 1097.608, 2853.883, 5000.000, 0.000
2362.452, 1096.957, 2854.936, 5000.000, 0.000
2363.247, 1096.323, 2855.953, 5000.000, 0.000
2364.010, 1095.702, 2856.936, 5000.000, 0.000
2364.742, 1095.094, 2857.888, 5000.000, 0.000
2365.444, 1094.493, 2858.811, 5000.000, 0.000
2366.192, 1093.846, 2859.799, 5000.000, 0.000
2366.928, 1093.161, 2860.802, 5000.000, 0.000
2367.659, 1092.466, 2861.807, 5000.000, 0.000
2368.466, 1091.763, 2862.877, 5000.000, 0.000
2369.301, 1091.093, 2863.948, 5000.000, 0.000
2370.164, 1090.449, 2865.023, 5000.000, 0.000
2371.055, 1089.825, 2866.109, 5000.000, 0.000
2371.973, 1089.213, 2867.208, 5000.000, 0.000
2372.920, 1088.607, 2868.326, 5000.000, 0.000
2373.841, 1088.044, 2869.405, 5000.000, 0.000
2374.777, 1087.490, 2870.493, 5000.000, 0.000
2375.728, 1086.939, 2871.592, 5000.000, 0.000
2376.696, 1086.387, 2872.707, 5000.000, 0.000
2377.680, 1085.828, 2873.838, 5000.000, 0.000
2378.682, 1085.258, 2874.991, 5000.000, 0.000
2379.645, 1084.715, 2876.096, 5000.000, 0.000
2380.607, 1084.163, 2877.206, 5000.000, 0.000
2381.568, 1083.596, 2878.321, 5000.000, 0.000
2382.526, 1083.012, 2879.443, 5000.000, 0.000
2383.481, 1082.405, 2880.573, 5000.000, 0.000
2384.432, 1081.772, 2881.714, 5000.000, 0.000
2385.379, 1081.109, 2882.867, 5000.000, 0.000
2386.357, 1080.377, 2884.083, 5000.000, 0.000
2387.260, 1079.663, 2885.227, 5000.000, 0.000
2388.130, 1078.933, 2886.352, 5000.000, 0.000
2388.967, 1078.184, 2887.461, 5000.000, 0.000
2389.773, 1077.414, 2888.557, 5000.000, 0.000
2390.548, 1076.621, 2889.643, 5000.000, 0.000
2391.293, 1075.802, 2890.722, 5000.000, 0.000
2392.011, 1074.953, 2891.797, 5000.000, 0.000
2392.791, 1074.061, 2892.952, 5000.000, 0.000
2393.608, 1073.189, 2894.147, 5000.000, 0.000
2394.453, 1072.351, 2895.337, 5000.000, 0.000
2395.248, 1071.564, 2896.455, 5000.000, 0.000
2396.030, 1070.793, 2897.553, 5000.000, 0.000
2396.804, 1070.038, 2898.635, 5000.000, 0.000
2397.479, 1069.347, 2899.600, 5000.000, 0.000
2398.230, 1068.624, 2900.643, 5000.000, 0.000
2399.003, 1067.912, 2901.693, 5000.000, 0.000
2399.799, 1067.209, 2902.753, 5000.000, 0.000
2400.617, 1066.514, 2903.824, 5000.000, 0.000
2401.457, 1065.824, 2904.908, 5000.000, 0.000
2402.318, 1065.137, 2906.006, 5000.000, 0.000
2403.199, 1064.451, 2907.119, 5000.000, 0.000
2404.102, 1063.763, 2908.248, 5000.000, 0.000
2405.023, 1063.072, 2909.396, 5000.000, 0.000
2405.865, 1062.420, 2910.458, 5000.000, 0.000
2406.799, 1061.709, 2911.628, 5000.000, 0.000
2407.769, 1060.982, 2912.836, 5000.000, 0.000
2408.772, 1060.238, 2914.082, 5000.000, 0.000
2409.807, 1059.474, 2915.365, 5000.000, 0.000
2410.871, 1058.689, 2916.684, 5000.000, 0.000
2411.914, 1057.929, 2917.970, 5000.000, 0.000
2412.969, 1057.162, 2919.275, 5000.000, 0.000
2414.075, 1056.355, 2920.644, 5000.000, 0.000
2415.174, 1055.551, 2922.006, 5000.000, 0.000
2416.265, 1054.749, 2923.360, 5000.000, 0.000
2417.347, 1053.947, 2924.707, 5000.000, 0.000
2418.418, 1053.145, 2926.045, 5000.000, 0.000
2419.478, 1052.341, 2927.375, 5000.000, 0.000
2420.566, 1051.505, 2928.747, 5000.000, 0.000
2421.576, 1050.725, 2930.023, 5000.000, 0.000
2422.548, 1049.972, 2931.252, 5000.000, 0.000
2423.482, 1049.246, 2932.435, 5000.000, 0.000
2424.379, 1048.547, 2933.573, 5000.000, 0.000
2425.239, 1047.874, 2934.664, 5000.000, 0.000
2426.192, 1047.158, 2935.856, 5000.000, 0.000
2427.088, 1046.488, 2936.975, 5000.000, 0.000
2427.965, 1045.829, 2938.072, 5000.000, 0.000
2428.860, 1045.146, 2939.197, 5000.000, 0.000
2429.718, 1044.480, 2940.284, 5000.000, 0.000
2430.542, 1043.829, 2941.333, 5000.000, 0.000
2431.332, 1043.190, 2942.349, 5000.000, 0.000
2432.090, 1042.563, 2943.332, 5000.000, 0.000
2432.819, 1041.943, 2944.287, 5000.000, 0.000
2433.456, 1041.342, 2945.164, 5000.000, 0.000
2434.269, 1040.646, 2946.233, 5000.000, 0.000
2435.054, 1039.990, 2947.256, 5000.000, 0.000
2435.854, 1039.337, 2948.288, 5000.000, 0.000
2436.670, 1038.685, 2949.332, 5000.000, 0.000
2437.505, 1038.030, 2950.392, 5000.000, 0.000
2438.359, 1037.367, 2951.473, 5000.000, 0.000
2439.234, 1036.694, 2952.577, 5000.000, 0.000
2440.134, 1036.007, 2953.708, 5000.000, 0.000
2441.004, 1035.346, 2954.800, 5000.000, 0.000
2441.887, 1034.679, 2955.906, 5000.000, 0.000
2442.822, 1033.970, 2957.079, 5000.000, 0.000
2443.759, 1033.263, 2958.253, 5000.000, 0.000
2444.701, 1032.555, 2959.431, 5000.000, 0.000
2445.650, 1031.843, 2960.617, 5000.000, 0.000
2446.554, 1031.168, 2961.745, 5000.000, 0.000
2447.452, 1030.494, 2962.867, 5000.000, 0.000
2448.343, 1029.819, 2963.985, 5000.000, 0.000
2449.230, 1029.139, 2965.102, 5000.000, 0.000
2450.112, 1028.452, 2966.221, 5000.000, 0.000
2450.893, 1027.801, 2967.237, 5000.000, 0.000
2451.747, 1027.088, 2968.349, 5000.000, 0.000
2452.619, 1026.356, 2969.487, 5000.000, 0.000
2453.508, 1025.602, 2970.653, 5000.000, 0.000
2454.362, 1024.871, 2971.777, 5000.000, 0.000
2455.221, 1024.133, 2972.910, 5000.000, 0.000
2456.086, 1023.387, 2974.052, 5000.000, 0.000
2456.956, 1022.634, 2975.203, 5000.000, 0.000
2457.872, 1021.842, 2976.413, 5000.000, 0.000
2458.777, 1021.053, 2977.614, 5000.000, 0.000
2459.762, 1020.252, 2978.883, 5000.000, 0.000
2460.710, 1019.492, 2980.097, 5000.000, 0.000
2461.659, 1018.739, 2981.309, 5000.000, 0.000
2462.611, 1017.991, 2982.518, 5000.000, 0.000
2463.606, 1017.217, 2983.778, 5000.000, 0.000
2464.593, 1016.461, 2985.021, 5000.000, 0.000
2465.573, 1015.719, 2986.249, 5000.000, 0.000
2466.546, 1014.989, 2987.464, 5000.000, 0.000
2467.511, 1014.267, 2988.669, 5000.000, 0.000
2468.471, 1013.549, 2989.866, 5000.000, 0.000
2469.425, 1012.834, 2991.057, 5000.000, 0.000
2470.321, 1012.164, 2992.176, 5000.000, 0.000
2471.198, 1011.505, 2993.272, 5000.000, 0.000
2472.054, 1010.854, 2994.347, 5000.000, 0.000
2472.790, 1010.255, 2995.296, 5000.000, 0.000
2473.579, 1009.609, 2996.315, 5000.000, 0.000
2474.365, 1008.961, 2997.334, 5000.000, 0.000
2475.147, 1008.310, 2998.352, 5000.000, 0.000
2475.924, 1007.654, 2999.369, 5000.000, 0.000
2476.695, 1006.992, 3000.385, 5000.000, 0.000
2477.595, 1006.259, 3001.546, 5000.000, 0.000
2478.476, 1005.546, 3002.679, 5000.000, 0.000
2479.417, 1004.787, 3003.888, 5000.000, 0.000
2480.361, 1004.022, 3005.103, 5000.000, 0.000
2481.311, 1003.250, 3006.327, 5000.000, 0.000
2482.271, 1002.471, 3007.563, 5000.000, 0.000
2483.243, 1001.684, 3008.814, 5000.000, 0.000
2484.273, 1000.858, 3010.134, 5000.000, 0.000
2485.255, 1000.082, 3011.386, 5000.000, 0.000
2486.232, 999.321, 3012.623, 5000.000, 0.000
2487.204, 998.575, 3013.849, 5000.000, 0.000
2488.174, 997.840, 3015.065, 5000.000, 0.000
2489.142, 997.114, 3016.274, 5000.000, 0.000
2490.111, 996.397, 3017.479, 5000.000, 0.000
2491.025, 995.727, 3018.611, 5000.000, 0.000
2491.922, 995.070, 3019.722, 5000.000, 0.000
2492.800, 994.423, 3020.812, 5000.000, 0.000
2493.560, 993.829, 3021.777, 5000.000, 0.000
2494.374, 993.190, 3022.812, 5000.000, 0.000
2495.188, 992.551, 3023.847, 5000.000, 0.000
2496.000, 991.909, 3024.881, 5000.000, 0.000
2496.807, 991.264, 3025.914, 5000.000, 0.000
2497.608, 990.613, 3026.946, 5000.000, 0.000
2498.401, 989.956, 3027.976, 5000.000, 0.000
2499.323, 989.226, 3029.152, 5000.000, 0.000
2500.223, 988.514, 3030.300, 5000.000, 0.000
2500.679, 988.152, 3030.882, 5000.000, 0.000
2501.601, 987.418, 3032.060, 5000.000, 0.000
2502.538, 986.672, 3033.257, 5000.000, 0.000
2503.488, 985.914, 3034.473, 5000.000, 0.000
2504.453, 985.144, 3035.708, 5000.000, 0.000
2505.432, 984.362, 3036.961, 5000.000, 0.000
2506.426, 983.567, 3038.234, 5000.000, 0.000
2507.434, 982.760, 3039.524, 5000.000, 0.000
2508.456, 981.941, 3040.834, 5000.000, 0.000
2509.492, 981.110, 3042.163, 5000.000, 0.000
2510.543, 980.267, 3043.510, 5000.000, 0.000
2511.608, 979.411, 3044.876, 5000.000, 0.000
2512.687, 978.543, 3046.261, 5000.000, 0.000
2513.780, 977.663, 3047.664, 5000.000, 0.000
2514.888, 976.771, 3049.087, 5000.000, 0.000
