x, y, length, r, ctrl
-0.438, 0.482, 0.000, 5000.000, 0.000
0.310, 1.417, 1.197, 5000.000, 0.000
1.064, 2.345, 2.393, 5000.000, 0.000
1.826, 3.265, 3.587, 5000.000, 0.000
2.593, 4.178, 4.780, 5000.000, 0.000
3.368, 5.084, 5.972, 5000.000, 0.000
4.149, 5.982, 7.162, 5000.000, 0.000
4.937, 6.873, 8.351, 5000.000, 0.000
5.732, 7.756, 9.538, 5000.000, 0.000
6.534, 8.632, 10.725, 5000.000, 0.000
7.342, 9.501, 11.911, 5000.000, 0.000
8.156, 10.362, 13.095, 5000.000, 0.000
8.978, 11.216, 14.279, 5000.000, 0.000
9.806, 12.063, 15.461, 5000.000, 0.000
10.641, 12.902, 16.643, 5000.000, 0.000
11.975, 14.071, 18.405, 5000.000, 0.000
12.852, 14.864, 19.582, 5000.000, 0.000
13.726, 15.661, 20.760, 5000.000, 0.000
14.599, 16.458, 21.939, 5000.000, 0.000
15.472, 17.254, 23.118, 5000.000, 0.000
16.349, 18.048, 24.297, 5000.000, 0.000
17.230, 18.836, 25.476, 5000.000, 0.000
18.070, 19.669, 26.659, 5000.000, 0.000
18.904, 20.509, 27.843, 5000.000, 0.000
19.733, 21.355, 29.027, 5000.000, 0.000
20.557, 22.206, 30.212, 5000.000, 0.000
21.378, 23.061, 31.397, 5000.000, 0.000
22.196, 23.918, 32.582, 5000.000, 0.000
23.013, 24.778, 33.767, 5000.000, 0.000
23.828, 25.639, 34.953, 5000.000, 0.000
24.644, 26.499, 36.138, 5000.000, 0.000
25.460, 27.359, 37.324, 5000.000, 0.000
26.278, 28.216, 38.509, 5000.000, 0.000
27.099, 29.071, 39.694, 5000.000, 0.000
27.923, 29.922, 40.879, 5000.000, 0.000
28.752, 30.768, 42.063, 5000.000, 0.000
29.586, 31.608, 43.247, 5000.000, 0.000
30.427, 32.441, 44.430, 5000.000, 0.000
31.308, 33.230, 45.609, 5000.000, 0.000
32.184, 34.023, 46.789, 5000.000, 0.000
33.058, 34.819, 47.970, 5000.000, 0.000
33.931, 35.617, 49.151, 5000.000, 0.000
34.805, 36.413, 50.332, 5000.000, 0.000
35.681, 37.206, 51.513, 5000.000, 0.000
36.562, 37.995, 52.693, 5000.000, 0.000
37.403, 38.828, 53.877, 5000.000, 0.000
38.237, 39.668, 55.060, 5000.000, 0.000
39.066, 40.514, 56.245, 5000.000, 0.000
39.890, 41.365, 57.429, 5000.000, 0.000
40.711, 42.220, 58.614, 5000.000, 0.000
41.529, 43.077, 59.799, 5000.000, 0.000
42.345, 43.937, 60.985, 5000.000, 0.000
43.161, 44.797, 62.170, 5000.000, 0.000
43.976, 45.658, 63.356, 5000.000, 0.000
44.793, 46.518, 64.541, 5000.000, 0.000
45.611, 47.375, 65.726, 5000.000, 0.000
46.432, 48.230, 66.911, 5000.000, 0.000
47.256, 49.081, 68.096, 5000.000, 0.000
48.118, 49.890, 69.277, 5000.000, 0.000
48.973, 50.707, 70.459, 5000.000, 0.000
49.823, 51.529, 71.641, 5000.000, 0.000
50.670, 52.356, 72.824, 5000.000, 0.000
51.514, 53.184, 74.007, 5000.000, 0.000
52.359, 54.013, 75.190, 5000.000, 0.000
53.205, 54.840, 76.373, 5000.000, 0.000
54.055, 55.662, 77.556, 5000.000, 0.000
54.910, 56.479, 78.738, 5000.000, 0.000
55.773, 57.288, 79.920, 5000.000, 0.000
56.597, 58.139, 81.104, 5000.000, 0.000
57.418, 58.994, 82.289, 5000.000, 0.000
58.236, 59.851, 83.474, 5000.000, 0.000
59.052, 60.711, 84.659, 5000.000, 0.000
59.868, 61.571, 85.845, 5000.000, 0.000
60.683, 62.432, 87.030, 5000.000, 0.000
61.500, 63.292, 88.216, 5000.000, 0.000
62.318, 64.149, 89.401, 5000.000, 0.000
63.172, 64.967, 90.583, 5000.000, 0.000
64.018, 65.795, 91.766, 5000.000, 0.000
64.856, 66.630, 92.949, 5000.000, 0.000
65.689, 67.471, 94.133, 5000.000, 0.000
66.519, 68.316, 95.317, 5000.000, 0.000
67.346, 69.163, 96.501, 5000.000, 0.000
68.174, 70.011, 97.686, 5000.000, 0.000
69.004, 70.856, 98.870, 5000.000, 0.000
69.837, 71.697, 100.054, 5000.000, 0.000
70.675, 72.532, 101.237, 5000.000, 0.000
71.521, 73.360, 102.420, 5000.000, 0.000
72.375, 74.178, 103.602, 5000.000, 0.000
73.193, 75.035, 104.787, 5000.000, 0.000
74.009, 75.895, 105.973, 5000.000, 0.000
74.825, 76.755, 107.159, 5000.000, 0.000
75.640, 77.616, 108.344, 5000.000, 0.000
76.457, 78.476, 109.530, 5000.000, 0.000
77.275, 79.333, 110.715, 5000.000, 0.000
78.096, 80.188, 111.900, 5000.000, 0.000
78.920, 81.039, 113.085, 5000.000, 0.000
79.749, 81.885, 114.269, 5000.000, 0.000
80.583, 82.725, 115.452, 5000.000, 0.000
81.423, 83.558, 116.635, 5000.000, 0.000
82.271, 84.383, 117.818, 5000.000, 0.000
83.126, 85.200, 119.000, 5000.000, 0.000
84.024, 85.970, 120.178, 5000.000, 0.000
84.919, 86.743, 121.358, 5000.000, 0.000
85.813, 87.517, 122.537, 5000.000, 0.000
86.709, 88.290, 123.718, 5000.000, 0.000
87.606, 89.060, 124.898, 5000.000, 0.000
88.462, 89.876, 126.080, 5000.000, 0.000
89.309, 90.702, 127.263, 5000.000, 0.000
90.150, 91.535, 128.447, 5000.000, 0.000
90.984, 92.375, 129.630, 5000.000, 0.000
91.812, 93.221, 130.814, 5000.000, 0.000
92.637, 94.072, 131.999, 5000.000, 0.000
93.458, 94.926, 133.184, 5000.000, 0.000
94.276, 95.784, 134.369, 5000.000, 0.000
95.092, 96.644, 135.555, 5000.000, 0.000
95.908, 97.504, 136.740, 5000.000, 0.000
96.723, 98.365, 137.926, 5000.000, 0.000
97.539, 99.224, 139.111, 5000.000, 0.000
98.358, 100.082, 140.297, 5000.000, 0.000
99.178, 100.937, 141.482, 5000.000, 0.000
100.036, 101.751, 142.663, 5000.000, 0.000
100.886, 102.573, 143.845, 5000.000, 0.000
101.730, 103.403, 145.028, 5000.000, 0.000
102.569, 104.237, 146.211, 5000.000, 0.000
103.406, 105.075, 147.395, 5000.000, 0.000
104.241, 105.913, 148.579, 5000.000, 0.000
105.078, 106.750, 149.762, 5000.000, 0.000
105.917, 107.585, 150.946, 5000.000, 0.000
106.761, 108.414, 152.129, 5000.000, 0.000
107.611, 109.237, 153.311, 5000.000, 0.000
108.469, 110.051, 154.493, 5000.000, 0.000
109.290, 110.905, 155.678, 5000.000, 0.000
110.108, 111.763, 156.863, 5000.000, 0.000
110.924, 112.623, 158.048, 5000.000, 0.000
111.740, 113.483, 159.234, 5000.000, 0.000
112.555, 114.344, 160.420, 5000.000, 0.000
113.372, 115.203, 161.605, 5000.000, 0.000
114.190, 116.061, 162.790, 5000.000, 0.000
115.010, 116.916, 163.975, 5000.000, 0.000
115.835, 117.767, 165.160, 5000.000, 0.000
116.664, 118.612, 166.344, 5000.000, 0.000
117.498, 119.453, 167.528, 5000.000, 0.000
118.372, 120.249, 168.708, 5000.000, 0.000
119.240, 121.051, 169.889, 5000.000, 0.000
120.105, 121.857, 171.070, 5000.000, 0.000
120.968, 122.665, 172.252, 5000.000, 0.000
121.832, 123.473, 173.433, 5000.000, 0.000
122.697, 124.279, 174.615, 5000.000, 0.000
123.565, 125.081, 175.797, 5000.000, 0.000
124.439, 125.878, 176.978, 5000.000, 0.000
125.273, 126.718, 178.162, 5000.000, 0.000
126.102, 127.564, 179.346, 5000.000, 0.000
126.926, 128.415, 180.530, 5000.000, 0.000
127.747, 129.269, 181.715, 5000.000, 0.000
128.565, 130.127, 182.900, 5000.000, 0.000
129.382, 130.986, 184.085, 5000.000, 0.000
130.197, 131.847, 185.271, 5000.000, 0.000
131.013, 132.708, 186.456, 5000.000, 0.000
131.829, 133.567, 187.642, 5000.000, 0.000
132.647, 134.425, 188.827, 5000.000, 0.000
133.468, 135.280, 190.012, 5000.000, 0.000
134.326, 136.093, 191.193, 5000.000, 0.000
135.176, 136.916, 192.376, 5000.000, 0.000
135.986, 137.783, 193.562, 5000.000, 0.000
136.838, 138.603, 194.744, 5000.000, 0.000
137.686, 139.428, 195.926, 5000.000, 0.000
138.532, 140.255, 197.109, 5000.000, 0.000
139.378, 141.081, 198.292, 5000.000, 0.000
140.226, 141.906, 199.475, 5000.000, 0.000
141.078, 142.726, 200.657, 5000.000, 0.000
141.935, 143.541, 201.839, 5000.000, 0.000
142.799, 144.348, 203.021, 5000.000, 0.000
143.625, 145.197, 204.205, 5000.000, 0.000
144.448, 146.050, 205.390, 5000.000, 0.000
145.268, 146.906, 206.575, 5000.000, 0.000
146.086, 147.763, 207.760, 5000.000, 0.000
146.903, 148.622, 208.945, 5000.000, 0.000
147.721, 149.481, 210.130, 5000.000, 0.000
148.539, 150.338, 211.316, 5000.000, 0.000
149.359, 151.194, 212.501, 5000.000, 0.000
150.181, 152.047, 213.686, 5000.000, 0.000
151.007, 152.896, 214.870, 5000.000, 0.000
151.871, 153.703, 216.051, 5000.000, 0.000
152.728, 154.518, 217.233, 5000.000, 0.000
153.580, 155.338, 218.415, 5000.000, 0.000
154.428, 156.163, 219.598, 5000.000, 0.000
155.275, 156.989, 220.781, 5000.000, 0.000
156.121, 157.816, 221.964, 5000.000, 0.000
156.969, 158.641, 223.147, 5000.000, 0.000
157.821, 159.461, 224.329, 5000.000, 0.000
158.678, 160.276, 225.512, 5000.000, 0.000
159.495, 161.135, 226.697, 5000.000, 0.000
160.307, 161.999, 227.882, 5000.000, 0.000
161.161, 162.817, 229.064, 5000.000, 0.000
161.980, 163.675, 230.249, 5000.000, 0.000
162.796, 164.534, 231.434, 5000.000, 0.000
163.611, 165.395, 232.620, 5000.000, 0.000
164.427, 166.256, 233.805, 5000.000, 0.000
165.243, 167.115, 234.990, 5000.000, 0.000
166.061, 167.973, 236.175, 5000.000, 0.000
166.882, 168.828, 237.360, 5000.000, 0.000
167.707, 169.678, 238.545, 5000.000, 0.000
168.535, 170.524, 239.729, 5000.000, 0.000
169.369, 171.364, 240.913, 5000.000, 0.000
170.210, 172.198, 242.096, 5000.000, 0.000
171.057, 173.023, 243.279, 5000.000, 0.000
171.913, 173.840, 244.461, 5000.000, 0.000
172.810, 174.610, 245.640, 5000.000, 0.000
173.706, 175.382, 246.820, 5000.000, 0.000
174.600, 176.156, 248.001, 5000.000, 0.000
175.495, 176.929, 249.182, 5000.000, 0.000
176.393, 177.699, 250.363, 5000.000, 0.000
177.248, 178.516, 251.546, 5000.000, 0.000
178.096, 179.341, 252.729, 5000.000, 0.000
178.936, 180.174, 253.912, 5000.000, 0.000
179.770, 181.014, 255.095, 5000.000, 0.000
180.599, 181.860, 256.279, 5000.000, 0.000
181.423, 182.711, 257.463, 5000.000, 0.000
182.244, 183.566, 258.647, 5000.000, 0.000
183.062, 184.424, 259.831, 5000.000, 0.000
183.879, 185.283, 261.016, 5000.000, 0.000
184.694, 186.144, 262.202, 5000.000, 0.000
185.510, 187.004, 263.387, 5000.000, 0.000
186.326, 187.864, 264.573, 5000.000, 0.000
187.144, 188.722, 265.758, 5000.000, 0.000
187.998, 189.539, 266.940, 5000.000, 0.000
188.844, 190.367, 268.122, 5000.000, 0.000
189.682, 191.202, 269.306, 5000.000, 0.000
190.515, 192.043, 270.490, 5000.000, 0.000
191.345, 192.889, 271.674, 5000.000, 0.000
192.173, 193.736, 272.858, 5000.000, 0.000
193.000, 194.583, 274.043, 5000.000, 0.000
193.830, 195.428, 275.227, 5000.000, 0.000
194.663, 196.269, 276.411, 5000.000, 0.000
195.501, 197.105, 277.594, 5000.000, 0.000
196.347, 197.932, 278.777, 5000.000, 0.000
197.201, 198.750, 279.959, 5000.000, 0.000
198.019, 199.608, 281.144, 5000.000, 0.000
198.836, 200.467, 282.330, 5000.000, 0.000
199.651, 201.328, 283.515, 5000.000, 0.000
200.467, 202.188, 284.700, 5000.000, 0.000
201.283, 203.048, 285.886, 5000.000, 0.000
202.101, 203.906, 287.071, 5000.000, 0.000
202.922, 204.760, 288.256, 5000.000, 0.000
203.746, 205.611, 289.441, 5000.000, 0.000
204.575, 206.457, 290.625, 5000.000, 0.000
205.409, 207.297, 291.809, 5000.000, 0.000
206.283, 208.093, 292.989, 5000.000, 0.000
207.152, 208.896, 294.171, 5000.000, 0.000
208.017, 209.702, 295.353, 5000.000, 0.000
208.880, 210.510, 296.535, 5000.000, 0.000
209.743, 211.318, 297.717, 5000.000, 0.000
210.608, 212.124, 298.899, 5000.000, 0.000
211.476, 212.926, 300.081, 5000.000, 0.000
212.350, 213.722, 301.263, 5000.000, 0.000
213.184, 214.562, 302.446, 5000.000, 0.000
214.013, 215.408, 303.630, 5000.000, 0.000
214.838, 216.259, 304.814, 5000.000, 0.000
215.658, 217.114, 305.999, 5000.000, 0.000
216.477, 217.971, 307.183, 5000.000, 0.000
217.293, 218.831, 308.368, 5000.000, 0.000
218.108, 219.692, 309.553, 5000.000, 0.000
218.924, 220.552, 310.738, 5000.000, 0.000
219.740, 221.412, 311.923, 5000.000, 0.000
220.558, 222.269, 313.108, 5000.000, 0.000
221.379, 223.124, 314.293, 5000.000, 0.000
222.204, 223.975, 315.477, 5000.000, 0.000
223.032, 224.821, 316.661, 5000.000, 0.000
223.900, 225.624, 317.842, 5000.000, 0.000
224.761, 226.434, 319.024, 5000.000, 0.000
225.585, 227.286, 320.209, 5000.000, 0.000
226.418, 228.127, 321.393, 5000.000, 0.000
227.296, 228.919, 322.574, 5000.000, 0.000
228.172, 229.713, 323.755, 5000.000, 0.012
229.050, 230.505, 324.936, 5000.000, 0.030
229.930, 231.295, 326.118, 5000.000, 0.048
230.814, 232.079, 327.299, 5000.000, 0.067
231.658, 232.908, 328.482, 5000.000, 0.085
232.496, 233.745, 329.666, 5000.000, 0.103
233.328, 234.587, 330.849, 5000.000, 0.122
234.156, 235.434, 332.033, 5000.000, 0.140
234.980, 236.284, 333.217, 5000.000, 0.158
235.802, 237.138, 334.402, 5000.000, 0.177
236.622, 237.994, 335.586, 5000.000, 0.195
237.441, 238.850, 336.771, 5000.000, 0.213
238.260, 239.707, 337.955, 5000.000, 0.232
239.080, 240.563, 339.140, 5000.000, 0.250
239.902, 241.417, 340.325, 5000.000, 0.269
240.726, 242.267, 341.510, 5000.000, 0.287
241.554, 243.114, 342.694, 5000.000, 0.305
242.386, 243.956, 343.878, 5000.000, 0.324
243.257, 244.756, 345.059, 5000.000, 0.342
244.122, 245.562, 346.240, 5000.000, 0.360
244.983, 246.373, 347.422, 5000.000, 0.379
245.841, 247.186, 348.605, 5000.000, 0.397
246.698, 248.001, 349.787, 5000.000, 0.415
247.556, 248.815, 350.970, 5000.000, 0.434
248.416, 249.626, 352.152, 5000.000, 0.452
249.234, 250.484, 353.337, 5000.000, 0.470
250.045, 251.350, 354.522, 5000.000, 0.489
250.895, 252.173, 355.704, 5000.000, 0.507
251.752, 252.987, 356.887, 5000.000, 0.525
252.573, 253.842, 358.071, 5000.000, 0.544
253.391, 254.699, 359.256, 5000.000, 0.562
254.208, 255.559, 360.441, 5000.000, 0.580
255.023, 256.419, 361.626, 5000.000, 0.599
255.839, 257.280, 362.811, 5000.000, 0.617
256.655, 258.140, 363.996, 5000.000, 0.636
257.473, 258.997, 365.181, 5000.000, 0.654
258.294, 259.852, 366.366, 5000.000, 0.672
259.118, 260.703, 367.551, 5000.000, 0.691
259.947, 261.549, 368.735, 5000.000, 0.709
260.781, 262.389, 369.919, 5000.000, 0.727
261.622, 263.222, 371.102, 5000.000, 0.746
262.469, 264.047, 372.285, 5000.000, 0.764
263.358, 264.827, 373.465, 5000.000, 0.782
264.243, 265.611, 374.645, 5000.000, 0.801
265.127, 266.396, 375.827, 5000.000, 0.819
266.011, 267.182, 377.008, 5000.000, 0.837
266.896, 267.965, 378.190, 5000.000, 0.856
267.785, 268.745, 379.371, 5000.000, 0.874
268.632, 269.571, 380.554, 5000.000, 0.892
269.473, 270.404, 381.737, 5000.000, 0.911
270.307, 271.244, 382.920, 5000.000, 0.929
271.136, 272.090, 384.104, 5000.000, 0.947
271.960, 272.941, 385.288, 5000.000, 0.966
272.781, 273.795, 386.472, 5000.000, 0.984
273.599, 274.653, 387.656, 5000.000, 1.002
274.415, 275.513, 388.841, 5000.000, 1.021
275.231, 276.373, 390.026, 5000.000, 1.039
276.046, 277.234, 391.211, 5000.000, 1.057
276.863, 278.093, 392.396, 5000.000, 1.076
277.714, 278.914, 393.578, 5000.000, 1.094
278.556, 279.745, 394.761, 5000.000, 1.112
279.390, 280.586, 395.945, 5000.000, 1.131
280.218, 281.433, 397.130, 5000.000, 1.149
281.041, 282.285, 398.314, 5000.000, 1.168
281.862, 283.140, 399.499, 5000.000, 1.186
282.682, 283.996, 400.684, 5000.000, 1.204
283.502, 284.851, 401.869, 5000.000, 1.223
284.326, 285.703, 403.054, 5000.000, 1.241
285.153, 286.550, 404.238, 5000.000, 1.259
285.987, 287.390, 405.422, 5000.000, 1.278
286.829, 288.221, 406.605, 5000.000, 1.296
287.681, 289.042, 407.788, 5000.000, 1.314
288.497, 289.902, 408.973, 5000.000, 1.333
289.313, 290.762, 410.158, 5000.000, 1.351
290.128, 291.623, 411.344, 5000.000, 1.370
290.945, 292.482, 412.529, 5000.000, 1.388
291.763, 293.340, 413.714, 5000.000, 1.406
292.583, 294.195, 414.899, 5000.000, 1.425
293.408, 295.046, 416.084, 5000.000, 1.443
294.237, 295.892, 417.268, 5000.000, 1.461
295.071, 296.732, 418.452, 5000.000, 1.480
295.911, 297.565, 419.635, 5000.000, 1.498
296.758, 298.390, 420.818, 5000.000, 1.516
297.647, 299.170, 421.999, 5000.000, 1.535
298.533, 299.954, 423.181, 5000.000, 1.553
299.416, 300.739, 424.363, 5000.000, 1.571
300.300, 301.525, 425.545, 5000.000, 1.590
301.185, 302.308, 426.727, 5000.000, 1.608
302.074, 303.088, 427.909, 5000.000, 1.626
302.922, 303.913, 429.091, 5000.000, 1.645
303.762, 304.747, 430.274, 5000.000, 1.663
304.596, 305.587, 431.457, 5000.000, 1.681
305.425, 306.433, 432.640, 5000.000, 1.700
306.249, 307.283, 433.824, 5000.000, 1.718
307.070, 308.138, 435.008, 5000.000, 1.736
307.888, 308.996, 436.192, 5000.000, 1.755
308.705, 309.855, 437.376, 5000.000, 1.773
309.520, 310.716, 438.560, 5000.000, 1.791
310.336, 311.577, 439.745, 5000.000, 1.810
311.152, 312.436, 440.930, 5000.000, 1.828
311.970, 313.294, 442.114, 5000.000, 1.847
312.791, 314.149, 443.299, 5000.000, 1.865
313.615, 314.999, 444.483, 5000.000, 1.883
314.444, 315.845, 445.668, 5000.000, 1.902
315.278, 316.685, 446.851, 5000.000, 1.920
316.119, 317.519, 448.035, 5000.000, 1.938
316.966, 318.344, 449.218, 5000.000, 1.957
317.821, 319.161, 450.400, 5000.000, 1.975
318.719, 319.931, 451.580, 5000.000, 1.993
319.614, 320.703, 452.760, 5000.000, 2.012
320.475, 321.514, 453.943, 5000.000, 2.030
321.383, 322.273, 455.124, 5000.000, 2.048
322.292, 323.031, 456.305, 5000.000, 2.067
323.158, 323.836, 457.487, 5000.000, 2.085
324.015, 324.650, 458.670, 5000.000, 2.103
324.865, 325.474, 459.852, 5000.000, 2.122
325.707, 326.305, 461.035, 5000.000, 2.140
326.543, 327.143, 462.219, 5000.000, 2.158
327.373, 327.987, 463.402, 5000.000, 2.177
328.199, 328.836, 464.586, 5000.000, 2.195
329.022, 329.689, 465.769, 5000.000, 2.213
329.842, 330.544, 466.953, 5000.000, 2.232
330.660, 331.402, 468.138, 5000.000, 2.250
331.477, 332.261, 469.322, 5000.000, 2.268
332.294, 333.119, 470.507, 5000.000, 2.287
333.113, 333.977, 471.693, 5000.000, 2.305
333.933, 334.833, 472.878, 5000.000, 2.323
334.755, 335.685, 474.063, 5000.000, 2.342
335.581, 336.534, 475.247, 5000.000, 2.360
336.412, 337.378, 476.431, 5000.000, 2.379
337.281, 338.179, 477.612, 5000.000, 2.397
338.144, 338.987, 478.793, 5000.000, 2.415
339.003, 339.800, 479.975, 5000.000, 2.433
339.859, 340.616, 481.157, 5000.000, 2.452
340.715, 341.433, 482.340, 5000.000, 2.470
341.571, 342.249, 483.522, 5000.000, 2.488
342.429, 343.062, 484.704, 5000.000, 2.507
343.293, 343.870, 485.886, 5000.000, 2.525
344.115, 344.723, 487.071, 5000.000, 2.543
344.932, 345.582, 488.256, 5000.000, 2.562
345.790, 346.396, 489.438, 5000.000, 2.580
346.610, 347.251, 490.623, 5000.000, 2.599
347.428, 348.108, 491.808, 5000.000, 2.617
348.245, 348.968, 492.993, 5000.000, 2.635
349.060, 349.829, 494.178, 5000.000, 2.654
349.876, 350.689, 495.363, 5000.000, 2.672
350.692, 351.549, 496.548, 5000.000, 2.690
351.510, 352.406, 497.734, 5000.000, 2.709
352.331, 353.261, 498.919, 5000.000, 2.727
353.156, 354.112, 500.103, 5000.000, 2.745
354.018, 354.921, 501.284, 5000.000, 2.764
354.873, 355.738, 502.466, 5000.000, 2.782
355.723, 356.560, 503.649, 5000.000, 2.800
356.569, 357.387, 504.832, 5000.000, 2.819
357.414, 358.216, 506.015, 5000.000, 2.837
358.259, 359.044, 507.198, 5000.000, 2.855
359.105, 359.871, 508.381, 5000.000, 2.874
359.955, 360.693, 509.564, 5000.000, 2.892
360.810, 361.510, 510.746, 5000.000, 2.910
361.672, 362.319, 511.928, 5000.000, 2.929
362.497, 363.170, 513.113, 5000.000, 2.947
363.318, 364.025, 514.297, 5000.000, 2.966
364.136, 364.882, 515.482, 5000.000, 2.984
364.952, 365.742, 516.667, 5000.000, 3.002
365.768, 366.603, 517.852, 5000.000, 3.021
366.583, 367.463, 519.038, 5000.000, 3.039
367.399, 368.323, 520.223, 5000.000, 3.057
368.218, 369.180, 521.408, 5000.000, 3.076
369.038, 370.035, 522.593, 5000.000, 3.094
369.863, 370.886, 523.778, 5000.000, 3.112
370.691, 371.732, 524.962, 5000.000, 3.131
371.526, 372.572, 526.146, 5000.000, 3.149
372.366, 373.405, 527.329, 5000.000, 3.168
373.213, 374.231, 528.512, 5000.000, 3.186
374.069, 375.047, 529.694, 5000.000, 3.204
374.967, 375.817, 530.873, 5000.000, 3.222
375.862, 376.590, 532.054, 5000.000, 3.241
376.756, 377.364, 533.235, 5000.000, 3.259
377.651, 378.137, 534.416, 5000.000, 3.277
378.549, 378.907, 535.597, 5000.000, 3.296
379.404, 379.723, 536.780, 5000.000, 3.314
380.252, 380.549, 537.963, 5000.000, 3.332
381.092, 381.382, 539.146, 5000.000, 3.351
381.926, 382.222, 540.329, 5000.000, 3.369
382.755, 383.068, 541.513, 5000.000, 3.387
383.579, 383.919, 542.697, 5000.000, 3.406
384.400, 384.773, 543.881, 5000.000, 3.424
385.218, 385.631, 545.065, 5000.000, 3.442
386.035, 386.491, 546.249, 5000.000, 3.461
386.850, 387.351, 547.434, 5000.000, 3.479
387.666, 388.212, 548.620, 5000.000, 3.498
388.482, 389.071, 549.805, 5000.000, 3.516
389.300, 389.929, 550.990, 5000.000, 3.534
390.121, 390.784, 552.175, 5000.000, 3.553
390.945, 391.635, 553.360, 5000.000, 3.571
391.774, 392.481, 554.544, 5000.000, 3.589
392.642, 393.284, 555.725, 5000.000, 3.608
393.503, 394.094, 556.906, 5000.000, 3.626
394.360, 394.909, 558.088, 5000.000, 3.644
395.215, 395.726, 559.271, 5000.000, 3.663
396.068, 396.545, 560.453, 5000.000, 3.681
396.922, 397.363, 561.635, 5000.000, 3.699
397.779, 398.178, 562.818, 5000.000, 3.718
398.641, 398.988, 564.000, 5000.000, 3.736
399.509, 399.791, 565.182, 5000.000, 3.754
400.337, 400.637, 566.366, 5000.000, 3.773
401.162, 401.488, 567.550, 5000.000, 3.791
401.982, 402.342, 568.735, 5000.000, 3.809
402.801, 403.200, 569.919, 5000.000, 3.828
403.617, 404.060, 571.105, 5000.000, 3.846
404.432, 404.920, 572.290, 5000.000, 3.865
405.248, 405.781, 573.475, 5000.000, 3.883
406.064, 406.640, 574.660, 5000.000, 3.901
406.883, 407.498, 575.846, 5000.000, 3.920
407.703, 408.353, 577.031, 5000.000, 3.938
408.561, 409.167, 578.212, 5000.000, 3.956
409.411, 409.989, 579.395, 5000.000, 3.975
410.255, 410.819, 580.578, 5000.000, 3.993
411.094, 411.653, 581.761, 5000.000, 4.011
411.931, 412.491, 582.945, 5000.000, 4.030
412.766, 413.329, 584.128, 5000.000, 4.048
413.603, 414.166, 585.312, 5000.000, 4.066
414.442, 415.001, 586.496, 5000.000, 4.085
415.286, 415.830, 587.679, 5000.000, 4.103
416.136, 416.653, 588.861, 5000.000, 4.121
416.994, 417.467, 590.044, 5000.000, 4.140
417.815, 418.321, 591.228, 5000.000, 4.158
418.633, 419.179, 592.413, 5000.000, 4.176
419.449, 420.039, 593.598, 5000.000, 4.195
420.265, 420.899, 594.784, 5000.000, 4.213
421.080, 421.760, 595.969, 5000.000, 4.232
421.896, 422.619, 597.154, 5000.000, 4.250
422.715, 423.477, 598.339, 5000.000, 4.268
423.535, 424.332, 599.524, 5000.000, 4.287
424.360, 425.183, 600.709, 5000.000, 4.305
425.189, 426.028, 601.893, 5000.000, 4.323
426.023, 426.869, 603.077, 5000.000, 4.342
426.863, 427.702, 604.260, 5000.000, 4.360
427.710, 428.527, 605.443, 5000.000, 4.378
428.566, 429.344, 606.625, 5000.000, 4.397
429.430, 430.151, 607.807, 5000.000, 4.415
430.338, 430.910, 608.987, 5000.000, 4.433
431.243, 431.671, 610.167, 5000.000, 4.452
432.149, 432.432, 611.349, 5000.000, 4.470
433.057, 433.191, 612.530, 5000.000, 4.488
433.921, 433.998, 613.712, 5000.000, 4.507
434.777, 434.815, 614.895, 5000.000, 4.525
435.624, 435.640, 616.078, 5000.000, 4.543
436.464, 436.473, 617.261, 5000.000, 4.562
437.298, 437.314, 618.444, 5000.000, 4.580
438.127, 438.159, 619.627, 5000.000, 4.598
438.952, 439.010, 620.811, 5000.000, 4.617
439.772, 439.865, 621.995, 5000.000, 4.635
440.591, 440.723, 623.179, 5000.000, 4.653
441.407, 441.582, 624.363, 5000.000, 4.672
442.222, 442.443, 625.548, 5000.000, 4.690
443.038, 443.303, 626.733, 5000.000, 4.709
443.854, 444.163, 627.919, 5000.000, 4.727
444.672, 445.021, 629.104, 5000.000, 4.745
445.493, 445.875, 630.289, 5000.000, 4.764
446.318, 446.726, 631.474, 5000.000, 4.782
447.146, 447.572, 632.658, 5000.000, 4.800
447.980, 448.412, 633.841, 5000.000, 4.819
448.821, 449.245, 635.025, 5000.000, 4.837
449.702, 450.034, 636.204, 5000.000, 4.855
450.578, 450.827, 637.385, 5000.000, 4.874
451.452, 451.624, 638.566, 5000.000, 4.892
452.325, 452.421, 639.747, 5000.000, 4.910
453.199, 453.217, 640.928, 5000.000, 4.929
454.075, 454.011, 642.110, 5000.000, 4.947
454.956, 454.799, 643.291, 5000.000, 4.965
455.797, 455.632, 644.474, 5000.000, 4.984
456.631, 456.472, 645.658, 5000.000, 5.002
457.460, 457.318, 646.842, 5000.000, 5.020
458.284, 458.169, 648.026, 5000.000, 5.039
459.105, 459.024, 649.211, 5000.000, 5.057
459.923, 459.881, 650.395, 5000.000, 5.075
460.739, 460.741, 651.580, 5000.000, 5.094
461.555, 461.602, 652.766, 5000.000, 5.112
462.370, 462.462, 653.951, 5000.000, 5.130
463.187, 463.322, 655.137, 5000.000, 5.149
464.005, 464.179, 656.322, 5000.000, 5.167
464.826, 465.034, 657.507, 5000.000, 5.186
465.650, 465.885, 658.692, 5000.000, 5.204
466.479, 466.731, 659.876, 5000.000, 5.222
467.313, 467.571, 661.060, 5000.000, 5.241
468.153, 468.404, 662.243, 5000.000, 5.259
469.001, 469.230, 663.425, 5000.000, 5.277
469.856, 470.046, 664.607, 5000.000, 5.296
470.754, 470.816, 665.786, 5000.000, 5.314
471.649, 471.589, 666.965, 5000.000, 5.332
472.543, 472.363, 668.145, 5000.000, 5.350
473.439, 473.136, 669.326, 5000.000, 5.369
474.336, 473.906, 670.506, 5000.000, 5.387
475.192, 474.722, 671.689, 5000.000, 5.405
476.039, 475.548, 672.872, 5000.000, 5.424
476.879, 476.381, 674.055, 5000.000, 5.442
477.714, 477.221, 675.239, 5000.000, 5.460
478.542, 478.067, 676.422, 5000.000, 5.479
479.367, 478.918, 677.607, 5000.000, 5.497
480.188, 479.772, 678.792, 5000.000, 5.516
481.006, 480.630, 679.977, 5000.000, 5.534
481.822, 481.490, 681.162, 5000.000, 5.552
482.671, 482.313, 682.345, 5000.000, 5.571
483.474, 483.188, 683.531, 5000.000, 5.589
484.279, 484.060, 684.718, 5000.000, 5.607
485.087, 484.929, 685.904, 5000.000, 5.626
485.898, 485.795, 687.091, 5000.000, 5.644
486.713, 486.655, 688.276, 5000.000, 5.663
487.534, 487.510, 689.461, 5000.000, 5.681
488.361, 488.358, 690.645, 5000.000, 5.699
489.195, 489.198, 691.829, 5000.000, 5.718
490.071, 489.992, 693.009, 5000.000, 5.736
490.943, 490.791, 694.189, 5000.000, 5.754
491.813, 491.591, 695.369, 5000.000, 5.773
492.683, 492.391, 696.550, 5000.000, 5.791
493.555, 493.189, 697.731, 5000.000, 5.809
494.431, 493.984, 698.912, 5000.000, 5.827
495.312, 494.772, 700.093, 5000.000, 5.846
496.153, 495.604, 701.276, 5000.000, 5.864
496.989, 496.443, 702.460, 5000.000, 5.882
497.821, 497.286, 703.644, 5000.000, 5.901
498.648, 498.132, 704.828, 5000.000, 5.919
499.474, 498.982, 706.012, 5000.000, 5.937
500.297, 499.834, 707.197, 5000.000, 5.956
501.120, 500.687, 708.382, 5000.000, 5.974
501.942, 501.540, 709.567, 5000.000, 5.993
502.766, 502.391, 710.752, 5000.000, 6.011
503.591, 503.241, 711.936, 5000.000, 6.029
504.419, 504.088, 713.121, 5000.000, 6.048
505.250, 504.931, 714.305, 5000.000, 6.066
506.086, 505.769, 715.488, 5000.000, 6.084
506.928, 506.601, 716.671, 5000.000, 6.103
507.728, 507.478, 717.858, 5000.000, 6.121
508.568, 508.312, 719.041, 5000.000, 6.139
509.416, 509.137, 720.224, 5000.000, 6.158
510.271, 509.954, 721.406, 5000.000, 6.176
511.136, 510.761, 722.587, 5000.000, 6.194
512.010, 511.557, 723.768, 5000.000, 6.213
512.894, 512.341, 724.948, 5000.000, 6.231
513.791, 513.113, 726.128, 5000.000, 6.249
514.699, 513.871, 727.307, 5000.000, 6.268
515.608, 514.629, 728.487, 5000.000, 6.286
516.504, 515.401, 729.667, 5000.000, 6.304
517.389, 516.185, 730.849, 5000.000, 6.323
518.263, 516.981, 732.032, 5000.000, 6.341
519.127, 517.788, 733.214, 5000.000, 6.359
519.982, 518.605, 734.396, 5000.000, 6.378
520.830, 519.430, 735.579, 5000.000, 6.396
521.670, 520.263, 736.762, 5000.000, 6.414
522.504, 521.103, 737.945, 5000.000, 6.433
523.333, 521.949, 739.129, 5000.000, 6.451
524.157, 522.800, 740.313, 5000.000, 6.469
524.978, 523.655, 741.497, 5000.000, 6.488
525.796, 524.512, 742.681, 5000.000, 6.506
526.613, 525.372, 743.866, 5000.000, 6.524
527.428, 526.233, 745.051, 5000.000, 6.543
528.244, 527.093, 746.236, 5000.000, 6.561
529.060, 527.953, 747.421, 5000.000, 6.579
529.878, 528.810, 748.606, 5000.000, 6.598
530.699, 529.665, 749.791, 5000.000, 6.616
531.523, 530.516, 750.976, 5000.000, 6.635
532.352, 531.362, 752.160, 5000.000, 6.653
533.186, 532.202, 753.344, 5000.000, 6.671
534.027, 533.035, 754.527, 5000.000, 6.690
534.874, 533.861, 755.710, 5000.000, 6.708
535.730, 534.677, 756.893, 5000.000, 6.726
536.594, 535.484, 758.075, 5000.000, 6.745
537.468, 536.280, 759.257, 5000.000, 6.763
538.353, 537.065, 760.439, 5000.000, 6.781
539.249, 537.836, 761.621, 5000.000, 6.800
540.157, 538.594, 762.804, 5000.000, 6.818
541.033, 539.389, 763.986, 5000.000, 6.836
541.941, 540.147, 765.169, 5000.000, 6.855
542.837, 540.919, 766.351, 5000.000, 6.873
543.722, 541.703, 767.533, 5000.000, 6.891
544.596, 542.499, 768.716, 5000.000, 6.910
545.460, 543.306, 769.898, 5000.000, 6.928
546.316, 544.123, 771.080, 5000.000, 6.946
547.163, 544.948, 772.262, 5000.000, 6.965
548.004, 545.782, 773.444, 5000.000, 6.983
548.838, 546.622, 774.626, 5000.000, 7.001
549.666, 547.468, 775.809, 5000.000, 7.019
550.491, 548.318, 776.992, 5000.000, 7.038
551.312, 549.173, 778.175, 5000.000, 7.056
552.130, 550.031, 779.358, 5000.000, 7.075
552.946, 550.890, 780.542, 5000.000, 7.093
553.762, 551.751, 781.725, 5000.000, 7.111
554.577, 552.611, 782.911, 5000.000, 7.130
555.393, 553.471, 784.096, 5000.000, 7.148
556.212, 554.329, 785.282, 5000.000, 7.166
557.032, 555.183, 786.467, 5000.000, 7.185
557.857, 556.034, 787.651, 5000.000, 7.203
558.686, 556.880, 788.836, 5000.000, 7.221
559.520, 557.720, 790.019, 5000.000, 7.240
560.360, 558.553, 791.202, 5000.000, 7.258
561.207, 559.379, 792.385, 5000.000, 7.276
562.063, 560.195, 793.567, 5000.000, 7.295
562.927, 561.002, 794.748, 5000.000, 7.313
563.801, 561.798, 795.929, 5000.000, 7.331
564.686, 562.583, 797.109, 5000.000, 7.350
565.582, 563.355, 798.289, 5000.000, 7.368
566.491, 564.113, 799.469, 5000.000, 7.386
567.366, 564.908, 800.651, 5000.000, 7.405
568.241, 565.702, 801.833, 5000.000, 7.423
569.116, 566.497, 803.014, 5000.000, 7.441
569.991, 567.292, 804.196, 5000.000, 7.460
570.900, 568.050, 805.377, 5000.000, 7.478
571.796, 568.822, 806.558, 5000.000, 7.496
572.681, 569.606, 807.740, 5000.000, 7.514
573.555, 570.403, 808.922, 5000.000, 7.533
574.419, 571.209, 810.104, 5000.000, 7.551
575.274, 572.026, 811.287, 5000.000, 7.569
576.122, 572.851, 812.470, 5000.000, 7.588
576.962, 573.685, 813.653, 5000.000, 7.606
577.796, 574.525, 814.836, 5000.000, 7.624
578.625, 575.371, 816.020, 5000.000, 7.643
579.449, 576.222, 817.204, 5000.000, 7.661
580.270, 577.076, 818.389, 5000.000, 7.680
581.088, 577.934, 819.574, 5000.000, 7.698
581.905, 578.793, 820.758, 5000.000, 7.716
582.720, 579.654, 821.944, 5000.000, 7.735
583.536, 580.515, 823.129, 5000.000, 7.753
584.352, 581.374, 824.314, 5000.000, 7.771
585.170, 582.232, 825.499, 5000.000, 7.790
585.991, 583.087, 826.684, 5000.000, 7.808
586.815, 583.937, 827.869, 5000.000, 7.827
587.644, 584.783, 829.053, 5000.000, 7.845
588.478, 585.623, 830.237, 5000.000, 7.863
589.319, 586.457, 831.420, 5000.000, 7.882
590.166, 587.282, 832.603, 5000.000, 7.900
591.022, 588.099, 833.785, 5000.000, 7.918
591.886, 588.906, 834.967, 5000.000, 7.937
592.760, 589.702, 836.150, 5000.000, 7.955
593.645, 590.486, 837.332, 5000.000, 7.973
594.541, 591.258, 838.514, 5000.000, 7.992
595.449, 592.016, 839.697, 5000.000, 8.010
596.325, 592.811, 840.879, 5000.000, 8.028
597.200, 593.606, 842.061, 5000.000, 8.047
598.075, 594.401, 843.243, 5000.000, 8.065
598.950, 595.196, 844.426, 5000.000, 8.083
599.825, 595.990, 845.608, 5000.000, 8.102
600.700, 596.785, 846.790, 5000.000, 8.120
601.575, 597.580, 847.972, 5000.000, 8.138
602.450, 598.375, 849.155, 5000.000, 8.157
603.325, 599.170, 850.337, 5000.000, 8.175
604.200, 599.965, 851.519, 5000.000, 8.193
605.076, 600.760, 852.701, 4999.614, 8.211
605.951, 601.555, 853.884, 4999.364, 8.230
606.826, 602.350, 855.066, 4999.428, 8.248
607.701, 603.145, 856.248, 4999.485, 8.266
608.576, 603.940, 857.430, 4999.537, 8.285
609.451, 604.735, 858.613, 4999.583, 8.303
610.326, 605.530, 859.795, 4999.625, 8.321
611.201, 606.325, 860.977, 4999.662, 8.340
612.076, 607.120, 862.159, 4999.696, 8.358
612.952, 607.915, 863.342, 4999.726, 8.376
613.827, 608.710, 864.524, 4999.754, 8.395
614.702, 609.505, 865.706, 4996.063, 8.413
615.577, 610.299, 866.888, 4991.685, 8.431
616.452, 611.094, 868.071, 4987.089, 8.450
617.327, 611.889, 869.253, 4982.930, 8.468
618.202, 612.684, 870.435, 4975.523, 8.486
619.077, 613.479, 871.617, 4967.219, 8.505
619.952, 614.274, 872.800, 4956.126, 8.523
620.827, 615.069, 873.982, 4942.899, 8.541
621.703, 615.864, 875.164, 4927.431, 8.560
622.578, 616.659, 876.347, 4909.970, 8.578
623.453, 617.454, 877.529, 4890.212, 8.596
624.328, 618.249, 878.711, 4870.532, 8.615
625.203, 619.044, 879.893, 4851.415, 8.633
626.078, 619.839, 881.076, 4833.283, 8.651
626.953, 620.634, 882.258, 4814.554, 8.670
627.828, 621.429, 883.440, 4797.143, 8.688
628.703, 622.224, 884.622, 4778.973, 8.706
629.579, 623.019, 885.805, 4760.438, 8.725
630.454, 623.814, 886.987, 4741.495, 8.743
631.329, 624.608, 888.169, 4722.664, 8.761
632.204, 625.403, 889.351, 4702.692, 8.780
633.079, 626.198, 890.534, 4683.271, 8.798
633.954, 626.993, 891.716, 4663.176, 8.816
634.829, 627.788, 892.898, 4642.574, 8.835
635.704, 628.583, 894.080, 4620.062, 8.853
636.579, 629.378, 895.263, 4597.716, 8.871
637.454, 630.173, 896.445, 4573.673, 8.890
638.330, 630.968, 897.627, 4548.338, 8.908
639.205, 631.763, 898.810, 4521.871, 8.926
640.080, 632.558, 899.992, 4495.029, 8.945
640.955, 633.353, 901.174, 4468.751, 8.963
641.830, 634.148, 902.356, 4443.371, 8.981
642.705, 634.943, 903.539, 4418.153, 9.000
643.580, 635.738, 904.721, 4392.471, 9.018
644.455, 636.533, 905.903, 4367.083, 9.036
645.330, 637.328, 907.085, 4341.424, 9.055
646.206, 638.122, 908.268, 4315.866, 9.073
647.081, 638.917, 909.450, 4290.529, 9.091
647.956, 639.712, 910.632, 4265.945, 9.110
648.831, 640.507, 911.814, 4242.610, 9.128
649.706, 641.302, 912.997, 4220.092, 9.146
650.581, 642.097, 914.179, 4199.279, 9.165
651.456, 642.892, 915.361, 4179.302, 9.183
652.331, 643.687, 916.543, 4160.135, 9.201
653.206, 644.482, 917.726, 4142.433, 9.220
654.081, 645.277, 918.908, 4126.195, 9.238
654.957, 646.072, 920.090, 4110.734, 9.256
655.865, 646.830, 921.273, 4095.515, 9.274
656.761, 647.602, 922.455, 4080.268, 9.293
657.646, 648.386, 923.637, 4064.977, 9.311
658.520, 649.182, 924.820, 4050.349, 9.329
659.384, 649.989, 926.002, 4035.554, 9.348
660.240, 650.806, 927.184, 4019.792, 9.366
661.087, 651.631, 928.366, 4003.333, 9.384
661.928, 652.464, 929.548, 3987.081, 9.403
662.728, 653.341, 930.731, 3970.165, 9.421
663.536, 654.210, 931.914, 3953.350, 9.439
664.351, 655.072, 933.098, 3936.572, 9.458
665.173, 655.925, 934.281, 3919.715, 9.476
666.002, 656.771, 935.465, 3903.065, 9.494
666.838, 657.609, 936.648, 3887.203, 9.513
667.681, 658.439, 937.831, 3870.961, 9.531
668.531, 659.261, 939.014, 3854.354, 9.550
669.388, 660.076, 940.196, 3836.430, 9.568
670.253, 660.883, 941.379, 3818.156, 9.586
671.124, 661.681, 942.561, 3798.792, 9.604
672.003, 662.472, 943.743, 3779.459, 9.623
672.889, 663.256, 944.925, 3759.988, 9.641
673.782, 664.031, 946.107, 3740.761, 9.659
674.682, 664.799, 947.289, 3721.804, 9.678
675.589, 665.558, 948.472, 3703.682, 9.696
676.503, 666.310, 949.654, 3686.350, 9.714
677.424, 667.055, 950.837, 3670.550, 9.733
678.352, 667.791, 952.020, 3656.036, 9.751
679.288, 668.519, 953.204, 3643.331, 9.769
680.230, 669.240, 954.389, 3631.238, 9.788
681.180, 669.953, 955.574, 3619.986, 9.806
682.090, 670.710, 956.757, 3608.770, 9.825
682.993, 671.474, 957.940, 3597.583, 9.843
683.887, 672.247, 959.123, 3585.877, 9.861
684.773, 673.030, 960.305, 3573.882, 9.880
685.650, 673.824, 961.487, 3562.259, 9.898
686.515, 674.630, 962.668, 3550.776, 9.916
687.369, 675.448, 963.849, 3538.153, 9.935
688.211, 676.280, 965.032, 3526.878, 9.953
689.086, 677.075, 966.214, 3516.756, 9.971
689.961, 677.870, 967.396, 3506.938, 9.989
690.836, 678.665, 968.578, 3496.888, 10.008
691.711, 679.460, 969.760, 3486.752, 10.026
692.586, 680.254, 970.943, 3475.912, 10.044
693.461, 681.049, 972.125, 3463.642, 10.063
694.336, 681.844, 973.307, 3450.540, 10.081
695.211, 682.639, 974.489, 3436.169, 10.099
696.087, 683.434, 975.672, 3420.436, 10.118
696.962, 684.229, 976.854, 3403.552, 10.136
697.837, 685.024, 978.036, 3388.307, 10.154
698.712, 685.819, 979.218, 3373.267, 10.173
699.587, 686.614, 980.401, 3358.516, 10.191
700.462, 687.409, 981.583, 3343.443, 10.209
701.337, 688.204, 982.765, 3327.829, 10.228
702.212, 688.999, 983.947, 3312.175, 10.246
703.087, 689.794, 985.130, 3296.732, 10.264
703.963, 690.589, 986.312, 3281.608, 10.283
704.838, 691.384, 987.494, 3266.418, 10.301
705.713, 692.179, 988.677, 3251.322, 10.319
706.588, 692.974, 989.859, 3237.482, 10.338
707.463, 693.769, 991.041, 3224.305, 10.356
708.338, 694.563, 992.223, 3211.696, 10.374
709.180, 695.395, 993.406, 3199.003, 10.393
710.067, 696.177, 994.588, 3186.697, 10.411
710.954, 696.959, 995.770, 3174.875, 10.429
711.840, 697.742, 996.952, 3163.148, 10.448
712.691, 698.563, 998.135, 3152.012, 10.466
713.554, 699.372, 999.317, 3142.439, 10.484
714.427, 700.168, 1000.499, 3131.584, 10.503
715.311, 700.954, 1001.681, 3121.142, 10.521
716.203, 701.730, 1002.864, 3110.580, 10.539
717.103, 702.498, 1004.046, 3099.617, 10.558
718.010, 703.257, 1005.228, 3087.496, 10.576
718.923, 704.010, 1006.411, 3074.835, 10.594
719.842, 704.757, 1007.594, 3061.755, 10.613
720.765, 705.499, 1008.777, 3048.663, 10.631
721.692, 706.237, 1009.960, 3035.778, 10.649
722.622, 706.972, 1011.144, 3022.973, 10.668
723.553, 707.706, 1012.327, 3010.022, 10.686
724.485, 708.438, 1013.511, 2996.168, 10.704
725.417, 709.170, 1014.695, 2981.686, 10.723
726.348, 709.903, 1015.880, 2965.778, 10.741
727.277, 710.638, 1017.065, 2948.250, 10.759
728.204, 711.377, 1018.249, 2929.987, 10.778
729.127, 712.119, 1019.434, 2911.802, 10.796
730.046, 712.865, 1020.618, 2893.754, 10.815
730.960, 713.618, 1021.801, 2876.454, 10.833
731.867, 714.378, 1022.984, 2860.075, 10.851
732.767, 715.145, 1024.167, 2844.054, 10.870
733.659, 715.921, 1025.349, 2827.551, 10.888
734.542, 716.707, 1026.530, 2810.735, 10.906
735.416, 717.504, 1027.712, 2793.406, 10.925
736.326, 718.261, 1028.895, 2776.268, 10.943
737.191, 719.066, 1030.076, 2759.092, 10.961
738.045, 719.885, 1031.256, 2742.032, 10.979
738.853, 720.753, 1032.435, 2725.628, 10.998
739.707, 721.572, 1033.617, 2710.087, 11.016
740.573, 722.377, 1034.799, 2694.968, 11.034
741.449, 723.171, 1035.981, 2680.825, 11.053
742.335, 723.954, 1037.163, 2666.475, 11.071
743.229, 724.727, 1038.346, 2652.006, 11.089
744.132, 725.492, 1039.528, 2637.127, 11.108
745.042, 726.248, 1040.712, 2622.277, 11.126
745.958, 726.998, 1041.895, 2607.563, 11.144
746.880, 727.742, 1043.079, 2593.157, 11.163
747.806, 728.481, 1044.264, 2578.926, 11.181
748.735, 729.216, 1045.449, 2565.033, 11.199
749.667, 729.949, 1046.634, 2552.002, 11.218
750.601, 730.679, 1047.819, 2539.708, 11.236
751.536, 731.408, 1049.005, 2527.190, 11.255
752.470, 732.137, 1050.190, 2514.492, 11.273
753.404, 732.868, 1051.376, 2501.531, 11.291
754.336, 733.600, 1052.561, 2488.838, 11.310
755.232, 734.372, 1053.743, 2476.529, 11.328
756.137, 735.134, 1054.926, 2464.337, 11.346
757.049, 735.889, 1056.109, 2452.945, 11.365
757.966, 736.638, 1057.293, 2441.855, 11.383
758.886, 737.382, 1058.477, 2431.178, 11.401
759.809, 738.125, 1059.661, 2421.198, 11.420
760.731, 738.868, 1060.846, 2411.476, 11.438
761.652, 739.613, 1062.030, 2401.761, 11.457
762.569, 740.361, 1063.214, 2392.147, 11.475
763.481, 741.116, 1064.397, 2382.241, 11.493
764.386, 741.878, 1065.580, 2372.835, 11.512
765.282, 742.650, 1066.762, 2363.912, 11.530
766.214, 743.382, 1067.947, 2355.241, 11.548
767.148, 744.113, 1069.133, 2346.982, 11.567
768.082, 744.842, 1070.318, 2339.157, 11.585
769.017, 745.571, 1071.504, 2332.088, 11.603
769.951, 746.302, 1072.689, 2325.295, 11.622
770.883, 747.034, 1073.875, 2318.563, 11.640
771.812, 747.769, 1075.060, 2311.566, 11.659
772.738, 748.508, 1076.244, 2304.231, 11.677
773.626, 749.289, 1077.425, 2296.885, 11.695
774.521, 750.062, 1078.607, 2289.867, 11.713
775.421, 750.829, 1079.789, 2283.423, 11.732
776.325, 751.593, 1080.972, 2277.567, 11.750
777.231, 752.354, 1082.155, 2271.828, 11.769
778.137, 753.115, 1083.338, 2266.181, 11.787
779.040, 753.879, 1084.521, 2261.120, 11.805
779.941, 754.646, 1085.704, 2255.887, 11.824
780.836, 755.419, 1086.886, 2250.722, 11.842
781.724, 756.200, 1088.068, 2245.308, 11.860
782.649, 756.939, 1089.252, 2239.994, 11.879
783.579, 757.674, 1090.437, 2235.030, 11.897
784.511, 758.406, 1091.622, 2230.006, 11.915
785.445, 759.136, 1092.807, 2225.386, 11.934
786.379, 759.866, 1093.993, 2220.957, 11.952
787.281, 760.632, 1095.175, 2216.305, 11.970
788.193, 761.386, 1096.359, 2212.230, 11.989
789.116, 762.128, 1097.543, 2208.296, 12.007
790.046, 762.862, 1098.728, 2204.019, 12.025
790.983, 763.589, 1099.914, 2200.004, 12.044
791.924, 764.312, 1101.100, 2196.143, 12.062
792.868, 765.031, 1102.286, 2192.614, 12.081
793.813, 765.749, 1103.472, 2189.545, 12.099
794.756, 766.469, 1104.659, 2186.798, 12.117
795.697, 767.191, 1105.845, 2184.307, 12.136
796.634, 767.918, 1107.031, 2181.440, 12.154
797.565, 768.652, 1108.216, 2178.984, 12.173
798.487, 769.395, 1109.400, 2176.384, 12.191
799.400, 770.149, 1110.584, 2173.972, 12.209
800.301, 770.915, 1111.766, 2171.644, 12.228
801.202, 771.681, 1112.948, 2169.307, 12.246
802.115, 772.435, 1114.132, 2167.156, 12.264
803.037, 773.177, 1115.316, 2165.302, 12.283
803.968, 773.911, 1116.501, 2163.466, 12.301
804.905, 774.639, 1117.687, 2161.417, 12.319
805.846, 775.361, 1118.873, 2158.946, 12.338
806.789, 776.080, 1120.059, 2155.479, 12.356
807.734, 776.799, 1121.246, 2151.965, 12.374
808.678, 777.518, 1122.433, 2148.040, 12.393
809.619, 778.240, 1123.619, 2143.742, 12.411
810.556, 778.967, 1124.805, 2138.851, 12.430
811.486, 779.701, 1125.990, 2133.835, 12.448
812.409, 780.444, 1127.174, 2128.777, 12.466
813.288, 781.235, 1128.354, 2123.962, 12.485
814.168, 782.024, 1129.534, 2119.244, 12.503
815.093, 782.764, 1130.719, 2114.593, 12.521
816.028, 783.493, 1131.904, 2109.088, 12.540
816.971, 784.213, 1133.090, 2103.161, 12.558
817.920, 784.927, 1134.277, 2097.752, 12.577
818.873, 785.635, 1135.465, 2092.459, 12.595
819.830, 786.341, 1136.652, 2087.064, 12.613
820.787, 787.046, 1137.840, 2081.761, 12.632
821.743, 787.751, 1139.028, 2076.527, 12.650
822.696, 788.460, 1140.216, 2071.980, 12.669
823.612, 789.210, 1141.399, 2068.292, 12.687
824.534, 789.954, 1142.584, 2065.259, 12.705
825.459, 790.694, 1143.768, 2061.980, 12.724
826.385, 791.432, 1144.953, 2058.719, 12.742
827.310, 792.173, 1146.137, 2055.280, 12.760
828.230, 792.919, 1147.321, 2052.083, 12.779
829.189, 793.620, 1148.510, 2048.883, 12.797
830.154, 794.317, 1149.699, 2045.687, 12.816
831.121, 795.011, 1150.889, 2042.504, 12.834
832.088, 795.704, 1152.079, 2039.331, 12.852
833.055, 796.398, 1153.269, 2036.514, 12.871
833.986, 797.132, 1154.453, 2033.785, 12.889
834.924, 797.857, 1155.639, 2031.155, 12.908
835.868, 798.576, 1156.826, 2027.944, 12.926
836.815, 799.292, 1158.013, 2024.520, 12.944
837.762, 800.008, 1159.200, 2021.257, 12.963
838.706, 800.728, 1160.387, 2017.642, 12.981
839.644, 801.453, 1161.573, 2013.661, 13.000
840.575, 802.186, 1162.757, 2009.727, 13.018
841.542, 802.880, 1163.947, 2005.571, 13.036
842.476, 803.610, 1165.133, 2001.850, 13.055
843.422, 804.328, 1166.319, 1998.071, 13.073
844.376, 805.035, 1167.508, 1994.489, 13.092
845.337, 805.736, 1168.697, 1990.672, 13.110
846.301, 806.432, 1169.886, 1986.756, 13.129
847.267, 807.128, 1171.076, 1983.175, 13.147
848.230, 807.826, 1172.265, 1979.331, 13.165
849.189, 808.528, 1173.454, 1975.137, 13.184
850.141, 809.239, 1174.642, 1971.523, 13.202
851.050, 809.997, 1175.824, 1968.096, 13.221
852.005, 810.703, 1177.012, 1964.634, 13.239
852.971, 811.398, 1178.201, 1961.378, 13.257
853.945, 812.084, 1179.392, 1958.082, 13.276
854.925, 812.764, 1180.584, 1954.640, 13.294
855.907, 813.441, 1181.776, 1950.986, 13.313
856.889, 814.118, 1182.969, 1947.020, 13.331
857.868, 814.798, 1184.161, 1942.887, 13.350
858.809, 815.521, 1185.347, 1938.974, 13.368
859.754, 816.239, 1186.534, 1935.178, 13.387
860.700, 816.956, 1187.720, 1931.651, 13.405
861.643, 817.676, 1188.907, 1927.675, 13.423
862.627, 818.351, 1190.099, 1923.852, 13.442
863.615, 819.021, 1191.293, 1919.978, 13.460
864.606, 819.690, 1192.487, 1915.903, 13.479
865.595, 820.359, 1193.681, 1911.458, 13.497
866.580, 821.032, 1194.874, 1906.262, 13.516
867.526, 821.749, 1196.060, 1901.540, 13.534
868.476, 822.463, 1197.248, 1896.888, 13.553
869.425, 823.176, 1198.435, 1892.770, 13.571
870.371, 823.893, 1199.622, 1889.208, 13.589
871.357, 824.566, 1200.815, 1885.569, 13.608
872.346, 825.235, 1202.009, 1882.135, 13.626
873.336, 825.904, 1203.203, 1878.678, 13.645
874.324, 826.574, 1204.397, 1875.394, 13.664
875.275, 827.286, 1205.584, 1872.245, 13.682
876.230, 827.992, 1206.772, 1868.611, 13.700
877.188, 828.697, 1207.961, 1865.121, 13.719
878.143, 829.403, 1209.149, 1862.092, 13.737
879.094, 830.115, 1210.336, 1859.594, 13.756
880.082, 830.785, 1211.530, 1857.426, 13.774
881.072, 831.454, 1212.724, 1855.168, 13.793
882.028, 832.160, 1213.912, 1852.704, 13.811
882.992, 832.856, 1215.102, 1850.379, 13.829
883.962, 833.547, 1216.292, 1847.848, 13.848
884.934, 834.236, 1217.483, 1845.097, 13.866
885.904, 834.926, 1218.674, 1842.085, 13.885
886.868, 835.623, 1219.864, 1839.178, 13.903
887.871, 836.278, 1221.060, 1836.121, 13.922
888.875, 836.930, 1222.257, 1832.873, 13.940
889.845, 837.621, 1223.448, 1829.560, 13.959
890.824, 838.302, 1224.640, 1826.250, 13.977
891.808, 838.977, 1225.833, 1822.422, 13.996
892.794, 839.650, 1227.027, 1818.255, 14.014
893.778, 840.325, 1228.220, 1814.120, 14.033
894.756, 841.006, 1229.412, 1809.824, 14.051
895.726, 841.696, 1230.603, 1805.623, 14.070
896.731, 842.349, 1231.800, 1801.159, 14.088
897.699, 843.041, 1232.990, 1797.113, 14.107
898.676, 843.724, 1234.182, 1792.998, 14.125
899.658, 844.401, 1235.375, 1788.910, 14.144
900.640, 845.078, 1236.568, 1785.070, 14.162
901.620, 845.758, 1237.761, 1781.177, 14.181
902.593, 846.445, 1238.952, 1777.138, 14.199
903.557, 847.143, 1240.141, 1773.031, 14.218
904.554, 847.803, 1241.337, 1768.888, 14.236
905.515, 848.503, 1242.526, 1764.874, 14.255
906.483, 849.196, 1243.716, 1760.877, 14.273
907.455, 849.885, 1244.907, 1756.869, 14.291
908.426, 850.573, 1246.098, 1752.721, 14.310
909.394, 851.266, 1247.288, 1748.629, 14.328
910.322, 852.003, 1248.471, 1744.810, 14.347
911.298, 852.687, 1249.662, 1741.166, 14.365
912.286, 853.358, 1250.856, 1737.595, 14.384
913.281, 854.021, 1252.052, 1733.881, 14.402
914.281, 854.678, 1253.249, 1730.269, 14.421
915.282, 855.334, 1254.446, 1726.964, 14.439
916.280, 855.994, 1255.642, 1723.772, 14.458
917.239, 856.697, 1256.830, 1720.530, 14.476
918.200, 857.397, 1258.018, 1717.394, 14.495
919.206, 858.048, 1259.216, 1714.184, 14.513
920.220, 858.690, 1260.416, 1711.261, 14.532
921.239, 859.326, 1261.617, 1708.659, 14.551
922.259, 859.962, 1262.818, 1706.292, 14.569
923.242, 860.638, 1264.011, 1703.789, 14.588
924.232, 861.307, 1265.205, 1701.265, 14.606
925.223, 861.974, 1266.400, 1698.764, 14.625
926.212, 862.644, 1267.594, 1696.445, 14.643
927.240, 863.270, 1268.797, 1693.691, 14.662
928.271, 863.893, 1270.001, 1690.770, 14.681
929.301, 864.518, 1271.205, 1687.745, 14.699
930.327, 865.147, 1272.408, 1684.825, 14.718
931.311, 865.822, 1273.601, 1682.096, 14.736
932.296, 866.495, 1274.794, 1679.700, 14.755
933.278, 867.173, 1275.987, 1677.341, 14.773
934.251, 867.860, 1277.177, 1674.615, 14.792
935.226, 868.545, 1278.369, 1671.617, 14.810
936.210, 869.220, 1279.562, 1668.777, 14.829
937.200, 869.889, 1280.756, 1665.909, 14.847
938.190, 870.557, 1281.951, 1662.862, 14.866
939.177, 871.229, 1283.145, 1659.793, 14.884
940.203, 871.858, 1284.347, 1656.981, 14.903
941.197, 872.522, 1285.542, 1654.337, 14.921
942.201, 873.174, 1286.740, 1651.812, 14.940
943.212, 873.820, 1287.939, 1649.650, 14.959
944.225, 874.463, 1289.139, 1647.311, 14.977
945.235, 875.110, 1290.338, 1644.803, 14.996
946.238, 875.764, 1291.535, 1642.349, 15.014
947.242, 876.417, 1292.733, 1639.887, 15.033
948.258, 877.057, 1293.933, 1637.556, 15.052
949.279, 877.691, 1295.135, 1635.349, 15.070
950.302, 878.323, 1296.337, 1633.151, 15.089
951.323, 878.958, 1297.539, 1630.874, 15.107
952.303, 879.637, 1298.731, 1628.496, 15.126
953.331, 880.264, 1299.934, 1626.210, 15.145
954.368, 880.880, 1301.140, 1623.785, 15.163
955.411, 881.491, 1302.347, 1621.093, 15.182
956.455, 882.100, 1303.555, 1618.131, 15.201
957.495, 882.713, 1304.762, 1615.149, 15.219
958.493, 883.372, 1305.958, 1612.243, 15.238
959.492, 884.031, 1307.154, 1609.712, 15.256
960.485, 884.696, 1308.349, 1607.539, 15.275
961.515, 885.321, 1309.553, 1605.491, 15.294
962.543, 885.948, 1310.757, 1603.062, 15.312
963.530, 886.619, 1311.950, 1600.743, 15.331
964.520, 887.288, 1313.144, 1598.278, 15.349
965.553, 887.909, 1314.349, 1595.626, 15.368
966.592, 888.524, 1315.556, 1592.740, 15.387
967.631, 889.138, 1316.762, 1589.846, 15.405
968.633, 889.793, 1317.959, 1586.659, 15.424
969.640, 890.443, 1319.158, 1583.626, 15.443
970.645, 891.095, 1320.356, 1580.685, 15.461
971.692, 891.701, 1321.564, 1577.900, 15.480
972.707, 892.341, 1322.765, 1575.041, 15.498
973.733, 892.970, 1323.968, 1572.045, 15.517
974.765, 893.593, 1325.173, 1569.126, 15.536
975.796, 894.216, 1326.378, 1566.143, 15.554
976.822, 894.845, 1327.581, 1562.886, 15.573
977.851, 895.470, 1328.785, 1559.756, 15.592
978.890, 896.084, 1329.992, 1556.500, 15.610
979.935, 896.693, 1331.201, 1553.229, 15.629
980.980, 897.301, 1332.410, 1550.156, 15.648
982.019, 897.915, 1333.617, 1547.251, 15.667
983.061, 898.526, 1334.825, 1544.200, 15.685
984.114, 899.125, 1336.036, 1541.000, 15.704
985.172, 899.719, 1337.249, 1537.698, 15.723
986.230, 900.313, 1338.462, 1534.178, 15.742
987.283, 900.912, 1339.674, 1530.585, 15.761
988.325, 901.523, 1340.882, 1527.297, 15.779
989.398, 902.100, 1342.100, 1524.097, 15.798
990.430, 902.722, 1343.305, 1521.217, 15.817
991.463, 903.343, 1344.510, 1518.376, 15.836
992.492, 903.969, 1345.714, 1515.658, 15.854
993.511, 904.605, 1346.915, 1512.882, 15.873
994.528, 905.244, 1348.115, 1509.555, 15.891
995.552, 905.875, 1349.317, 1506.329, 15.910
996.576, 906.506, 1350.520, 1502.928, 15.929
997.596, 907.142, 1351.721, 1499.239, 15.947
998.573, 907.825, 1352.910, 1495.677, 15.966
999.594, 908.459, 1354.112, 1492.540, 15.984
1000.620, 909.088, 1355.315, 1489.415, 16.003
1001.646, 909.717, 1356.518, 1486.501, 16.022
1002.667, 910.351, 1357.720, 1483.585, 16.040
1003.690, 910.983, 1358.923, 1480.654, 16.059
1004.724, 911.603, 1360.129, 1477.462, 16.078
1005.763, 912.217, 1361.336, 1474.226, 16.096
1006.803, 912.831, 1362.543, 1470.873, 16.115
1007.803, 913.488, 1363.739, 1467.526, 16.134
1008.853, 914.091, 1364.949, 1464.386, 16.152
1009.912, 914.684, 1366.162, 1461.601, 16.171
1010.975, 915.272, 1367.376, 1458.861, 16.190
1012.004, 915.897, 1368.580, 1456.095, 16.209
1013.039, 916.516, 1369.786, 1453.277, 16.227
1014.121, 917.083, 1371.006, 1450.616, 16.246
1015.211, 917.641, 1372.229, 1447.693, 16.265
1016.304, 918.197, 1373.453, 1444.685, 16.284
1017.360, 918.792, 1374.665, 1441.893, 16.303
1018.421, 919.383, 1375.879, 1439.149, 16.322
1019.480, 919.975, 1377.092, 1436.396, 16.341
1020.531, 920.576, 1378.303, 1434.038, 16.359
1021.582, 921.178, 1379.514, 1431.674, 16.378
1022.638, 921.774, 1380.727, 1429.291, 16.397
1023.694, 922.369, 1381.939, 1426.665, 16.416
1024.745, 922.971, 1383.150, 1424.079, 16.435
1025.796, 923.572, 1384.361, 1421.673, 16.453
1026.855, 924.165, 1385.574, 1419.170, 16.472
1027.916, 924.755, 1386.788, 1416.756, 16.491
1028.972, 925.350, 1388.001, 1414.365, 16.510
1030.031, 925.943, 1389.214, 1411.816, 16.529
1031.100, 926.524, 1390.431, 1409.396, 16.547
1032.173, 927.102, 1391.649, 1407.192, 16.566
1033.242, 927.683, 1392.866, 1404.775, 16.585
1034.270, 928.310, 1394.069, 1402.426, 16.604
1035.341, 928.889, 1395.287, 1400.090, 16.623
1036.417, 929.463, 1396.506, 1397.828, 16.642
1037.458, 930.075, 1397.713, 1395.556, 16.660
1038.503, 930.683, 1398.922, 1393.288, 16.679
1039.592, 931.242, 1400.146, 1391.064, 16.698
1040.686, 931.797, 1401.371, 1388.599, 16.717
1041.744, 932.390, 1402.584, 1386.157, 16.736
1042.807, 932.978, 1403.799, 1383.896, 16.755
1043.914, 933.518, 1405.029, 1381.633, 16.774
1045.026, 934.053, 1406.261, 1379.411, 16.793
1046.102, 934.626, 1407.480, 1376.982, 16.812
1047.183, 935.195, 1408.701, 1374.713, 16.831
1048.260, 935.767, 1409.921, 1333.472, 16.850
1049.375, 936.297, 1411.156, 1331.494, 16.869
1050.454, 936.868, 1412.376, 1329.426, 16.888
1051.537, 937.435, 1413.598, 1327.399, 16.907
1052.615, 938.006, 1414.818, 1325.357, 16.925
1053.697, 938.573, 1416.040, 1323.366, 16.944
1054.787, 939.131, 1417.264, 1321.285, 16.963
1055.879, 939.687, 1418.490, 1319.148, 16.982
1056.966, 940.249, 1419.713, 1317.000, 17.001
1058.054, 940.810, 1420.937, 1314.929, 17.020
1059.149, 941.363, 1422.164, 1312.888, 17.039
1060.243, 941.916, 1423.390, 1310.993, 17.058
1061.331, 942.477, 1424.614, 1308.992, 17.077
1062.451, 943.002, 1425.851, 1306.920, 17.097
1063.531, 943.572, 1427.071, 1304.800, 17.115
1064.610, 944.143, 1428.292, 1302.794, 17.134
1065.681, 944.722, 1429.509, 1300.809, 17.153
1066.750, 945.304, 1430.725, 1298.712, 17.172
1067.823, 945.880, 1431.944, 1296.507, 17.191
1068.894, 946.460, 1433.161, 1294.462, 17.210
1069.968, 947.035, 1434.380, 1292.323, 17.229
1071.053, 947.600, 1435.602, 1290.298, 17.248
1072.139, 948.162, 1436.826, 1288.177, 17.267
1073.222, 948.729, 1438.048, 1286.133, 17.286
1074.306, 949.294, 1439.270, 1283.833, 17.305
1075.398, 949.850, 1440.496, 1281.670, 17.324
1076.457, 950.442, 1441.709, 1279.574, 17.342
1077.523, 951.027, 1442.924, 1277.553, 17.361
1078.634, 951.562, 1444.157, 1275.591, 17.380
1079.749, 952.093, 1445.391, 1273.500, 17.399
1080.862, 952.627, 1446.624, 1271.349, 17.419
1081.931, 953.208, 1447.841, 1269.160, 17.437
1083.042, 953.743, 1449.074, 1266.947, 17.457
1084.156, 954.275, 1450.308, 1264.657, 17.476
1085.264, 954.814, 1451.540, 1262.474, 17.495
1086.373, 955.351, 1452.772, 1260.383, 17.514
1087.489, 955.881, 1454.007, 1258.358, 17.533
1088.572, 956.447, 1455.229, 1256.464, 17.552
1089.659, 957.008, 1456.452, 1254.462, 17.571
1090.791, 957.520, 1457.694, 1252.335, 17.590
1091.927, 958.028, 1458.937, 1250.157, 17.609
1093.026, 958.577, 1460.165, 1247.988, 17.628
1094.126, 959.124, 1461.394, 1245.915, 17.647
1095.220, 959.678, 1462.620, 1243.818, 17.667
1096.313, 960.233, 1463.846, 1241.851, 17.686
1097.411, 960.783, 1465.074, 1239.766, 17.705
1098.505, 961.337, 1466.300, 1237.669, 17.724
1099.601, 961.889, 1467.527, 1235.567, 17.743
1100.704, 962.433, 1468.757, 1233.569, 17.762
1101.806, 962.978, 1469.986, 1231.251, 17.781
1102.912, 963.519, 1471.217, 1229.093, 17.800
1104.028, 964.048, 1472.453, 1226.862, 17.819
1105.146, 964.576, 1473.689, 1224.900, 17.838
1106.225, 965.147, 1474.909, 1222.914, 17.857
1107.348, 965.668, 1476.147, 1221.170, 17.876
1108.475, 966.186, 1477.386, 1219.399, 17.895
1109.644, 966.657, 1478.644, 1217.619, 17.915
1110.782, 967.163, 1479.889, 1215.770, 17.934
1111.926, 967.662, 1481.136, 1214.009, 17.954
1113.037, 968.198, 1482.369, 1212.106, 17.973
1114.150, 968.730, 1483.603, 1210.232, 17.992
1115.306, 969.216, 1484.856, 1208.219, 18.011
1116.461, 969.703, 1486.108, 1206.463, 18.031
1117.575, 970.235, 1487.343, 1204.688, 18.050
1118.685, 970.771, 1488.575, 1203.100, 18.069
1119.796, 971.306, 1489.809, 1201.474, 18.088
1120.912, 971.836, 1491.044, 1199.833, 18.107
1122.072, 972.317, 1492.300, 1197.993, 18.127
1123.200, 972.834, 1493.540, 1196.195, 18.146
1124.334, 973.344, 1494.784, 1194.336, 18.165
1125.466, 973.856, 1496.026, 1192.440, 18.184
1126.599, 974.367, 1497.269, 1190.423, 18.204
1127.739, 974.871, 1498.515, 1188.415, 18.223
1128.875, 975.378, 1499.759, 1186.533, 18.242
1130.014, 975.883, 1501.005, 1184.566, 18.262
1131.159, 976.381, 1502.253, 1182.731, 18.281
1132.301, 976.882, 1503.501, 1180.884, 18.300
1133.445, 977.381, 1504.749, 1178.847, 18.320
1134.595, 977.873, 1505.999, 1176.867, 18.339
1135.743, 978.368, 1507.249, 1174.868, 18.358
1136.892, 978.861, 1508.500, 1172.719, 18.378
1138.047, 979.347, 1509.753, 1170.723, 18.397
1139.200, 979.837, 1511.005, 1168.686, 18.417
1140.355, 980.324, 1512.259, 1166.790, 18.436
1141.515, 980.804, 1513.515, 1164.743, 18.455
1142.640, 981.325, 1514.753, 1162.893, 18.475
1143.766, 981.844, 1515.993, 1161.174, 18.494
1144.929, 982.322, 1517.250, 1159.360, 18.513
1146.054, 982.841, 1518.489, 1157.507, 18.533
1147.226, 983.310, 1519.751, 1155.619, 18.552
1148.401, 983.774, 1521.015, 1153.711, 18.572
1149.537, 984.282, 1522.258, 1151.980, 18.591
1150.671, 984.792, 1523.501, 1150.260, 18.610
1151.841, 985.262, 1524.762, 1148.727, 18.630
1152.970, 985.778, 1526.003, 1147.043, 18.649
1154.142, 986.245, 1527.265, 1145.534, 18.669
1155.282, 986.749, 1528.510, 1144.063, 18.688
1156.426, 987.248, 1529.758, 1142.642, 18.707
1157.612, 987.701, 1531.027, 1141.064, 18.727
1158.763, 988.192, 1532.278, 1139.522, 18.746
1159.917, 988.680, 1533.531, 1137.863, 18.766
1161.110, 989.124, 1534.804, 1136.272, 18.786
1162.268, 989.609, 1536.058, 1134.726, 18.805
1163.426, 990.092, 1537.314, 1133.182, 18.824
1164.622, 990.533, 1538.588, 1131.577, 18.844
1165.781, 991.016, 1539.843, 1129.919, 18.864
1166.938, 991.501, 1541.097, 1128.307, 18.883
1168.098, 991.982, 1542.353, 1126.684, 18.903
1169.265, 992.456, 1543.612, 1124.815, 18.922
1170.427, 992.934, 1544.869, 1123.043, 18.942
1171.590, 993.413, 1546.127, 1121.330, 18.961
1172.756, 993.887, 1547.386, 1119.625, 18.981
1173.883, 994.405, 1548.625, 1117.944, 19.000
1175.053, 994.876, 1549.886, 1116.246, 19.019
1176.223, 995.346, 1551.147, 1114.704, 19.039
1177.396, 995.813, 1552.409, 1113.042, 19.058
1178.576, 996.272, 1553.675, 1111.431, 19.078
1179.721, 996.770, 1554.923, 1109.875, 19.097
1180.912, 997.217, 1556.195, 1108.063, 19.117
1182.107, 997.660, 1557.469, 1106.453, 19.137
1183.261, 998.147, 1558.722, 1104.855, 19.156
1184.460, 998.587, 1559.997, 1103.241, 19.176
1185.624, 999.063, 1561.256, 1101.717, 19.196
1186.792, 999.536, 1562.515, 1100.190, 19.215
1187.998, 999.966, 1563.795, 1098.827, 19.235
1189.166, 1000.439, 1565.055, 1097.416, 19.254
1190.380, 1000.861, 1566.339, 1095.927, 19.274
1191.561, 1001.319, 1567.606, 1094.467, 19.294
1192.747, 1001.772, 1568.875, 1092.980, 19.314
1193.940, 1002.217, 1570.148, 1091.419, 19.333
1195.143, 1002.651, 1571.427, 1089.892, 19.353
1196.345, 1003.086, 1572.704, 1088.334, 19.373
1197.549, 1003.519, 1573.983, 1086.801, 19.393
1198.757, 1003.947, 1575.265, 1085.247, 19.413
1199.925, 1004.419, 1576.525, 1083.882, 19.432
1201.136, 1004.845, 1577.808, 1082.463, 19.452
1202.345, 1005.272, 1579.090, 1080.959, 19.472
1203.555, 1005.698, 1580.373, 1079.572, 19.492
1204.769, 1006.121, 1581.658, 1078.161, 19.512
1205.941, 1006.588, 1582.920, 1076.653, 19.531
1207.156, 1007.009, 1584.205, 1075.266, 19.551
1208.334, 1007.471, 1585.470, 1073.787, 19.571
1209.558, 1007.881, 1586.760, 1072.349, 19.591
1210.750, 1008.327, 1588.033, 1070.850, 19.611
1211.946, 1008.769, 1589.308, 1069.474, 19.630
1213.181, 1009.168, 1590.605, 1068.135, 19.651
1214.377, 1009.610, 1591.880, 1066.709, 19.670
1215.616, 1010.004, 1593.179, 1065.160, 19.690
1216.821, 1010.436, 1594.459, 1063.811, 19.710
1218.027, 1010.867, 1595.740, 1062.270, 19.730
1219.235, 1011.295, 1597.022, 1060.821, 19.750
1220.448, 1011.718, 1598.306, 1059.476, 19.770
1221.667, 1012.135, 1599.594, 1058.119, 19.790
1222.894, 1012.542, 1600.887, 1056.819, 19.810
1224.117, 1012.954, 1602.177, 1055.492, 19.830
1225.339, 1013.367, 1603.467, 1054.199, 19.850
1226.561, 1013.781, 1604.757, 1052.993, 19.870
1227.784, 1014.192, 1606.048, 1051.609, 19.890
1229.011, 1014.600, 1607.340, 1050.189, 19.910
1230.243, 1015.001, 1608.637, 1048.735, 19.930
1231.483, 1015.395, 1609.937, 1047.355, 19.950
1232.684, 1015.831, 1611.214, 1046.007, 19.970
1233.929, 1016.219, 1612.518, 1044.695, 19.990
1235.172, 1016.609, 1613.821, 1043.415, 20.010
1236.415, 1016.999, 1615.123, 1042.119, 20.031
1237.659, 1017.387, 1616.427, 1040.923, 20.051
1238.861, 1017.823, 1617.704, 1039.725, 20.071
1240.100, 1018.217, 1619.005, 1038.458, 20.091
1241.299, 1018.655, 1620.280, 1037.101, 20.111
1242.538, 1019.049, 1621.581, 1035.758, 20.131
1243.740, 1019.485, 1622.858, 1034.343, 20.151
1244.985, 1019.873, 1624.162, 1033.009, 20.171
1246.194, 1020.300, 1625.444, 1031.723, 20.191
1247.449, 1020.676, 1626.754, 1030.511, 20.211
1248.672, 1021.089, 1628.045, 1029.186, 20.231
1249.897, 1021.499, 1629.336, 1027.872, 20.251
1251.124, 1021.906, 1630.629, 1026.507, 20.271
1252.354, 1022.310, 1631.924, 1025.279, 20.291
1253.590, 1022.709, 1633.222, 1023.837, 20.311
1254.830, 1023.101, 1634.523, 1022.477, 20.331
1256.077, 1023.487, 1635.828, 1021.108, 20.352
1257.330, 1023.865, 1637.137, 1019.790, 20.372
1258.592, 1024.235, 1638.452, 1018.472, 20.392
1259.863, 1024.594, 1639.772, 1017.229, 20.413
1261.096, 1024.994, 1641.069, 1015.982, 20.433
1262.373, 1025.347, 1642.393, 1014.744, 20.453
1263.614, 1025.740, 1643.694, 1013.401, 20.474
1264.899, 1026.084, 1645.023, 1012.167, 20.494
1266.148, 1026.466, 1646.330, 1010.879, 20.514
1267.443, 1026.800, 1647.666, 1009.631, 20.535
1268.703, 1027.171, 1648.979, 1008.319, 20.555
1270.009, 1027.491, 1650.323, 1007.093, 20.576
1271.282, 1027.849, 1651.644, 1005.796, 20.597
1272.554, 1028.206, 1652.966, 1004.652, 20.617
1273.827, 1028.563, 1654.288, 1003.473, 20.638
1275.099, 1028.921, 1655.610, 1002.214, 20.658
1276.372, 1029.278, 1656.931, 1000.939, 20.679
1277.644, 1029.635, 1658.253, 999.634, 20.699
1278.917, 1029.993, 1659.575, 998.348, 20.720
1280.190, 1030.350, 1660.897, 997.039, 20.740
1281.462, 1030.708, 1662.218, 995.689, 20.761
1282.735, 1031.065, 1663.540, 994.291, 20.781
1284.007, 1031.422, 1664.862, 992.836, 20.802
1285.280, 1031.780, 1666.184, 991.494, 20.822
1286.553, 1032.137, 1667.506, 990.128, 20.843
1287.825, 1032.495, 1668.827, 988.760, 20.863
1289.098, 1032.852, 1670.149, 987.376, 20.884
1290.370, 1033.209, 1671.471, 985.925, 20.904
1291.643, 1033.567, 1672.793, 984.586, 20.925
1292.882, 1033.961, 1674.092, 983.190, 20.945
1294.167, 1034.305, 1675.423, 981.757, 20.965
1295.417, 1034.686, 1676.730, 980.341, 20.986
1296.713, 1035.018, 1678.067, 978.940, 21.006
1297.973, 1035.389, 1679.381, 977.593, 21.027
1299.278, 1035.712, 1680.724, 976.314, 21.048
1300.546, 1036.074, 1682.043, 975.003, 21.068
1301.824, 1036.425, 1683.368, 973.730, 21.089
1303.111, 1036.767, 1684.699, 972.360, 21.109
1304.406, 1037.099, 1686.036, 971.041, 21.130
1305.708, 1037.424, 1687.378, 969.644, 21.151
1307.017, 1037.742, 1688.723, 968.246, 21.172
1308.330, 1038.055, 1690.073, 966.767, 21.193
1309.648, 1038.362, 1691.427, 965.397, 21.213
1310.970, 1038.666, 1692.783, 963.956, 21.235
1312.294, 1038.966, 1694.141, 962.547, 21.256
1313.586, 1039.302, 1695.476, 961.126, 21.276
1314.926, 1039.586, 1696.844, 959.723, 21.297
1316.230, 1039.907, 1698.188, 958.220, 21.318
1317.546, 1040.217, 1699.540, 956.714, 21.339
1318.870, 1040.518, 1700.898, 955.185, 21.360
1320.202, 1040.810, 1702.261, 953.632, 21.381
1321.539, 1041.097, 1703.628, 952.095, 21.403
1322.879, 1041.380, 1704.998, 950.653, 21.424
1324.221, 1041.661, 1706.368, 949.129, 21.445
1325.563, 1041.941, 1707.739, 947.637, 21.466
1326.870, 1042.261, 1709.085, 946.164, 21.487
1328.219, 1042.534, 1710.461, 944.695, 21.509
1329.529, 1042.851, 1711.808, 943.202, 21.529
1330.876, 1043.126, 1713.183, 941.672, 21.551
1332.226, 1043.398, 1714.560, 940.191, 21.572
1333.577, 1043.669, 1715.937, 938.769, 21.593
1334.928, 1043.941, 1717.314, 937.358, 21.615
1336.241, 1044.253, 1718.665, 936.054, 21.636
1337.597, 1044.519, 1720.046, 934.686, 21.657
1338.912, 1044.830, 1721.397, 933.356, 21.678
1340.264, 1045.100, 1722.775, 932.052, 21.699
1341.617, 1045.368, 1724.155, 930.745, 21.721
1342.937, 1045.673, 1725.510, 929.501, 21.742
1344.268, 1045.966, 1726.872, 928.201, 21.763
1345.607, 1046.251, 1728.241, 926.962, 21.784
1346.951, 1046.530, 1729.614, 925.756, 21.805
1348.298, 1046.805, 1730.988, 924.574, 21.827
1349.645, 1047.081, 1732.363, 923.454, 21.848
1350.989, 1047.360, 1733.736, 922.303, 21.869
1352.327, 1047.644, 1735.104, 921.181, 21.891
1353.671, 1047.923, 1736.477, 920.092, 21.912
1355.018, 1048.199, 1737.852, 918.982, 21.933
1356.365, 1048.475, 1739.226, 917.925, 21.954
1357.756, 1048.702, 1740.634, 916.777, 21.976
1359.109, 1048.971, 1742.014, 915.678, 21.998
1360.468, 1049.233, 1743.398, 914.580, 22.019
1361.831, 1049.491, 1744.785, 913.484, 22.041
1363.194, 1049.748, 1746.172, 912.370, 22.062
1364.523, 1050.044, 1747.533, 911.234, 22.083
1365.892, 1050.294, 1748.925, 910.040, 22.105
1367.268, 1050.539, 1750.322, 908.821, 22.126
1368.612, 1050.817, 1751.694, 907.580, 22.148
1370.002, 1051.045, 1753.103, 906.380, 22.170
1371.355, 1051.314, 1754.482, 905.136, 22.191
1372.715, 1051.576, 1755.866, 903.855, 22.212
1374.077, 1051.835, 1757.253, 902.569, 22.234
1375.438, 1052.095, 1758.638, 901.273, 22.255
1376.808, 1052.345, 1760.031, 899.970, 22.277
1378.183, 1052.589, 1761.428, 898.711, 22.299
1379.560, 1052.831, 1762.826, 897.377, 22.320
1380.935, 1053.076, 1764.223, 896.030, 22.342
1382.305, 1053.326, 1765.615, 894.671, 22.364
1383.680, 1053.571, 1767.012, 893.330, 22.385
1385.068, 1053.801, 1768.419, 892.023, 22.407
1386.468, 1054.019, 1769.835, 890.696, 22.429
1387.874, 1054.229, 1771.256, 889.335, 22.451
1389.251, 1054.472, 1772.654, 888.004, 22.473
1390.673, 1054.664, 1774.088, 886.634, 22.495
1392.057, 1054.899, 1775.492, 885.336, 22.517
1393.446, 1055.128, 1776.899, 884.021, 22.538
1394.882, 1055.306, 1778.344, 882.720, 22.561
1396.280, 1055.525, 1779.759, 881.408, 22.583
1397.684, 1055.738, 1781.179, 880.078, 22.605
1399.089, 1055.949, 1782.600, 878.829, 22.627
1400.490, 1056.165, 1784.018, 877.576, 22.649
1401.897, 1056.375, 1785.440, 876.289, 22.671
1403.271, 1056.621, 1786.835, 875.026, 22.693
1404.687, 1056.820, 1788.265, 873.728, 22.715
1406.108, 1057.014, 1789.699, 872.461, 22.737
1407.495, 1057.246, 1791.105, 871.238, 22.759
1408.890, 1057.468, 1792.518, 870.020, 22.781
1410.335, 1057.636, 1793.972, 868.801, 22.803
1411.744, 1057.843, 1795.396, 867.534, 22.825
1413.160, 1058.043, 1796.826, 866.325, 22.847
1414.623, 1058.190, 1798.295, 865.086, 22.870
1416.049, 1058.378, 1799.733, 863.874, 22.892
1417.480, 1058.562, 1801.176, 862.647, 22.915
1418.923, 1058.731, 1802.628, 861.410, 22.937
1420.340, 1058.930, 1804.059, 860.169, 22.960
1421.804, 1059.076, 1805.529, 859.027, 22.982
1423.231, 1059.264, 1806.968, 857.923, 23.005
1424.660, 1059.450, 1808.409, 856.858, 23.027
1426.132, 1059.587, 1809.886, 855.724, 23.050
1427.609, 1059.720, 1811.368, 854.593, 23.073
1429.051, 1059.890, 1812.820, 853.449, 23.095
1430.500, 1060.054, 1814.278, 852.323, 23.118
1431.962, 1060.203, 1815.747, 851.180, 23.141
1433.431, 1060.344, 1817.223, 850.054, 23.164
1434.901, 1060.484, 1818.699, 848.929, 23.186
1436.378, 1060.615, 1820.183, 847.873, 23.209
1437.825, 1060.782, 1821.638, 846.825, 23.232
1439.312, 1060.902, 1823.131, 845.830, 23.255
1440.802, 1061.021, 1824.624, 844.786, 23.278
1442.253, 1061.181, 1826.085, 843.729, 23.301
1443.706, 1061.340, 1827.546, 842.636, 23.324
1445.201, 1061.453, 1829.045, 841.574, 23.347
1446.698, 1061.564, 1830.545, 840.478, 23.370
1448.156, 1061.716, 1832.012, 839.421, 23.393
1449.616, 1061.867, 1833.480, 838.314, 23.416
1451.085, 1062.009, 1834.955, 837.241, 23.438
1452.601, 1062.098, 1836.473, 836.135, 23.462
1454.078, 1062.231, 1837.956, 835.097, 23.485
1455.556, 1062.362, 1839.439, 834.005, 23.508
1457.041, 1062.485, 1840.930, 832.898, 23.531
1458.493, 1062.645, 1842.390, 831.789, 23.554
1459.983, 1062.763, 1843.885, 830.691, 23.577
1461.472, 1062.882, 1845.378, 829.638, 23.600
1462.965, 1062.997, 1846.876, 828.617, 23.623
1464.469, 1063.100, 1848.383, 827.628, 23.647
1465.943, 1063.236, 1849.863, 826.642, 23.670
1467.425, 1063.362, 1851.351, 825.623, 23.693
1468.956, 1063.435, 1852.882, 824.650, 23.716
1470.446, 1063.553, 1854.378, 823.663, 23.740
1471.936, 1063.671, 1855.872, 822.670, 23.763
1473.430, 1063.785, 1857.371, 821.654, 23.786
1474.934, 1063.887, 1858.878, 820.662, 23.809
1476.487, 1063.936, 1860.430, 819.698, 23.833
1478.001, 1064.028, 1861.947, 818.771, 23.857
1479.514, 1064.120, 1863.463, 817.877, 23.880
1481.033, 1064.206, 1864.984, 816.993, 23.904
1482.563, 1064.281, 1866.516, 816.110, 23.928
1484.062, 1064.389, 1868.018, 815.217, 23.951
1485.568, 1064.489, 1869.528, 814.326, 23.974
1487.085, 1064.577, 1871.047, 813.430, 23.998
1488.619, 1064.648, 1872.582, 812.509, 24.022
1490.159, 1064.710, 1874.123, 811.580, 24.046
1491.698, 1064.774, 1875.663, 810.675, 24.070
1493.239, 1064.836, 1877.205, 809.780, 24.093
1494.788, 1064.889, 1878.755, 808.920, 24.117
1496.348, 1064.930, 1880.315, 808.065, 24.142
1497.877, 1065.005, 1881.846, 807.238, 24.165
1499.412, 1065.073, 1883.383, 806.373, 24.189
1500.957, 1065.131, 1884.929, 805.564, 24.213
1502.516, 1065.173, 1886.488, 804.725, 24.237
1504.125, 1065.161, 1888.096, 803.870, 24.262
1505.695, 1065.191, 1889.666, 802.981, 24.287
1507.263, 1065.223, 1891.234, 802.097, 24.311
1508.833, 1065.253, 1892.805, 801.237, 24.335
1510.408, 1065.277, 1894.380, 800.405, 24.360
1511.992, 1065.291, 1895.964, 799.574, 24.384
1513.589, 1065.292, 1897.560, 798.769, 24.409
1515.155, 1065.327, 1899.126, 797.878, 24.433
1516.726, 1065.355, 1900.698, 797.018, 24.458
1518.305, 1065.376, 1902.277, 796.144, 24.482
1519.894, 1065.384, 1903.866, 795.266, 24.507
1521.497, 1065.378, 1905.469, 794.359, 24.532
1523.069, 1065.405, 1907.041, 793.453, 24.556
1524.646, 1065.428, 1908.618, 792.563, 24.580
1526.229, 1065.444, 1910.200, 791.695, 24.605
1527.819, 1065.451, 1911.791, 790.854, 24.630
1529.420, 1065.447, 1913.392, 790.022, 24.654
1531.032, 1065.431, 1915.004, 789.127, 24.679
1532.657, 1065.400, 1916.629, 788.256, 24.705
1534.298, 1065.353, 1918.270, 787.363, 24.730
1535.955, 1065.287, 1919.928, 786.490, 24.756
1537.584, 1065.252, 1921.558, 785.618, 24.781
1539.219, 1065.210, 1923.193, 784.748, 24.806
1540.862, 1065.160, 1924.837, 783.873, 24.832
1542.512, 1065.102, 1926.488, 783.016, 24.857
1544.171, 1065.033, 1928.148, 782.174, 24.883
1545.840, 1064.954, 1929.819, 781.338, 24.909
1547.520, 1064.864, 1931.500, 780.470, 24.935
1549.211, 1064.760, 1933.194, 779.586, 24.961
1550.915, 1064.643, 1934.900, 778.688, 24.988
1552.585, 1064.563, 1936.572, 777.815, 25.000
1554.255, 1064.483, 1938.244, 776.969, 25.000
1555.925, 1064.403, 1939.916, 776.142, 25.000
1557.595, 1064.322, 1941.588, 775.332, 25.000
1559.265, 1064.242, 1943.260, 774.529, 25.000
1560.935, 1064.162, 1944.932, 773.747, 25.000
1562.605, 1064.082, 1946.604, 772.967, 25.000
1564.275, 1064.002, 1948.275, 772.225, 25.000
1565.945, 1063.922, 1949.947, 771.463, 25.000
1567.615, 1063.841, 1951.619, 770.724, 25.000
1569.285, 1063.761, 1953.291, 770.010, 25.000
1570.955, 1063.681, 1954.963, 769.330, 25.000
1572.592, 1063.638, 1956.600, 768.676, 25.000
1574.274, 1063.544, 1958.285, 768.050, 25.000
1575.956, 1063.451, 1959.969, 767.450, 25.000
1577.637, 1063.359, 1961.652, 766.858, 25.000
1579.283, 1063.305, 1963.299, 766.272, 25.000
1580.941, 1063.239, 1964.958, 765.717, 25.000
1582.609, 1063.160, 1966.629, 765.147, 25.000
1584.287, 1063.071, 1968.309, 764.598, 25.000
1585.974, 1062.972, 1969.999, 764.073, 25.000
1587.669, 1062.864, 1971.697, 763.568, 25.000
1589.338, 1062.786, 1973.368, 763.092, 25.000
1591.025, 1062.687, 1975.058, 762.638, 25.000
1592.729, 1062.569, 1976.766, 762.201, 25.000
1594.449, 1062.435, 1978.490, 761.770, 25.000
1596.181, 1062.286, 1980.228, 761.352, 25.000
1597.925, 1062.124, 1981.978, 760.963, 25.000
1599.645, 1061.989, 1983.703, 760.575, 25.000
1601.386, 1061.831, 1985.450, 760.215, 25.000
1603.145, 1061.653, 1987.217, 759.857, 25.000
1604.918, 1061.459, 1989.001, 759.528, 25.000
1606.704, 1061.252, 1990.799, 759.228, 25.000
1608.466, 1061.070, 1992.571, 758.945, 25.000
1610.248, 1060.867, 1994.364, 758.684, 25.000
1612.045, 1060.647, 1996.175, 758.436, 25.000
1613.855, 1060.412, 1998.000, 758.211, 25.000
1615.674, 1060.168, 1999.835, 758.005, 25.000
1617.465, 1059.955, 2001.638, 757.827, 25.000
1619.270, 1059.727, 2003.457, 757.654, 25.000
1621.085, 1059.487, 2005.287, 757.501, 25.000
1622.871, 1059.279, 2007.086, 757.375, 25.000
1624.718, 1059.004, 2008.952, 757.280, 25.000
1626.540, 1058.757, 2010.791, 757.191, 25.000
1628.365, 1058.506, 2012.633, 757.127, 25.000
1630.189, 1058.256, 2014.474, 757.074, 25.000
1632.019, 1058.000, 2016.321, 757.038, 25.000
1633.863, 1057.728, 2018.185, 757.024, 25.000
1635.716, 1057.447, 2020.058, 757.032, 25.000
1637.539, 1057.198, 2021.898, 757.057, 25.000
1639.373, 1056.938, 2023.750, 757.108, 25.000
1641.211, 1056.673, 2025.607, 757.174, 25.000
1643.094, 1056.358, 2027.516, 757.257, 25.000
1644.950, 1056.074, 2029.394, 757.352, 25.000
1646.819, 1055.774, 2031.287, 757.475, 25.000
1648.661, 1055.504, 2033.149, 757.608, 25.000
1650.517, 1055.219, 2035.027, 757.751, 25.000
1652.380, 1054.927, 2036.912, 757.912, 25.000
1654.254, 1054.622, 2038.811, 758.101, 25.000
1656.148, 1054.296, 2040.732, 758.300, 25.000
1658.019, 1053.994, 2042.627, 758.527, 25.000
1659.907, 1053.674, 2044.542, 758.761, 25.000
1661.804, 1053.344, 2046.468, 759.023, 25.000
1663.749, 1052.962, 2048.449, 759.304, 25.000
1665.701, 1052.571, 2050.438, 759.614, 25.000
1667.619, 1052.218, 2052.388, 759.921, 25.000
1669.509, 1051.896, 2054.306, 760.252, 25.000
1671.409, 1051.562, 2056.235, 760.601, 25.000
1673.356, 1051.177, 2058.219, 760.971, 25.000
1675.277, 1050.821, 2060.172, 761.368, 25.000
1677.174, 1050.491, 2062.098, 761.796, 25.000
1679.132, 1050.093, 2064.095, 762.228, 25.000
1681.109, 1049.675, 2066.115, 762.680, 25.000
1683.063, 1049.283, 2068.106, 763.160, 25.000
1685.029, 1048.877, 2070.115, 763.674, 25.000
1686.966, 1048.503, 2072.087, 764.194, 25.000
1688.955, 1048.071, 2074.123, 764.733, 25.000
1690.921, 1047.665, 2076.130, 765.291, 25.000
1692.899, 1047.246, 2078.152, 765.887, 25.000
1694.893, 1046.810, 2080.192, 766.504, 25.000
1696.904, 1046.354, 2082.254, 767.128, 25.000
1698.889, 1045.928, 2084.284, 767.765, 25.000
1700.849, 1045.528, 2086.284, 768.429, 25.000
1702.865, 1045.067, 2088.353, 769.132, 25.000
1704.860, 1044.629, 2090.395, 769.854, 25.000
1706.914, 1044.127, 2092.508, 770.588, 25.000
1708.948, 1043.645, 2094.599, 771.334, 25.000
1710.998, 1043.147, 2096.707, 772.099, 25.000
1713.063, 1042.632, 2098.836, 772.883, 25.000
1715.146, 1042.097, 2100.984, 773.682, 25.000
1717.246, 1041.544, 2103.155, 774.493, 25.000
1719.331, 1041.007, 2105.307, 775.325, 25.000
1721.435, 1040.449, 2107.483, 776.169, 25.000
1723.511, 1039.922, 2109.624, 777.036, 25.000
1725.557, 1039.427, 2111.729, 777.920, 25.000
1727.653, 1038.878, 2113.895, 778.839, 25.000
1729.765, 1038.313, 2116.081, 779.756, 25.000
1731.856, 1037.768, 2118.242, 780.673, 25.000
1733.927, 1037.247, 2120.377, 781.619, 25.000
1736.054, 1036.663, 2122.583, 782.577, 25.000
1738.203, 1036.056, 2124.816, 783.541, 25.000
1740.338, 1035.465, 2127.031, 784.549, 25.000
1742.456, 1034.892, 2129.225, 785.573, 25.000
1744.634, 1034.252, 2131.494, 786.641, 25.000
1746.789, 1033.638, 2133.735, 787.720, 25.000
1748.964, 1033.001, 2136.002, 788.844, 25.000
1751.123, 1032.383, 2138.247, 789.976, 25.000
1753.308, 1031.736, 2140.525, 791.130, 25.000
1755.480, 1031.103, 2142.788, 792.289, 25.000
1757.715, 1030.401, 2145.130, 793.467, 25.000
1759.929, 1029.723, 2147.444, 794.665, 25.000
1762.161, 1029.023, 2149.783, 795.917, 25.000
1764.422, 1028.293, 2152.157, 797.207, 25.000
1766.704, 1027.539, 2154.559, 798.519, 25.000
1768.970, 1026.803, 2156.940, 799.852, 25.000
1771.259, 1026.041, 2159.352, 801.233, 25.000
1773.567, 1025.259, 2161.786, 802.637, 25.000
1775.852, 1024.501, 2164.192, 804.067, 25.000
1778.122, 1023.761, 2166.580, 805.517, 25.000
1780.415, 1022.996, 2168.997, 806.997, 25.000
1782.689, 1022.250, 2171.390, 808.504, 25.000
1785.029, 1021.432, 2173.869, 810.083, 25.000
1787.348, 1020.638, 2176.320, 811.701, 25.000
1789.683, 1019.826, 2178.792, 813.343, 25.000
1792.004, 1019.029, 2181.246, 815.009, 25.000
1794.316, 1018.242, 2183.688, 816.715, 25.000
1796.654, 1017.426, 2186.165, 818.472, 25.000
1799.022, 1016.578, 2188.680, 820.282, 25.000
1801.422, 1015.695, 2191.236, 822.124, 25.000
1803.776, 1014.862, 2193.733, 824.028, 25.000
1806.165, 1013.990, 2196.276, 825.996, 25.000
1808.591, 1013.078, 2198.867, 828.016, 25.000
1811.054, 1012.124, 2201.507, 830.094, 25.000
1813.508, 1011.181, 2204.135, 832.176, 25.000
1815.954, 1010.247, 2206.752, 834.292, 25.000
1818.437, 1009.272, 2209.418, 836.438, 25.000
1820.923, 1008.294, 2212.088, 838.645, 25.000
1823.456, 1007.263, 2214.822, 840.884, 25.000
1826.036, 1006.181, 2217.616, 843.149, 25.000
1828.580, 1005.139, 2220.363, 845.466, 25.000
1831.164, 1004.052, 2223.167, 847.849, 25.000
1833.753, 1002.961, 2225.975, 850.280, 25.000
1836.354, 1001.856, 2228.801, 852.759, 25.000
1838.962, 1000.744, 2231.637, 855.257, 25.000
1841.618, 999.578, 2234.537, 857.782, 25.000
1844.249, 998.440, 2237.404, 860.327, 25.000
1846.926, 997.251, 2240.333, 862.939, 25.000
1849.610, 996.055, 2243.271, 865.567, 25.000
1852.350, 994.797, 2246.285, 868.228, 25.000
1855.104, 993.523, 2249.319, 870.906, 25.000
1858.048, 992.116, 2252.580, 873.616, 25.000
1861.009, 990.716, 2255.855, 876.282, 25.000
1863.994, 989.301, 2259.157, 878.916, 25.000
1866.972, 987.885, 2262.454, 881.485, 25.000
1869.965, 986.429, 2265.781, 883.976, 25.000
1872.854, 984.994, 2269.004, 886.372, 25.000
1875.606, 983.626, 2272.076, 888.696, 25.000
1878.266, 982.280, 2275.056, 890.943, 25.000
1880.802, 981.002, 2277.894, 893.127, 25.000
1883.272, 979.735, 2280.667, 895.227, 25.000
1885.791, 978.433, 2283.500, 897.268, 25.000
1888.277, 977.150, 2286.296, 899.218, 25.000
1890.709, 975.898, 2289.031, 901.078, 25.000
1893.066, 974.690, 2291.680, 902.835, 25.000
1895.379, 973.486, 2294.287, 904.495, 25.000
1897.501, 972.382, 2296.679, 906.063, 25.000
1899.503, 971.320, 2298.945, 907.567, 25.000
1901.371, 970.328, 2301.060, 909.033, 25.000
1903.125, 969.400, 2303.045, 910.487, 25.000
1904.970, 968.402, 2305.142, 911.927, 25.000
1906.797, 967.422, 2307.215, 913.345, 25.000
1908.640, 966.420, 2309.312, 914.750, 25.000
1910.502, 965.392, 2311.439, 916.124, 25.000
1912.341, 964.383, 2313.537, 917.489, 25.000
1914.104, 963.398, 2315.556, 918.822, 25.000
1915.835, 962.413, 2317.546, 920.143, 25.000
1917.668, 961.375, 2319.652, 921.446, 25.000
1919.588, 960.282, 2321.861, 922.748, 25.000
1921.606, 959.124, 2324.188, 924.006, 25.000
1923.692, 957.942, 2326.584, 925.172, 25.000
1925.701, 956.799, 2328.895, 926.215, 25.000
1927.560, 955.723, 2331.042, 927.153, 25.000
1929.420, 954.630, 2333.198, 927.983, 25.000
1931.195, 953.570, 2335.265, 928.740, 25.000
1932.864, 952.554, 2337.219, 929.412, 25.000
1934.487, 951.575, 2339.115, 930.020, 25.000
1936.114, 950.587, 2341.018, 930.554, 25.000
1937.758, 949.604, 2342.933, 931.017, 25.000
1939.414, 948.615, 2344.862, 931.391, 25.000
1941.105, 947.610, 2346.829, 931.662, 25.000
1942.665, 946.681, 2348.645, 931.793, 25.000
1944.124, 945.806, 2350.345, 931.793, 25.000
1945.510, 944.962, 2351.968, 931.657, 25.000
1946.753, 944.195, 2353.429, 931.451, 25.000
1947.841, 943.509, 2354.714, 931.182, 25.000
1948.893, 942.843, 2355.960, 930.894, 25.000
1949.939, 942.180, 2357.198, 930.567, 25.000
1951.052, 941.475, 2358.516, 930.191, 25.000
1952.207, 940.750, 2359.879, 929.755, 25.000
1953.248, 940.093, 2361.110, 929.257, 25.000
1954.215, 939.474, 2362.258, 928.691, 25.000
1955.108, 938.895, 2363.322, 928.062, 25.000
1955.968, 938.326, 2364.352, 927.396, 25.000
1956.733, 937.807, 2365.276, 926.709, 25.000
1957.535, 937.269, 2366.241, 926.035, 25.000
1958.414, 936.691, 2367.293, 925.371, 25.000
1959.220, 936.158, 2368.259, 924.672, 25.000
1960.041, 935.611, 2369.245, 923.942, 25.000
1960.823, 935.088, 2370.186, 923.192, 25.000
1961.570, 934.584, 2371.087, 922.434, 25.000
1962.287, 934.097, 2371.953, 921.683, 25.000
1963.108, 933.555, 2372.938, 920.926, 25.000
1963.886, 933.040, 2373.870, 920.155, 25.000
1964.709, 932.491, 2374.860, 919.378, 25.000
1965.525, 931.942, 2375.844, 918.599, 25.000
1966.341, 931.390, 2376.829, 917.828, 25.000
1967.164, 930.829, 2377.825, 917.051, 25.000
1967.941, 930.296, 2378.767, 916.262, 25.000
1968.764, 929.730, 2379.766, 915.472, 25.000
1969.581, 929.168, 2380.757, 914.679, 25.000
1970.399, 928.605, 2381.751, 913.883, 25.000
1971.225, 928.036, 2382.753, 913.078, 25.000
1972.005, 927.497, 2383.702, 912.271, 25.000
1972.788, 926.954, 2384.653, 911.467, 25.000
1973.619, 926.374, 2385.667, 910.670, 25.000
1974.446, 925.793, 2386.678, 909.848, 25.000
1975.276, 925.205, 2387.695, 909.023, 25.000
1976.058, 924.648, 2388.655, 908.213, 25.000
1976.840, 924.088, 2389.616, 907.412, 25.000
1977.670, 923.495, 2390.636, 906.617, 25.000
1978.501, 922.908, 2391.654, 905.836, 25.000
1979.337, 922.321, 2392.676, 905.077, 25.000
1980.126, 921.768, 2393.639, 904.312, 25.000
1980.915, 921.218, 2394.601, 903.543, 25.000
1981.709, 920.664, 2395.569, 902.789, 25.000
1982.514, 920.104, 2396.549, 902.015, 25.000
1983.333, 919.533, 2397.548, 901.273, 25.000
1984.048, 918.995, 2398.442, 900.555, 25.000
1984.831, 918.411, 2399.419, 899.886, 25.000
1985.632, 917.825, 2400.411, 899.241, 25.000
1986.454, 917.231, 2401.426, 898.643, 25.000
1987.300, 916.624, 2402.466, 898.086, 25.000
1988.171, 916.000, 2403.538, 897.560, 25.000
1989.014, 915.396, 2404.575, 897.058, 25.000
1989.874, 914.780, 2405.632, 896.590, 25.000
1990.753, 914.150, 2406.714, 896.112, 25.000
1991.654, 913.503, 2407.824, 895.657, 25.000
1992.581, 912.836, 2408.966, 895.224, 25.000
1993.377, 912.231, 2409.965, 894.800, 25.000
1994.258, 911.561, 2411.071, 894.399, 25.000
1995.171, 910.870, 2412.216, 894.030, 25.000
1996.115, 910.156, 2413.400, 893.668, 25.000
1997.092, 909.418, 2414.624, 893.311, 25.000
1998.101, 908.654, 2415.890, 892.931, 25.000
1999.087, 907.906, 2417.127, 892.548, 25.000
2000.091, 907.144, 2418.388, 892.134, 25.000
2001.114, 906.369, 2419.671, 891.672, 25.000
2002.196, 905.550, 2421.028, 891.158, 25.000
2003.281, 904.728, 2422.389, 890.588, 25.000
2004.312, 903.945, 2423.684, 889.946, 25.000
2005.328, 903.167, 2424.964, 889.258, 25.000
2006.329, 902.395, 2426.228, 888.498, 25.000
2007.313, 901.628, 2427.476, 887.690, 25.000
2008.322, 900.836, 2428.759, 886.837, 25.000
2009.302, 900.062, 2430.007, 885.945, 25.000
2010.253, 899.303, 2431.223, 884.985, 25.000
2011.173, 898.558, 2432.407, 883.972, 25.000
2012.154, 897.813, 2433.638, 882.914, 25.000
2013.077, 897.119, 2434.793, 881.793, 25.000
2013.980, 896.440, 2435.922, 880.633, 25.000
2014.862, 895.775, 2437.028, 879.415, 25.000
2015.724, 895.122, 2438.109, 878.136, 25.000
2016.604, 894.446, 2439.219, 876.831, 25.000
2017.444, 893.785, 2440.287, 875.450, 25.000
2018.246, 893.139, 2441.318, 874.008, 25.000
2019.014, 892.505, 2442.313, 872.508, 25.000
2019.749, 891.883, 2443.275, 870.946, 25.000
2020.497, 891.242, 2444.260, 869.334, 25.000
2021.345, 890.563, 2445.346, 867.699, 25.000
2022.145, 889.932, 2446.366, 866.047, 25.000
2022.939, 889.311, 2447.374, 864.341, 25.000
2023.730, 888.695, 2448.376, 862.611, 25.000
2024.520, 888.080, 2449.376, 860.823, 25.000
2025.312, 887.463, 2450.381, 858.982, 25.000
2026.110, 886.838, 2451.394, 857.050, 25.000
2026.916, 886.200, 2452.422, 855.033, 25.000
2027.733, 885.547, 2453.468, 852.958, 25.000
2028.512, 884.918, 2454.469, 850.822, 25.000
2029.295, 884.281, 2455.478, 848.675, 25.000
2030.085, 883.633, 2456.500, 846.560, 25.000
2030.923, 882.938, 2457.589, 844.458, 25.000
2031.758, 882.236, 2458.680, 842.400, 25.000
2032.596, 881.525, 2459.778, 840.329, 25.000
2033.385, 880.848, 2460.817, 838.215, 25.000
2034.168, 880.168, 2461.854, 836.042, 25.000
2034.948, 879.484, 2462.892, 833.890, 25.000
2035.771, 878.763, 2463.985, 831.729, 25.000
2036.588, 878.051, 2465.070, 829.595, 25.000
2037.403, 877.342, 2466.150, 827.488, 25.000
2038.219, 876.631, 2467.232, 825.430, 25.000
2039.038, 875.915, 2468.320, 823.435, 25.000
2039.864, 875.189, 2469.420, 821.521, 25.000
2040.646, 874.494, 2470.466, 819.662, 25.000
2041.431, 873.800, 2471.514, 817.860, 25.000
2042.223, 873.105, 2472.567, 816.089, 25.000
2043.026, 872.408, 2473.631, 814.412, 25.000
2043.846, 871.707, 2474.709, 812.841, 25.000
2044.626, 871.043, 2475.734, 811.379, 25.000
2045.405, 870.377, 2476.759, 810.002, 25.000
2046.184, 869.707, 2477.786, 808.686, 25.000
2046.965, 869.032, 2478.818, 807.450, 25.000
2047.748, 868.348, 2479.858, 806.286, 25.000
2048.535, 867.654, 2480.907, 805.202, 25.000
2049.364, 866.912, 2482.019, 804.158, 25.000
2050.184, 866.166, 2483.128, 803.120, 25.000
2050.998, 865.413, 2484.236, 802.129, 25.000
2051.811, 864.651, 2485.350, 801.195, 25.000
2052.624, 863.877, 2486.473, 800.355, 25.000
2053.441, 863.089, 2487.608, 799.602, 25.000
2054.265, 862.285, 2488.760, 798.881, 25.000
2055.048, 861.508, 2489.862, 798.203, 25.000
2055.835, 860.730, 2490.969, 797.505, 25.000
2056.667, 859.917, 2492.133, 796.816, 25.000
2057.500, 859.116, 2493.288, 796.170, 25.000
2058.336, 858.326, 2494.438, 795.594, 25.000
2059.180, 857.545, 2495.588, 795.074, 25.000
2059.980, 856.813, 2496.671, 794.646, 25.000
2060.771, 856.094, 2497.740, 794.349, 25.000
2061.556, 855.385, 2498.797, 794.207, 25.000
2062.335, 854.684, 2499.845, 794.209, 25.000
2063.110, 853.987, 2500.887, 794.324, 25.000
2063.882, 853.293, 2501.925, 794.574, 25.000
2064.652, 852.600, 2502.961, 794.833, 25.000
2065.423, 851.905, 2503.998, 795.196, 25.000
2066.194, 851.205, 2505.040, 795.690, 25.000
2066.968, 850.499, 2506.087, 796.305, 25.000
2067.746, 849.783, 2507.144, 797.037, 25.000
2068.529, 849.057, 2508.212, 797.898, 25.000
2069.318, 848.316, 2509.295, 798.940, 25.000
2070.116, 847.560, 2510.394, 800.140, 25.000
2070.923, 846.786, 2511.512, 801.423, 25.000
2071.741, 845.991, 2512.652, 802.750, 25.000
2072.571, 845.174, 2513.817, 804.094, 25.000
2073.365, 844.381, 2514.940, 805.442, 25.000
2074.163, 843.578, 2516.071, 806.869, 25.000
2074.968, 842.767, 2517.213, 808.373, 25.000
2075.780, 841.947, 2518.367, 809.919, 25.000
2076.601, 841.118, 2519.534, 811.523, 25.000
2077.432, 840.278, 2520.716, 813.183, 25.000
2078.275, 839.427, 2521.913, 814.936, 25.000
2079.130, 838.564, 2523.128, 816.728, 25.000
2080.001, 837.690, 2524.362, 818.542, 25.000
2080.834, 836.850, 2525.545, 820.319, 25.000
2081.665, 836.008, 2526.728, 822.073, 25.000
2082.494, 835.163, 2527.911, 823.838, 25.000
2083.320, 834.317, 2529.094, 825.682, 25.000
2084.144, 833.468, 2530.277, 827.619, 25.000
2084.964, 832.616, 2531.460, 829.608, 25.000
2085.782, 831.762, 2532.642, 831.620, 25.000
2086.597, 830.905, 2533.824, 833.679, 25.000
2087.409, 830.045, 2535.007, 835.789, 25.000
2088.218, 829.182, 2536.189, 837.887, 25.000
2089.024, 828.317, 2537.371, 840.084, 25.000
2089.827, 827.450, 2538.554, 842.310, 25.000
2090.628, 826.580, 2539.736, 844.605, 25.000
2091.427, 825.708, 2540.918, 847.044, 25.000
2092.223, 824.835, 2542.100, 849.650, 25.000
2093.018, 823.959, 2543.283, 852.383, 25.000
2093.811, 823.083, 2544.465, 855.188, 25.000
2094.603, 822.205, 2545.647, 858.036, 25.000
2095.395, 821.327, 2546.829, 861.005, 25.000
2096.187, 820.449, 2548.011, 864.052, 25.000
2096.979, 819.572, 2549.194, 867.196, 25.000
2097.772, 818.695, 2550.376, 870.447, 25.000
2098.567, 817.820, 2551.558, 873.808, 25.000
2099.362, 816.945, 2552.740, 877.337, 25.000
2100.157, 816.070, 2553.923, 881.030, 25.000
2100.952, 815.194, 2555.105, 884.886, 25.000
2101.747, 814.319, 2556.287, 888.910, 25.000
2102.542, 813.444, 2557.469, 893.004, 25.000
2103.337, 812.569, 2558.652, 897.131, 25.000
2104.132, 811.694, 2559.834, 901.318, 25.000
2104.927, 810.819, 2561.016, 905.633, 25.000
2105.722, 809.944, 2562.199, 910.112, 25.000
2106.517, 809.069, 2563.381, 914.788, 25.000
2107.312, 808.194, 2564.563, 919.681, 25.000
2108.107, 807.319, 2565.745, 924.803, 25.000
2108.902, 806.443, 2566.928, 930.182, 25.000
2109.696, 805.568, 2568.110, 935.866, 25.000
2110.491, 804.693, 2569.292, 941.825, 25.000
2111.286, 803.818, 2570.474, 947.978, 25.000
2112.081, 802.943, 2571.657, 954.376, 25.000
2112.876, 802.068, 2572.839, 961.031, 25.000
2113.671, 801.193, 2574.021, 968.060, 25.000
2114.466, 800.318, 2575.203, 975.479, 25.000
2115.261, 799.443, 2576.386, 983.303, 25.000
2116.056, 798.567, 2577.568, 991.598, 25.000
2116.851, 797.692, 2578.750, 1000.430, 25.000
2117.646, 796.817, 2579.932, 1009.862, 25.000
2118.441, 795.942, 2581.115, 1019.964, 25.000
2119.236, 795.067, 2582.297, 1030.733, 25.000
2120.031, 794.192, 2583.479, 1042.217, 25.000
2120.826, 793.317, 2584.662, 1054.479, 25.000
2121.621, 792.442, 2585.844, 1067.638, 25.000
2122.452, 791.600, 2587.027, 1081.800, 25.000
2123.271, 790.746, 2588.210, 1096.896, 25.000
2124.076, 789.881, 2589.392, 1113.163, 25.000
2124.870, 789.004, 2590.574, 1130.702, 25.000
2125.653, 788.119, 2591.756, 1149.624, 25.000
2126.426, 787.224, 2592.938, 1170.106, 25.000
2127.191, 786.321, 2594.120, 1192.309, 25.000
2127.947, 785.411, 2595.302, 1216.293, 25.000
2128.697, 784.495, 2596.485, 1242.321, 25.000
2129.441, 783.574, 2597.668, 1270.671, 25.000
2130.180, 782.648, 2598.851, 1301.627, 25.000
2130.915, 781.718, 2600.035, 1335.446, 25.000
2131.648, 780.786, 2601.219, 1372.358, 25.000
2132.378, 779.852, 2602.403, 1412.718, 25.000
2133.107, 778.918, 2603.588, 1456.793, 25.000
2133.837, 777.983, 2604.772, 1504.990, 25.000
2134.567, 777.049, 2605.957, 1557.818, 25.000
2135.336, 776.151, 2607.140, 1615.773, 25.000
2136.094, 775.242, 2608.323, 1679.347, 25.000
2136.844, 774.326, 2609.507, 1749.192, 25.000
2137.587, 773.404, 2610.691, 1826.080, 25.000
2138.325, 772.477, 2611.875, 1910.908, 25.000
2139.060, 771.547, 2613.060, 2004.319, 25.000
2139.794, 770.617, 2614.245, 2107.336, 25.000
2140.529, 769.687, 2615.430, 2221.073, 25.000
2141.267, 768.760, 2616.615, 2346.589, 25.000
2142.046, 767.871, 2617.796, 2485.159, 25.000
2142.819, 766.976, 2618.978, 2638.225, 25.000
2143.588, 766.077, 2620.161, 2807.374, 25.000
2144.356, 765.178, 2621.344, 2994.393, 25.000
2145.074, 764.233, 2622.530, 3201.192, 25.000
2145.782, 763.279, 2623.716, 3430.077, 25.000
2146.481, 762.316, 2624.904, 3683.430, 25.000
2147.173, 761.348, 2626.093, 3963.964, 25.000
2147.860, 760.374, 2627.282, 4274.691, 25.000
2148.544, 759.399, 2628.472, 4618.848, 25.000
2149.264, 758.456, 2629.659, 5000.000, 0.000
2149.972, 757.501, 2630.847, 5000.000, 0.000
2150.669, 756.538, 2632.036, 5000.000, 0.000
2151.360, 755.568, 2633.225, 5000.000, 0.000
2152.047, 754.595, 2634.416, 5000.000, 0.000
2152.733, 753.621, 2635.606, 5000.000, 0.000
2153.421, 752.648, 2636.796, 5000.000, 0.000
2154.114, 751.680, 2637.986, 5000.000, 0.000
2154.814, 750.720, 2639.175, 5000.000, 0.000
2155.563, 749.802, 2640.358, 5000.000, 0.000
2156.311, 748.885, 2641.542, 5000.000, 0.000
2157.012, 747.924, 2642.730, 5000.000, 0.000
2157.704, 746.956, 2643.920, 5000.000, 0.000
2158.392, 745.983, 2645.111, 5000.000, 0.000
2159.078, 745.009, 2646.302, 5000.000, 0.000
2159.765, 744.036, 2647.492, 5000.000, 0.000
2160.493, 743.100, 2648.678, 5000.000, 0.000
2161.214, 742.158, 2649.864, 5000.000, 0.000
2161.932, 741.213, 2651.051, 5000.000, 0.000
2162.651, 740.268, 2652.238, 5000.000, 0.000
2163.323, 739.282, 2653.431, 5000.000, 0.000
2163.988, 738.289, 2654.624, 5000.000, 0.000
2164.687, 737.326, 2655.814, 5000.000, 0.000
2165.371, 736.350, 2657.005, 5000.000, 0.000
2166.044, 735.364, 2658.198, 5000.000, 0.000
2166.710, 734.372, 2659.392, 5000.000, 0.000
2167.373, 733.378, 2660.587, 5000.000, 0.000
2168.037, 732.384, 2661.781, 5000.000, 0.000
2168.707, 731.395, 2662.975, 5000.000, 0.000
2169.421, 730.447, 2664.162, 5000.000, 0.000
2170.084, 729.451, 2665.358, 5000.000, 0.000
2170.734, 728.445, 2666.556, 5000.000, 0.000
2171.377, 727.432, 2667.756, 5000.000, 0.000
2172.016, 726.415, 2668.957, 5000.000, 0.000
2172.655, 725.398, 2670.158, 5000.000, 0.000
2173.298, 724.384, 2671.358, 5000.000, 0.000
2173.948, 723.378, 2672.556, 5000.000, 0.000
2174.611, 722.383, 2673.752, 5000.000, 0.000
2175.288, 721.401, 2674.944, 5000.000, 0.000
2175.934, 720.391, 2676.143, 5000.000, 0.000
2176.625, 719.421, 2677.333, 5000.000, 0.000
2177.313, 718.448, 2678.523, 5000.000, 0.000
2178.001, 717.477, 2679.713, 5000.000, 0.000
2178.695, 716.510, 2680.903, 5000.000, 0.000
2179.397, 715.550, 2682.090, 5000.000, 0.000
2180.112, 714.603, 2683.276, 5000.000, 0.000
2180.792, 713.623, 2684.468, 5000.000, 0.000
2181.477, 712.648, 2685.660, 5000.000, 0.000
2182.207, 711.714, 2686.843, 5000.000, 0.000
2182.934, 710.777, 2688.026, 5000.000, 0.000
2183.662, 709.841, 2689.210, 5000.000, 0.000
2184.394, 708.909, 2690.393, 5000.000, 0.000
2185.084, 707.938, 2691.584, 5000.000, 0.000
2185.771, 706.965, 2692.775, 5000.000, 0.000
2186.495, 706.025, 2693.961, 5000.000, 0.000
2187.208, 705.076, 2695.148, 5000.000, 0.000
2187.914, 704.120, 2696.336, 5000.000, 0.000
2188.618, 703.162, 2697.525, 5000.000, 0.000
2189.322, 702.205, 2698.714, 5000.000, 0.000
2189.980, 701.205, 2699.909, 5000.000, 0.000
2190.667, 700.232, 2701.100, 5000.000, 0.000
2191.337, 699.244, 2702.294, 5000.000, 0.000
2191.994, 698.243, 2703.490, 5000.000, 0.000
2192.640, 697.233, 2704.688, 5000.000, 0.000
2193.281, 696.218, 2705.886, 5000.000, 0.000
2193.920, 695.201, 2707.086, 5000.000, 0.000
2194.598, 694.219, 2708.279, 5000.000, 0.000
2195.268, 693.231, 2709.473, 5000.000, 0.000
2195.935, 692.239, 2710.668, 5000.000, 0.000
2196.604, 691.250, 2711.862, 5000.000, 0.000
2197.228, 690.220, 2713.065, 5000.000, 0.000
2197.848, 689.186, 2714.268, 5000.000, 0.000
2198.469, 688.152, 2715.472, 5000.000, 0.000
2199.093, 687.122, 2716.675, 5000.000, 0.000
2199.725, 686.099, 2717.877, 5000.000, 0.000
2200.369, 685.086, 2719.077, 5000.000, 0.000
2201.065, 684.122, 2720.265, 5000.000, 0.000
2201.767, 683.162, 2721.453, 5000.000, 0.000
2202.428, 682.166, 2722.649, 5000.000, 0.000
2203.090, 681.169, 2723.845, 5000.000, 0.000
2203.755, 680.176, 2725.040, 5000.000, 0.000
2204.428, 679.191, 2726.234, 5000.000, 0.000
2205.113, 678.215, 2727.425, 5000.000, 0.000
2205.813, 677.254, 2728.613, 5000.000, 0.000
2206.519, 676.298, 2729.801, 5000.000, 0.000
2207.218, 675.336, 2730.990, 5000.000, 0.000
2207.915, 674.372, 2732.179, 5000.000, 0.000
2208.615, 673.411, 2733.368, 5000.000, 0.000
2209.357, 672.487, 2734.550, 5000.000, 0.000
2210.095, 671.561, 2735.733, 5000.000, 0.000
2210.783, 670.588, 2736.924, 5000.000, 0.000
2211.461, 669.607, 2738.116, 5000.000, 0.000
2212.133, 668.620, 2739.310, 5000.000, 0.000
2212.803, 667.632, 2740.504, 5000.000, 0.000
2213.475, 666.645, 2741.698, 5000.000, 0.000
2214.153, 665.664, 2742.891, 5000.000, 0.000
2214.789, 664.644, 2744.092, 5000.000, 0.000
2215.424, 663.623, 2745.294, 5000.000, 0.000
2216.096, 662.636, 2746.487, 5000.000, 0.000
2216.758, 661.641, 2747.683, 5000.000, 0.000
2217.414, 660.640, 2748.880, 5000.000, 0.000
2218.069, 659.637, 2750.077, 5000.000, 0.000
2218.762, 658.670, 2751.267, 5000.000, 0.000
2219.448, 657.695, 2752.458, 5000.000, 0.000
2220.130, 656.718, 2753.649, 5000.000, 0.000
2220.815, 655.743, 2754.841, 5000.000, 0.000
2221.455, 654.727, 2756.041, 5000.000, 0.000
2222.091, 653.707, 2757.242, 5000.000, 0.000
2222.727, 652.688, 2758.443, 5000.000, 0.000
2223.367, 651.672, 2759.643, 5000.000, 0.000
2224.014, 650.663, 2760.842, 5000.000, 0.000
2224.674, 649.665, 2762.039, 5000.000, 0.000
2225.349, 648.681, 2763.232, 5000.000, 0.000
2226.080, 647.748, 2764.413, 5000.000, 0.000
2226.770, 646.777, 2765.604, 5000.000, 0.000
2227.458, 645.805, 2766.794, 5000.000, 0.000
2228.150, 644.837, 2767.984, 5000.000, 0.000
2228.848, 643.874, 2769.173, 5000.000, 0.000
2229.506, 642.874, 2770.369, 5000.000, 0.000
2230.200, 641.907, 2771.559, 5000.000, 0.000
2230.881, 640.929, 2772.751, 5000.000, 0.000
2231.556, 639.944, 2773.945, 5000.000, 0.000
2232.226, 638.955, 2775.139, 5000.000, 0.000
2232.896, 637.967, 2776.333, 5000.000, 0.000
2233.570, 636.982, 2777.527, 5000.000, 0.000
2234.252, 636.004, 2778.719, 5000.000, 0.000
2234.982, 635.070, 2779.902, 5000.000, 0.000
2235.715, 634.139, 2781.086, 5000.000, 0.000
2236.402, 633.166, 2782.277, 5000.000, 0.000
2237.086, 632.190, 2783.468, 5000.000, 0.000
2237.770, 631.214, 2784.660, 5000.000, 0.000
2238.458, 630.241, 2785.851, 5000.000, 0.000
2239.102, 629.229, 2787.050, 5000.000, 0.000
2239.742, 628.213, 2788.249, 5000.000, 0.000
2240.418, 627.230, 2789.442, 5000.000, 0.000
2241.082, 626.236, 2790.637, 5000.000, 0.000
2241.738, 625.235, 2791.834, 5000.000, 0.000
2242.391, 624.231, 2793.031, 5000.000, 0.000
2243.043, 623.227, 2794.229, 5000.000, 0.000
2243.700, 622.226, 2795.425, 5000.000, 0.000
2244.364, 621.232, 2796.621, 5000.000, 0.000
2245.040, 620.249, 2797.814, 5000.000, 0.000
2245.732, 619.280, 2799.004, 5000.000, 0.000
2246.428, 618.315, 2800.194, 5000.000, 0.000
2247.119, 617.345, 2801.384, 5000.000, 0.000
2247.807, 616.374, 2802.575, 5000.000, 0.000
2248.498, 615.404, 2803.766, 5000.000, 0.000
2249.195, 614.439, 2804.955, 5000.000, 0.000
2249.938, 613.517, 2806.138, 5000.000, 0.000
2250.629, 612.548, 2807.328, 5000.000, 0.000
2251.310, 611.569, 2808.520, 5000.000, 0.000
2251.984, 610.584, 2809.714, 5000.000, 0.000
2252.655, 609.597, 2810.907, 5000.000, 0.000
2253.327, 608.610, 2812.101, 5000.000, 0.000
2254.004, 607.628, 2813.294, 5000.000, 0.000
2254.690, 606.654, 2814.485, 5000.000, 0.000
2255.374, 605.677, 2815.677, 5000.000, 0.000
2256.045, 604.690, 2816.871, 5000.000, 0.000
2256.707, 603.694, 2818.066, 5000.000, 0.000
2257.365, 602.694, 2819.263, 5000.000, 0.000
2258.021, 601.693, 2820.459, 5000.000, 0.000
2258.681, 600.695, 2821.655, 5000.000, 0.000
2259.347, 599.703, 2822.850, 5000.000, 0.000
2260.061, 598.754, 2824.036, 5000.000, 0.000
2260.724, 597.760, 2825.232, 5000.000, 0.000
2261.378, 596.756, 2826.429, 5000.000, 0.000
2262.025, 595.747, 2827.627, 5000.000, 0.000
2262.671, 594.736, 2828.826, 5000.000, 0.000
2263.319, 593.728, 2830.025, 5000.000, 0.000
2263.972, 592.724, 2831.223, 5000.000, 0.000
2264.672, 591.763, 2832.411, 5000.000, 0.000
2265.372, 590.802, 2833.599, 5000.000, 0.000
2266.078, 589.845, 2834.787, 5000.000, 0.000
2266.741, 588.850, 2835.982, 5000.000, 0.000
2267.403, 587.855, 2837.178, 5000.000, 0.000
2268.068, 586.862, 2838.373, 5000.000, 0.000
2268.740, 585.875, 2839.567, 5000.000, 0.000
2269.460, 584.932, 2840.752, 5000.000, 0.000
2270.129, 583.942, 2841.946, 5000.000, 0.000
2270.789, 582.944, 2843.142, 5000.000, 0.000
2271.442, 581.940, 2844.340, 5000.000, 0.000
2272.094, 580.935, 2845.538, 5000.000, 0.000
2272.747, 579.931, 2846.735, 5000.000, 0.000
2273.407, 578.933, 2847.931, 5000.000, 0.000
2274.076, 577.944, 2849.126, 5000.000, 0.000
2274.796, 577.000, 2850.311, 5000.000, 0.000
2275.468, 576.014, 2851.505, 5000.000, 0.000
2276.133, 575.021, 2852.700, 5000.000, 0.000
2276.795, 574.025, 2853.895, 5000.000, 0.000
2277.459, 573.030, 2855.091, 5000.000, 0.000
2278.127, 572.040, 2856.285, 5000.000, 0.000
2278.804, 571.058, 2857.478, 5000.000, 0.000
2279.530, 570.121, 2858.662, 5000.000, 0.000
2280.208, 569.139, 2859.855, 5000.000, 0.000
2280.878, 568.151, 2861.049, 5000.000, 0.000
2281.545, 567.159, 2862.244, 5000.000, 0.000
2282.211, 566.167, 2863.439, 5000.000, 0.000
2282.881, 565.178, 2864.633, 5000.000, 0.000
2283.559, 564.197, 2865.826, 5000.000, 0.000
2284.285, 563.260, 2867.010, 5000.000, 0.000
2284.962, 562.277, 2868.203, 5000.000, 0.000
2285.631, 561.287, 2869.398, 5000.000, 0.000
2286.294, 560.292, 2870.593, 5000.000, 0.000
2286.956, 559.297, 2871.789, 5000.000, 0.000
2287.621, 558.304, 2872.984, 5000.000, 0.000
2288.293, 557.317, 2874.177, 5000.000, 0.000
2289.013, 556.374, 2875.364, 5000.000, 0.000
2289.682, 555.384, 2876.558, 5000.000, 0.000
2290.342, 554.386, 2877.753, 5000.000, 0.000
2290.995, 553.383, 2878.950, 5000.000, 0.000
2291.647, 552.377, 2880.148, 5000.000, 0.000
2292.300, 551.374, 2881.346, 5000.000, 0.000
2292.997, 550.409, 2882.535, 5000.000, 0.000
2293.689, 549.441, 2883.725, 5000.000, 0.000
2294.382, 548.473, 2884.915, 5000.000, 0.000
2295.030, 547.464, 2886.113, 5000.000, 0.000
2295.673, 546.451, 2887.312, 5000.000, 0.000
2296.315, 545.437, 2888.512, 5000.000, 0.000
2296.959, 544.425, 2889.711, 5000.000, 0.000
2297.611, 543.420, 2890.909, 5000.000, 0.000
2298.310, 542.458, 2892.098, 5000.000, 0.000
2299.010, 541.497, 2893.286, 5000.000, 0.000
2299.665, 540.494, 2894.483, 5000.000, 0.000
2300.314, 539.487, 2895.682, 5000.000, 0.000
2300.963, 538.479, 2896.880, 5000.000, 0.000
2301.615, 537.473, 2898.078, 5000.000, 0.000
2302.273, 536.474, 2899.274, 5000.000, 0.000
2302.942, 535.485, 2900.469, 5000.000, 0.000
2303.626, 534.509, 2901.660, 5000.000, 0.000
2304.314, 533.536, 2902.852, 5000.000, 0.000
2304.995, 532.558, 2904.044, 5000.000, 0.000
2305.672, 531.576, 2905.237, 5000.000, 0.000
2306.351, 530.596, 2906.429, 5000.000, 0.000
2307.035, 529.620, 2907.621, 5000.000, 0.000
2307.728, 528.652, 2908.811, 5000.000, 0.000
2308.433, 527.695, 2909.999, 5000.000, 0.000
2309.140, 526.740, 2911.187, 5000.000, 0.000
2309.839, 525.777, 2912.377, 5000.000, 0.000
2310.532, 524.810, 2913.567, 5000.000, 0.000
2311.225, 523.842, 2914.757, 5000.000, 0.000
2311.920, 522.877, 2915.947, 5000.000, 0.000
2312.623, 521.918, 2917.136, 5000.000, 0.000
2313.321, 520.955, 2918.325, 5000.000, 0.000
2314.005, 519.979, 2919.517, 5000.000, 0.000
2314.678, 518.993, 2920.710, 5000.000, 0.000
2315.344, 518.001, 2921.905, 5000.000, 0.000
2316.008, 517.006, 2923.100, 5000.000, 0.000
2316.672, 516.012, 2924.295, 5000.000, 0.000
2317.341, 515.023, 2925.489, 5000.000, 0.000
2318.019, 514.042, 2926.682, 5000.000, 0.000
2318.695, 513.058, 2927.875, 5000.000, 0.000
2319.358, 512.064, 2929.070, 5000.000, 0.000
2320.013, 511.061, 2930.268, 5000.000, 0.000
2320.662, 510.054, 2931.466, 5000.000, 0.000
2321.311, 509.046, 2932.665, 5000.000, 0.000
2321.963, 508.041, 2933.863, 5000.000, 0.000
2322.621, 507.041, 2935.059, 5000.000, 0.000
2323.327, 506.086, 2936.246, 5000.000, 0.000
2324.034, 505.131, 2937.433, 5000.000, 0.000
2324.695, 504.134, 2938.629, 5000.000, 0.000
2325.352, 503.133, 2939.826, 5000.000, 0.000
2326.007, 502.131, 2941.023, 5000.000, 0.000
2326.666, 501.132, 2942.219, 5000.000, 0.000
2327.331, 500.139, 2943.415, 5000.000, 0.000
2328.044, 499.190, 2944.600, 5000.000, 0.000
2328.758, 498.241, 2945.786, 5000.000, 0.000
2329.426, 497.251, 2946.981, 5000.000, 0.000
2330.089, 496.256, 2948.176, 5000.000, 0.000
2330.751, 495.260, 2949.372, 5000.000, 0.000
2331.417, 494.267, 2950.567, 5000.000, 0.000
2332.089, 493.281, 2951.761, 5000.000, 0.000
2332.809, 492.337, 2952.946, 5000.000, 0.000
2333.478, 491.348, 2954.140, 5000.000, 0.000
2334.137, 490.350, 2955.337, 5000.000, 0.000
2334.791, 489.346, 2956.534, 5000.000, 0.000
2335.442, 488.341, 2957.732, 5000.000, 0.000
2336.096, 487.337, 2958.930, 5000.000, 0.000
2336.755, 486.339, 2960.126, 5000.000, 0.000
2337.461, 485.383, 2961.313, 5000.000, 0.000
2338.167, 484.427, 2962.500, 5000.000, 0.000
2338.827, 483.429, 2963.697, 5000.000, 0.000
2339.480, 482.425, 2964.894, 5000.000, 0.000
2340.132, 481.420, 2966.092, 5000.000, 0.000
2340.785, 480.417, 2967.289, 5000.000, 0.000
2341.445, 479.418, 2968.486, 5000.000, 0.000
2342.114, 478.429, 2969.680, 5000.000, 0.000
2342.797, 477.452, 2970.872, 5000.000, 0.000
2343.482, 476.478, 2972.063, 5000.000, 0.000
2344.160, 475.496, 2973.256, 5000.000, 0.000
2344.834, 474.511, 2974.449, 5000.000, 0.000
2345.508, 473.526, 2975.643, 5000.000, 0.000
2346.186, 472.545, 2976.835, 5000.000, 0.000
2346.872, 471.571, 2978.027, 5000.000, 0.000
2347.606, 470.641, 2979.209, 5000.000, 0.000
2348.291, 469.665, 2980.400, 5000.000, 0.000
2348.967, 468.682, 2981.593, 5000.000, 0.000
2349.638, 467.695, 2982.787, 5000.000, 0.000
2350.308, 466.706, 2983.982, 5000.000, 0.000
2350.981, 465.720, 2985.175, 5000.000, 0.000
2351.661, 464.741, 2986.368, 5000.000, 0.000
2352.352, 463.771, 2987.558, 5000.000, 0.000
2353.043, 462.801, 2988.749, 5000.000, 0.000
2353.722, 461.821, 2989.941, 5000.000, 0.000
2354.395, 460.836, 2991.135, 5000.000, 0.000
2355.066, 459.847, 2992.329, 5000.000, 0.000
2355.737, 458.859, 2993.523, 5000.000, 0.000
2356.413, 457.876, 2994.716, 5000.000, 0.000
2357.134, 456.935, 2995.901, 5000.000, 0.000
2357.804, 455.945, 2997.095, 5000.000, 0.000
2358.461, 454.945, 2998.292, 5000.000, 0.000
2359.111, 453.938, 2999.490, 5000.000, 0.000
2359.756, 452.927, 3000.688, 5000.000, 0.000
2360.402, 451.917, 3001.887, 5000.000, 0.000
2361.052, 450.910, 3003.085, 5000.000, 0.000
2361.746, 449.943, 3004.275, 5000.000, 0.000
2362.438, 448.975, 3005.465, 5000.000, 0.000
2363.134, 448.009, 3006.655, 5000.000, 0.000
2363.785, 447.004, 3007.852, 5000.000, 0.000
2364.434, 445.996, 3009.050, 5000.000, 0.000
2365.083, 444.989, 3010.249, 5000.000, 0.000
2365.738, 443.986, 3011.446, 5000.000, 0.000
2366.438, 443.025, 3012.634, 5000.000, 0.000
2367.137, 442.063, 3013.823, 5000.000, 0.000
2367.789, 441.058, 3015.021, 5000.000, 0.000
2368.434, 440.046, 3016.220, 5000.000, 0.000
2369.075, 439.032, 3017.420, 5000.000, 0.000
2369.718, 438.018, 3018.619, 5000.000, 0.000
2370.366, 437.009, 3019.818, 5000.000, 0.000
2371.022, 436.009, 3021.015, 5000.000, 0.000
2371.692, 435.019, 3022.209, 5000.000, 0.000
2372.414, 434.078, 3023.393, 5000.000, 0.000
2373.092, 433.097, 3024.586, 5000.000, 0.000
2373.766, 432.112, 3025.779, 5000.000, 0.000
2374.440, 431.127, 3026.973, 5000.000, 0.000
2375.118, 430.146, 3028.165, 5000.000, 0.000
2375.804, 429.171, 3029.357, 5000.000, 0.000
2376.538, 428.241, 3030.538, 5000.000, 0.000
2377.223, 427.266, 3031.730, 5000.000, 0.000
2377.899, 426.283, 3032.923, 5000.000, 0.000
2378.570, 425.295, 3034.117, 5000.000, 0.000
2379.240, 424.307, 3035.311, 5000.000, 0.000
2379.913, 423.321, 3036.505, 5000.000, 0.000
2380.252, 422.830, 3037.101, 5000.000, 0.000
2380.929, 421.848, 3038.294, 5000.000, 0.000
2381.605, 420.865, 3039.488, 5000.000, 0.000
2382.281, 419.882, 3040.681, 5000.000, 0.000
2382.957, 418.898, 3041.874, 5000.000, 0.000
2383.632, 417.915, 3043.067, 5000.000, 0.000
2384.307, 416.931, 3044.260, 5000.000, 0.000
2384.982, 415.946, 3045.454, 5000.000, 0.000
2385.656, 414.962, 3046.647, 5000.000, 0.000
2386.330, 413.977, 3047.841, 5000.000, 0.000
2387.004, 412.991, 3049.034, 5000.000, 0.000
2387.677, 412.006, 3050.228, 5000.000, 0.000
2388.350, 411.020, 3051.422, 5000.000, 0.000
2389.022, 410.033, 3052.615, 5000.000, 0.000
2389.695, 409.047, 3053.809, 5000.000, 0.000
