x, y, length, r, ctrl
0.129, -0.144, 0.000, 5000.000, 0.000
1.008, 0.646, 1.182, 5000.000, 0.000
1.885, 1.440, 2.365, 5000.000, 0.000
2.759, 2.236, 3.547, 5000.000, 0.000
3.630, 3.036, 4.729, 5000.000, 0.000
4.498, 3.839, 5.911, 5000.000, 0.000
5.363, 4.645, 7.094, 5000.000, 0.000
6.225, 5.454, 8.276, 5000.000, 0.000
7.085, 6.266, 9.459, 5000.000, 0.000
7.942, 7.082, 10.642, 5000.000, 0.000
8.795, 7.900, 11.824, 5000.000, 0.000
9.646, 8.722, 13.007, 5000.000, 0.000
10.494, 9.548, 14.190, 5000.000, 0.000
11.339, 10.376, 15.373, 5000.000, 0.000
12.182, 11.207, 16.556, 5000.000, 0.000
13.418, 12.485, 18.333, 5000.000, 0.000
14.231, 13.349, 19.517, 5000.000, 0.000
15.041, 14.217, 20.702, 5000.000, 0.000
15.849, 15.086, 21.888, 5000.000, 0.000
16.703, 15.905, 23.071, 5000.000, 0.000
17.524, 16.760, 24.255, 5000.000, 0.000
18.348, 17.612, 25.440, 5000.000, 0.000
19.174, 18.462, 26.625, 5000.000, 0.000
20.036, 19.271, 27.807, 5000.000, 0.000
20.891, 20.088, 28.990, 5000.000, 0.000
21.740, 20.913, 30.173, 5000.000, 0.000
22.584, 21.742, 31.357, 5000.000, 0.000
23.426, 22.575, 32.540, 5000.000, 0.000
24.266, 23.408, 33.724, 5000.000, 0.000
25.108, 24.240, 34.907, 5000.000, 0.000
25.952, 25.070, 36.091, 5000.000, 0.000
26.801, 25.894, 37.274, 5000.000, 0.000
27.656, 26.712, 38.457, 5000.000, 0.000
28.518, 27.520, 39.639, 5000.000, 0.000
29.344, 28.370, 40.824, 5000.000, 0.000
30.168, 29.223, 42.009, 5000.000, 0.000
30.989, 30.078, 43.193, 5000.000, 0.000
31.810, 30.933, 44.379, 5000.000, 0.000
32.630, 31.789, 45.564, 5000.000, 0.000
33.452, 32.644, 46.749, 5000.000, 0.000
34.308, 33.459, 47.931, 5000.000, 0.000
35.155, 34.286, 49.115, 5000.000, 0.000
35.994, 35.121, 50.299, 5000.000, 0.000
36.827, 35.963, 51.483, 5000.000, 0.000
37.655, 36.810, 52.667, 5000.000, 0.000
38.481, 37.660, 53.852, 5000.000, 0.000
39.306, 38.511, 55.038, 5000.000, 0.000
40.132, 39.361, 56.223, 5000.000, 0.000
40.960, 40.208, 57.407, 5000.000, 0.000
41.793, 41.050, 58.592, 5000.000, 0.000
42.632, 41.885, 59.775, 5000.000, 0.000
43.479, 42.712, 60.959, 5000.000, 0.000
44.335, 43.527, 62.141, 5000.000, 0.000
45.157, 44.382, 63.326, 5000.000, 0.000
45.977, 45.238, 64.512, 5000.000, 0.000
46.798, 46.094, 65.697, 5000.000, 0.000
47.653, 46.911, 66.879, 5000.000, 0.000
48.497, 47.740, 68.063, 5000.000, 0.000
49.333, 48.580, 69.247, 5000.000, 0.000
50.161, 49.427, 70.432, 5000.000, 0.000
50.984, 50.280, 71.617, 5000.000, 0.000
51.804, 51.136, 72.802, 5000.000, 0.000
52.621, 51.995, 73.988, 5000.000, 0.000
53.439, 52.854, 75.174, 5000.000, 0.000
54.259, 53.711, 76.359, 5000.000, 0.000
55.082, 54.564, 77.545, 5000.000, 0.000
55.910, 55.411, 78.729, 5000.000, 0.000
56.746, 56.250, 79.914, 5000.000, 0.000
57.590, 57.080, 81.097, 5000.000, 0.000
58.445, 57.897, 82.280, 5000.000, 0.000
59.265, 58.753, 83.465, 5000.000, 0.000
60.086, 59.608, 84.650, 5000.000, 0.000
60.907, 60.463, 85.836, 5000.000, 0.000
61.731, 61.316, 87.021, 5000.000, 0.000
62.557, 62.166, 88.206, 5000.000, 0.000
63.386, 63.012, 89.390, 5000.000, 0.000
64.253, 63.815, 90.572, 5000.000, 0.000
65.113, 64.627, 91.754, 5000.000, 0.000
65.968, 65.445, 92.936, 5000.000, 0.000
66.819, 66.266, 94.119, 5000.000, 0.000
67.669, 67.090, 95.302, 5000.000, 0.000
68.518, 67.913, 96.485, 5000.000, 0.000
69.370, 68.735, 97.668, 5000.000, 0.000
70.225, 69.552, 98.851, 5000.000, 0.000
71.085, 70.364, 100.033, 5000.000, 0.000
71.952, 71.168, 101.215, 5000.000, 0.000
72.781, 72.014, 102.400, 5000.000, 0.000
73.607, 72.863, 103.584, 5000.000, 0.000
74.430, 73.716, 104.769, 5000.000, 0.000
75.252, 74.571, 105.955, 5000.000, 0.000
76.106, 75.389, 107.137, 5000.000, 0.000
76.947, 76.222, 108.321, 5000.000, 0.000
77.779, 77.066, 109.505, 5000.000, 0.000
78.601, 77.920, 110.691, 5000.000, 0.000
79.416, 78.781, 111.877, 5000.000, 0.000
80.226, 79.649, 113.063, 5000.000, 0.000
81.032, 80.521, 114.250, 5000.000, 0.000
81.837, 81.394, 115.437, 5000.000, 0.000
82.641, 82.268, 116.625, 5000.000, 0.000
83.448, 83.139, 117.812, 5000.000, 0.000
84.257, 84.007, 118.999, 5000.000, 0.000
85.073, 84.869, 120.185, 5000.000, 0.000
85.895, 85.723, 121.370, 5000.000, 0.000
86.726, 86.567, 122.555, 5000.000, 0.000
87.567, 87.399, 123.738, 5000.000, 0.000
88.421, 88.218, 124.920, 5000.000, 0.000
89.243, 89.072, 126.105, 5000.000, 0.000
90.066, 89.925, 127.291, 5000.000, 0.000
90.892, 90.775, 128.476, 5000.000, 0.000
91.721, 91.621, 129.660, 5000.000, 0.000
92.555, 92.462, 130.844, 5000.000, 0.000
93.428, 93.260, 132.027, 5000.000, 0.000
94.294, 94.064, 133.209, 5000.000, 0.000
95.156, 94.874, 134.392, 5000.000, 0.000
96.015, 95.687, 135.574, 5000.000, 0.000
96.873, 96.501, 136.757, 5000.000, 0.000
97.733, 97.313, 137.940, 5000.000, 0.000
98.595, 98.123, 139.122, 5000.000, 0.000
99.461, 98.928, 140.305, 5000.000, 0.000
100.333, 99.726, 141.487, 5000.000, 0.000
101.167, 100.567, 142.670, 5000.000, 0.000
101.997, 101.412, 143.854, 5000.000, 0.000
102.822, 102.262, 145.038, 5000.000, 0.000
103.646, 103.115, 146.223, 5000.000, 0.000
104.467, 103.970, 147.407, 5000.000, 0.000
105.288, 104.825, 148.592, 5000.000, 0.000
106.108, 105.681, 149.777, 5000.000, 0.000
106.963, 106.499, 150.960, 5000.000, 0.000
107.808, 107.328, 152.143, 5000.000, 0.000
108.643, 108.167, 153.327, 5000.000, 0.000
109.471, 109.014, 154.512, 5000.000, 0.000
110.294, 109.867, 155.697, 5000.000, 0.000
111.114, 110.724, 156.882, 5000.000, 0.000
111.932, 111.583, 158.068, 5000.000, 0.000
112.750, 112.442, 159.253, 5000.000, 0.000
113.569, 113.299, 160.439, 5000.000, 0.000
114.392, 114.151, 161.624, 5000.000, 0.000
115.221, 114.999, 162.809, 5000.000, 0.000
116.056, 115.838, 163.993, 5000.000, 0.000
116.900, 116.667, 165.176, 5000.000, 0.000
117.755, 117.485, 166.359, 5000.000, 0.000
118.576, 118.340, 167.544, 5000.000, 0.000
119.396, 119.196, 168.730, 5000.000, 0.000
120.218, 120.051, 169.915, 5000.000, 0.000
121.041, 120.903, 171.100, 5000.000, 0.000
121.867, 121.753, 172.285, 5000.000, 0.000
122.696, 122.599, 173.470, 5000.000, 0.000
123.530, 123.440, 174.654, 5000.000, 0.000
124.403, 124.238, 175.835, 5000.000, 0.000
125.269, 125.043, 177.016, 5000.000, 0.000
126.131, 125.853, 178.198, 5000.000, 0.000
126.990, 126.665, 179.380, 5000.000, 0.000
127.848, 127.479, 180.562, 5000.000, 0.000
128.708, 128.291, 181.744, 5000.000, 0.000
129.570, 129.101, 182.926, 5000.000, 0.000
130.436, 129.906, 184.109, 5000.000, 0.000
131.308, 130.704, 185.291, 5000.000, 0.000
132.142, 131.545, 186.475, 5000.000, 0.000
132.972, 132.391, 187.659, 5000.000, 0.000
133.797, 133.241, 188.843, 5000.000, 0.000
134.621, 134.093, 190.028, 5000.000, 0.000
135.476, 134.911, 191.211, 5000.000, 0.000
136.317, 135.743, 192.395, 5000.000, 0.000
137.147, 136.588, 193.579, 5000.000, 0.000
137.968, 137.444, 194.764, 5000.000, 0.000
138.780, 138.309, 195.950, 5000.000, 0.000
139.587, 139.180, 197.137, 5000.000, 0.000
140.388, 140.057, 198.324, 5000.000, 0.000
141.188, 140.936, 199.511, 5000.000, 0.000
141.986, 141.817, 200.699, 5000.000, 0.000
142.785, 142.696, 201.887, 5000.000, 0.000
143.587, 143.573, 203.074, 5000.000, 0.000
144.394, 144.444, 204.261, 5000.000, 0.000
145.206, 145.309, 205.448, 5000.000, 0.000
146.027, 146.165, 206.633, 5000.000, 0.000
146.857, 147.010, 207.818, 5000.000, 0.000
147.698, 147.842, 209.001, 5000.000, 0.000
148.553, 148.660, 210.184, 5000.000, 0.000
149.377, 149.513, 211.369, 5000.000, 0.000
150.202, 150.362, 212.554, 5000.000, 0.000
151.032, 151.208, 213.738, 5000.000, 0.000
151.899, 152.012, 214.920, 5000.000, 0.000
152.759, 152.824, 216.102, 5000.000, 0.000
153.614, 153.641, 217.285, 5000.000, 0.000
154.465, 154.463, 218.468, 5000.000, 0.000
155.315, 155.286, 219.651, 5000.000, 0.000
156.164, 156.110, 220.834, 5000.000, 0.000
157.016, 156.931, 222.017, 5000.000, 0.000
157.870, 157.749, 223.200, 5000.000, 0.000
158.731, 158.561, 224.383, 5000.000, 0.000
159.598, 159.364, 225.565, 5000.000, 0.000
160.427, 160.210, 226.749, 5000.000, 0.000
161.253, 161.060, 227.933, 5000.000, 0.000
162.076, 161.913, 229.118, 5000.000, 0.000
162.898, 162.768, 230.303, 5000.000, 0.000
163.718, 163.623, 231.488, 5000.000, 0.000
164.539, 164.479, 232.673, 5000.000, 0.000
165.361, 165.334, 233.859, 5000.000, 0.000
166.184, 166.186, 235.044, 5000.000, 0.000
167.010, 167.036, 236.229, 5000.000, 0.000
167.839, 167.882, 237.413, 5000.000, 0.000
168.673, 168.723, 238.597, 5000.000, 0.000
169.512, 169.558, 239.781, 5000.000, 0.000
170.391, 170.349, 240.962, 5000.000, 0.000
171.264, 171.146, 242.143, 5000.000, 0.000
172.134, 171.947, 243.325, 5000.000, 0.000
173.002, 172.750, 244.507, 5000.000, 0.000
173.870, 173.553, 245.690, 5000.000, 0.000
174.740, 174.354, 246.872, 5000.000, 0.000
175.613, 175.150, 248.054, 5000.000, 0.000
176.492, 175.942, 249.236, 5000.000, 0.000
177.331, 176.777, 250.419, 5000.000, 0.000
178.165, 177.618, 251.603, 5000.000, 0.000
178.994, 178.463, 252.787, 5000.000, 0.000
179.820, 179.313, 253.971, 5000.000, 0.000
180.643, 180.166, 255.156, 5000.000, 0.000
181.465, 181.021, 256.341, 5000.000, 0.000
182.285, 181.876, 257.525, 5000.000, 0.000
183.106, 182.732, 258.710, 5000.000, 0.000
183.961, 183.550, 259.893, 5000.000, 0.000
184.805, 184.379, 261.077, 5000.000, 0.000
185.640, 185.218, 262.261, 5000.000, 0.000
186.469, 186.065, 263.445, 5000.000, 0.000
187.292, 186.918, 264.631, 5000.000, 0.000
188.111, 187.775, 265.816, 5000.000, 0.000
188.929, 188.634, 267.002, 5000.000, 0.000
189.747, 189.493, 268.188, 5000.000, 0.000
190.567, 190.349, 269.374, 5000.000, 0.000
191.390, 191.202, 270.559, 5000.000, 0.000
192.218, 192.049, 271.744, 5000.000, 0.000
193.054, 192.889, 272.928, 5000.000, 0.000
193.898, 193.718, 274.111, 5000.000, 0.000
194.753, 194.536, 275.293, 5000.000, 0.000
195.573, 195.391, 276.479, 5000.000, 0.000
196.394, 196.247, 277.664, 5000.000, 0.000
197.215, 197.102, 278.850, 5000.000, 0.000
198.039, 197.954, 280.035, 5000.000, 0.000
198.898, 198.767, 281.217, 5000.000, 0.000
199.748, 199.590, 282.399, 5000.000, 0.000
200.592, 200.420, 283.583, 5000.000, 0.000
201.430, 201.256, 284.767, 5000.000, 0.000
202.264, 202.096, 285.951, 5000.000, 0.000
203.097, 202.938, 287.135, 5000.000, 0.000
203.930, 203.781, 288.320, 5000.000, 0.000
204.764, 204.621, 289.504, 5000.000, 0.000
205.602, 205.457, 290.688, 5000.000, 0.000
206.446, 206.287, 291.871, 5000.000, 0.000
207.296, 207.110, 293.054, 5000.000, 0.000
208.155, 207.922, 294.236, 5000.000, 0.000
208.979, 208.775, 295.421, 5000.000, 0.000
209.800, 209.630, 296.607, 5000.000, 0.000
210.621, 210.486, 297.792, 5000.000, 0.000
211.441, 211.341, 298.977, 5000.000, 0.000
212.263, 212.196, 300.163, 5000.000, 0.000
213.086, 213.049, 301.348, 5000.000, 0.000
213.912, 213.898, 302.533, 5000.000, 0.000
214.742, 214.744, 303.718, 5000.000, 0.000
215.575, 215.585, 304.902, 5000.000, 0.000
216.448, 216.383, 306.083, 5000.000, 0.000
217.314, 217.188, 307.264, 5000.000, 0.000
218.176, 217.998, 308.446, 5000.000, 0.000
219.035, 218.810, 309.628, 5000.000, 0.000
219.893, 219.624, 310.811, 5000.000, 0.000
220.753, 220.437, 311.993, 5000.000, 0.000
221.615, 221.246, 313.175, 5000.000, 0.000
222.481, 222.051, 314.358, 5000.000, 0.000
223.353, 222.849, 315.540, 5000.000, 0.000
224.187, 223.690, 316.723, 5000.000, 0.000
225.017, 224.536, 317.908, 5000.000, 0.000
225.842, 225.386, 319.092, 5000.000, 0.000
226.666, 226.239, 320.277, 5000.000, 0.000
227.487, 227.093, 321.462, 5000.000, 0.000
228.308, 227.949, 322.648, 5000.000, 0.000
229.129, 228.805, 323.833, 5000.000, 0.009
229.950, 229.659, 325.018, 5000.000, 0.023
230.773, 230.512, 326.203, 5000.000, 0.036
231.632, 231.325, 327.385, 5000.000, 0.050
232.483, 232.147, 328.568, 5000.000, 0.063
233.326, 232.978, 329.752, 5000.000, 0.077
234.164, 233.814, 330.936, 5000.000, 0.090
234.999, 234.654, 332.120, 5000.000, 0.104
235.832, 235.496, 333.304, 5000.000, 0.117
236.664, 236.338, 334.489, 5000.000, 0.131
237.499, 237.178, 335.673, 5000.000, 0.144
238.337, 238.015, 336.857, 5000.000, 0.158
239.180, 238.845, 338.040, 5000.000, 0.171
240.031, 239.667, 339.223, 5000.000, 0.184
240.890, 240.480, 340.406, 5000.000, 0.198
241.713, 241.333, 341.590, 5000.000, 0.211
242.535, 242.188, 342.776, 5000.000, 0.225
243.355, 243.043, 343.961, 5000.000, 0.238
244.176, 243.899, 345.147, 5000.000, 0.252
245.031, 244.716, 346.329, 5000.000, 0.265
245.875, 245.546, 347.512, 5000.000, 0.279
246.711, 246.385, 348.697, 5000.000, 0.292
247.539, 247.232, 349.881, 5000.000, 0.306
248.362, 248.085, 351.066, 5000.000, 0.319
249.182, 248.942, 352.252, 5000.000, 0.333
249.999, 249.801, 353.438, 5000.000, 0.346
250.817, 250.660, 354.623, 5000.000, 0.360
251.637, 251.516, 355.809, 5000.000, 0.373
252.460, 252.369, 356.994, 5000.000, 0.386
253.288, 253.216, 358.179, 5000.000, 0.400
254.124, 254.056, 359.363, 5000.000, 0.413
254.968, 254.885, 360.547, 5000.000, 0.427
255.823, 255.702, 361.729, 5000.000, 0.440
256.643, 256.558, 362.914, 5000.000, 0.454
257.464, 257.414, 364.100, 5000.000, 0.467
258.319, 258.231, 365.282, 5000.000, 0.481
259.163, 259.061, 366.466, 5000.000, 0.494
259.998, 259.900, 367.650, 5000.000, 0.508
260.827, 260.747, 368.834, 5000.000, 0.521
261.650, 261.600, 370.020, 5000.000, 0.535
262.469, 262.457, 371.205, 5000.000, 0.548
263.287, 263.316, 372.391, 5000.000, 0.561
264.105, 264.174, 373.577, 5000.000, 0.575
264.925, 265.031, 374.762, 5000.000, 0.588
265.748, 265.884, 375.948, 5000.000, 0.602
266.576, 266.731, 377.132, 5000.000, 0.615
267.411, 267.570, 378.317, 5000.000, 0.629
268.256, 268.400, 379.500, 5000.000, 0.642
269.111, 269.217, 380.682, 5000.000, 0.656
269.931, 270.073, 381.867, 5000.000, 0.669
270.752, 270.929, 383.053, 5000.000, 0.683
271.573, 271.783, 384.238, 5000.000, 0.696
272.397, 272.636, 385.424, 5000.000, 0.710
273.222, 273.486, 386.609, 5000.000, 0.723
274.052, 274.332, 387.793, 5000.000, 0.737
274.886, 275.173, 388.978, 5000.000, 0.750
275.725, 276.008, 390.161, 5000.000, 0.764
276.603, 276.799, 391.341, 5000.000, 0.777
277.477, 277.596, 392.524, 5000.000, 0.790
278.347, 278.397, 393.706, 5000.000, 0.804
279.215, 279.200, 394.888, 5000.000, 0.817
280.083, 280.002, 396.071, 5000.000, 0.831
280.952, 280.803, 397.253, 5000.000, 0.844
281.826, 281.600, 398.435, 5000.000, 0.858
282.704, 282.391, 399.618, 5000.000, 0.871
283.544, 283.226, 400.801, 5000.000, 0.884
284.377, 284.067, 401.984, 5000.000, 0.898
285.207, 284.913, 403.168, 5000.000, 0.911
286.033, 285.763, 404.352, 5000.000, 0.925
286.856, 286.616, 405.536, 5000.000, 0.938
287.678, 287.470, 406.720, 5000.000, 0.952
288.498, 288.326, 407.905, 5000.000, 0.965
289.319, 289.182, 409.090, 5000.000, 0.979
290.174, 289.999, 410.273, 5000.000, 0.992
291.018, 290.829, 411.456, 5000.000, 1.006
291.853, 291.668, 412.640, 5000.000, 1.019
292.682, 292.515, 413.825, 5000.000, 1.033
293.505, 293.368, 415.010, 5000.000, 1.046
294.324, 294.225, 416.195, 5000.000, 1.059
295.142, 295.084, 417.380, 5000.000, 1.073
295.960, 295.942, 418.566, 5000.000, 1.086
296.779, 296.799, 419.752, 5000.000, 1.100
297.603, 297.652, 420.937, 5000.000, 1.113
298.431, 298.499, 422.122, 5000.000, 1.127
299.266, 299.338, 423.306, 5000.000, 1.140
300.111, 300.168, 424.489, 5000.000, 1.154
300.965, 300.985, 425.671, 5000.000, 1.167
301.786, 301.841, 426.856, 5000.000, 1.181
302.640, 302.660, 428.039, 5000.000, 1.194
303.482, 303.491, 429.222, 5000.000, 1.208
304.315, 304.333, 430.407, 5000.000, 1.221
305.140, 305.184, 431.592, 5000.000, 1.234
305.959, 306.042, 432.777, 5000.000, 1.248
306.773, 306.905, 433.964, 5000.000, 1.261
307.551, 307.807, 435.153, 5000.000, 1.275
308.374, 308.660, 436.338, 5000.000, 1.288
309.197, 309.513, 437.524, 5000.000, 1.302
310.022, 310.364, 438.709, 5000.000, 1.315
310.851, 311.211, 439.894, 5000.000, 1.329
311.684, 312.052, 441.078, 5000.000, 1.342
312.525, 312.886, 442.261, 5000.000, 1.356
313.375, 313.709, 443.444, 5000.000, 1.369
314.235, 314.521, 444.627, 5000.000, 1.383
315.061, 315.371, 445.811, 5000.000, 1.396
315.887, 316.221, 446.996, 5000.000, 1.410
316.713, 317.069, 448.181, 5000.000, 1.423
317.542, 317.916, 449.366, 5000.000, 1.437
318.373, 318.760, 450.550, 5000.000, 1.450
319.208, 319.600, 451.734, 5000.000, 1.463
320.080, 320.398, 452.915, 5000.000, 1.477
320.946, 321.204, 454.097, 5000.000, 1.490
321.806, 322.015, 455.280, 5000.000, 1.504
322.662, 322.831, 456.462, 5000.000, 1.517
323.517, 323.649, 457.645, 5000.000, 1.531
324.372, 324.466, 458.828, 5000.000, 1.544
325.229, 325.282, 460.010, 5000.000, 1.558
326.089, 326.094, 461.193, 5000.000, 1.571
326.954, 326.899, 462.375, 5000.000, 1.584
327.780, 327.749, 463.560, 5000.000, 1.598
328.601, 328.605, 464.745, 5000.000, 1.611
329.417, 329.465, 465.930, 5000.000, 1.625
330.229, 330.330, 467.115, 5000.000, 1.638
331.040, 331.197, 468.301, 5000.000, 1.652
331.848, 332.067, 469.487, 5000.000, 1.665
332.702, 332.885, 470.670, 5000.000, 1.679
333.523, 333.740, 471.855, 5000.000, 1.692
334.346, 334.593, 473.041, 5000.000, 1.706
335.172, 335.443, 474.226, 5000.000, 1.719
336.002, 336.288, 475.410, 5000.000, 1.733
336.836, 337.129, 476.594, 5000.000, 1.746
337.675, 337.964, 477.778, 5000.000, 1.760
338.520, 338.793, 478.961, 5000.000, 1.773
339.406, 339.576, 480.142, 5000.000, 1.786
340.287, 340.364, 481.322, 5000.000, 1.800
341.166, 341.155, 482.504, 5000.000, 1.813
342.043, 341.947, 483.685, 5000.000, 1.827
342.922, 342.738, 484.867, 5000.000, 1.840
343.803, 343.526, 486.048, 5000.000, 1.854
344.689, 344.310, 487.229, 5000.000, 1.867
345.534, 345.138, 488.413, 5000.000, 1.880
346.373, 345.973, 489.596, 5000.000, 1.894
347.207, 346.814, 490.780, 5000.000, 1.907
348.037, 347.660, 491.964, 5000.000, 1.921
348.863, 348.509, 493.149, 5000.000, 1.934
349.686, 349.362, 494.333, 5000.000, 1.948
350.507, 350.217, 495.518, 5000.000, 1.961
351.328, 351.072, 496.704, 5000.000, 1.975
352.182, 351.891, 497.886, 5000.000, 1.988
353.024, 352.722, 499.070, 5000.000, 2.002
353.857, 353.564, 500.254, 5000.000, 2.015
354.682, 354.415, 501.439, 5000.000, 2.029
355.501, 355.273, 502.625, 5000.000, 2.042
356.315, 356.136, 503.811, 5000.000, 2.055
357.127, 357.002, 504.997, 5000.000, 2.069
357.937, 357.868, 506.184, 5000.000, 2.082
358.749, 358.734, 507.370, 5000.000, 2.096
359.563, 359.597, 508.556, 5000.000, 2.109
360.382, 360.455, 509.742, 5000.000, 2.123
361.207, 361.306, 510.927, 5000.000, 2.136
362.040, 362.148, 512.112, 5000.000, 2.150
362.882, 362.979, 513.295, 5000.000, 2.163
363.736, 363.798, 514.477, 5000.000, 2.177
364.557, 364.653, 515.663, 5000.000, 2.190
365.411, 365.471, 516.845, 5000.000, 2.204
366.256, 366.300, 518.028, 5000.000, 2.217
367.091, 367.140, 519.212, 5000.000, 2.231
367.919, 367.987, 520.397, 5000.000, 2.244
368.742, 368.839, 521.582, 5000.000, 2.258
369.562, 369.696, 522.768, 5000.000, 2.271
370.380, 370.555, 523.954, 5000.000, 2.284
371.198, 371.414, 525.140, 5000.000, 2.298
372.017, 372.271, 526.325, 5000.000, 2.311
372.840, 373.124, 527.511, 5000.000, 2.325
373.669, 373.971, 528.695, 5000.000, 2.338
374.504, 374.810, 529.879, 5000.000, 2.352
375.348, 375.639, 531.062, 5000.000, 2.365
376.203, 376.457, 532.245, 5000.000, 2.379
377.024, 377.313, 533.430, 5000.000, 2.392
377.844, 378.168, 534.616, 5000.000, 2.406
378.666, 379.023, 535.801, 5000.000, 2.419
379.489, 379.876, 536.986, 5000.000, 2.433
380.315, 380.726, 538.171, 5000.000, 2.446
381.145, 381.571, 539.356, 5000.000, 2.460
381.978, 382.412, 540.540, 5000.000, 2.473
382.817, 383.247, 541.724, 5000.000, 2.486
383.663, 384.076, 542.907, 5000.000, 2.500
384.515, 384.896, 544.090, 5000.000, 2.513
385.409, 385.670, 545.268, 5000.000, 2.527
386.299, 386.449, 546.448, 5000.000, 2.540
387.187, 387.229, 547.628, 5000.000, 2.554
388.075, 388.009, 548.810, 5000.000, 2.567
388.965, 388.787, 549.992, 5000.000, 2.580
389.859, 389.562, 551.175, 5000.000, 2.594
390.711, 390.382, 552.357, 5000.000, 2.607
391.557, 391.210, 553.539, 5000.000, 2.621
392.396, 392.045, 554.722, 5000.000, 2.634
393.230, 392.886, 555.905, 5000.000, 2.648
394.059, 393.732, 557.089, 5000.000, 2.661
394.885, 394.582, 558.273, 5000.000, 2.675
395.708, 395.435, 559.458, 5000.000, 2.688
396.530, 396.289, 560.642, 5000.000, 2.702
397.350, 397.145, 561.827, 5000.000, 2.715
398.171, 398.001, 563.012, 5000.000, 2.729
398.993, 398.855, 564.197, 5000.000, 2.742
399.816, 399.708, 565.382, 5000.000, 2.755
400.642, 400.558, 566.567, 5000.000, 2.769
401.471, 401.404, 567.751, 5000.000, 2.782
402.305, 402.245, 568.936, 5000.000, 2.796
403.177, 403.043, 570.117, 5000.000, 2.809
404.044, 403.848, 571.299, 5000.000, 2.823
404.906, 404.657, 572.481, 5000.000, 2.836
405.765, 405.470, 573.664, 5000.000, 2.850
406.623, 406.284, 574.846, 5000.000, 2.863
407.482, 407.096, 576.029, 5000.000, 2.876
408.344, 407.906, 577.212, 5000.000, 2.890
409.211, 408.711, 578.394, 5000.000, 2.903
410.083, 409.509, 579.576, 5000.000, 2.917
410.917, 410.350, 580.760, 5000.000, 2.930
411.746, 411.196, 581.944, 5000.000, 2.944
412.572, 412.045, 583.128, 5000.000, 2.957
413.395, 412.898, 584.313, 5000.000, 2.971
414.217, 413.753, 585.498, 5000.000, 2.984
415.038, 414.608, 586.683, 5000.000, 2.998
415.858, 415.464, 587.868, 5000.000, 3.011
416.680, 416.319, 589.053, 5000.000, 3.025
417.536, 417.134, 590.236, 5000.000, 3.038
418.383, 417.961, 591.419, 5000.000, 3.051
419.222, 418.796, 592.603, 5000.000, 3.065
420.055, 419.638, 593.787, 5000.000, 3.078
420.883, 420.485, 594.972, 5000.000, 3.092
421.709, 421.335, 596.156, 5000.000, 3.105
422.534, 422.186, 597.341, 5000.000, 3.119
423.360, 423.036, 598.526, 5000.000, 3.132
424.188, 423.883, 599.711, 5000.000, 3.146
425.021, 424.725, 600.895, 5000.000, 3.159
425.860, 425.561, 602.079, 5000.000, 3.173
426.707, 426.387, 603.262, 5000.000, 3.186
427.563, 427.203, 604.445, 5000.000, 3.200
428.385, 428.057, 605.630, 5000.000, 3.213
429.205, 428.913, 606.815, 5000.000, 3.226
430.026, 429.769, 608.001, 5000.000, 3.240
430.881, 430.586, 609.183, 5000.000, 3.253
431.725, 431.416, 610.367, 5000.000, 3.267
432.560, 432.255, 611.551, 5000.000, 3.280
433.389, 433.102, 612.735, 5000.000, 3.294
434.212, 433.955, 613.921, 5000.000, 3.307
435.031, 434.812, 615.106, 5000.000, 3.321
435.849, 435.671, 616.292, 5000.000, 3.334
436.667, 436.529, 617.477, 5000.000, 3.348
437.487, 437.386, 618.663, 5000.000, 3.361
438.310, 438.239, 619.848, 5000.000, 3.375
439.138, 439.086, 621.033, 5000.000, 3.388
439.973, 439.925, 622.217, 5000.000, 3.402
440.818, 440.755, 623.400, 5000.000, 3.415
441.673, 441.572, 624.583, 5000.000, 3.428
442.493, 442.428, 625.768, 5000.000, 3.442
443.314, 443.284, 626.954, 5000.000, 3.455
444.135, 444.138, 628.139, 5000.000, 3.469
444.959, 444.991, 629.325, 5000.000, 3.482
445.784, 445.841, 630.510, 5000.000, 3.496
446.647, 446.650, 631.691, 5000.000, 3.509
447.502, 447.467, 632.873, 5000.000, 3.523
448.351, 448.292, 634.056, 5000.000, 3.536
449.195, 449.121, 635.240, 5000.000, 3.550
450.036, 449.953, 636.423, 5000.000, 3.563
450.877, 450.787, 637.607, 5000.000, 3.577
451.719, 451.619, 638.791, 5000.000, 3.590
452.563, 452.448, 639.974, 5000.000, 3.603
453.412, 453.273, 641.157, 5000.000, 3.617
454.266, 454.090, 642.340, 5000.000, 3.630
455.129, 454.899, 643.522, 5000.000, 3.644
455.955, 455.749, 644.707, 5000.000, 3.657
456.778, 456.602, 645.892, 5000.000, 3.671
457.600, 457.456, 647.077, 5000.000, 3.684
458.421, 458.312, 648.262, 5000.000, 3.698
459.241, 459.168, 649.448, 5000.000, 3.711
460.063, 460.022, 650.633, 5000.000, 3.725
460.886, 460.875, 651.818, 5000.000, 3.738
461.712, 461.725, 653.003, 5000.000, 3.752
462.541, 462.571, 654.188, 5000.000, 3.765
463.375, 463.412, 655.372, 5000.000, 3.778
464.214, 464.247, 656.556, 5000.000, 3.792
465.093, 465.038, 657.736, 5000.000, 3.805
465.966, 465.835, 658.918, 5000.000, 3.819
466.836, 466.636, 660.100, 5000.000, 3.832
467.704, 467.439, 661.282, 5000.000, 3.846
468.572, 468.241, 662.464, 5000.000, 3.859
469.442, 469.042, 663.646, 5000.000, 3.873
470.315, 469.839, 664.828, 5000.000, 3.886
471.194, 470.630, 666.010, 5000.000, 3.899
472.033, 471.465, 667.194, 5000.000, 3.913
472.867, 472.306, 668.377, 5000.000, 3.926
473.696, 473.152, 669.562, 5000.000, 3.940
474.522, 474.002, 670.746, 5000.000, 3.953
475.345, 474.855, 671.930, 5000.000, 3.967
476.167, 475.709, 673.115, 5000.000, 3.980
476.987, 476.565, 674.300, 5000.000, 3.994
477.841, 477.384, 675.483, 5000.000, 4.007
478.684, 478.215, 676.666, 5000.000, 4.021
479.517, 479.057, 677.851, 5000.000, 4.034
480.342, 479.908, 679.036, 5000.000, 4.047
481.160, 480.766, 680.221, 5000.000, 4.061
481.974, 481.629, 681.408, 5000.000, 4.074
482.786, 482.494, 682.594, 5000.000, 4.088
483.597, 483.361, 683.781, 5000.000, 4.101
484.408, 484.227, 684.968, 5000.000, 4.115
485.223, 485.089, 686.154, 5000.000, 4.128
486.041, 485.947, 687.340, 5000.000, 4.142
486.866, 486.798, 688.525, 5000.000, 4.155
487.699, 487.640, 689.709, 5000.000, 4.169
488.542, 488.472, 690.892, 5000.000, 4.182
489.396, 489.290, 692.074, 5000.000, 4.196
490.216, 490.146, 693.260, 5000.000, 4.209
491.038, 491.001, 694.445, 5000.000, 4.223
491.861, 491.853, 695.630, 5000.000, 4.236
492.687, 492.703, 696.815, 5000.000, 4.250
493.516, 493.549, 698.000, 5000.000, 4.263
494.350, 494.390, 699.184, 5000.000, 4.277
495.189, 495.225, 700.368, 5000.000, 4.290
496.034, 496.053, 701.551, 5000.000, 4.303
496.920, 496.836, 702.730, 5000.000, 4.317
497.801, 497.625, 703.910, 5000.000, 4.330
498.680, 498.416, 705.092, 5000.000, 4.344
499.558, 499.208, 706.274, 5000.000, 4.357
500.436, 499.999, 707.457, 5000.000, 4.371
501.318, 500.787, 708.639, 5000.000, 4.384
502.203, 501.570, 709.821, 5000.000, 4.397
503.049, 502.398, 711.004, 5000.000, 4.411
503.888, 503.233, 712.186, 5000.000, 4.424
504.722, 504.074, 713.370, 5000.000, 4.438
505.551, 504.920, 714.553, 5000.000, 4.451
506.377, 505.770, 715.737, 5000.000, 4.465
507.200, 506.623, 716.921, 5000.000, 4.478
508.022, 507.477, 718.106, 5000.000, 4.492
508.842, 508.333, 719.291, 5000.000, 4.505
509.663, 509.189, 720.476, 5000.000, 4.519
510.484, 510.043, 721.660, 5000.000, 4.532
511.308, 510.896, 722.845, 5000.000, 4.546
512.134, 511.746, 724.030, 5000.000, 4.559
512.963, 512.592, 725.215, 5000.000, 4.572
513.797, 513.433, 726.399, 5000.000, 4.586
514.669, 514.231, 727.580, 5000.000, 4.599
515.536, 515.036, 728.762, 5000.000, 4.613
516.397, 515.845, 729.944, 5000.000, 4.626
517.257, 516.658, 731.127, 5000.000, 4.640
518.115, 517.472, 732.310, 5000.000, 4.653
518.974, 518.284, 733.493, 5000.000, 4.667
519.836, 519.094, 734.675, 5000.000, 4.680
520.702, 519.899, 735.857, 5000.000, 4.693
521.575, 520.697, 737.040, 5000.000, 4.707
522.409, 521.538, 738.223, 5000.000, 4.720
523.238, 522.384, 739.407, 5000.000, 4.734
524.064, 523.233, 740.592, 5000.000, 4.747
524.887, 524.086, 741.776, 5000.000, 4.761
525.709, 524.941, 742.961, 5000.000, 4.774
526.529, 525.796, 744.146, 5000.000, 4.788
527.350, 526.652, 745.331, 5000.000, 4.801
528.172, 527.507, 746.516, 5000.000, 4.815
528.995, 528.360, 747.701, 5000.000, 4.828
529.821, 529.209, 748.886, 5000.000, 4.842
530.650, 530.055, 750.071, 5000.000, 4.855
531.484, 530.896, 751.255, 5000.000, 4.868
532.356, 531.694, 752.436, 5000.000, 4.882
533.223, 532.499, 753.618, 5000.000, 4.895
534.085, 533.309, 754.800, 5000.000, 4.909
534.944, 534.121, 755.983, 5000.000, 4.922
535.802, 534.935, 757.165, 5000.000, 4.936
536.661, 535.748, 758.348, 5000.000, 4.949
537.523, 536.557, 759.530, 5000.000, 4.963
538.389, 537.362, 760.713, 5000.000, 4.976
539.262, 538.160, 761.895, 5000.000, 4.989
540.096, 539.001, 763.079, 5000.000, 5.003
540.925, 539.847, 764.263, 5000.000, 5.016
541.751, 540.697, 765.447, 5000.000, 5.030
542.574, 541.549, 766.632, 5000.000, 5.043
543.396, 542.404, 767.817, 5000.000, 5.057
544.217, 543.260, 769.002, 5000.000, 5.070
545.037, 544.116, 770.187, 5000.000, 5.084
545.859, 544.970, 771.372, 5000.000, 5.097
546.682, 545.823, 772.557, 5000.000, 5.111
547.508, 546.673, 773.742, 5000.000, 5.124
548.337, 547.519, 774.926, 5000.000, 5.138
549.171, 548.360, 776.111, 5000.000, 5.151
550.010, 549.195, 777.295, 5000.000, 5.165
550.856, 550.023, 778.478, 5000.000, 5.178
551.708, 550.843, 779.661, 5000.000, 5.191
552.601, 551.618, 780.840, 5000.000, 5.205
553.492, 552.396, 782.021, 5000.000, 5.218
554.380, 553.176, 783.203, 5000.000, 5.232
555.268, 553.956, 784.385, 5000.000, 5.245
556.158, 554.735, 785.568, 5000.000, 5.259
557.052, 555.509, 786.750, 5000.000, 5.272
557.904, 556.329, 787.932, 5000.000, 5.285
558.749, 557.158, 789.114, 5000.000, 5.299
559.589, 557.993, 790.297, 5000.000, 5.312
560.422, 558.834, 791.480, 5000.000, 5.326
561.252, 559.679, 792.664, 5000.000, 5.339
562.078, 560.529, 793.847, 5000.000, 5.353
562.901, 561.382, 795.032, 5000.000, 5.366
563.723, 562.237, 796.216, 5000.000, 5.380
564.543, 563.092, 797.401, 5000.000, 5.393
565.364, 563.948, 798.586, 5000.000, 5.407
566.185, 564.803, 799.770, 5000.000, 5.420
567.009, 565.655, 800.955, 5000.000, 5.433
567.834, 566.505, 802.140, 5000.000, 5.447
568.664, 567.351, 803.325, 5000.000, 5.460
569.498, 568.192, 804.509, 5000.000, 5.474
570.337, 569.027, 805.693, 5000.000, 5.487
571.215, 569.818, 806.874, 5000.000, 5.501
572.089, 570.615, 808.055, 5000.000, 5.514
572.959, 571.416, 809.237, 5000.000, 5.528
573.827, 572.219, 810.420, 5000.000, 5.541
574.695, 573.022, 811.602, 5000.000, 5.555
575.564, 573.823, 812.785, 5000.000, 5.568
576.438, 574.620, 813.967, 5000.000, 5.581
577.316, 575.411, 815.149, 5000.000, 5.595
578.156, 576.246, 816.332, 5000.000, 5.608
578.989, 577.087, 817.515, 5000.000, 5.622
579.819, 577.932, 818.699, 5000.000, 5.635
580.645, 578.782, 819.883, 5000.000, 5.649
581.468, 579.635, 821.068, 5000.000, 5.662
582.289, 580.490, 822.252, 5000.000, 5.676
583.110, 581.345, 823.437, 5000.000, 5.689
583.931, 582.201, 824.622, 5000.000, 5.703
584.752, 583.056, 825.807, 5000.000, 5.716
585.575, 583.909, 826.992, 5000.000, 5.729
586.401, 584.758, 828.177, 5000.000, 5.743
587.231, 585.604, 829.361, 5000.000, 5.756
588.065, 586.445, 830.546, 5000.000, 5.770
588.937, 587.243, 831.727, 5000.000, 5.783
589.803, 588.048, 832.909, 5000.000, 5.797
590.665, 588.858, 834.091, 5000.000, 5.810
591.524, 589.670, 835.274, 5000.000, 5.824
592.383, 590.484, 836.456, 5000.000, 5.837
593.242, 591.297, 837.639, 5000.000, 5.851
594.104, 592.106, 838.822, 5000.000, 5.864
594.970, 592.911, 840.004, 5000.000, 5.877
595.843, 593.709, 841.186, 5000.000, 5.891
596.676, 594.550, 842.370, 5000.000, 5.904
597.506, 595.396, 843.554, 5000.000, 5.918
598.332, 596.246, 844.738, 5000.000, 5.931
599.155, 597.098, 845.923, 5000.000, 5.945
599.977, 597.953, 847.108, 5000.000, 5.958
600.797, 598.809, 848.293, 5000.000, 5.972
601.618, 599.664, 849.478, 5000.000, 5.985
602.439, 600.519, 850.663, 5000.000, 5.999
603.263, 601.372, 851.848, 5000.000, 6.012
604.089, 602.222, 853.033, 5000.000, 6.026
604.918, 603.068, 854.217, 5000.000, 6.039
605.752, 603.908, 855.402, 5000.000, 6.052
606.591, 604.744, 856.585, 5000.000, 6.066
607.436, 605.572, 857.769, 5000.000, 6.079
608.289, 606.392, 858.952, 5000.000, 6.093
609.149, 607.204, 860.134, 5000.000, 6.106
610.018, 608.005, 861.316, 5000.000, 6.120
610.897, 608.796, 862.498, 5000.000, 6.133
611.819, 609.538, 863.681, 5000.000, 6.147
612.741, 610.281, 864.864, 5000.000, 6.160
613.664, 611.023, 866.048, 5000.000, 6.173
614.543, 611.814, 867.229, 5000.000, 6.187
615.378, 612.653, 868.410, 5000.000, 6.200
616.218, 613.488, 869.592, 5000.000, 6.214
617.094, 614.281, 870.774, 5000.000, 6.227
617.961, 615.085, 871.956, 5000.000, 6.241
618.821, 615.897, 873.139, 5000.000, 6.254
619.673, 616.718, 874.321, 5000.000, 6.268
620.519, 617.545, 875.503, 5000.000, 6.281
621.360, 618.378, 876.686, 5000.000, 6.294
622.197, 619.216, 877.869, 5000.000, 6.308
623.029, 620.058, 879.052, 5000.000, 6.321
623.860, 620.903, 880.236, 5000.000, 6.335
624.688, 621.750, 881.419, 5000.000, 6.348
625.516, 622.598, 882.603, 5000.000, 6.362
626.344, 623.445, 883.787, 5000.000, 6.375
627.172, 624.292, 884.971, 5000.000, 6.389
628.003, 625.137, 886.154, 5000.000, 6.402
628.836, 625.979, 887.339, 5000.000, 6.416
629.672, 626.817, 888.523, 5000.000, 6.429
630.513, 627.650, 889.706, 5000.000, 6.442
631.359, 628.477, 890.890, 5000.000, 6.456
632.211, 629.298, 892.073, 5000.000, 6.469
633.071, 630.110, 893.255, 5000.000, 6.483
633.938, 630.914, 894.437, 5000.000, 6.496
634.814, 631.708, 895.619, 5000.000, 6.510
635.700, 632.491, 896.800, 5000.000, 6.523
636.597, 633.262, 897.981, 5000.000, 6.537
637.458, 634.072, 899.164, 5000.000, 6.550
638.317, 634.884, 900.346, 5000.000, 6.563
639.175, 635.699, 901.529, 5000.000, 6.577
640.031, 636.515, 902.712, 5000.000, 6.590
640.932, 637.281, 903.893, 5000.000, 6.604
641.879, 637.997, 905.073, 5000.000, 6.617
642.779, 638.763, 906.255, 5000.000, 6.631
643.669, 639.542, 907.437, 5000.000, 6.644
644.548, 640.333, 908.619, 5000.000, 6.657
645.417, 641.135, 909.801, 5000.000, 6.671
646.277, 641.946, 910.984, 5000.000, 6.684
647.129, 642.766, 912.166, 5000.000, 6.698
647.975, 643.595, 913.350, 5000.000, 6.711
648.814, 644.430, 914.534, 5000.000, 6.725
649.648, 645.271, 915.718, 5000.000, 6.738
650.477, 646.116, 916.902, 5000.000, 6.752
651.303, 646.966, 918.087, 5000.000, 6.765
652.126, 647.819, 919.273, 5000.000, 6.779
652.948, 648.674, 920.458, 5000.000, 6.792
653.768, 649.529, 921.643, 5000.000, 6.806
654.589, 650.385, 922.829, 5000.000, 6.819
655.410, 651.240, 924.014, 5000.000, 6.832
656.234, 652.093, 925.200, 5000.000, 6.846
657.060, 652.942, 926.385, 5000.000, 6.859
657.889, 653.788, 927.569, 5000.000, 6.873
658.723, 654.629, 928.754, 5000.000, 6.886
659.562, 655.464, 929.937, 5000.000, 6.900
660.407, 656.292, 931.121, 5000.000, 6.913
661.260, 657.113, 932.303, 5000.000, 6.927
662.120, 657.924, 933.485, 5000.000, 6.940
662.989, 658.726, 934.666, 5000.000, 6.954
663.868, 659.517, 935.847, 5000.000, 6.967
664.757, 660.296, 937.026, 5000.000, 6.980
665.658, 661.062, 938.206, 5000.000, 6.994
666.571, 661.815, 939.389, 5000.000, 7.007
667.451, 662.604, 940.571, 5000.000, 7.021
668.331, 663.394, 941.753, 5000.000, 7.034
669.211, 664.184, 942.935, 5000.000, 7.048
670.091, 664.973, 944.117, 5000.000, 7.061
670.970, 665.763, 945.300, 5000.000, 7.074
671.850, 666.553, 946.482, 5000.000, 7.088
672.730, 667.343, 947.664, 5000.000, 7.101
673.610, 668.132, 948.846, 5000.000, 7.115
674.490, 668.922, 950.028, 5000.000, 7.128
675.370, 669.712, 951.211, 5000.000, 7.142
676.250, 670.501, 952.393, 5000.000, 7.155
677.129, 671.291, 953.575, 5000.000, 7.169
678.009, 672.081, 954.758, 5000.000, 7.182
678.889, 672.870, 955.940, 5000.000, 7.195
679.769, 673.660, 957.122, 5000.000, 7.209
680.649, 674.450, 958.304, 5000.000, 7.222
681.529, 675.239, 959.487, 5000.000, 7.236
682.442, 675.992, 960.669, 5000.000, 7.249
683.343, 676.758, 961.851, 5000.000, 7.263
684.232, 677.537, 963.034, 5000.000, 7.276
685.111, 678.328, 964.216, 5000.000, 7.289
685.980, 679.130, 965.398, 5000.000, 7.303
686.840, 679.941, 966.581, 5000.000, 7.316
687.692, 680.762, 967.764, 5000.000, 7.330
688.538, 681.590, 968.947, 5000.000, 7.343
689.377, 682.425, 970.131, 5000.000, 7.357
690.211, 683.266, 971.315, 5000.000, 7.370
691.040, 684.112, 972.499, 5000.000, 7.384
691.866, 684.962, 973.684, 5000.000, 7.397
692.689, 685.814, 974.868, 5000.000, 7.411
693.511, 686.669, 976.054, 5000.000, 7.424
694.331, 687.525, 977.239, 5000.000, 7.438
695.152, 688.380, 978.424, 5000.000, 7.451
695.974, 689.235, 979.609, 5000.000, 7.464
696.797, 690.088, 980.795, 5000.000, 7.478
697.623, 690.938, 981.980, 5000.000, 7.491
698.452, 691.784, 983.164, 5000.000, 7.505
699.286, 692.624, 984.348, 5000.000, 7.518
700.125, 693.460, 985.532, 5000.000, 7.532
700.970, 694.288, 986.716, 5000.000, 7.545
701.823, 695.108, 987.898, 5000.000, 7.559
702.683, 695.920, 989.080, 5000.000, 7.572
703.552, 696.721, 990.262, 5000.000, 7.586
704.431, 697.512, 991.444, 5000.000, 7.599
705.320, 698.291, 992.626, 5000.000, 7.612
706.221, 699.058, 993.809, 5000.000, 7.626
707.134, 699.810, 994.992, 5000.000, 7.639
708.014, 700.600, 996.174, 5000.000, 7.653
708.894, 701.389, 997.356, 5000.000, 7.666
709.774, 702.179, 998.538, 5000.000, 7.680
710.654, 702.969, 999.720, 5000.000, 7.693
711.534, 703.759, 1000.903, 5000.000, 7.707
712.413, 704.548, 1002.085, 5000.000, 7.720
713.293, 705.338, 1003.267, 5000.000, 7.733
714.173, 706.128, 1004.449, 5000.000, 7.747
715.053, 706.917, 1005.631, 5000.000, 7.760
715.933, 707.707, 1006.814, 5000.000, 7.774
716.813, 708.497, 1007.996, 5000.000, 7.787
717.693, 709.286, 1009.178, 5000.000, 7.801
718.572, 710.076, 1010.360, 5000.000, 7.814
719.452, 710.866, 1011.543, 5000.000, 7.827
720.332, 711.655, 1012.725, 5000.000, 7.841
721.212, 712.445, 1013.907, 5000.000, 7.854
722.092, 713.235, 1015.089, 5000.000, 7.868
722.972, 714.025, 1016.272, 5000.000, 7.881
723.851, 714.814, 1017.454, 5000.000, 7.895
724.731, 715.604, 1018.636, 5000.000, 7.908
725.611, 716.394, 1019.819, 5000.000, 7.922
726.491, 717.183, 1021.001, 5000.000, 7.935
727.371, 717.973, 1022.183, 5000.000, 7.948
728.251, 718.763, 1023.365, 5000.000, 7.962
729.131, 719.552, 1024.548, 5000.000, 7.975
730.010, 720.342, 1025.730, 5000.000, 7.989
730.890, 721.132, 1026.912, 4999.466, 8.002
731.770, 721.921, 1028.094, 4998.149, 8.016
732.650, 722.711, 1029.277, 4995.633, 8.029
733.530, 723.501, 1030.459, 4992.666, 8.043
734.410, 724.291, 1031.641, 4990.638, 8.056
735.289, 725.080, 1032.823, 4990.075, 8.069
736.169, 725.870, 1034.006, 4989.464, 8.083
737.049, 726.660, 1035.188, 4989.267, 8.096
737.929, 727.449, 1036.370, 4987.244, 8.110
738.809, 728.239, 1037.552, 4983.289, 8.123
739.689, 729.029, 1038.735, 4977.370, 8.137
740.569, 729.818, 1039.917, 4968.476, 8.150
741.448, 730.608, 1041.099, 4956.282, 8.164
742.328, 731.398, 1042.282, 4941.506, 8.177
743.208, 732.187, 1043.464, 4924.793, 8.190
744.088, 732.977, 1044.646, 4909.491, 8.204
744.968, 733.767, 1045.828, 4896.159, 8.217
745.848, 734.557, 1047.011, 4881.945, 8.231
746.727, 735.346, 1048.193, 4866.284, 8.244
747.607, 736.136, 1049.375, 4849.611, 8.258
748.487, 736.926, 1050.557, 4832.343, 8.271
749.367, 737.715, 1051.740, 4814.058, 8.284
750.247, 738.505, 1052.922, 4796.427, 8.298
751.127, 739.295, 1054.104, 4779.794, 8.311
752.007, 740.084, 1055.286, 4764.506, 8.325
752.886, 740.874, 1056.469, 4753.037, 8.338
753.766, 741.664, 1057.651, 4743.246, 8.352
754.646, 742.453, 1058.833, 4732.403, 8.365
755.526, 743.243, 1060.015, 4721.569, 8.379
756.406, 744.033, 1061.198, 4710.652, 8.392
757.286, 744.823, 1062.380, 4699.629, 8.405
758.166, 745.612, 1063.562, 4688.532, 8.419
759.045, 746.402, 1064.745, 4678.374, 8.432
759.925, 747.192, 1065.927, 4669.490, 8.446
760.805, 747.981, 1067.109, 4660.219, 8.459
761.685, 748.771, 1068.291, 4651.170, 8.473
762.565, 749.561, 1069.474, 4641.663, 8.486
763.445, 750.350, 1070.656, 4629.089, 8.500
764.324, 751.140, 1071.838, 4614.757, 8.513
765.204, 751.930, 1073.020, 4598.811, 8.526
766.084, 752.719, 1074.203, 4581.414, 8.540
766.964, 753.509, 1075.385, 4562.744, 8.553
767.844, 754.299, 1076.567, 4545.668, 8.567
768.724, 755.089, 1077.749, 4529.863, 8.580
769.604, 755.878, 1078.932, 4515.320, 8.594
770.483, 756.668, 1080.114, 4500.697, 8.607
771.363, 757.458, 1081.296, 4485.447, 8.620
772.243, 758.247, 1082.478, 4467.714, 8.634
773.123, 759.037, 1083.661, 4449.094, 8.647
774.003, 759.827, 1084.843, 4429.937, 8.661
774.883, 760.616, 1086.025, 4410.839, 8.674
775.762, 761.406, 1087.208, 4392.365, 8.688
776.642, 762.196, 1088.390, 4374.827, 8.701
777.522, 762.985, 1089.572, 4359.343, 8.715
778.402, 763.775, 1090.754, 4346.077, 8.728
779.282, 764.565, 1091.937, 4332.528, 8.741
780.162, 765.355, 1093.119, 4319.444, 8.755
781.042, 766.144, 1094.301, 4306.777, 8.768
781.921, 766.934, 1095.483, 4294.385, 8.782
782.801, 767.724, 1096.666, 4283.206, 8.795
783.681, 768.513, 1097.848, 4272.869, 8.809
784.561, 769.303, 1099.030, 4263.097, 8.822
785.441, 770.093, 1100.212, 4253.694, 8.836
786.321, 770.882, 1101.395, 4245.223, 8.849
787.200, 771.672, 1102.577, 4236.795, 8.862
788.080, 772.462, 1103.759, 4227.675, 8.876
788.960, 773.251, 1104.941, 4216.986, 8.889
789.840, 774.041, 1106.124, 4205.512, 8.903
790.720, 774.831, 1107.306, 4193.514, 8.916
791.600, 775.621, 1108.488, 4180.880, 8.930
792.480, 776.410, 1109.670, 4170.053, 8.943
793.359, 777.200, 1110.853, 4160.512, 8.956
794.239, 777.990, 1112.035, 4150.308, 8.970
795.119, 778.779, 1113.217, 4139.547, 8.983
795.999, 779.569, 1114.400, 4126.963, 8.997
796.879, 780.359, 1115.582, 4112.411, 9.010
797.759, 781.148, 1116.764, 4094.585, 9.024
798.638, 781.938, 1117.946, 4075.280, 9.037
799.518, 782.728, 1119.129, 4054.173, 9.051
800.398, 783.517, 1120.311, 4031.995, 9.064
801.278, 784.307, 1121.493, 4009.479, 9.077
802.158, 785.097, 1122.675, 3987.814, 9.091
803.038, 785.887, 1123.858, 3967.062, 9.104
803.918, 786.676, 1125.040, 3946.669, 9.118
804.797, 787.466, 1126.222, 3926.193, 9.131
805.677, 788.256, 1127.404, 3906.943, 9.145
806.557, 789.045, 1128.587, 3888.122, 9.158
807.437, 789.835, 1129.769, 3869.936, 9.172
808.317, 790.625, 1130.951, 3852.020, 9.185
809.197, 791.414, 1132.133, 3833.834, 9.198
810.077, 792.204, 1133.316, 3815.593, 9.212
810.956, 792.994, 1134.498, 3798.091, 9.225
811.803, 793.821, 1135.680, 3781.341, 9.239
812.662, 794.634, 1136.863, 3764.653, 9.252
813.532, 795.434, 1138.045, 3747.742, 9.266
814.413, 796.222, 1139.227, 3731.052, 9.279
815.304, 797.000, 1140.409, 3715.695, 9.292
816.203, 797.768, 1141.592, 3701.748, 9.306
817.110, 798.527, 1142.774, 3688.889, 9.319
818.025, 799.278, 1143.956, 3678.075, 9.333
818.945, 800.023, 1145.139, 3668.184, 9.346
819.871, 800.761, 1146.321, 3659.730, 9.360
820.801, 801.495, 1147.506, 3652.373, 9.373
821.735, 802.224, 1148.691, 3645.310, 9.387
822.672, 802.951, 1149.876, 3638.914, 9.400
823.610, 803.676, 1151.062, 3633.026, 9.414
824.549, 804.399, 1152.247, 3628.042, 9.427
825.488, 805.123, 1153.433, 3623.659, 9.441
826.426, 805.848, 1154.618, 3620.098, 9.454
827.363, 806.574, 1155.804, 3617.342, 9.467
828.296, 807.304, 1156.989, 3615.182, 9.481
829.227, 808.037, 1158.173, 3612.991, 9.494
830.153, 808.776, 1159.357, 3610.691, 9.508
831.073, 809.520, 1160.541, 3607.944, 9.521
831.987, 810.271, 1161.724, 3605.137, 9.535
832.895, 811.030, 1162.907, 3600.862, 9.548
833.794, 811.798, 1164.088, 3595.288, 9.562
834.685, 812.576, 1165.270, 3588.390, 9.575
835.566, 813.365, 1166.450, 3579.946, 9.589
836.436, 814.165, 1167.630, 3570.468, 9.602
837.295, 814.978, 1168.809, 3560.979, 9.615
838.141, 815.805, 1169.988, 3550.619, 9.629
839.021, 816.594, 1171.169, 3539.193, 9.642
839.901, 817.384, 1172.351, 3526.469, 9.656
840.781, 818.174, 1173.533, 3513.265, 9.669
841.628, 819.001, 1174.716, 3499.487, 9.682
842.486, 819.814, 1175.898, 3484.532, 9.696
843.357, 820.614, 1177.081, 3469.035, 9.709
844.238, 821.402, 1178.263, 3454.177, 9.723
845.128, 822.180, 1179.445, 3439.832, 9.736
846.028, 822.948, 1180.627, 3425.722, 9.750
846.935, 823.707, 1181.809, 3411.806, 9.763
847.849, 824.458, 1182.991, 3397.814, 9.777
848.770, 825.203, 1184.174, 3383.719, 9.790
849.696, 825.941, 1185.357, 3369.574, 9.803
850.626, 826.675, 1186.540, 3355.229, 9.817
851.560, 827.404, 1187.724, 3340.345, 9.830
852.496, 828.131, 1188.907, 3325.832, 9.844
853.434, 828.856, 1190.092, 3311.646, 9.857
854.374, 829.579, 1191.276, 3297.550, 9.871
855.313, 830.303, 1192.460, 3283.562, 9.884
856.251, 831.028, 1193.645, 3269.458, 9.898
857.187, 831.754, 1194.830, 3255.041, 9.911
858.121, 832.484, 1196.014, 3240.243, 9.925
859.051, 833.217, 1197.199, 3225.173, 9.938
859.977, 833.956, 1198.383, 3210.096, 9.952
860.898, 834.700, 1199.566, 3194.567, 9.965
861.812, 835.451, 1200.750, 3179.457, 9.978
862.719, 836.210, 1201.933, 3165.884, 9.992
863.619, 836.978, 1203.115, 3153.214, 10.005
864.509, 837.756, 1204.297, 3140.586, 10.019
865.390, 838.545, 1205.479, 3128.192, 10.032
866.261, 839.345, 1206.661, 3115.368, 10.046
867.086, 840.195, 1207.841, 3102.102, 10.059
867.912, 841.045, 1209.023, 3088.596, 10.072
868.782, 841.845, 1210.205, 3075.239, 10.086
869.663, 842.634, 1211.388, 3062.584, 10.099
870.554, 843.412, 1212.570, 3050.515, 10.113
871.453, 844.180, 1213.752, 3039.417, 10.126
872.360, 844.939, 1214.935, 3029.114, 10.140
873.275, 845.690, 1216.117, 3019.047, 10.153
874.195, 846.434, 1217.300, 3008.761, 10.167
875.121, 847.173, 1218.483, 2998.255, 10.180
876.052, 847.906, 1219.666, 2987.225, 10.193
876.985, 848.636, 1220.850, 2975.994, 10.207
877.922, 849.362, 1222.034, 2965.111, 10.220
878.860, 850.087, 1223.218, 2954.618, 10.234
879.799, 850.811, 1224.402, 2944.532, 10.247
880.738, 851.534, 1225.587, 2935.855, 10.261
881.676, 852.259, 1226.773, 2928.011, 10.274
882.613, 852.986, 1227.958, 2920.558, 10.288
883.546, 853.715, 1229.143, 2913.418, 10.301
884.477, 854.449, 1230.328, 2906.405, 10.315
885.403, 855.187, 1231.512, 2899.919, 10.328
886.290, 855.969, 1232.692, 2893.752, 10.342
887.183, 856.743, 1233.874, 2888.023, 10.355
888.081, 857.513, 1235.056, 2883.169, 10.368
888.982, 858.280, 1236.238, 2878.682, 10.382
889.883, 859.045, 1237.421, 2874.055, 10.395
890.783, 859.812, 1238.603, 2870.080, 10.409
891.681, 860.582, 1239.786, 2866.012, 10.422
892.575, 861.356, 1240.968, 2861.454, 10.436
893.462, 862.138, 1242.149, 2857.460, 10.449
894.388, 862.876, 1243.333, 2853.473, 10.463
895.318, 863.610, 1244.518, 2849.853, 10.476
896.252, 864.339, 1245.702, 2846.704, 10.489
897.188, 865.066, 1246.887, 2843.738, 10.503
898.126, 865.791, 1248.072, 2840.922, 10.516
899.065, 866.514, 1249.257, 2837.944, 10.530
900.005, 867.238, 1250.443, 2834.827, 10.543
900.943, 867.963, 1251.628, 2831.085, 10.557
901.846, 868.727, 1252.810, 2826.635, 10.570
902.759, 869.480, 1253.993, 2821.648, 10.584
903.679, 870.224, 1255.177, 2816.733, 10.597
904.606, 870.961, 1256.362, 2811.793, 10.611
905.538, 871.693, 1257.546, 2807.078, 10.624
906.472, 872.423, 1258.731, 2803.706, 10.638
907.406, 873.151, 1259.916, 2800.894, 10.651
908.340, 873.881, 1261.101, 2797.606, 10.665
909.272, 874.613, 1262.286, 2794.452, 10.678
910.199, 875.350, 1263.470, 2791.237, 10.691
911.119, 876.094, 1264.654, 2787.496, 10.705
912.032, 876.847, 1265.837, 2784.038, 10.718
912.935, 877.611, 1267.020, 2780.581, 10.732
913.873, 878.336, 1268.205, 2776.944, 10.745
914.813, 879.059, 1269.390, 2772.894, 10.759
915.752, 879.783, 1270.576, 2768.610, 10.772
916.690, 880.508, 1271.761, 2764.350, 10.786
917.593, 881.272, 1272.943, 2760.215, 10.799
918.506, 882.025, 1274.127, 2755.582, 10.813
919.427, 882.769, 1275.310, 2751.556, 10.826
920.353, 883.506, 1276.495, 2747.526, 10.840
921.285, 884.238, 1277.679, 2742.930, 10.853
922.219, 884.968, 1278.864, 2738.889, 10.866
923.154, 885.696, 1280.050, 2734.602, 10.880
924.088, 886.425, 1281.235, 2730.067, 10.893
925.019, 887.158, 1282.419, 2725.979, 10.907
925.946, 887.895, 1283.604, 2722.678, 10.920
926.866, 888.639, 1284.787, 2719.103, 10.934
927.746, 889.429, 1285.968, 2714.999, 10.947
928.628, 890.216, 1287.148, 2710.404, 10.961
929.557, 890.952, 1288.333, 2705.405, 10.974
930.497, 891.674, 1289.518, 2700.705, 10.988
931.447, 892.386, 1290.704, 2696.432, 11.001
932.405, 893.089, 1291.891, 2692.154, 11.015
933.368, 893.785, 1293.079, 2687.803, 11.028
934.337, 894.476, 1294.268, 2682.969, 11.042
935.308, 895.164, 1295.456, 2678.676, 11.055
936.280, 895.851, 1296.645, 2674.452, 11.069
937.251, 896.539, 1297.834, 2670.172, 11.082
938.219, 897.231, 1299.023, 2665.419, 11.096
939.183, 897.927, 1300.212, 2660.891, 11.109
940.141, 898.629, 1301.400, 2655.774, 11.123
941.090, 899.341, 1302.586, 2650.503, 11.136
941.997, 900.101, 1303.769, 2645.119, 11.150
942.905, 900.859, 1304.952, 2639.564, 11.163
943.811, 901.620, 1306.135, 2633.940, 11.176
944.712, 902.386, 1307.318, 2628.475, 11.190
945.653, 903.107, 1308.503, 2622.992, 11.203
946.599, 903.824, 1309.688, 2617.365, 11.217
947.547, 904.537, 1310.874, 2611.008, 11.230
948.496, 905.250, 1312.060, 2604.890, 11.244
949.444, 905.964, 1313.247, 2599.038, 11.257
950.389, 906.681, 1314.433, 2592.850, 11.271
951.330, 907.402, 1315.618, 2586.645, 11.284
952.265, 908.130, 1316.804, 2580.401, 11.298
953.192, 908.868, 1317.988, 2573.805, 11.311
954.109, 909.616, 1319.171, 2567.193, 11.325
955.015, 910.377, 1320.354, 2560.654, 11.338
955.921, 911.137, 1321.536, 2553.506, 11.352
956.838, 911.885, 1322.720, 2546.200, 11.365
957.765, 912.623, 1323.904, 2538.467, 11.378
958.700, 913.351, 1325.089, 2530.205, 11.392
959.641, 914.073, 1326.275, 2521.135, 11.405
960.586, 914.789, 1327.461, 2512.356, 11.419
961.534, 915.503, 1328.647, 2503.671, 11.432
962.483, 916.216, 1329.834, 2495.276, 11.446
963.398, 916.967, 1331.017, 2486.782, 11.459
964.322, 917.707, 1332.201, 2478.942, 11.473
965.254, 918.439, 1333.386, 2471.178, 11.486
966.190, 919.166, 1334.571, 2464.316, 11.500
967.128, 919.891, 1335.756, 2457.247, 11.513
968.064, 920.617, 1336.942, 2450.810, 11.527
968.998, 921.348, 1338.127, 2444.039, 11.540
969.971, 922.033, 1339.316, 2437.231, 11.554
970.950, 922.712, 1340.506, 2430.911, 11.567
971.933, 923.388, 1341.697, 2425.338, 11.581
972.917, 924.061, 1342.888, 2420.262, 11.594
973.901, 924.734, 1344.079, 2416.027, 11.608
974.850, 925.447, 1345.266, 2412.570, 11.621
975.808, 926.150, 1346.454, 2410.091, 11.635
976.772, 926.845, 1347.643, 2407.986, 11.648
977.740, 927.537, 1348.832, 2405.798, 11.662
978.708, 928.228, 1350.022, 2403.273, 11.675
979.675, 928.921, 1351.211, 2400.677, 11.689
980.637, 929.619, 1352.400, 2398.974, 11.702
981.593, 930.325, 1353.587, 2397.672, 11.716
982.505, 931.078, 1354.769, 2396.154, 11.729
983.417, 931.832, 1355.952, 2394.328, 11.743
984.372, 932.537, 1357.139, 2392.185, 11.756
985.335, 933.235, 1358.327, 2389.772, 11.770
986.302, 933.928, 1359.516, 2387.773, 11.783
987.270, 934.619, 1360.706, 2385.192, 11.797
988.238, 935.311, 1361.895, 2382.363, 11.810
989.202, 936.007, 1363.084, 2378.585, 11.824
990.160, 936.709, 1364.272, 2374.300, 11.837
991.076, 937.459, 1365.454, 2370.051, 11.851
992.039, 938.156, 1366.643, 2365.890, 11.864
993.013, 938.840, 1367.833, 2361.387, 11.878
993.997, 939.514, 1369.025, 2356.914, 11.891
994.987, 940.181, 1370.218, 2351.891, 11.905
995.980, 940.845, 1371.411, 2347.502, 11.919
996.974, 941.507, 1372.605, 2342.258, 11.932
997.966, 942.171, 1373.798, 2336.897, 11.946
998.954, 942.841, 1374.991, 2331.534, 11.959
999.935, 943.518, 1376.183, 2326.443, 11.973
1000.873, 944.243, 1377.367, 2321.363, 11.986
1001.811, 944.968, 1378.552, 2316.617, 12.000
1002.745, 945.697, 1379.736, 2311.928, 12.013
1003.719, 946.382, 1380.927, 2307.364, 12.027
1004.696, 947.063, 1382.118, 2303.273, 12.040
1005.674, 947.743, 1383.309, 2299.634, 12.054
1006.651, 948.425, 1384.501, 2295.865, 12.067
1007.623, 949.112, 1385.691, 2292.354, 12.081
1008.588, 949.807, 1386.880, 2289.091, 12.094
1009.510, 950.550, 1388.062, 2285.790, 12.108
1010.432, 951.293, 1389.244, 2282.685, 12.121
1011.397, 951.987, 1390.433, 2211.497, 12.135
1012.369, 952.674, 1391.623, 2206.836, 12.148
1013.345, 953.357, 1392.814, 2202.228, 12.162
1014.323, 954.037, 1394.005, 2197.719, 12.175
1015.301, 954.718, 1395.197, 2193.098, 12.189
1016.274, 955.403, 1396.387, 2188.506, 12.202
1017.242, 956.095, 1397.577, 2183.962, 12.216
1018.201, 956.796, 1398.765, 2180.072, 12.230
1019.148, 957.511, 1399.951, 2176.272, 12.243
1020.128, 958.189, 1401.143, 2172.553, 12.257
1021.072, 958.908, 1402.328, 2168.915, 12.270
1022.024, 959.617, 1403.515, 2165.239, 12.284
1022.981, 960.321, 1404.703, 2161.668, 12.297
1023.940, 961.022, 1405.891, 2158.444, 12.311
1024.900, 961.722, 1407.080, 2155.495, 12.324
1025.824, 962.463, 1408.264, 2152.970, 12.338
1026.755, 963.196, 1409.448, 2150.160, 12.351
1027.689, 963.925, 1410.634, 2147.842, 12.364
1028.623, 964.654, 1411.819, 2145.520, 12.378
1029.601, 965.335, 1413.008, 2143.117, 12.391
1030.585, 966.008, 1414.199, 2140.339, 12.405
1031.574, 966.677, 1415.391, 2137.668, 12.419
1032.564, 967.343, 1416.584, 2134.594, 12.432
1033.554, 968.010, 1417.777, 2130.960, 12.446
1034.507, 968.719, 1418.964, 2127.642, 12.459
1035.466, 969.420, 1420.152, 2124.149, 12.473
1036.427, 970.119, 1421.341, 2119.878, 12.486
1037.388, 970.818, 1422.529, 2115.832, 12.500
1038.391, 971.471, 1423.724, 2112.075, 12.513
1039.400, 972.117, 1424.921, 2108.439, 12.527
1040.379, 972.796, 1426.112, 2104.877, 12.540
1041.372, 973.460, 1427.306, 2101.621, 12.554
1042.374, 974.113, 1428.501, 2098.385, 12.568
1043.382, 974.760, 1429.698, 2094.690, 12.581
1044.393, 975.403, 1430.895, 2091.200, 12.595
1045.403, 976.048, 1432.092, 2087.559, 12.608
1046.409, 976.697, 1433.288, 2083.764, 12.622
1047.407, 977.356, 1434.484, 2079.808, 12.636
1048.360, 978.064, 1435.670, 2076.270, 12.649
1049.310, 978.775, 1436.857, 2072.578, 12.663
1050.300, 979.442, 1438.050, 2069.062, 12.676
1051.293, 980.106, 1439.244, 2066.151, 12.690
1052.284, 980.771, 1440.438, 2062.991, 12.703
1053.271, 981.442, 1441.631, 2059.164, 12.717
1054.217, 982.158, 1442.816, 2054.772, 12.730
1055.211, 982.821, 1444.011, 2050.777, 12.744
1056.215, 983.472, 1445.207, 2047.088, 12.757
1057.226, 984.116, 1446.404, 2043.063, 12.771
1058.240, 984.755, 1447.603, 2039.107, 12.785
1059.255, 985.395, 1448.802, 2035.582, 12.798
1060.266, 986.039, 1450.000, 2031.776, 12.812
1061.270, 986.690, 1451.196, 2027.642, 12.826
1062.230, 987.390, 1452.384, 2023.239, 12.839
1063.188, 988.093, 1453.571, 2018.653, 12.853
1064.187, 988.750, 1454.766, 2013.021, 12.866
1065.189, 989.403, 1455.963, 2007.822, 12.880
1066.191, 990.057, 1457.159, 2003.307, 12.893
1067.190, 990.714, 1458.354, 1998.741, 12.907
1068.148, 991.416, 1459.541, 1994.130, 12.920
1069.108, 992.117, 1460.730, 1990.034, 12.934
1070.112, 992.768, 1461.926, 1985.980, 12.948
1071.123, 993.412, 1463.124, 1981.908, 12.961
1072.137, 994.051, 1464.323, 1978.016, 12.975
1073.152, 994.691, 1465.522, 1973.845, 12.988
1074.130, 995.372, 1466.713, 1969.097, 13.002
1075.113, 996.047, 1467.905, 1964.735, 13.016
1076.096, 996.720, 1469.097, 1960.653, 13.029
1077.077, 997.398, 1470.289, 1956.990, 13.043
1078.096, 998.033, 1471.489, 1953.384, 13.056
1079.116, 998.666, 1472.689, 1950.384, 13.070
1080.135, 999.300, 1473.889, 1947.770, 13.084
1081.116, 999.978, 1475.081, 1944.581, 13.097
1082.100, 1000.652, 1476.273, 1941.660, 13.111
1083.082, 1001.327, 1477.465, 1939.260, 13.124
1084.107, 1001.956, 1478.666, 1937.163, 13.138
1085.135, 1002.580, 1479.868, 1935.062, 13.152
1086.165, 1003.202, 1481.071, 1933.563, 13.165
1087.158, 1003.866, 1482.265, 1932.412, 13.179
1088.158, 1004.522, 1483.461, 1931.128, 13.192
1089.160, 1005.176, 1484.657, 1929.368, 13.206
1090.158, 1005.833, 1485.853, 1927.914, 13.220
1091.150, 1006.498, 1487.047, 1926.201, 13.233
1092.177, 1007.124, 1488.249, 1924.140, 13.247
1093.169, 1007.789, 1489.443, 1921.638, 13.260
1094.168, 1008.446, 1490.639, 1919.603, 13.274
1095.169, 1009.100, 1491.835, 1916.907, 13.288
1096.169, 1009.756, 1493.031, 1914.299, 13.301
1097.162, 1010.419, 1494.225, 1912.150, 13.315
1098.192, 1011.042, 1495.428, 1910.563, 13.328
1099.187, 1011.703, 1496.622, 1908.704, 13.342
1100.190, 1012.356, 1497.819, 1907.126, 13.356
1101.197, 1013.004, 1499.016, 1905.391, 13.369
1102.203, 1013.653, 1500.214, 1902.962, 13.383
1103.204, 1014.308, 1501.410, 1900.158, 13.396
1104.241, 1014.922, 1502.614, 1897.246, 13.410
1105.278, 1015.536, 1503.819, 1894.179, 13.424
1106.279, 1016.192, 1505.015, 1890.979, 13.437
1107.285, 1016.841, 1506.212, 1887.814, 13.451
1108.292, 1017.489, 1507.410, 1885.061, 13.465
1109.295, 1018.141, 1508.606, 1882.621, 13.478
1110.290, 1018.802, 1509.801, 1880.038, 13.492
1111.320, 1019.425, 1511.004, 1877.499, 13.505
1112.313, 1020.088, 1512.198, 1874.626, 13.519
1113.313, 1020.745, 1513.394, 1871.101, 13.533
1114.314, 1021.399, 1514.590, 1867.642, 13.546
1115.313, 1022.056, 1515.786, 1864.545, 13.560
1116.305, 1022.721, 1516.980, 1861.203, 13.573
1117.332, 1023.347, 1518.182, 1857.793, 13.587
1118.324, 1024.012, 1519.376, 1854.678, 13.601
1119.323, 1024.669, 1520.571, 1852.313, 13.614
1120.324, 1025.323, 1521.767, 1849.585, 13.628
1121.324, 1025.979, 1522.963, 1846.516, 13.641
1122.284, 1026.679, 1524.150, 1843.607, 13.655
1123.293, 1027.326, 1525.348, 1840.508, 13.669
1124.312, 1027.960, 1526.548, 1836.969, 13.682
1125.337, 1028.588, 1527.750, 1834.208, 13.696
1126.364, 1029.214, 1528.952, 1831.535, 13.710
1127.355, 1029.879, 1530.145, 1828.793, 13.723
1128.351, 1030.539, 1531.341, 1826.149, 13.737
1129.394, 1031.147, 1532.546, 1824.069, 13.750
1130.446, 1031.745, 1533.754, 1821.545, 13.764
1131.502, 1032.339, 1534.964, 1818.335, 13.778
1132.525, 1032.969, 1536.165, 1814.710, 13.792
1133.556, 1033.591, 1537.368, 1811.118, 13.805
1134.589, 1034.209, 1538.572, 1807.272, 13.819
1135.620, 1034.831, 1539.776, 1803.570, 13.833
1136.689, 1035.410, 1540.991, 1800.484, 13.846
1137.759, 1035.987, 1542.207, 1797.523, 13.860
1138.793, 1036.606, 1543.411, 1794.927, 13.874
1139.830, 1037.219, 1544.617, 1792.266, 13.888
1140.867, 1037.834, 1545.822, 1789.374, 13.901
1141.865, 1038.493, 1547.015, 1786.206, 13.915
1142.910, 1039.099, 1548.223, 1782.918, 13.929
1143.963, 1039.695, 1549.434, 1779.924, 13.942
1145.020, 1040.287, 1550.645, 1777.185, 13.956
1146.076, 1040.881, 1551.856, 1774.375, 13.970
1147.124, 1041.483, 1553.065, 1772.072, 13.984
1148.127, 1042.136, 1554.260, 1769.912, 13.997
1149.171, 1042.743, 1555.468, 1767.954, 14.011
1150.217, 1043.346, 1556.676, 1765.853, 14.025
1151.261, 1043.953, 1557.883, 1764.004, 14.038
1152.297, 1044.569, 1559.088, 1761.986, 14.052
1153.333, 1045.185, 1560.294, 1759.717, 14.066
1154.377, 1045.792, 1561.501, 1757.602, 14.080
1155.424, 1046.395, 1562.709, 1755.737, 14.093
1156.468, 1047.002, 1563.917, 1753.757, 14.107
1157.504, 1047.618, 1565.122, 1752.004, 14.121
1158.540, 1048.234, 1566.327, 1750.523, 14.134
1159.584, 1048.841, 1567.535, 1748.680, 14.148
1160.631, 1049.444, 1568.743, 1746.367, 14.162
1161.675, 1050.051, 1569.951, 1743.985, 14.176
1162.711, 1050.667, 1571.156, 1741.756, 14.189
1163.747, 1051.283, 1572.361, 1739.504, 14.203
1164.791, 1051.889, 1573.568, 1737.094, 14.217
1165.837, 1052.493, 1574.777, 1735.190, 14.230
1166.881, 1053.100, 1575.984, 1733.380, 14.244
1167.884, 1053.753, 1577.179, 1731.296, 14.258
1168.886, 1054.407, 1578.375, 1729.546, 14.271
1169.927, 1055.017, 1579.581, 1727.198, 14.285
1170.969, 1055.625, 1580.788, 1724.737, 14.299
1172.007, 1056.239, 1581.994, 1722.369, 14.313
1173.082, 1056.812, 1583.210, 1720.149, 14.326
1174.122, 1057.423, 1584.417, 1717.655, 14.340
1175.169, 1058.026, 1585.625, 1715.273, 14.354
1176.219, 1058.626, 1586.834, 1712.722, 14.368
1177.264, 1059.231, 1588.042, 1710.175, 14.381
1178.268, 1059.883, 1589.238, 1707.220, 14.395
1179.316, 1060.485, 1590.447, 1704.312, 14.409
1180.371, 1061.080, 1591.657, 1701.283, 14.422
1181.426, 1061.674, 1592.869, 1697.876, 14.436
1182.444, 1062.310, 1594.068, 1694.262, 14.450
1183.464, 1062.944, 1595.269, 1691.014, 14.463
1184.528, 1063.529, 1596.482, 1687.979, 14.477
1185.595, 1064.109, 1597.697, 1684.944, 14.491
1186.629, 1064.728, 1598.901, 1681.899, 14.505
1187.669, 1065.339, 1600.107, 1678.462, 14.518
1188.708, 1065.951, 1601.313, 1674.971, 14.532
1189.789, 1066.517, 1602.532, 1671.618, 14.546
1190.870, 1067.082, 1603.751, 1668.515, 14.560
1191.915, 1067.688, 1604.959, 1665.244, 14.574
1192.964, 1068.289, 1606.168, 1662.082, 14.587
1194.010, 1068.894, 1607.376, 1658.688, 14.601
1195.093, 1069.457, 1608.596, 1655.558, 14.615
1196.143, 1070.057, 1609.805, 1652.498, 14.629
1197.198, 1070.651, 1611.017, 1649.175, 14.642
1198.254, 1071.245, 1612.228, 1645.822, 14.656
1199.350, 1071.794, 1613.452, 1642.649, 14.670
1200.414, 1072.378, 1614.666, 1639.589, 14.684
1201.488, 1072.952, 1615.883, 1637.203, 14.698
1202.563, 1073.524, 1617.101, 1634.472, 14.712
1203.636, 1074.099, 1618.317, 1631.800, 14.725
1204.665, 1074.722, 1619.521, 1629.031, 14.739
1205.737, 1075.297, 1620.737, 1626.496, 14.753
1206.813, 1075.869, 1621.954, 1623.781, 14.767
1207.887, 1076.443, 1623.171, 1620.836, 14.781
1208.918, 1077.064, 1624.374, 1617.630, 14.794
1209.993, 1077.636, 1625.592, 1614.500, 14.808
1211.072, 1078.204, 1626.811, 1611.373, 14.822
1212.116, 1078.810, 1628.019, 1608.622, 14.836
1213.165, 1079.412, 1629.227, 1606.016, 14.849
1214.258, 1079.964, 1630.451, 1603.604, 14.863
1215.355, 1080.512, 1631.676, 1601.122, 14.877
1216.417, 1081.099, 1632.889, 1598.552, 14.891
1217.483, 1081.681, 1634.104, 1595.958, 14.905
1218.593, 1082.214, 1635.334, 1593.165, 14.919
1219.674, 1082.779, 1636.554, 1590.455, 14.933
1220.766, 1083.332, 1637.778, 1587.758, 14.947
1221.862, 1083.882, 1639.003, 1585.020, 14.961
1222.954, 1084.435, 1640.227, 1582.464, 14.975
1224.082, 1084.949, 1641.463, 1580.119, 14.989
1225.206, 1085.466, 1642.699, 1577.523, 15.003
1226.287, 1086.031, 1643.919, 1575.266, 15.016
1227.365, 1086.600, 1645.138, 1572.639, 15.030
1228.479, 1087.130, 1646.371, 1570.131, 15.044
1229.556, 1087.700, 1647.589, 1567.682, 15.058
1230.635, 1088.267, 1648.809, 1565.144, 15.072
1231.710, 1088.839, 1650.026, 1562.703, 15.086
1232.821, 1089.372, 1651.257, 1560.210, 15.100
1233.926, 1089.910, 1652.487, 1557.587, 15.114
1234.988, 1090.497, 1653.700, 1555.455, 15.128
1236.046, 1091.088, 1654.911, 1553.258, 15.141
1237.139, 1091.641, 1656.135, 1551.164, 15.155
1238.193, 1092.236, 1657.345, 1548.820, 15.169
1239.250, 1092.828, 1658.556, 1546.142, 15.183
1240.301, 1093.427, 1659.765, 1543.468, 15.197
1241.387, 1093.987, 1660.987, 1540.673, 15.211
1242.434, 1094.591, 1662.195, 1538.042, 15.224
1243.482, 1095.194, 1663.403, 1535.646, 15.238
1244.570, 1095.751, 1664.625, 1533.114, 15.252
1245.659, 1096.308, 1665.848, 1530.860, 15.266
1246.710, 1096.907, 1667.057, 1528.514, 15.280
1247.761, 1097.506, 1668.266, 1526.393, 15.293
1248.853, 1098.059, 1669.490, 1524.124, 15.307
1249.912, 1098.649, 1670.703, 1521.698, 15.321
1250.978, 1099.231, 1671.917, 1519.185, 15.335
1252.091, 1099.761, 1673.150, 1516.673, 15.349
1253.211, 1100.283, 1674.386, 1514.337, 15.363
1254.299, 1100.842, 1675.608, 1512.080, 15.377
1255.393, 1101.392, 1676.833, 1509.796, 15.391
1256.488, 1101.943, 1678.058, 1507.583, 15.405
1257.542, 1102.538, 1679.267, 1505.520, 15.418
1258.641, 1103.084, 1680.494, 1503.354, 15.432
1259.744, 1103.624, 1681.722, 1501.246, 15.446
1260.845, 1104.168, 1682.950, 1499.091, 15.460
1261.949, 1104.708, 1684.179, 1496.689, 15.474
1263.063, 1105.237, 1685.412, 1494.444, 15.488
1264.180, 1105.763, 1686.646, 1492.239, 15.502
1265.292, 1106.293, 1687.878, 1490.136, 15.516
1266.359, 1106.874, 1689.092, 1488.231, 15.530
1267.467, 1107.410, 1690.323, 1486.177, 15.544
1268.575, 1107.946, 1691.553, 1484.142, 15.558
1269.642, 1108.526, 1692.768, 1482.113, 15.572
1270.754, 1109.057, 1694.000, 1480.097, 15.586
1271.871, 1109.583, 1695.234, 1477.779, 15.600
1272.951, 1110.149, 1696.453, 1475.264, 15.614
1274.035, 1110.712, 1697.674, 1472.918, 15.628
1275.159, 1111.229, 1698.911, 1470.459, 15.642
1276.285, 1111.745, 1700.149, 1467.975, 15.656
1277.371, 1112.305, 1701.371, 1465.689, 15.670
1278.456, 1112.867, 1702.592, 1463.197, 15.683
1279.578, 1113.386, 1703.828, 1460.707, 15.698
1280.665, 1113.945, 1705.050, 1458.242, 15.711
1281.755, 1114.501, 1706.273, 1455.825, 15.725
1282.885, 1115.011, 1707.513, 1453.027, 15.739
1283.983, 1115.558, 1708.740, 1450.094, 15.753
1285.088, 1116.097, 1709.969, 1447.228, 15.767
1286.191, 1116.638, 1711.197, 1444.218, 15.781
1287.297, 1117.176, 1712.427, 1441.441, 15.795
1288.412, 1117.704, 1713.661, 1438.709, 15.809
1289.528, 1118.230, 1714.895, 1436.063, 15.823
1290.650, 1118.750, 1716.131, 1433.330, 15.837
1291.783, 1119.257, 1717.372, 1430.860, 15.852
1292.887, 1119.798, 1718.601, 1428.467, 15.865
1293.998, 1120.329, 1719.833, 1425.736, 15.879
1295.156, 1120.810, 1721.084, 1423.293, 15.894
1296.317, 1121.285, 1722.338, 1420.878, 15.908
1297.476, 1121.765, 1723.590, 1418.478, 15.922
1298.589, 1122.294, 1724.822, 1416.319, 15.936
1299.742, 1122.780, 1726.072, 1414.275, 15.950
1300.893, 1123.267, 1727.322, 1412.484, 15.965
1302.001, 1123.803, 1728.552, 1410.679, 15.979
1303.151, 1124.292, 1729.801, 1408.748, 15.993
1304.300, 1124.781, 1731.050, 1406.755, 16.007
1305.408, 1125.317, 1732.280, 1404.771, 16.021
1306.559, 1125.804, 1733.530, 1402.754, 16.035
1307.679, 1126.327, 1734.766, 1400.783, 16.049
1308.804, 1126.843, 1736.004, 1398.891, 16.063
1309.928, 1127.361, 1737.241, 1397.095, 16.077
1311.086, 1127.841, 1738.494, 1395.073, 16.092
1312.204, 1128.364, 1739.729, 1393.406, 16.106
1313.321, 1128.890, 1740.963, 1391.925, 16.120
1314.474, 1129.375, 1742.214, 1390.162, 16.134
1315.589, 1129.904, 1743.447, 1388.475, 16.148
1316.702, 1130.433, 1744.679, 1386.761, 16.162
1317.852, 1130.922, 1745.929, 1385.061, 16.176
1318.965, 1131.452, 1747.161, 1383.364, 16.190
1320.077, 1131.983, 1748.393, 1381.829, 16.204
1321.228, 1132.471, 1749.642, 1380.167, 16.218
1322.341, 1133.001, 1750.875, 1378.455, 16.232
1323.455, 1133.529, 1752.108, 1376.968, 16.246
1324.608, 1134.014, 1753.359, 1375.845, 16.261
1325.725, 1134.540, 1754.593, 1374.352, 16.275
1326.890, 1135.012, 1755.849, 1372.988, 16.289
1328.063, 1135.476, 1757.109, 1371.799, 16.303
1329.201, 1135.978, 1758.353, 1370.430, 16.317
1330.342, 1136.476, 1759.599, 1369.103, 16.332
1331.445, 1137.017, 1760.826, 1367.993, 16.346
1332.593, 1137.508, 1762.074, 1366.646, 16.360
1333.743, 1137.996, 1763.324, 1365.257, 16.374
1334.888, 1138.491, 1764.571, 1363.804, 16.388
1336.030, 1138.988, 1765.817, 1362.608, 16.402
1337.175, 1139.482, 1767.064, 1361.208, 16.416
1338.281, 1140.021, 1768.293, 1359.613, 16.430
1339.431, 1140.510, 1769.542, 1358.128, 16.445
1340.582, 1140.997, 1770.792, 1356.661, 16.459
1341.739, 1141.477, 1772.045, 1355.106, 16.473
1342.907, 1141.946, 1773.303, 1353.629, 16.487
1344.077, 1142.413, 1774.562, 1351.902, 16.502
1345.207, 1142.924, 1775.801, 1350.662, 16.516
1346.379, 1143.388, 1777.062, 1349.231, 16.530
1347.552, 1143.851, 1778.322, 1347.943, 16.544
1348.684, 1144.359, 1779.563, 1346.701, 16.559
1349.859, 1144.821, 1780.824, 1344.896, 16.573
1351.000, 1145.320, 1782.070, 1343.312, 16.587
1352.144, 1145.815, 1783.317, 1341.595, 16.601
1353.329, 1146.265, 1784.583, 1339.828, 16.616
1354.479, 1146.754, 1785.832, 1337.966, 16.630
1355.630, 1147.241, 1787.083, 1336.257, 16.644
1356.820, 1147.685, 1788.352, 1334.826, 16.658
1357.973, 1148.170, 1789.603, 1333.471, 16.673
1359.127, 1148.655, 1790.854, 1332.021, 16.687
1360.283, 1149.136, 1792.107, 1330.761, 16.701
1361.447, 1149.609, 1793.363, 1329.201, 16.715
1362.608, 1150.086, 1794.618, 1327.521, 16.730
1363.770, 1150.561, 1795.874, 1325.953, 16.744
1364.937, 1151.031, 1797.131, 1324.248, 16.758
1366.145, 1151.456, 1798.410, 1322.350, 16.773
1367.318, 1151.918, 1799.671, 1320.659, 16.787
1368.494, 1152.378, 1800.934, 1318.978, 16.801
1369.630, 1152.882, 1802.176, 1317.503, 16.816
1370.808, 1153.340, 1803.440, 1315.885, 16.830
1371.985, 1153.798, 1804.703, 1314.478, 16.844
1373.165, 1154.254, 1805.967, 1312.932, 16.859
1374.351, 1154.703, 1807.235, 1311.192, 16.873
1375.500, 1155.192, 1808.484, 1309.561, 16.887
1376.694, 1155.631, 1809.756, 1307.951, 16.902
1377.892, 1156.067, 1811.031, 1306.329, 16.916
1379.049, 1156.548, 1812.283, 1304.869, 16.930
1380.248, 1156.982, 1813.558, 1303.223, 16.945
1381.412, 1157.454, 1814.814, 1301.841, 16.959
1382.579, 1157.925, 1816.072, 1300.278, 16.974
1383.783, 1158.353, 1817.350, 1298.747, 16.988
1384.949, 1158.824, 1818.607, 1297.379, 17.002
1386.159, 1159.246, 1819.888, 1295.766, 17.017
1387.336, 1159.705, 1821.151, 1294.222, 17.031
1388.517, 1160.159, 1822.416, 1292.707, 17.046
1389.737, 1160.569, 1823.703, 1291.359, 17.060
1390.920, 1161.021, 1824.969, 1290.125, 17.075
1392.103, 1161.473, 1826.235, 1288.920, 17.089
1393.321, 1161.887, 1827.520, 1287.872, 17.104
1394.497, 1162.346, 1828.783, 1286.993, 17.118
1395.714, 1162.760, 1830.068, 1286.194, 17.133
1396.897, 1163.212, 1831.334, 1285.245, 17.147
1398.080, 1163.664, 1832.601, 1284.322, 17.161
1399.267, 1164.111, 1833.869, 1283.365, 17.176
1400.460, 1164.552, 1835.141, 1282.398, 17.190
1401.649, 1164.997, 1836.411, 1281.472, 17.205
1402.836, 1165.445, 1837.679, 1280.701, 17.219
1404.024, 1165.892, 1838.948, 1279.988, 17.234
1405.215, 1166.334, 1840.219, 1279.245, 17.248
1406.412, 1166.770, 1841.493, 1278.609, 17.263
1407.572, 1167.248, 1842.747, 1277.761, 17.277
1408.776, 1167.677, 1844.025, 1276.917, 17.291
1409.946, 1168.143, 1845.284, 1276.110, 17.306
1411.165, 1168.555, 1846.570, 1275.081, 17.320
1412.388, 1168.962, 1847.858, 1274.095, 17.335
1413.572, 1169.414, 1849.125, 1272.984, 17.349
1414.797, 1169.818, 1850.415, 1271.972, 17.364
1415.988, 1170.261, 1851.685, 1271.026, 17.378
1417.225, 1170.653, 1852.982, 1269.911, 17.393
1418.465, 1171.042, 1854.280, 1268.791, 17.408
1419.663, 1171.476, 1855.555, 1267.539, 17.422
1420.902, 1171.866, 1856.852, 1266.130, 17.437
1422.104, 1172.297, 1858.129, 1264.675, 17.452
1423.351, 1172.677, 1859.432, 1263.222, 17.466
1424.566, 1173.094, 1860.716, 1261.722, 17.481
1425.783, 1173.508, 1862.001, 1260.261, 17.496
1427.004, 1173.917, 1863.289, 1258.873, 17.510
1428.232, 1174.320, 1864.581, 1257.698, 17.525
1429.454, 1174.728, 1865.869, 1256.326, 17.540
1430.673, 1175.140, 1867.156, 1255.005, 17.554
1431.890, 1175.554, 1868.441, 1253.408, 17.569
1433.107, 1175.968, 1869.727, 1251.896, 17.584
1434.326, 1176.380, 1871.014, 1250.319, 17.598
1435.548, 1176.788, 1872.302, 1248.746, 17.613
1436.776, 1177.190, 1873.594, 1247.108, 17.627
1437.997, 1177.599, 1874.882, 1245.619, 17.642
1439.214, 1178.013, 1876.168, 1244.071, 17.657
1440.429, 1178.430, 1877.452, 1242.682, 17.671
1441.642, 1178.848, 1878.735, 1241.155, 17.686
1442.857, 1179.265, 1880.019, 1239.622, 17.701
1444.074, 1179.679, 1881.305, 1238.121, 17.715
1445.295, 1180.088, 1882.593, 1236.515, 17.730
1446.523, 1180.490, 1883.884, 1234.842, 17.744
1447.758, 1180.884, 1885.181, 1233.319, 17.759
1448.957, 1181.318, 1886.456, 1231.588, 17.774
1450.200, 1181.704, 1887.756, 1229.895, 17.788
1451.408, 1182.127, 1889.037, 1228.246, 17.803
1452.663, 1182.499, 1890.345, 1226.585, 17.818
1453.886, 1182.906, 1891.634, 1224.919, 17.833
1455.112, 1183.310, 1892.925, 1223.273, 17.847
1456.375, 1183.673, 1894.239, 1221.604, 17.862
1457.597, 1184.082, 1895.527, 1219.939, 17.877
1458.825, 1184.484, 1896.818, 1218.217, 17.891
1460.060, 1184.878, 1898.115, 1216.520, 17.906
1461.336, 1185.226, 1899.437, 1214.897, 17.921
1462.575, 1185.615, 1900.735, 1213.268, 17.936
1463.858, 1185.956, 1902.062, 1211.705, 17.951
1465.107, 1186.334, 1903.367, 1210.064, 17.966
1466.356, 1186.712, 1904.672, 1208.591, 17.981
1467.606, 1187.090, 1905.978, 1207.034, 17.996
1468.857, 1187.465, 1907.284, 1205.624, 18.010
1470.112, 1187.838, 1908.593, 1204.167, 18.025
1471.369, 1188.207, 1909.903, 1202.751, 18.040
1472.632, 1188.570, 1911.217, 1201.352, 18.055
1473.899, 1188.928, 1912.534, 1200.124, 18.070
1475.160, 1189.294, 1913.846, 1198.839, 18.085
1476.414, 1189.666, 1915.154, 1197.562, 18.100
1477.629, 1190.082, 1916.438, 1196.154, 18.115
1478.886, 1190.451, 1917.748, 1194.973, 18.129
1480.106, 1190.863, 1919.034, 1193.707, 18.144
1481.367, 1191.228, 1920.347, 1192.476, 18.159
1482.591, 1191.634, 1921.637, 1191.284, 18.174
1483.859, 1191.991, 1922.954, 1190.173, 18.189
1485.090, 1192.389, 1924.248, 1188.914, 18.203
1486.366, 1192.738, 1925.569, 1187.903, 18.218
1487.606, 1193.126, 1926.869, 1186.729, 18.233
1488.891, 1193.464, 1928.197, 1185.532, 18.248
1490.142, 1193.841, 1929.503, 1184.348, 18.263
1491.438, 1194.166, 1930.839, 1183.148, 18.278
1492.702, 1194.529, 1932.154, 1181.920, 18.293
1493.965, 1194.891, 1933.468, 1180.793, 18.308
1495.228, 1195.254, 1934.782, 1179.635, 18.323
1496.538, 1195.564, 1936.127, 1178.479, 18.338
1497.815, 1195.911, 1937.450, 1177.250, 18.353
1499.094, 1196.257, 1938.775, 1176.158, 18.368
1500.373, 1196.602, 1940.099, 1175.067, 18.384
1501.653, 1196.946, 1941.425, 1173.886, 18.399
1502.933, 1197.289, 1942.750, 1172.728, 18.414
1504.215, 1197.631, 1944.077, 1171.472, 18.429
1505.498, 1197.972, 1945.404, 1170.232, 18.444
1506.781, 1198.312, 1946.732, 1169.030, 18.459
1508.066, 1198.651, 1948.060, 1167.806, 18.474
1509.351, 1198.989, 1949.389, 1166.534, 18.489
1510.637, 1199.326, 1950.718, 1165.142, 18.504
1511.924, 1199.662, 1952.049, 1163.619, 18.519
1513.166, 1200.048, 1953.348, 1162.167, 18.534
1514.407, 1200.435, 1954.648, 1160.594, 18.549
1515.694, 1200.771, 1955.978, 1159.016, 18.564
1516.947, 1201.145, 1957.285, 1157.405, 18.579
1518.244, 1201.470, 1958.622, 1155.785, 18.594
1519.507, 1201.833, 1959.936, 1154.159, 18.609
1520.813, 1202.147, 1961.279, 1152.528, 18.624
1522.084, 1202.502, 1962.598, 1150.734, 18.639
1523.397, 1202.808, 1963.945, 1148.948, 18.655
1524.674, 1203.156, 1965.268, 1146.869, 18.670
1525.993, 1203.457, 1966.620, 1145.003, 18.685
1527.274, 1203.799, 1967.946, 1143.159, 18.700
1528.596, 1204.096, 1969.300, 1141.350, 18.715
1529.880, 1204.436, 1970.628, 1139.566, 18.731
1531.170, 1204.768, 1971.961, 1137.804, 18.746
1532.467, 1205.093, 1973.298, 1136.036, 18.761
1533.770, 1205.412, 1974.638, 1134.355, 18.776
1535.076, 1205.726, 1975.982, 1132.697, 18.791
1536.386, 1206.037, 1977.328, 1131.045, 18.807
1537.699, 1206.344, 1978.676, 1129.213, 18.822
1539.014, 1206.649, 1980.025, 1127.448, 18.837
1540.329, 1206.954, 1981.375, 1125.718, 18.853
1541.644, 1207.258, 1982.725, 1124.020, 18.868
1542.926, 1207.601, 1984.051, 1122.386, 18.883
1544.251, 1207.894, 1985.408, 1120.700, 18.899
1545.539, 1208.229, 1986.739, 1118.973, 18.914
1546.868, 1208.517, 1988.099, 1117.363, 18.929
1548.159, 1208.850, 1989.431, 1115.718, 18.944
1549.454, 1209.177, 1990.767, 1114.125, 18.960
1550.753, 1209.500, 1992.105, 1112.533, 18.975
1552.053, 1209.821, 1993.444, 1110.885, 18.990
1553.400, 1210.090, 1994.817, 1109.464, 19.006
1554.713, 1210.397, 1996.166, 1108.041, 19.021
1556.037, 1210.692, 1997.521, 1106.650, 19.036
1557.369, 1210.978, 1998.884, 1105.248, 19.052
1558.709, 1211.256, 2000.251, 1103.775, 19.067
1560.053, 1211.527, 2001.622, 1102.316, 19.083
1561.401, 1211.795, 2002.996, 1100.918, 19.099
1562.751, 1212.061, 2004.372, 1099.427, 19.114
1564.101, 1212.327, 2005.747, 1097.985, 19.130
1565.416, 1212.632, 2007.097, 1096.504, 19.145
1566.773, 1212.890, 2008.477, 1095.054, 19.161
1568.091, 1213.192, 2009.829, 1093.560, 19.176
1569.413, 1213.489, 2011.184, 1092.113, 19.192
1570.783, 1213.733, 2012.575, 1090.650, 19.207
1572.153, 1213.976, 2013.966, 1089.106, 19.223
1573.488, 1214.258, 2015.331, 1087.456, 19.239
1574.832, 1214.531, 2016.702, 1085.782, 19.254
1576.216, 1214.759, 2018.104, 1084.023, 19.270
1577.557, 1215.035, 2019.473, 1082.232, 19.286
1578.900, 1215.309, 2020.844, 1080.414, 19.301
1580.242, 1215.583, 2022.214, 1078.587, 19.317
1581.581, 1215.862, 2023.581, 1076.680, 19.333
1582.960, 1216.095, 2024.979, 1074.862, 19.348
1584.298, 1216.375, 2026.346, 1073.147, 19.364
1585.638, 1216.651, 2027.714, 1071.408, 19.380
1586.979, 1216.928, 2029.083, 1069.617, 19.395
1588.317, 1217.207, 2030.449, 1067.889, 19.411
1589.662, 1217.478, 2031.822, 1066.103, 19.426
1591.013, 1217.742, 2033.199, 1064.347, 19.442
1592.367, 1218.004, 2034.577, 1062.660, 19.458
1593.687, 1218.303, 2035.931, 1060.877, 19.473
1595.051, 1218.554, 2037.317, 1059.131, 19.489
1596.421, 1218.797, 2038.708, 1057.427, 19.505
1597.796, 1219.035, 2040.103, 1055.764, 19.520
1599.173, 1219.272, 2041.500, 1054.186, 19.536
1600.515, 1219.546, 2042.870, 1052.520, 19.552
1601.899, 1219.773, 2044.273, 1050.851, 19.568
1603.244, 1220.046, 2045.644, 1049.196, 19.583
1604.590, 1220.315, 2047.017, 1047.582, 19.599
1605.983, 1220.534, 2048.426, 1046.021, 19.615
1607.338, 1220.793, 2049.806, 1044.483, 19.631
1608.700, 1221.046, 2051.191, 1042.938, 19.646
1610.111, 1221.244, 2052.615, 1041.403, 19.663
1611.489, 1221.479, 2054.013, 1039.965, 19.679
1612.830, 1221.755, 2055.381, 1038.596, 19.694
1614.256, 1221.937, 2056.817, 1037.172, 19.710
1615.651, 1222.152, 2058.228, 1035.699, 19.726
1617.012, 1222.406, 2059.612, 1034.229, 19.742
1618.414, 1222.613, 2061.030, 1032.787, 19.758
1619.821, 1222.816, 2062.450, 1031.339, 19.774
1621.195, 1223.055, 2063.845, 1029.911, 19.790
1622.612, 1223.246, 2065.274, 1028.485, 19.807
1623.989, 1223.481, 2066.671, 1027.012, 19.822
1625.368, 1223.715, 2068.070, 1025.554, 19.838
1626.791, 1223.900, 2069.503, 1024.125, 19.855
1628.174, 1224.129, 2070.905, 1022.678, 19.871
1629.559, 1224.355, 2072.309, 1021.150, 19.887
1630.990, 1224.531, 2073.750, 1019.630, 19.903
1632.382, 1224.751, 2075.159, 1018.126, 19.919
1633.777, 1224.966, 2076.571, 1016.568, 19.935
1635.185, 1225.167, 2077.993, 1015.054, 19.951
1636.601, 1225.360, 2079.422, 1013.556, 19.967
1638.020, 1225.549, 2080.853, 1012.013, 19.984
1639.405, 1225.776, 2082.257, 1010.517, 20.000
1640.831, 1225.957, 2083.693, 1009.017, 20.016
1642.259, 1226.136, 2085.132, 1007.562, 20.032
1643.652, 1226.354, 2086.542, 1006.053, 20.048
1645.051, 1226.565, 2087.957, 1004.532, 20.064
1646.497, 1226.724, 2089.411, 1003.027, 20.081
1647.907, 1226.923, 2090.835, 1001.550, 20.097
1649.321, 1227.117, 2092.263, 1000.093, 20.113
1650.781, 1227.261, 2093.728, 998.643, 20.130
1652.202, 1227.448, 2095.162, 997.192, 20.146
1653.626, 1227.631, 2096.597, 995.724, 20.163
1655.094, 1227.766, 2098.070, 994.210, 20.179
1656.521, 1227.946, 2099.508, 992.780, 20.196
1657.949, 1228.124, 2100.947, 991.329, 20.212
1659.386, 1228.293, 2102.394, 989.859, 20.229
1660.827, 1228.458, 2103.844, 988.396, 20.245
1662.266, 1228.625, 2105.293, 986.979, 20.261
1663.711, 1228.785, 2106.746, 985.560, 20.278
1665.156, 1228.944, 2108.201, 984.203, 20.295
1666.598, 1229.108, 2109.652, 982.843, 20.311
1668.043, 1229.268, 2111.106, 981.520, 20.328
1669.486, 1229.430, 2112.558, 980.196, 20.344
1670.922, 1229.600, 2114.004, 978.911, 20.361
1672.359, 1229.769, 2115.451, 977.644, 20.377
1673.759, 1229.980, 2116.865, 976.405, 20.393
1675.160, 1230.188, 2118.282, 975.128, 20.409
1676.572, 1230.385, 2119.707, 973.949, 20.425
1678.034, 1230.526, 2121.175, 972.729, 20.442
1679.460, 1230.707, 2122.613, 971.526, 20.458
1680.892, 1230.882, 2124.056, 970.324, 20.475
1682.370, 1231.005, 2125.537, 969.130, 20.492
1683.808, 1231.173, 2126.985, 967.934, 20.508
1685.247, 1231.340, 2128.434, 966.738, 20.525
1686.694, 1231.498, 2129.889, 965.504, 20.541
1688.156, 1231.639, 2131.358, 964.310, 20.558
1689.627, 1231.770, 2132.834, 963.084, 20.575
1691.100, 1231.899, 2134.312, 961.869, 20.591
1692.583, 1232.016, 2135.800, 960.608, 20.608
1694.070, 1232.130, 2137.291, 959.361, 20.625
1695.553, 1232.247, 2138.779, 958.095, 20.642
1697.042, 1232.358, 2140.272, 956.875, 20.659
1698.495, 1232.509, 2141.733, 955.647, 20.676
1699.953, 1232.655, 2143.197, 954.401, 20.692
1701.454, 1232.752, 2144.702, 953.148, 20.709
1702.960, 1232.844, 2146.210, 951.935, 20.727
1704.431, 1232.975, 2147.687, 950.749, 20.743
1705.906, 1233.102, 2149.167, 949.529, 20.760
1707.392, 1233.216, 2150.658, 948.325, 20.777
1708.882, 1233.327, 2152.151, 947.121, 20.794
1710.368, 1233.441, 2153.641, 945.961, 20.811
1711.856, 1233.553, 2155.134, 944.814, 20.828
1713.307, 1233.706, 2156.593, 943.689, 20.845
1714.758, 1233.859, 2158.052, 942.544, 20.861
1716.216, 1234.005, 2159.517, 941.411, 20.878
1717.719, 1234.100, 2161.022, 940.247, 20.895
1719.193, 1234.228, 2162.501, 939.062, 20.912
1720.689, 1234.331, 2164.001, 937.810, 20.929
1722.201, 1234.417, 2165.515, 936.576, 20.946
1723.720, 1234.495, 2167.035, 935.367, 20.963
1725.251, 1234.559, 2168.567, 934.153, 20.981
1726.753, 1234.655, 2170.072, 932.905, 20.998
1728.263, 1234.742, 2171.586, 931.644, 21.015
1729.821, 1234.777, 2173.143, 930.325, 21.033
1731.350, 1234.843, 2174.674, 929.062, 21.050
1732.936, 1234.846, 2176.258, 927.750, 21.068
1734.490, 1234.884, 2177.813, 926.469, 21.086
1736.050, 1234.916, 2179.373, 925.157, 21.104
1737.621, 1234.936, 2180.944, 923.816, 21.121
1739.194, 1234.954, 2182.516, 922.534, 21.139
1740.759, 1234.979, 2184.082, 921.312, 21.157
1742.322, 1235.008, 2185.645, 920.060, 21.175
1743.887, 1235.035, 2187.209, 918.814, 21.193
1745.458, 1235.055, 2188.780, 917.581, 21.211
1746.993, 1235.115, 2190.316, 916.367, 21.228
1748.528, 1235.173, 2191.853, 915.138, 21.246
1750.068, 1235.227, 2193.394, 913.920, 21.263
1751.616, 1235.273, 2194.943, 912.732, 21.281
1753.176, 1235.305, 2196.503, 911.506, 21.298
1754.704, 1235.373, 2198.032, 910.310, 21.316
1756.270, 1235.398, 2199.598, 909.170, 21.334
1757.830, 1235.429, 2201.158, 907.997, 21.351
1759.389, 1235.463, 2202.717, 906.843, 21.369
1760.949, 1235.494, 2204.278, 905.672, 21.387
1762.548, 1235.483, 2205.877, 904.487, 21.405
1764.097, 1235.527, 2207.426, 903.277, 21.423
1765.680, 1235.534, 2209.009, 902.078, 21.441
1767.266, 1235.536, 2210.595, 900.885, 21.459
1768.815, 1235.580, 2212.145, 899.634, 21.476
1770.363, 1235.625, 2213.693, 898.339, 21.494
1771.914, 1235.668, 2215.244, 897.064, 21.511
1773.471, 1235.703, 2216.802, 895.759, 21.529
1775.038, 1235.728, 2218.368, 894.471, 21.547
1776.571, 1235.789, 2219.903, 893.183, 21.564
1778.153, 1235.796, 2221.485, 891.874, 21.582
1779.709, 1235.833, 2223.041, 890.566, 21.600
1781.273, 1235.860, 2224.605, 889.284, 21.618
1782.848, 1235.875, 2226.181, 888.007, 21.636
1784.438, 1235.874, 2227.770, 886.737, 21.654
1785.998, 1235.906, 2229.330, 885.429, 21.672
1787.563, 1235.932, 2230.896, 884.099, 21.689
1789.135, 1235.950, 2232.468, 882.782, 21.707
1790.716, 1235.959, 2234.049, 881.531, 21.725
1792.308, 1235.955, 2235.640, 880.264, 21.743
1793.912, 1235.938, 2237.244, 878.995, 21.762
1795.530, 1235.905, 2238.863, 877.747, 21.780
1797.164, 1235.855, 2240.497, 876.519, 21.799
1798.816, 1235.785, 2242.150, 875.312, 21.817
1800.487, 1235.693, 2243.823, 874.118, 21.836
1802.179, 1235.578, 2245.518, 872.921, 21.856
1803.847, 1235.489, 2247.189, 871.685, 21.875
1805.526, 1235.388, 2248.871, 870.500, 21.894
1807.217, 1235.274, 2250.564, 869.329, 21.913
1808.920, 1235.147, 2252.271, 868.160, 21.932
1810.589, 1235.057, 2253.943, 866.999, 21.951
1812.259, 1234.967, 2255.615, 865.831, 21.970
1813.928, 1234.877, 2257.287, 864.655, 21.989
1815.598, 1234.787, 2258.959, 863.481, 22.008
1817.267, 1234.696, 2260.631, 862.404, 22.027
1818.937, 1234.606, 2262.303, 861.362, 22.046
1820.606, 1234.516, 2263.975, 860.335, 22.065
1822.276, 1234.426, 2265.647, 859.367, 22.084
1823.945, 1234.336, 2267.319, 858.401, 22.103
1825.615, 1234.246, 2268.991, 857.463, 22.122
1827.284, 1234.155, 2270.663, 856.502, 22.141
1828.954, 1234.065, 2272.335, 855.543, 22.160
1830.624, 1233.975, 2274.007, 854.534, 22.179
1832.293, 1233.885, 2275.679, 853.504, 22.198
1833.963, 1233.795, 2277.351, 852.481, 22.217
1835.632, 1233.705, 2279.023, 851.471, 22.236
1837.302, 1233.615, 2280.695, 850.496, 22.255
1838.938, 1233.561, 2282.332, 849.556, 22.274
1840.586, 1233.495, 2283.981, 848.590, 22.293
1842.246, 1233.415, 2285.643, 847.657, 22.312
1843.917, 1233.324, 2287.316, 846.739, 22.331
1845.597, 1233.222, 2289.000, 845.804, 22.350
1847.286, 1233.110, 2290.692, 844.839, 22.369
1848.984, 1232.989, 2292.393, 843.856, 22.388
1850.654, 1232.897, 2294.067, 842.885, 22.408
1852.344, 1232.785, 2295.760, 841.919, 22.427
1854.050, 1232.654, 2297.470, 841.073, 22.446
1855.771, 1232.507, 2299.197, 840.278, 22.466
1857.505, 1232.345, 2300.938, 839.511, 22.486
1859.251, 1232.170, 2302.691, 838.807, 22.506
1861.006, 1231.984, 2304.454, 838.125, 22.526
1862.736, 1231.826, 2306.191, 837.453, 22.545
1864.484, 1231.648, 2307.948, 836.815, 22.565
1866.249, 1231.452, 2309.721, 836.190, 22.585
1868.026, 1231.242, 2311.511, 835.545, 22.606
1869.815, 1231.020, 2313.313, 834.901, 22.626
1871.611, 1230.788, 2315.124, 834.267, 22.647
1873.412, 1230.551, 2316.941, 833.638, 22.668
1875.183, 1230.348, 2318.723, 833.005, 22.688
1876.966, 1230.132, 2320.519, 832.379, 22.708
1878.758, 1229.905, 2322.325, 831.762, 22.729
1880.555, 1229.673, 2324.137, 831.122, 22.749
1882.354, 1229.439, 2325.952, 830.448, 22.770
1884.118, 1229.243, 2327.726, 829.758, 22.790
1885.889, 1229.040, 2329.508, 829.058, 22.810
1887.662, 1228.834, 2331.294, 828.348, 22.831
1889.434, 1228.630, 2333.077, 827.647, 22.851
1891.213, 1228.418, 2334.869, 826.960, 22.871
1893.007, 1228.189, 2336.678, 826.297, 22.892
1894.814, 1227.946, 2338.500, 825.661, 22.913
1896.627, 1227.696, 2340.330, 825.037, 22.933
1898.409, 1227.480, 2342.126, 824.430, 22.954
1900.202, 1227.252, 2343.934, 823.829, 22.974
1902.001, 1227.019, 2345.747, 823.244, 22.995
1903.846, 1226.733, 2347.613, 822.682, 23.016
1905.699, 1226.438, 2349.489, 822.174, 23.038
1907.524, 1226.174, 2351.333, 821.654, 23.059
1909.361, 1225.898, 2353.191, 821.141, 23.080
1911.206, 1225.613, 2355.057, 820.631, 23.101
1913.052, 1225.326, 2356.925, 820.095, 23.122
1914.861, 1225.080, 2358.751, 819.550, 23.143
1916.720, 1224.779, 2360.634, 819.000, 23.164
1918.557, 1224.502, 2362.492, 818.436, 23.185
1920.413, 1224.204, 2364.372, 817.879, 23.207
1922.281, 1223.893, 2366.265, 817.303, 23.228
1924.156, 1223.574, 2368.166, 816.750, 23.250
1925.997, 1223.293, 2370.029, 816.204, 23.271
1927.844, 1223.005, 2371.898, 815.647, 23.292
1929.704, 1222.703, 2373.782, 815.101, 23.314
1931.582, 1222.380, 2375.688, 814.519, 23.335
1933.438, 1222.082, 2377.568, 813.923, 23.357
1935.344, 1221.728, 2379.506, 813.316, 23.379
1937.214, 1221.415, 2381.401, 812.730, 23.400
1939.131, 1221.049, 2383.353, 812.166, 23.423
1941.024, 1220.710, 2385.275, 811.618, 23.444
1942.929, 1220.357, 2387.212, 811.113, 23.466
1944.807, 1220.035, 2389.117, 810.660, 23.488
1946.741, 1219.651, 2391.088, 810.238, 23.510
1948.656, 1219.287, 2393.037, 809.846, 23.533
1950.591, 1218.901, 2395.010, 809.433, 23.555
1952.536, 1218.503, 2396.996, 809.020, 23.578
1954.497, 1218.089, 2398.999, 808.613, 23.600
1956.476, 1217.653, 2401.026, 808.249, 23.623
1958.433, 1217.243, 2403.026, 807.895, 23.646
1960.405, 1216.817, 2405.043, 807.569, 23.669
1962.380, 1216.386, 2407.064, 807.274, 23.692
1964.364, 1215.946, 2409.096, 807.012, 23.715
1966.358, 1215.493, 2411.141, 806.760, 23.738
1968.322, 1215.076, 2413.149, 806.508, 23.761
1970.256, 1214.690, 2415.121, 806.255, 23.784
1972.210, 1214.283, 2417.117, 805.986, 23.806
1974.185, 1213.853, 2419.138, 805.724, 23.829
1976.216, 1213.360, 2421.228, 805.478, 23.853
1978.260, 1212.853, 2423.332, 805.233, 23.877
1980.239, 1212.418, 2425.358, 805.022, 23.900
1982.233, 1211.966, 2427.403, 804.833, 23.923
1984.245, 1211.495, 2429.468, 804.670, 23.947
1986.240, 1211.041, 2431.515, 804.524, 23.970
1988.300, 1210.516, 2433.639, 804.398, 23.994
1990.345, 1210.008, 2435.746, 804.301, 24.018
1992.455, 1209.427, 2437.934, 804.231, 24.043
1994.538, 1208.876, 2440.089, 804.185, 24.068
1996.594, 1208.356, 2442.209, 804.169, 24.092
1998.701, 1207.778, 2444.395, 804.180, 24.116
2000.781, 1207.231, 2446.545, 804.236, 24.141
2002.878, 1206.664, 2448.717, 804.336, 24.166
2004.992, 1206.079, 2450.911, 804.470, 24.191
2007.122, 1205.476, 2453.124, 804.632, 24.216
2009.267, 1204.856, 2455.356, 804.809, 24.241
2011.392, 1204.258, 2457.564, 805.006, 24.266
2013.530, 1203.646, 2459.788, 805.227, 24.291
2015.678, 1203.022, 2462.025, 805.491, 24.317
2017.802, 1202.426, 2464.231, 805.766, 24.342
2019.946, 1201.808, 2466.461, 806.066, 24.367
2022.106, 1201.171, 2468.713, 806.398, 24.393
2024.234, 1200.570, 2470.924, 806.752, 24.418
2026.372, 1199.958, 2473.148, 807.118, 24.443
2028.517, 1199.338, 2475.381, 807.497, 24.469
2030.633, 1198.751, 2477.576, 807.887, 24.494
2032.807, 1198.098, 2479.846, 808.302, 24.519
2035.003, 1197.421, 2482.144, 808.750, 24.546
2037.185, 1196.760, 2484.423, 809.242, 24.572
2039.347, 1196.121, 2486.678, 809.778, 24.597
2041.485, 1195.509, 2488.902, 810.361, 24.622
2043.686, 1194.827, 2491.205, 811.000, 24.649
2045.876, 1194.157, 2493.496, 811.702, 24.675
2048.098, 1193.451, 2495.827, 812.453, 24.701
2050.357, 1192.704, 2498.206, 813.259, 24.728
2052.615, 1191.958, 2500.583, 814.085, 24.755
2054.911, 1191.170, 2503.010, 814.960, 24.783
2057.205, 1190.385, 2505.433, 815.863, 24.810
2059.488, 1189.611, 2507.843, 816.799, 24.838
2061.844, 1188.755, 2510.349, 817.782, 24.866
2064.154, 1187.952, 2512.794, 818.793, 24.894
2066.533, 1187.072, 2515.329, 819.845, 24.923
2068.906, 1186.198, 2517.856, 820.953, 24.952
2071.310, 1185.289, 2520.424, 822.092, 24.981
2073.702, 1184.394, 2522.977, 823.273, 25.000
2076.117, 1183.473, 2525.560, 824.494, 25.000
2078.559, 1182.522, 2528.178, 825.746, 25.000
2080.984, 1181.591, 2530.774, 827.028, 25.000
2083.426, 1180.640, 2533.393, 828.323, 25.000
2085.854, 1179.705, 2535.994, 829.656, 25.000
2088.316, 1178.732, 2538.639, 831.029, 25.000
2090.732, 1177.810, 2541.225, 832.444, 25.000
2093.182, 1176.850, 2543.856, 833.911, 25.000
2095.664, 1175.855, 2546.530, 835.430, 25.000
2098.131, 1174.876, 2549.185, 837.003, 25.000
2100.662, 1173.826, 2551.925, 838.622, 25.000
2103.142, 1172.833, 2554.596, 840.268, 25.000
2105.615, 1171.847, 2557.258, 841.954, 25.000
2108.125, 1170.821, 2559.969, 843.669, 25.000
2110.800, 1169.611, 2562.903, 845.398, 25.000
2113.520, 1168.414, 2565.873, 847.120, 25.000
2116.261, 1167.235, 2568.857, 848.825, 25.000
2119.000, 1166.076, 2571.831, 850.471, 25.000
2121.717, 1164.939, 2574.776, 852.064, 25.000
2124.392, 1163.828, 2577.673, 853.605, 25.000
2127.009, 1162.745, 2580.505, 855.091, 25.000
2129.552, 1161.691, 2583.258, 856.481, 25.000
2132.003, 1160.665, 2585.915, 857.791, 25.000
2134.352, 1159.670, 2588.465, 859.027, 25.000
2136.589, 1158.708, 2590.900, 860.164, 25.000
2138.708, 1157.782, 2593.212, 861.236, 25.000
2140.641, 1156.906, 2595.334, 862.248, 25.000
2142.407, 1156.077, 2597.283, 863.206, 25.000
2143.991, 1155.328, 2599.035, 864.152, 25.000
2145.458, 1154.607, 2600.669, 865.099, 25.000
2146.824, 1153.912, 2602.202, 866.075, 25.000
2148.075, 1153.277, 2603.605, 867.073, 25.000
2149.335, 1152.638, 2605.017, 868.140, 25.000
2150.597, 1151.999, 2606.432, 869.276, 25.000
2151.905, 1151.310, 2607.910, 870.460, 25.000
2153.223, 1150.612, 2609.401, 871.707, 25.000
2154.669, 1149.716, 2611.097, 873.017, 25.000
2156.119, 1148.852, 2612.782, 874.364, 25.000
2157.575, 1148.015, 2614.461, 875.751, 25.000
2159.045, 1147.198, 2616.142, 877.179, 25.000
2160.536, 1146.397, 2617.834, 878.675, 25.000
2162.104, 1145.555, 2619.615, 880.236, 25.000
2163.775, 1144.650, 2621.515, 881.842, 25.000
2165.531, 1143.710, 2623.506, 883.464, 25.000
2167.135, 1142.944, 2625.282, 885.073, 25.000
2168.734, 1142.198, 2627.044, 886.712, 25.000
2170.313, 1141.470, 2628.781, 888.376, 25.000
2171.862, 1140.760, 2630.482, 890.100, 25.000
2173.368, 1140.069, 2632.138, 891.885, 25.000
2174.819, 1139.396, 2633.736, 893.739, 25.000
2176.140, 1138.751, 2635.206, 895.689, 25.000
2177.308, 1138.166, 2636.511, 897.765, 25.000
2178.350, 1137.630, 2637.684, 899.994, 25.000
2179.287, 1137.126, 2638.747, 902.394, 25.000
2180.232, 1136.592, 2639.832, 905.044, 25.000
2181.165, 1136.033, 2640.918, 907.944, 25.000
2182.153, 1135.439, 2642.069, 911.121, 25.000
2183.202, 1134.809, 2643.292, 914.606, 25.000
2184.273, 1134.142, 2644.551, 918.405, 25.000
2185.476, 1133.343, 2645.992, 922.525, 25.000
2186.819, 1132.501, 2647.576, 926.957, 25.000
2188.358, 1131.561, 2649.378, 931.726, 25.000
2189.987, 1130.573, 2651.284, 936.796, 25.000
2191.696, 1129.537, 2653.281, 942.181, 25.000
2193.472, 1128.453, 2655.361, 947.886, 25.000
2195.305, 1127.324, 2657.514, 953.916, 25.000
2197.084, 1126.339, 2659.547, 960.298, 25.000
2198.861, 1125.362, 2661.574, 967.101, 25.000
2200.624, 1124.396, 2663.583, 974.380, 25.000
2202.357, 1123.445, 2665.559, 982.139, 25.000
2204.045, 1122.510, 2667.489, 990.450, 25.000
2205.676, 1121.596, 2669.358, 999.377, 25.000
2207.135, 1120.752, 2671.044, 1009.018, 25.000
2208.541, 1119.914, 2672.681, 1019.456, 25.000
2209.967, 1119.075, 2674.335, 1030.797, 25.000
2211.337, 1118.251, 2675.934, 1043.121, 25.000
2212.638, 1117.449, 2677.462, 1056.567, 25.000
2213.761, 1116.723, 2678.799, 1071.271, 25.000
2214.823, 1116.010, 2680.076, 1087.425, 25.000
2215.807, 1115.318, 2681.277, 1105.150, 25.000
2216.785, 1114.639, 2682.466, 1124.651, 25.000
2217.814, 1113.923, 2683.719, 1146.114, 25.000
2218.921, 1113.157, 2685.063, 1169.742, 25.000
2220.133, 1112.324, 2686.533, 1195.765, 25.000
2221.350, 1111.479, 2688.014, 1224.396, 25.000
2222.565, 1110.623, 2689.499, 1255.914, 25.000
2223.774, 1109.761, 2690.983, 1290.663, 25.000
2224.971, 1108.897, 2692.457, 1328.956, 25.000
2226.279, 1107.964, 2694.063, 1371.202, 25.000
2227.593, 1107.099, 2695.636, 1417.774, 25.000
2228.908, 1106.239, 2697.207, 1469.174, 25.000
2230.123, 1105.434, 2698.665, 1525.920, 25.000
2231.301, 1104.631, 2700.091, 1588.618, 25.000
2232.522, 1103.820, 2701.556, 1657.927, 25.000
2233.773, 1103.003, 2703.051, 1734.597, 25.000
2235.046, 1102.183, 2704.564, 1819.403, 25.000
2236.329, 1101.364, 2706.086, 1913.249, 25.000
2237.611, 1100.548, 2707.606, 2017.104, 25.000
2238.883, 1099.739, 2709.114, 2132.085, 25.000
2240.135, 1098.940, 2710.599, 2259.442, 25.000
2241.357, 1098.155, 2712.052, 2400.541, 25.000
2242.536, 1097.384, 2713.460, 2556.904, 25.000
2243.799, 1096.567, 2714.964, 2730.173, 25.000
2245.042, 1095.754, 2716.450, 2922.233, 25.000
2246.260, 1094.948, 2717.910, 3135.180, 25.000
2247.444, 1094.151, 2719.337, 3371.289, 25.000
2248.588, 1093.366, 2720.724, 3633.169, 25.000
2249.817, 1092.527, 2722.212, 3923.624, 25.000
2250.966, 1091.691, 2723.631, 4245.813, 25.000
2252.056, 1090.859, 2724.999, 4603.298, 25.000
2253.171, 1090.021, 2726.391, 5000.000, 0.000
2254.304, 1089.180, 2727.801, 5000.000, 0.000
2255.449, 1088.339, 2729.220, 5000.000, 0.000
2256.597, 1087.499, 2730.642, 5000.000, 0.000
2257.743, 1086.664, 2732.059, 5000.000, 0.000
2258.880, 1085.837, 2733.464, 5000.000, 0.000
2259.998, 1085.017, 2734.850, 5000.000, 0.000
2261.090, 1084.208, 2736.209, 5000.000, 0.000
2262.148, 1083.412, 2737.534, 5000.000, 0.000
2263.166, 1082.631, 2738.817, 5000.000, 0.000
2264.137, 1081.867, 2740.052, 5000.000, 0.000
2265.187, 1081.057, 2741.378, 5000.000, 0.000
2266.306, 1080.236, 2742.766, 5000.000, 0.000
2267.425, 1079.414, 2744.154, 5000.000, 0.000
2268.542, 1078.591, 2745.542, 5000.000, 0.000
2269.654, 1077.770, 2746.924, 5000.000, 0.000
2270.759, 1076.950, 2748.300, 5000.000, 0.000
2271.848, 1076.129, 2749.664, 5000.000, 0.000
2272.922, 1075.310, 2751.014, 5000.000, 0.000
2273.976, 1074.493, 2752.347, 5000.000, 0.000
2275.008, 1073.679, 2753.661, 5000.000, 0.000
2276.017, 1072.872, 2754.954, 5000.000, 0.000
2277.002, 1072.073, 2756.221, 5000.000, 0.000
2277.959, 1071.282, 2757.462, 5000.000, 0.000
2278.885, 1070.500, 2758.672, 5000.000, 0.000
2279.776, 1069.728, 2759.849, 5000.000, 0.000
2280.632, 1068.969, 2760.990, 5000.000, 0.000
2281.448, 1068.222, 2762.093, 5000.000, 0.000
2282.312, 1067.477, 2763.234, 5000.000, 0.000
2283.250, 1066.729, 2764.433, 5000.000, 0.000
2284.192, 1065.987, 2765.633, 5000.000, 0.000
2285.140, 1065.249, 2766.833, 5000.000, 0.000
2286.091, 1064.514, 2768.035, 5000.000, 0.000
2287.045, 1063.781, 2769.238, 5000.000, 0.000
2288.000, 1063.050, 2770.441, 5000.000, 0.000
2288.957, 1062.320, 2771.644, 5000.000, 0.000
2289.913, 1061.590, 2772.847, 5000.000, 0.000
2290.870, 1060.860, 2774.050, 5000.000, 0.000
2291.825, 1060.128, 2775.253, 5000.000, 0.000
2292.776, 1059.393, 2776.455, 5000.000, 0.000
2293.723, 1058.655, 2777.656, 5000.000, 0.000
2294.667, 1057.913, 2778.857, 5000.000, 0.000
2295.608, 1057.169, 2780.056, 5000.000, 0.000
2296.549, 1056.426, 2781.256, 5000.000, 0.000
2297.491, 1055.682, 2782.455, 5000.000, 0.000
2298.430, 1054.936, 2783.655, 5000.000, 0.000
2299.365, 1054.187, 2784.853, 5000.000, 0.000
2300.302, 1053.439, 2786.051, 5000.000, 0.000
2301.241, 1052.693, 2787.251, 5000.000, 0.000
2302.182, 1051.949, 2788.450, 5000.000, 0.000
2303.126, 1051.208, 2789.651, 5000.000, 0.000
2304.071, 1050.468, 2790.851, 5000.000, 0.000
2305.018, 1049.729, 2792.052, 5000.000, 0.000
2305.965, 1048.991, 2793.253, 5000.000, 0.000
2306.915, 1048.254, 2794.455, 5000.000, 0.000
2307.866, 1047.519, 2795.657, 5000.000, 0.000
2308.816, 1046.783, 2796.858, 5000.000, 0.000
2309.666, 1046.091, 2797.954, 5000.000, 0.000
2310.550, 1045.381, 2799.088, 5000.000, 0.000
2311.465, 1044.652, 2800.258, 5000.000, 0.000
2312.409, 1043.906, 2801.461, 5000.000, 0.000
2313.377, 1043.143, 2802.694, 5000.000, 0.000
2314.368, 1042.365, 2803.954, 5000.000, 0.000
2315.377, 1041.572, 2805.237, 5000.000, 0.000
2316.404, 1040.766, 2806.543, 5000.000, 0.000
2317.441, 1039.944, 2807.866, 5000.000, 0.000
2318.487, 1039.109, 2809.204, 5000.000, 0.000
2319.541, 1038.263, 2810.555, 5000.000, 0.000
2320.601, 1037.409, 2811.917, 5000.000, 0.000
2321.675, 1036.557, 2813.288, 5000.000, 0.000
2322.762, 1035.710, 2814.666, 5000.000, 0.000
2323.860, 1034.867, 2816.049, 5000.000, 0.000
2324.965, 1034.032, 2817.434, 5000.000, 0.000
2326.070, 1033.201, 2818.818, 5000.000, 0.000
2327.172, 1032.374, 2820.196, 5000.000, 0.000
2328.268, 1031.552, 2821.565, 5000.000, 0.000
2329.353, 1030.735, 2822.924, 5000.000, 0.000
2330.425, 1029.923, 2824.269, 5000.000, 0.000
2331.480, 1029.118, 2825.596, 5000.000, 0.000
2332.515, 1028.319, 2826.903, 5000.000, 0.000
2333.524, 1027.525, 2828.187, 5000.000, 0.000
2334.505, 1026.738, 2829.444, 5000.000, 0.000
2335.455, 1025.959, 2830.672, 5000.000, 0.000
2336.373, 1025.190, 2831.868, 5000.000, 0.000
2337.256, 1024.432, 2833.030, 5000.000, 0.000
2338.101, 1023.686, 2834.156, 5000.000, 0.000
2338.905, 1022.953, 2835.241, 5000.000, 0.000
2339.802, 1022.170, 2836.431, 5000.000, 0.000
2340.696, 1021.384, 2837.620, 5000.000, 0.000
2341.588, 1020.596, 2838.809, 5000.000, 0.000
2342.480, 1019.807, 2839.998, 5000.000, 0.000
2343.372, 1019.019, 2841.187, 5000.000, 0.000
2344.265, 1018.233, 2842.376, 5000.000, 0.000
2345.161, 1017.448, 2843.566, 5000.000, 0.000
2346.065, 1016.671, 2844.759, 5000.000, 0.000
2346.982, 1015.905, 2845.953, 5000.000, 0.000
2347.911, 1015.150, 2847.150, 5000.000, 0.000
2348.854, 1014.408, 2848.350, 5000.000, 0.000
2349.810, 1013.678, 2849.552, 5000.000, 0.000
2350.774, 1012.954, 2850.757, 5000.000, 0.000
2351.741, 1012.234, 2851.962, 5000.000, 0.000
2352.712, 1011.517, 2853.169, 5000.000, 0.000
2353.685, 1010.801, 2854.376, 5000.000, 0.000
2354.658, 1010.085, 2855.583, 5000.000, 0.000
2355.626, 1009.365, 2856.789, 5000.000, 0.000
2356.589, 1008.641, 2857.994, 5000.000, 0.000
2357.546, 1007.912, 2859.198, 5000.000, 0.000
2358.497, 1007.177, 2860.399, 5000.000, 0.000
2359.440, 1006.435, 2861.599, 5000.000, 0.000
2360.375, 1005.685, 2862.797, 5000.000, 0.000
2361.205, 1004.976, 2863.888, 5000.000, 0.000
2362.067, 1004.244, 2865.017, 5000.000, 0.000
2362.955, 1003.492, 2866.181, 5000.000, 0.000
2363.869, 1002.719, 2867.377, 5000.000, 0.000
2364.806, 1001.928, 2868.602, 5000.000, 0.000
2365.762, 1001.119, 2869.854, 5000.000, 0.000
2366.740, 1000.297, 2871.131, 5000.000, 0.000
2367.739, 999.467, 2872.431, 5000.000, 0.000
2368.758, 998.629, 2873.750, 5000.000, 0.000
2369.796, 997.786, 2875.086, 5000.000, 0.000
2370.850, 996.941, 2876.438, 5000.000, 0.000
2371.920, 996.096, 2877.801, 5000.000, 0.000
2373.005, 995.253, 2879.174, 5000.000, 0.000
2374.104, 994.416, 2880.555, 5000.000, 0.000
2375.205, 993.578, 2881.939, 5000.000, 0.000
2376.308, 992.740, 2883.323, 5000.000, 0.000
2377.408, 991.905, 2884.705, 5000.000, 0.000
2378.504, 991.072, 2886.081, 5000.000, 0.000
2379.593, 990.244, 2887.449, 5000.000, 0.000
2380.674, 989.422, 2888.806, 5000.000, 0.000
2381.742, 988.607, 2890.149, 5000.000, 0.000
2382.796, 987.800, 2891.476, 5000.000, 0.000
2383.830, 987.001, 2892.784, 5000.000, 0.000
2384.843, 986.211, 2894.068, 5000.000, 0.000
2385.833, 985.433, 2895.328, 5000.000, 0.000
2386.799, 984.667, 2896.560, 5000.000, 0.000
2387.737, 983.916, 2897.761, 5000.000, 0.000
2388.645, 983.181, 2898.930, 5000.000, 0.000
2389.521, 982.463, 2900.062, 5000.000, 0.000
2390.361, 981.763, 2901.156, 5000.000, 0.000
2391.300, 981.017, 2902.355, 5000.000, 0.000
2392.242, 980.273, 2903.555, 5000.000, 0.000
2393.185, 979.531, 2904.755, 5000.000, 0.000
2394.130, 978.791, 2905.955, 5000.000, 0.000
2395.076, 978.051, 2907.156, 5000.000, 0.000
2396.022, 977.312, 2908.357, 5000.000, 0.000
2396.968, 976.572, 2909.558, 5000.000, 0.000
2397.913, 975.832, 2910.758, 5000.000, 0.000
2398.856, 975.089, 2911.958, 5000.000, 0.000
2399.795, 974.343, 2913.157, 5000.000, 0.000
2400.730, 973.594, 2914.356, 5000.000, 0.000
2401.660, 972.840, 2915.553, 5000.000, 0.000
2402.586, 972.083, 2916.749, 5000.000, 0.000
2403.507, 971.320, 2917.944, 5000.000, 0.000
2404.424, 970.555, 2919.139, 5000.000, 0.000
2405.340, 969.788, 2920.333, 5000.000, 0.000
2406.250, 969.016, 2921.525, 5000.000, 0.000
2407.156, 968.241, 2922.717, 5000.000, 0.000
2408.061, 967.465, 2923.909, 5000.000, 0.000
2408.964, 966.687, 2925.101, 5000.000, 0.000
2409.871, 965.912, 2926.293, 5000.000, 0.000
2410.782, 965.141, 2927.487, 5000.000, 0.000
2411.697, 964.374, 2928.681, 5000.000, 0.000
2412.615, 963.609, 2929.876, 5000.000, 0.000
2413.537, 962.848, 2931.071, 5000.000, 0.000
2414.462, 962.090, 2932.267, 5000.000, 0.000
2415.391, 961.335, 2933.464, 5000.000, 0.000
2416.322, 960.582, 2934.662, 5000.000, 0.000
2417.256, 959.831, 2935.859, 5000.000, 0.000
2418.192, 959.083, 2937.058, 5000.000, 0.000
2419.133, 958.339, 2938.257, 5000.000, 0.000
2420.075, 957.596, 2939.457, 5000.000, 0.000
2421.018, 956.854, 2940.657, 5000.000, 0.000
2421.962, 956.112, 2941.857, 5000.000, 0.000
2422.907, 955.372, 2943.057, 5000.000, 0.000
2423.852, 954.631, 2944.258, 5000.000, 0.000
2424.796, 953.890, 2945.458, 5000.000, 0.000
2425.739, 953.148, 2946.658, 5000.000, 0.000
2426.681, 952.404, 2947.858, 5000.000, 0.000
2427.618, 951.657, 2949.056, 5000.000, 0.000
2428.552, 950.907, 2950.254, 5000.000, 0.000
2429.483, 950.154, 2951.452, 5000.000, 0.000
2430.412, 949.398, 2952.649, 5000.000, 0.000
2431.342, 948.645, 2953.846, 5000.000, 0.000
2432.274, 947.893, 2955.044, 5000.000, 0.000
2433.206, 947.140, 2956.241, 5000.000, 0.000
2434.142, 946.392, 2957.440, 5000.000, 0.000
2435.082, 945.647, 2958.639, 5000.000, 0.000
2436.029, 944.908, 2959.840, 5000.000, 0.000
2436.981, 944.174, 2961.042, 5000.000, 0.000
2437.935, 943.442, 2962.245, 5000.000, 0.000
2438.890, 942.711, 2963.447, 5000.000, 0.000
2439.846, 941.979, 2964.650, 5000.000, 0.000
2440.800, 941.248, 2965.853, 5000.000, 0.000
2441.754, 940.515, 2967.056, 5000.000, 0.000
2442.706, 939.781, 2968.258, 5000.000, 0.000
2443.655, 939.044, 2969.459, 5000.000, 0.000
2444.600, 938.303, 2970.660, 5000.000, 0.000
2445.541, 937.559, 2971.859, 5000.000, 0.000
2446.479, 936.813, 2973.058, 5000.000, 0.000
2447.414, 936.063, 2974.256, 5000.000, 0.000
2448.346, 935.311, 2975.454, 5000.000, 0.000
2449.276, 934.558, 2976.651, 5000.000, 0.000
2450.205, 933.802, 2977.848, 5000.000, 0.000
2451.131, 933.045, 2979.044, 5000.000, 0.000
2452.056, 932.287, 2980.241, 5000.000, 0.000
2452.980, 931.528, 2981.437, 5000.000, 0.000
2453.907, 930.771, 2982.633, 5000.000, 0.000
2454.835, 930.015, 2983.830, 5000.000, 0.000
2455.768, 929.263, 2985.028, 5000.000, 0.000
2456.705, 928.516, 2986.226, 5000.000, 0.000
2457.647, 927.773, 2987.426, 5000.000, 0.000
2458.595, 927.035, 2988.627, 5000.000, 0.000
2459.544, 926.298, 2989.828, 5000.000, 0.000
2460.492, 925.561, 2991.029, 5000.000, 0.000
2461.439, 924.822, 2992.230, 5000.000, 0.000
2462.384, 924.082, 2993.431, 5000.000, 0.000
2463.260, 923.346, 2994.574, 5000.000, 0.000
2464.158, 922.605, 2995.738, 5000.000, 0.000
2465.074, 921.858, 2996.920, 5000.000, 0.000
2466.006, 921.104, 2998.119, 5000.000, 0.000
2466.953, 920.343, 2999.333, 5000.000, 0.000
2467.911, 919.576, 3000.561, 5000.000, 0.000
2468.878, 918.800, 3001.801, 5000.000, 0.000
2469.853, 918.017, 3003.052, 5000.000, 0.000
2470.833, 917.226, 3004.311, 5000.000, 0.000
2471.816, 916.427, 3005.578, 5000.000, 0.000
2472.803, 915.622, 3006.851, 5000.000, 0.000
2473.786, 914.808, 3008.128, 5000.000, 0.000
2474.767, 913.986, 3009.408, 5000.000, 0.000
2475.748, 913.160, 3010.690, 5000.000, 0.000
2476.728, 912.332, 3011.973, 5000.000, 0.000
2477.712, 911.508, 3013.257, 5000.000, 0.000
2478.701, 910.689, 3014.540, 5000.000, 0.000
2479.692, 909.877, 3015.822, 5000.000, 0.000
2480.687, 909.072, 3017.101, 5000.000, 0.000
2481.683, 908.276, 3018.376, 5000.000, 0.000
2482.677, 907.487, 3019.645, 5000.000, 0.000
2483.664, 906.703, 3020.906, 5000.000, 0.000
2484.642, 905.922, 3022.157, 5000.000, 0.000
2485.610, 905.147, 3023.397, 5000.000, 0.000
2486.565, 904.376, 3024.624, 5000.000, 0.000
2487.506, 903.610, 3025.837, 5000.000, 0.000
2488.432, 902.851, 3027.035, 5000.000, 0.000
2489.348, 902.104, 3028.217, 5000.000, 0.000
2490.251, 901.367, 3029.382, 5000.000, 0.000
2491.172, 900.673, 3030.535, 5000.000, 0.000
2491.632, 900.291, 3031.133, 5000.000, 0.000
2492.552, 899.528, 3032.328, 5000.000, 0.000
2493.472, 898.765, 3033.523, 5000.000, 0.000
2494.391, 898.001, 3034.718, 5000.000, 0.000
2495.309, 897.237, 3035.913, 5000.000, 0.000
2496.227, 896.472, 3037.107, 5000.000, 0.000
2497.144, 895.706, 3038.302, 5000.000, 0.000
2498.060, 894.940, 3039.496, 5000.000, 0.000
2498.976, 894.174, 3040.691, 5000.000, 0.000
2499.892, 893.407, 3041.885, 5000.000, 0.000
2500.806, 892.639, 3043.079, 5000.000, 0.000
2501.721, 891.871, 3044.273, 5000.000, 0.000
2502.634, 891.102, 3045.467, 5000.000, 0.000
2503.547, 890.333, 3046.661, 5000.000, 0.000
2504.460, 889.564, 3047.855, 5000.000, 0.000
