x, y, length, r, ctrl
-0.066, 0.072, 0.000, 5000.000, 0.000
0.756, 0.926, 1.185, 5000.000, 0.000
1.577, 1.779, 2.370, 5000.000, 0.000
2.400, 2.632, 3.554, 5000.000, 0.000
3.223, 3.484, 4.739, 5000.000, 0.000
4.046, 4.336, 5.923, 5000.000, 0.000
4.870, 5.187, 7.108, 5000.000, 0.000
5.695, 6.037, 8.292, 5000.000, 0.000
6.520, 6.886, 9.477, 5000.000, 0.000
7.346, 7.735, 10.661, 5000.000, 0.000
8.173, 8.583, 11.846, 5000.000, 0.000
9.000, 9.431, 13.030, 5000.000, 0.000
9.828, 10.278, 14.214, 5000.000, 0.000
10.656, 11.124, 15.398, 5000.000, 0.000
11.485, 11.969, 16.582, 5000.000, 0.000
12.743, 13.222, 18.357, 5000.000, 0.000
13.586, 14.052, 19.540, 5000.000, 0.000
14.430, 14.881, 20.723, 5000.000, 0.000
15.279, 15.705, 21.905, 5000.000, 0.000
16.132, 16.524, 23.087, 5000.000, 0.000
16.993, 17.334, 24.269, 5000.000, 0.000
17.816, 18.187, 25.454, 5000.000, 0.000
18.635, 19.043, 26.639, 5000.000, 0.000
19.451, 19.902, 27.824, 5000.000, 0.000
20.266, 20.764, 29.009, 5000.000, 0.000
21.080, 21.626, 30.195, 5000.000, 0.000
21.893, 22.488, 31.380, 5000.000, 0.000
22.708, 23.349, 32.566, 5000.000, 0.000
23.525, 24.209, 33.751, 5000.000, 0.000
24.344, 25.065, 34.936, 5000.000, 0.000
25.166, 25.917, 36.121, 5000.000, 0.000
25.993, 26.765, 37.305, 5000.000, 0.000
26.826, 27.607, 38.489, 5000.000, 0.000
27.664, 28.442, 39.672, 5000.000, 0.000
28.544, 29.232, 40.851, 5000.000, 0.000
29.419, 30.027, 42.031, 5000.000, 0.000
30.291, 30.825, 43.212, 5000.000, 0.000
31.162, 31.624, 44.393, 5000.000, 0.000
32.035, 32.422, 45.574, 5000.000, 0.000
32.910, 33.217, 46.755, 5000.000, 0.000
33.789, 34.007, 47.936, 5000.000, 0.000
34.628, 34.842, 49.119, 5000.000, 0.000
35.460, 35.684, 50.303, 5000.000, 0.000
36.287, 36.532, 51.487, 5000.000, 0.000
37.110, 37.384, 52.672, 5000.000, 0.000
37.929, 38.240, 53.857, 5000.000, 0.000
38.745, 39.100, 55.042, 5000.000, 0.000
39.560, 39.961, 56.227, 5000.000, 0.000
40.374, 40.823, 57.413, 5000.000, 0.000
41.188, 41.685, 58.599, 5000.000, 0.000
42.002, 42.547, 59.784, 5000.000, 0.000
42.819, 43.406, 60.969, 5000.000, 0.000
43.638, 44.262, 62.154, 5000.000, 0.000
44.461, 45.115, 63.339, 5000.000, 0.000
45.288, 45.962, 64.523, 5000.000, 0.000
46.154, 46.767, 65.704, 5000.000, 0.000
47.013, 47.579, 66.885, 5000.000, 0.000
47.869, 48.395, 68.067, 5000.000, 0.000
48.722, 49.215, 69.249, 5000.000, 0.000
49.573, 50.035, 70.431, 5000.000, 0.000
50.426, 50.855, 71.613, 5000.000, 0.000
51.281, 51.671, 72.795, 5000.000, 0.000
52.141, 52.483, 73.977, 5000.000, 0.000
53.007, 53.288, 75.159, 5000.000, 0.000
53.834, 54.136, 76.343, 5000.000, 0.000
54.657, 54.988, 77.527, 5000.000, 0.000
55.476, 55.844, 78.712, 5000.000, 0.000
56.293, 56.704, 79.897, 5000.000, 0.000
57.107, 57.565, 81.083, 5000.000, 0.000
57.921, 58.427, 82.268, 5000.000, 0.000
58.735, 59.289, 83.454, 5000.000, 0.000
59.549, 60.151, 84.639, 5000.000, 0.000
60.366, 61.010, 85.825, 5000.000, 0.000
61.185, 61.866, 87.010, 5000.000, 0.000
62.008, 62.719, 88.194, 5000.000, 0.000
62.835, 63.566, 89.379, 5000.000, 0.000
63.701, 64.371, 90.559, 5000.000, 0.000
64.561, 65.183, 91.740, 5000.000, 0.000
65.416, 65.999, 92.922, 5000.000, 0.000
66.269, 66.819, 94.104, 5000.000, 0.000
67.121, 67.639, 95.286, 5000.000, 0.000
67.973, 68.459, 96.469, 5000.000, 0.000
68.829, 69.275, 97.651, 5000.000, 0.000
69.688, 70.087, 98.833, 5000.000, 0.000
70.555, 70.892, 100.014, 5000.000, 0.000
71.382, 71.740, 101.198, 5000.000, 0.000
72.204, 72.592, 102.383, 5000.000, 0.000
73.023, 73.448, 103.568, 5000.000, 0.000
73.840, 74.308, 104.753, 5000.000, 0.000
74.654, 75.169, 105.938, 5000.000, 0.000
75.468, 76.031, 107.124, 5000.000, 0.000
76.282, 76.893, 108.309, 5000.000, 0.000
77.097, 77.755, 109.495, 5000.000, 0.000
77.913, 78.614, 110.680, 5000.000, 0.000
78.732, 79.470, 111.865, 5000.000, 0.000
79.555, 80.323, 113.050, 5000.000, 0.000
80.382, 81.170, 114.234, 5000.000, 0.000
81.214, 82.012, 115.418, 5000.000, 0.000
82.087, 82.810, 116.598, 5000.000, 0.000
82.954, 83.614, 117.778, 5000.000, 0.000
83.817, 84.422, 118.960, 5000.000, 0.000
84.679, 85.231, 120.141, 5000.000, 0.000
85.540, 86.041, 121.323, 5000.000, 0.000
86.404, 86.849, 122.505, 5000.000, 0.000
87.271, 87.653, 123.686, 5000.000, 0.000
88.143, 88.451, 124.868, 5000.000, 0.000
88.975, 89.293, 126.051, 5000.000, 0.000
89.802, 90.140, 127.235, 5000.000, 0.000
90.625, 90.993, 128.420, 5000.000, 0.000
91.444, 91.849, 129.604, 5000.000, 0.000
92.261, 92.708, 130.789, 5000.000, 0.000
93.075, 93.570, 131.975, 5000.000, 0.000
93.889, 94.432, 133.160, 5000.000, 0.000
94.703, 95.294, 134.346, 5000.000, 0.000
95.517, 96.155, 135.531, 5000.000, 0.000
96.334, 97.014, 136.717, 5000.000, 0.000
97.153, 97.871, 137.902, 5000.000, 0.000
97.976, 98.723, 139.086, 5000.000, 0.000
98.803, 99.571, 140.271, 5000.000, 0.000
99.635, 100.413, 141.454, 5000.000, 0.000
100.474, 101.247, 142.637, 5000.000, 0.000
101.320, 102.075, 143.820, 5000.000, 0.000
102.173, 102.893, 145.002, 5000.000, 0.000
103.070, 103.665, 146.180, 5000.000, 0.000
103.963, 104.439, 147.359, 5000.000, 0.000
104.856, 105.215, 148.539, 5000.000, 0.000
105.750, 105.990, 149.719, 5000.000, 0.000
106.646, 106.761, 150.900, 5000.000, 0.000
107.500, 107.580, 152.082, 5000.000, 0.000
108.345, 108.407, 153.265, 5000.000, 0.000
109.184, 109.242, 154.449, 5000.000, 0.000
110.016, 110.083, 155.632, 5000.000, 0.000
110.844, 110.931, 156.816, 5000.000, 0.000
111.666, 111.783, 158.001, 5000.000, 0.000
112.485, 112.640, 159.186, 5000.000, 0.000
113.302, 113.499, 160.371, 5000.000, 0.000
114.116, 114.360, 161.557, 5000.000, 0.000
114.930, 115.222, 162.742, 5000.000, 0.000
115.744, 116.085, 163.928, 5000.000, 0.000
116.559, 116.946, 165.113, 5000.000, 0.000
117.375, 117.805, 166.298, 5000.000, 0.000
118.194, 118.662, 167.483, 5000.000, 0.000
119.050, 119.477, 168.665, 5000.000, 0.000
119.899, 120.302, 169.847, 5000.000, 0.000
120.741, 121.133, 171.030, 5000.000, 0.000
121.578, 121.969, 172.213, 5000.000, 0.000
122.413, 122.808, 173.397, 5000.000, 0.000
123.247, 123.648, 174.580, 5000.000, 0.000
124.082, 124.487, 175.764, 5000.000, 0.000
124.920, 125.323, 176.947, 5000.000, 0.000
125.762, 126.154, 178.130, 5000.000, 0.000
126.610, 126.978, 179.313, 5000.000, 0.000
127.466, 127.794, 180.495, 5000.000, 0.000
128.286, 128.650, 181.680, 5000.000, 0.000
129.102, 129.510, 182.865, 5000.000, 0.000
129.917, 130.371, 184.050, 5000.000, 0.000
130.730, 131.233, 185.236, 5000.000, 0.000
131.544, 132.095, 186.421, 5000.000, 0.000
132.359, 132.957, 187.607, 5000.000, 0.000
133.175, 133.816, 188.792, 5000.000, 0.000
133.994, 134.672, 189.977, 5000.000, 0.000
134.817, 135.525, 191.162, 5000.000, 0.000
135.678, 136.335, 192.343, 5000.000, 0.000
136.531, 137.154, 193.525, 5000.000, 0.000
137.380, 137.978, 194.707, 5000.000, 0.000
138.224, 138.807, 195.890, 5000.000, 0.000
139.067, 139.637, 197.073, 5000.000, 0.000
139.910, 140.467, 198.256, 5000.000, 0.000
140.755, 141.295, 199.439, 5000.000, 0.000
141.603, 142.120, 200.621, 5000.000, 0.000
142.457, 142.938, 201.804, 5000.000, 0.000
143.317, 143.749, 202.985, 5000.000, 0.000
144.140, 144.601, 204.170, 5000.000, 0.000
144.959, 145.458, 205.355, 5000.000, 0.000
145.776, 146.317, 206.540, 5000.000, 0.000
146.590, 147.178, 207.725, 5000.000, 0.000
147.404, 148.040, 208.910, 5000.000, 0.000
148.218, 148.903, 210.096, 5000.000, 0.000
149.032, 149.764, 211.281, 5000.000, 0.000
149.849, 150.623, 212.466, 5000.000, 0.000
150.668, 151.479, 213.651, 5000.000, 0.000
151.491, 152.332, 214.836, 5000.000, 0.000
152.318, 153.179, 216.020, 5000.000, 0.000
153.150, 154.021, 217.204, 5000.000, 0.000
154.022, 154.819, 218.384, 5000.000, 0.000
154.889, 155.623, 219.565, 5000.000, 0.000
155.719, 156.468, 220.749, 5000.000, 0.000
156.560, 157.301, 221.932, 5000.000, 0.000
157.412, 158.121, 223.115, 5000.000, 0.000
158.310, 158.891, 224.294, 5000.000, 0.000
159.209, 159.660, 225.474, 5000.000, 0.000
160.110, 160.426, 226.654, 5000.000, 0.000
160.969, 161.238, 227.836, 5000.000, 0.000
161.820, 162.059, 229.019, 5000.000, 0.000
162.664, 162.888, 230.202, 5000.000, 0.000
163.502, 163.724, 231.385, 5000.000, 0.000
164.335, 164.566, 232.569, 5000.000, 0.000
165.163, 165.413, 233.753, 5000.000, 0.000
165.987, 166.263, 234.937, 5000.000, 0.000
166.809, 167.116, 236.122, 5000.000, 0.000
167.629, 167.972, 237.307, 5000.000, 0.000
168.448, 168.828, 238.492, 5000.000, 0.000
169.267, 169.685, 239.677, 5000.000, 0.000
170.087, 170.540, 240.862, 5000.000, 0.000
170.909, 171.393, 242.046, 5000.000, 0.000
171.733, 172.244, 243.231, 5000.000, 0.000
172.561, 173.090, 244.415, 5000.000, 0.000
173.394, 173.932, 245.599, 5000.000, 0.000
174.231, 174.768, 246.782, 5000.000, 0.000
175.075, 175.597, 247.965, 5000.000, 0.000
175.927, 176.418, 249.147, 5000.000, 0.000
176.819, 177.194, 250.326, 5000.000, 0.000
177.708, 177.974, 251.506, 5000.000, 0.000
178.596, 178.755, 252.686, 5000.000, 0.000
179.436, 179.588, 253.869, 5000.000, 0.000
180.264, 180.435, 255.053, 5000.000, 0.000
181.128, 181.242, 256.235, 5000.000, 0.000
181.995, 182.046, 257.417, 5000.000, 0.000
182.867, 182.844, 258.598, 5000.000, 0.000
183.699, 183.686, 259.782, 5000.000, 0.000
184.526, 184.534, 260.966, 5000.000, 0.000
185.349, 185.386, 262.151, 5000.000, 0.000
186.168, 186.242, 263.336, 5000.000, 0.000
187.018, 187.065, 264.518, 5000.000, 0.000
187.820, 187.940, 265.704, 5000.000, 0.000
188.623, 188.815, 266.891, 5000.000, 0.000
189.426, 189.689, 268.078, 5000.000, 0.000
190.264, 190.524, 269.261, 5000.000, 0.000
191.093, 191.369, 270.445, 5000.000, 0.000
191.914, 192.224, 271.630, 5000.000, 0.000
192.728, 193.085, 272.815, 5000.000, 0.000
193.538, 193.952, 274.001, 5000.000, 0.000
194.345, 194.821, 275.187, 5000.000, 0.000
195.152, 195.691, 276.374, 5000.000, 0.000
195.959, 196.560, 277.560, 5000.000, 0.000
196.769, 197.427, 278.746, 5000.000, 0.000
197.584, 198.288, 279.931, 5000.000, 0.000
198.405, 199.143, 281.116, 5000.000, 0.000
199.233, 199.989, 282.300, 5000.000, 0.000
200.072, 200.824, 283.483, 5000.000, 0.000
200.922, 201.646, 284.665, 5000.000, 0.000
201.738, 202.505, 285.850, 5000.000, 0.000
202.556, 203.364, 287.036, 5000.000, 0.000
203.375, 204.220, 288.221, 5000.000, 0.000
204.196, 205.073, 289.405, 5000.000, 0.000
205.022, 205.923, 290.590, 5000.000, 0.000
205.851, 206.768, 291.774, 5000.000, 0.000
206.687, 207.606, 292.957, 5000.000, 0.000
207.528, 208.438, 294.140, 5000.000, 0.000
208.376, 209.263, 295.323, 5000.000, 0.000
209.233, 210.078, 296.505, 5000.000, 0.000
210.098, 210.884, 297.686, 5000.000, 0.000
211.007, 211.642, 298.866, 5000.000, 0.000
211.867, 212.453, 300.048, 5000.000, 0.000
212.760, 213.229, 301.229, 5000.000, 0.000
213.653, 214.003, 302.410, 5000.000, 0.000
214.549, 214.775, 303.591, 5000.000, 0.000
215.403, 215.594, 304.774, 5000.000, 0.000
216.249, 216.421, 305.956, 5000.000, 0.000
217.088, 217.256, 307.140, 5000.000, 0.000
217.920, 218.097, 308.323, 5000.000, 0.000
218.747, 218.945, 309.507, 5000.000, 0.000
219.570, 219.797, 310.691, 5000.000, 0.000
220.389, 220.654, 311.875, 5000.000, 0.000
221.205, 221.513, 313.059, 5000.000, 0.000
222.020, 222.374, 314.244, 5000.000, 0.000
222.834, 223.236, 315.430, 5000.000, 0.000
223.648, 224.099, 316.616, 5000.000, 0.000
224.462, 224.960, 317.801, 5000.000, 0.000
225.279, 225.819, 318.986, 5000.000, 0.000
226.098, 226.675, 320.171, 5000.000, 0.000
226.920, 227.528, 321.356, 5000.000, 0.000
227.748, 228.375, 322.540, 5000.000, 0.000
228.580, 229.217, 323.724, 5000.000, 0.015
229.452, 230.015, 324.904, 5000.000, 0.041
230.286, 230.856, 326.088, 5000.000, 0.066
231.161, 231.650, 327.268, 5000.000, 0.091
232.035, 232.447, 328.448, 5000.000, 0.116
232.907, 233.245, 329.629, 5000.000, 0.141
233.780, 234.042, 330.810, 5000.000, 0.166
234.656, 234.837, 331.991, 5000.000, 0.192
235.536, 235.626, 333.172, 5000.000, 0.217
236.376, 236.460, 334.356, 5000.000, 0.242
237.209, 237.300, 335.539, 5000.000, 0.267
238.037, 238.147, 336.723, 5000.000, 0.293
238.861, 238.999, 337.908, 5000.000, 0.318
239.681, 239.854, 339.092, 5000.000, 0.343
240.498, 240.712, 340.277, 5000.000, 0.368
241.313, 241.573, 341.463, 5000.000, 0.394
242.128, 242.434, 342.648, 5000.000, 0.419
242.943, 243.295, 343.834, 5000.000, 0.444
243.758, 244.155, 345.019, 5000.000, 0.469
244.576, 245.014, 346.204, 5000.000, 0.495
245.396, 245.869, 347.389, 5000.000, 0.520
246.219, 246.720, 348.574, 5000.000, 0.545
247.081, 247.530, 349.754, 5000.000, 0.570
247.935, 248.348, 350.936, 5000.000, 0.595
248.784, 249.171, 352.119, 5000.000, 0.621
249.630, 249.998, 353.301, 5000.000, 0.646
250.474, 250.828, 354.484, 5000.000, 0.671
251.318, 251.657, 355.667, 5000.000, 0.696
252.163, 252.484, 356.850, 5000.000, 0.722
253.012, 253.308, 358.032, 5000.000, 0.747
253.867, 254.125, 359.215, 5000.000, 0.772
254.682, 254.986, 360.400, 5000.000, 0.797
255.538, 255.802, 361.582, 5000.000, 0.822
256.357, 256.658, 362.767, 5000.000, 0.848
257.173, 257.518, 363.952, 5000.000, 0.873
257.988, 258.379, 365.137, 5000.000, 0.898
258.802, 259.241, 366.322, 5000.000, 0.923
259.616, 260.103, 367.508, 5000.000, 0.949
260.430, 260.964, 368.694, 5000.000, 0.974
261.247, 261.824, 369.879, 5000.000, 0.999
262.066, 262.680, 371.064, 5000.000, 1.024
262.888, 263.533, 372.248, 5000.000, 1.050
263.715, 264.380, 373.433, 5000.000, 1.075
264.548, 265.222, 374.616, 5000.000, 1.100
265.387, 266.057, 375.799, 5000.000, 1.125
266.266, 266.847, 376.979, 5000.000, 1.151
267.141, 267.642, 378.159, 5000.000, 1.176
268.013, 268.440, 379.340, 5000.000, 1.201
268.885, 269.239, 380.521, 5000.000, 1.226
269.757, 270.037, 381.703, 5000.000, 1.251
270.632, 270.832, 382.884, 5000.000, 1.276
271.511, 271.623, 384.065, 5000.000, 1.302
272.350, 272.458, 385.248, 5000.000, 1.327
273.182, 273.299, 386.432, 5000.000, 1.352
274.009, 274.147, 387.616, 5000.000, 1.377
274.832, 274.999, 388.800, 5000.000, 1.403
275.651, 275.856, 389.985, 5000.000, 1.428
276.468, 276.715, 391.170, 5000.000, 1.453
277.282, 277.576, 392.355, 5000.000, 1.478
278.096, 278.438, 393.541, 5000.000, 1.504
278.910, 279.301, 394.726, 5000.000, 1.529
279.724, 280.162, 395.912, 5000.000, 1.554
280.541, 281.021, 397.097, 5000.000, 1.579
281.360, 281.877, 398.282, 5000.000, 1.605
282.183, 282.730, 399.467, 5000.000, 1.630
283.010, 283.577, 400.651, 5000.000, 1.655
283.842, 284.419, 401.835, 5000.000, 1.680
284.681, 285.254, 403.018, 5000.000, 1.706
285.560, 286.044, 404.197, 5000.000, 1.731
286.435, 286.839, 405.377, 5000.000, 1.756
287.307, 287.638, 406.558, 5000.000, 1.781
288.179, 288.437, 407.739, 5000.000, 1.806
289.051, 289.235, 408.920, 5000.000, 1.831
289.926, 290.030, 410.102, 5000.000, 1.857
290.805, 290.820, 411.283, 5000.000, 1.882
291.644, 291.655, 412.466, 5000.000, 1.907
292.476, 292.497, 413.650, 5000.000, 1.932
293.304, 293.344, 414.834, 5000.000, 1.957
294.126, 294.197, 416.018, 5000.000, 1.983
294.945, 295.053, 417.203, 5000.000, 2.008
295.762, 295.912, 418.388, 5000.000, 2.033
296.576, 296.774, 419.573, 5000.000, 2.059
297.390, 297.636, 420.759, 5000.000, 2.084
298.204, 298.498, 421.945, 5000.000, 2.109
299.019, 299.359, 423.130, 5000.000, 2.134
299.835, 300.218, 424.315, 5000.000, 2.160
300.654, 301.075, 425.500, 5000.000, 2.185
301.477, 301.927, 426.685, 5000.000, 2.210
302.304, 302.775, 427.869, 5000.000, 2.235
303.136, 303.617, 429.053, 5000.000, 2.261
304.009, 304.415, 430.233, 5000.000, 2.286
304.876, 305.218, 431.413, 5000.000, 2.311
305.739, 306.026, 432.595, 5000.000, 2.336
306.601, 306.836, 433.776, 5000.000, 2.361
307.462, 307.646, 434.958, 5000.000, 2.386
308.326, 308.454, 436.140, 5000.000, 2.412
309.192, 309.257, 437.321, 5000.000, 2.437
310.065, 310.056, 438.502, 5000.000, 2.462
310.897, 310.897, 439.686, 5000.000, 2.487
311.724, 311.745, 440.870, 5000.000, 2.512
312.547, 312.597, 442.055, 5000.000, 2.538
313.366, 313.454, 443.239, 5000.000, 2.563
314.182, 314.313, 444.425, 5000.000, 2.588
314.997, 315.174, 445.610, 5000.000, 2.613
315.811, 316.036, 446.796, 5000.000, 2.639
316.625, 316.899, 447.981, 5000.000, 2.664
317.439, 317.760, 449.167, 5000.000, 2.689
318.256, 318.619, 450.352, 5000.000, 2.715
319.075, 319.475, 451.537, 5000.000, 2.740
319.898, 320.328, 452.722, 5000.000, 2.765
320.725, 321.175, 453.906, 5000.000, 2.790
321.557, 322.017, 455.089, 5000.000, 2.816
322.396, 322.852, 456.273, 5000.000, 2.841
323.275, 323.642, 457.452, 5000.000, 2.866
324.150, 324.437, 458.632, 5000.000, 2.891
325.022, 325.236, 459.813, 5000.000, 2.916
325.894, 326.035, 460.994, 5000.000, 2.941
326.766, 326.833, 462.175, 5000.000, 2.967
327.641, 327.628, 463.356, 5000.000, 2.992
328.520, 328.418, 464.537, 5000.000, 3.017
329.359, 329.253, 465.720, 5000.000, 3.042
330.191, 330.095, 466.904, 5000.000, 3.067
331.018, 330.942, 468.088, 5000.000, 3.093
331.841, 331.795, 469.272, 5000.000, 3.118
332.660, 332.651, 470.457, 5000.000, 3.143
333.477, 333.510, 471.643, 5000.000, 3.168
334.291, 334.372, 472.828, 5000.000, 3.194
335.105, 335.234, 474.014, 5000.000, 3.219
335.919, 336.096, 475.199, 5000.000, 3.244
336.734, 336.957, 476.385, 5000.000, 3.269
337.550, 337.816, 477.570, 5000.000, 3.295
338.369, 338.673, 478.755, 5000.000, 3.320
339.225, 339.488, 479.936, 5000.000, 3.345
340.074, 340.313, 481.119, 5000.000, 3.370
340.916, 341.144, 482.301, 5000.000, 3.396
341.753, 341.980, 483.485, 5000.000, 3.421
342.588, 342.819, 484.668, 5000.000, 3.446
343.422, 343.659, 485.852, 5000.000, 3.471
344.257, 344.498, 487.036, 5000.000, 3.496
345.095, 345.334, 488.219, 5000.000, 3.522
345.937, 346.165, 489.402, 5000.000, 3.547
346.785, 346.990, 490.585, 5000.000, 3.572
347.641, 347.805, 491.766, 5000.000, 3.597
348.460, 348.662, 492.951, 5000.000, 3.623
349.277, 349.521, 494.136, 5000.000, 3.648
350.091, 350.382, 495.322, 5000.000, 3.673
350.905, 351.244, 496.507, 5000.000, 3.698
351.719, 352.107, 497.693, 5000.000, 3.724
352.534, 352.968, 498.878, 5000.000, 3.749
353.350, 353.827, 500.064, 5000.000, 3.774
354.169, 354.683, 501.249, 5000.000, 3.799
354.992, 355.536, 502.433, 5000.000, 3.825
355.819, 356.383, 503.617, 5000.000, 3.850
356.651, 357.225, 504.801, 5000.000, 3.875
357.490, 358.060, 505.984, 5000.000, 3.900
358.336, 358.887, 507.167, 5000.000, 3.926
359.223, 359.669, 508.346, 5000.000, 3.951
360.107, 360.454, 509.526, 5000.000, 3.976
360.989, 361.241, 510.706, 5000.000, 4.001
361.871, 362.029, 511.887, 5000.000, 4.026
362.755, 362.814, 513.068, 5000.000, 4.051
363.642, 363.596, 514.248, 5000.000, 4.077
364.488, 364.423, 515.431, 5000.000, 4.102
365.327, 365.258, 516.615, 5000.000, 4.127
366.159, 366.099, 517.798, 5000.000, 4.152
366.986, 366.947, 518.982, 5000.000, 4.177
367.809, 367.799, 520.167, 5000.000, 4.203
368.628, 368.656, 521.351, 5000.000, 4.228
369.445, 369.515, 522.536, 5000.000, 4.253
370.259, 370.376, 523.722, 5000.000, 4.278
371.073, 371.238, 524.907, 5000.000, 4.304
371.887, 372.101, 526.093, 5000.000, 4.329
372.701, 372.962, 527.279, 5000.000, 4.354
373.518, 373.821, 528.464, 5000.000, 4.380
374.337, 374.677, 529.649, 5000.000, 4.405
375.160, 375.530, 530.833, 5000.000, 4.430
375.987, 376.377, 532.018, 5000.000, 4.455
376.819, 377.219, 533.201, 5000.000, 4.481
377.658, 378.054, 534.384, 5000.000, 4.506
378.504, 378.881, 535.567, 5000.000, 4.531
379.391, 379.663, 536.746, 5000.000, 4.556
380.275, 380.448, 537.925, 5000.000, 4.581
381.157, 381.235, 539.106, 5000.000, 4.606
382.039, 382.023, 540.286, 5000.000, 4.632
382.923, 382.808, 541.466, 5000.000, 4.657
383.810, 383.590, 542.647, 5000.000, 4.682
384.656, 384.417, 543.830, 5000.000, 4.707
385.495, 385.252, 545.013, 5000.000, 4.732
386.327, 386.093, 546.197, 5000.000, 4.758
387.154, 386.941, 547.381, 5000.000, 4.783
387.977, 387.793, 548.566, 5000.000, 4.808
388.796, 388.650, 549.751, 5000.000, 4.833
389.612, 389.509, 550.936, 5000.000, 4.859
390.427, 390.370, 552.122, 5000.000, 4.884
391.241, 391.232, 553.307, 5000.000, 4.909
392.054, 392.095, 554.493, 5000.000, 4.934
392.869, 392.956, 555.678, 5000.000, 4.960
393.686, 393.815, 556.863, 5000.000, 4.985
394.505, 394.671, 558.048, 5000.000, 5.010
395.327, 395.524, 559.233, 5000.000, 5.035
396.154, 396.371, 560.417, 5000.000, 5.061
396.987, 397.213, 561.601, 5000.000, 5.086
397.859, 398.011, 562.781, 5000.000, 5.111
398.726, 398.815, 563.962, 5000.000, 5.136
399.589, 399.623, 565.143, 5000.000, 5.161
400.451, 400.433, 566.324, 5000.000, 5.187
401.313, 401.242, 567.506, 5000.000, 5.212
402.176, 402.050, 568.687, 5000.000, 5.237
403.043, 402.854, 569.869, 5000.000, 5.262
403.915, 403.652, 571.050, 5000.000, 5.287
404.748, 404.494, 572.234, 5000.000, 5.313
405.575, 405.342, 573.418, 5000.000, 5.338
406.397, 406.194, 574.602, 5000.000, 5.363
407.217, 407.050, 575.787, 5000.000, 5.388
408.033, 407.910, 576.973, 5000.000, 5.414
408.848, 408.771, 578.158, 5000.000, 5.439
409.661, 409.633, 579.344, 5000.000, 5.464
410.475, 410.495, 580.529, 5000.000, 5.489
411.290, 411.356, 581.715, 5000.000, 5.515
412.106, 412.216, 582.900, 5000.000, 5.540
412.925, 413.072, 584.085, 5000.000, 5.565
413.748, 413.925, 585.270, 5000.000, 5.590
414.575, 414.772, 586.454, 5000.000, 5.616
415.408, 415.614, 587.638, 5000.000, 5.641
416.246, 416.449, 588.821, 5000.000, 5.666
417.092, 417.276, 590.003, 5000.000, 5.691
417.979, 418.057, 591.182, 5000.000, 5.716
418.863, 418.843, 592.361, 5000.000, 5.742
419.745, 419.630, 593.541, 5000.000, 5.767
420.627, 420.417, 594.722, 5000.000, 5.792
421.511, 421.203, 595.902, 5000.000, 5.817
422.399, 421.984, 597.082, 5000.000, 5.842
423.244, 422.811, 598.265, 5000.000, 5.867
424.083, 423.646, 599.449, 5000.000, 5.893
424.915, 424.488, 600.633, 5000.000, 5.918
425.743, 425.336, 601.817, 5000.000, 5.943
426.565, 426.188, 603.002, 5000.000, 5.968
427.384, 427.044, 604.187, 5000.000, 5.994
428.201, 427.904, 605.372, 5000.000, 6.019
429.015, 428.765, 606.557, 5000.000, 6.044
429.829, 429.627, 607.743, 5000.000, 6.069
430.643, 430.489, 608.928, 5000.000, 6.095
431.458, 431.351, 610.114, 5000.000, 6.120
432.274, 432.210, 611.299, 5000.000, 6.145
433.093, 433.066, 612.484, 5000.000, 6.170
433.916, 433.919, 613.669, 5000.000, 6.196
434.743, 434.766, 614.853, 5000.000, 6.221
435.575, 435.608, 616.037, 5000.000, 6.246
436.414, 436.443, 617.220, 5000.000, 6.271
437.260, 437.270, 618.402, 5000.000, 6.297
438.114, 438.088, 619.584, 5000.000, 6.322
438.976, 438.897, 620.765, 5000.000, 6.347
439.849, 439.695, 621.946, 5000.000, 6.372
440.732, 440.481, 623.125, 5000.000, 6.397
441.626, 441.254, 624.305, 5000.000, 6.422
442.534, 442.014, 625.483, 5000.000, 6.448
443.441, 442.774, 626.667, 5000.000, 6.473
444.335, 443.547, 627.849, 5000.000, 6.498
445.219, 444.334, 629.032, 5000.000, 6.523
446.091, 445.131, 630.213, 5000.000, 6.548
446.954, 445.940, 631.395, 5000.000, 6.574
447.774, 446.795, 632.577, 5000.000, 6.599
448.632, 447.609, 633.759, 5000.000, 6.624
449.482, 448.431, 634.942, 5000.000, 6.649
450.325, 449.261, 636.124, 5000.000, 6.674
451.162, 450.098, 637.307, 5000.000, 6.700
451.994, 450.941, 638.490, 5000.000, 6.725
452.821, 451.788, 639.674, 5000.000, 6.750
453.644, 452.640, 640.857, 5000.000, 6.775
454.465, 453.494, 642.041, 5000.000, 6.800
455.284, 454.350, 643.225, 5000.000, 6.826
456.103, 455.208, 644.409, 5000.000, 6.851
456.921, 456.065, 645.594, 5000.000, 6.876
457.740, 456.921, 646.778, 5000.000, 6.901
458.561, 457.776, 647.962, 5000.000, 6.927
459.384, 458.627, 649.147, 5000.000, 6.952
460.211, 459.475, 650.331, 5000.000, 6.977
461.043, 460.318, 651.514, 5000.000, 7.002
461.880, 461.154, 652.698, 5000.000, 7.028
462.723, 461.984, 653.881, 5000.000, 7.053
463.573, 462.807, 655.064, 5000.000, 7.078
464.431, 463.620, 656.246, 5000.000, 7.103
465.299, 464.424, 657.428, 5000.000, 7.128
466.175, 465.217, 658.610, 4997.893, 7.154
467.063, 465.998, 659.792, 4993.269, 7.179
467.962, 466.767, 660.973, 4986.233, 7.204
468.860, 467.536, 662.155, 4977.080, 7.229
469.745, 468.320, 663.337, 4967.023, 7.254
470.618, 469.118, 664.519, 4954.027, 7.280
471.479, 469.929, 665.702, 4938.990, 7.305
472.329, 470.751, 666.884, 4921.531, 7.330
473.216, 471.533, 668.066, 4900.838, 7.355
474.062, 472.360, 669.249, 4877.935, 7.380
474.901, 473.195, 670.432, 4854.328, 7.406
475.733, 474.036, 671.614, 4830.073, 7.431
476.560, 474.884, 672.797, 4805.343, 7.456
477.383, 475.736, 673.981, 4779.769, 7.481
478.202, 476.593, 675.164, 4754.605, 7.507
479.018, 477.452, 676.348, 4728.631, 7.532
479.833, 478.313, 677.532, 4703.085, 7.557
480.647, 479.175, 678.718, 4677.275, 7.582
481.461, 480.038, 679.903, 4651.653, 7.608
482.275, 480.899, 681.089, 4628.401, 7.633
483.092, 481.758, 682.274, 4606.891, 7.658
483.911, 482.614, 683.459, 4586.650, 7.683
484.733, 483.467, 684.644, 4565.303, 7.709
485.561, 484.314, 685.828, 4542.175, 7.734
486.393, 485.156, 687.011, 4518.201, 7.759
487.232, 485.991, 688.195, 4492.209, 7.784
488.077, 486.818, 689.377, 4465.277, 7.809
488.931, 487.637, 690.559, 4436.652, 7.835
489.794, 488.445, 691.740, 4406.618, 7.860
490.666, 489.243, 692.921, 4376.576, 7.885
491.549, 490.029, 694.101, 4347.957, 7.910
492.444, 490.803, 695.281, 4320.480, 7.935
493.351, 491.562, 696.460, 4293.847, 7.960
494.225, 492.359, 697.642, 4267.586, 7.986
495.098, 493.156, 698.824, 4241.817, 8.011
495.972, 493.953, 700.005, 4217.114, 8.036
496.845, 494.749, 701.187, 4192.799, 8.061
497.719, 495.546, 702.369, 4168.627, 8.086
498.592, 496.343, 703.551, 4145.097, 8.112
499.466, 497.139, 704.733, 4121.490, 8.137
500.339, 497.936, 705.915, 4099.860, 8.162
501.213, 498.733, 707.097, 4079.502, 8.187
502.086, 499.529, 708.280, 4059.651, 8.212
502.960, 500.326, 709.462, 4040.135, 8.238
503.833, 501.123, 710.644, 4020.798, 8.263
504.707, 501.919, 711.826, 4002.079, 8.288
505.581, 502.716, 713.009, 3983.125, 8.313
506.454, 503.513, 714.191, 3963.894, 8.338
507.328, 504.309, 715.373, 3945.166, 8.364
508.201, 505.106, 716.556, 3924.960, 8.389
509.075, 505.903, 717.738, 3904.070, 8.414
509.948, 506.700, 718.920, 3883.178, 8.439
510.822, 507.496, 720.102, 3861.624, 8.464
511.695, 508.293, 721.285, 3839.907, 8.490
512.569, 509.090, 722.467, 3817.988, 8.515
513.442, 509.886, 723.649, 3797.292, 8.540
514.316, 510.683, 724.831, 3776.940, 8.565
515.189, 511.480, 726.014, 3757.602, 8.590
516.063, 512.276, 727.196, 3739.564, 8.616
516.936, 513.073, 728.378, 3722.264, 8.641
517.810, 513.870, 729.560, 3704.694, 8.666
518.683, 514.666, 730.743, 3687.706, 8.691
519.557, 515.463, 731.925, 3670.987, 8.716
520.430, 516.260, 733.107, 3653.955, 8.742
521.304, 517.057, 734.289, 3636.365, 8.767
522.177, 517.853, 735.472, 3618.129, 8.792
523.051, 518.650, 736.654, 3600.370, 8.817
523.924, 519.447, 737.836, 3583.491, 8.842
524.798, 520.243, 739.019, 3567.598, 8.868
525.671, 521.040, 740.201, 3552.515, 8.893
526.545, 521.837, 741.383, 3537.433, 8.918
527.418, 522.633, 742.565, 3522.525, 8.943
528.292, 523.430, 743.748, 3507.369, 8.968
529.166, 524.227, 744.930, 3491.218, 8.994
530.039, 525.023, 746.112, 3473.989, 9.019
530.913, 525.820, 747.294, 3455.543, 9.044
531.786, 526.617, 748.477, 3436.718, 9.069
532.660, 527.413, 749.659, 3418.327, 9.094
533.533, 528.210, 750.841, 3400.435, 9.120
534.407, 529.007, 752.023, 3383.843, 9.145
535.280, 529.804, 753.206, 3368.101, 9.170
536.154, 530.600, 754.388, 3353.870, 9.195
537.027, 531.397, 755.570, 3340.827, 9.220
537.901, 532.194, 756.752, 3328.021, 9.246
538.774, 532.990, 757.935, 3315.459, 9.271
539.648, 533.787, 759.117, 3301.995, 9.296
540.521, 534.584, 760.299, 3288.085, 9.321
541.395, 535.380, 761.482, 3273.711, 9.346
542.268, 536.177, 762.664, 3258.608, 9.372
543.142, 536.974, 763.846, 3243.521, 9.397
544.015, 537.770, 765.028, 3228.652, 9.422
544.889, 538.567, 766.211, 3213.565, 9.447
545.762, 539.364, 767.393, 3198.606, 9.472
546.636, 540.160, 768.575, 3182.952, 9.498
547.509, 540.957, 769.757, 3167.514, 9.523
548.383, 541.754, 770.940, 3152.399, 9.548
549.256, 542.551, 772.122, 3136.753, 9.573
550.130, 543.347, 773.304, 3120.846, 9.598
551.003, 544.144, 774.486, 3104.967, 9.624
551.877, 544.941, 775.669, 3089.643, 9.649
552.750, 545.737, 776.851, 3074.331, 9.674
553.624, 546.534, 778.033, 3058.810, 9.699
554.498, 547.331, 779.215, 3043.231, 9.724
555.371, 548.127, 780.398, 3028.228, 9.750
556.245, 548.924, 781.580, 3013.745, 9.775
557.118, 549.721, 782.762, 3000.417, 9.800
557.992, 550.517, 783.945, 2987.402, 9.825
558.865, 551.314, 785.127, 2974.664, 9.850
559.739, 552.111, 786.309, 2962.605, 9.876
560.612, 552.907, 787.491, 2950.808, 9.901
561.486, 553.704, 788.674, 2939.403, 9.926
562.359, 554.501, 789.856, 2927.124, 9.951
563.233, 555.298, 791.038, 2914.490, 9.976
564.106, 556.094, 792.220, 2901.272, 10.002
564.980, 556.891, 793.403, 2887.975, 10.027
565.853, 557.688, 794.585, 2875.066, 10.052
566.727, 558.484, 795.767, 2861.864, 10.077
567.600, 559.281, 796.949, 2848.197, 10.102
568.474, 560.078, 798.132, 2834.654, 10.128
569.347, 560.874, 799.314, 2820.767, 10.153
570.221, 561.671, 800.496, 2806.697, 10.178
571.094, 562.468, 801.678, 2792.231, 10.203
571.968, 563.264, 802.861, 2777.062, 10.228
572.841, 564.061, 804.043, 2761.668, 10.254
573.715, 564.858, 805.225, 2746.593, 10.279
574.588, 565.654, 806.408, 2731.981, 10.304
575.462, 566.451, 807.590, 2717.983, 10.329
576.335, 567.248, 808.772, 2704.202, 10.354
577.209, 568.045, 809.954, 2690.871, 10.380
578.082, 568.841, 811.137, 2677.739, 10.405
578.956, 569.638, 812.319, 2665.029, 10.430
579.830, 570.435, 813.501, 2653.155, 10.455
580.703, 571.231, 814.683, 2641.961, 10.480
581.577, 572.028, 815.866, 2630.907, 10.506
582.450, 572.825, 817.048, 2620.306, 10.531
583.324, 573.621, 818.230, 2610.076, 10.556
584.197, 574.418, 819.412, 2600.422, 10.581
585.071, 575.215, 820.595, 2590.924, 10.606
585.944, 576.011, 821.777, 2581.157, 10.632
586.818, 576.808, 822.959, 2571.497, 10.657
587.691, 577.605, 824.141, 2562.475, 10.682
588.531, 578.438, 825.324, 2554.030, 10.707
589.383, 579.258, 826.506, 2545.835, 10.732
590.247, 580.065, 827.688, 2537.733, 10.758
591.122, 580.861, 828.871, 2529.220, 10.783
592.006, 581.646, 830.053, 2520.416, 10.808
592.900, 582.421, 831.235, 2511.541, 10.833
593.801, 583.187, 832.417, 2502.747, 10.858
594.709, 583.946, 833.600, 2493.391, 10.884
595.624, 584.697, 834.783, 2483.831, 10.909
596.544, 585.443, 835.968, 2474.112, 10.934
597.468, 586.184, 837.152, 2464.598, 10.959
598.396, 586.921, 838.337, 2455.403, 10.985
599.327, 587.655, 839.523, 2446.485, 11.010
600.259, 588.387, 840.708, 2436.930, 11.035
601.192, 589.118, 841.893, 2426.980, 11.060
602.126, 589.850, 843.079, 2417.100, 11.086
603.058, 590.582, 844.264, 2407.304, 11.111
603.989, 591.316, 845.450, 2397.563, 11.136
604.916, 592.053, 846.635, 2388.129, 11.161
605.841, 592.794, 847.819, 2379.103, 11.187
606.761, 593.540, 849.004, 2370.322, 11.212
607.675, 594.291, 850.187, 2362.232, 11.237
608.584, 595.050, 851.370, 2354.794, 11.262
609.485, 595.816, 852.553, 2347.307, 11.288
610.378, 596.591, 853.735, 2339.512, 11.313
611.263, 597.376, 854.916, 2331.446, 11.338
612.137, 598.171, 856.096, 2323.599, 11.363
612.968, 599.015, 857.274, 2316.106, 11.388
613.799, 599.858, 858.452, 2309.159, 11.413
614.629, 600.703, 859.630, 2302.239, 11.438
615.504, 601.498, 860.813, 2295.375, 11.464
616.388, 602.283, 861.995, 2288.075, 11.489
617.281, 603.058, 863.177, 2281.011, 11.514
618.182, 603.824, 864.360, 2273.757, 11.539
619.091, 604.583, 865.543, 2265.880, 11.565
620.005, 605.334, 866.727, 2257.790, 11.590
620.925, 606.080, 867.910, 2249.394, 11.615
621.850, 606.821, 869.095, 2240.759, 11.640
622.778, 607.558, 870.279, 2231.729, 11.665
623.708, 608.292, 871.464, 2222.650, 11.691
624.641, 609.024, 872.649, 2213.193, 11.716
625.574, 609.755, 873.834, 2203.158, 11.741
626.507, 610.487, 875.019, 2193.486, 11.767
627.440, 611.219, 876.204, 2184.054, 11.792
628.370, 611.953, 877.389, 2174.403, 11.817
629.298, 612.690, 878.574, 2164.288, 11.842
630.223, 613.431, 879.759, 2154.362, 11.868
631.142, 614.177, 880.943, 2144.310, 11.893
632.023, 614.965, 882.124, 2134.773, 11.918
632.911, 615.747, 883.306, 2125.747, 11.943
633.802, 616.524, 884.488, 2117.013, 11.968
634.697, 617.297, 885.671, 2108.052, 11.994
635.592, 618.070, 886.853, 2099.280, 12.019
636.486, 618.844, 888.036, 2091.003, 12.044
637.378, 619.621, 889.219, 2082.642, 12.069
638.265, 620.403, 890.401, 2074.186, 12.094
639.146, 621.191, 891.583, 2065.721, 12.120
640.066, 621.937, 892.767, 2057.262, 12.145
640.990, 622.678, 893.951, 2048.684, 12.170
641.918, 623.415, 895.135, 2040.530, 12.195
642.849, 624.149, 896.320, 2032.566, 12.221
643.781, 624.881, 897.505, 2024.710, 12.246
644.715, 625.612, 898.690, 2016.561, 12.271
645.614, 626.380, 899.872, 2008.874, 12.296
646.525, 627.136, 901.056, 2001.345, 12.321
647.446, 627.880, 902.240, 1993.743, 12.347
648.375, 628.616, 903.425, 1985.947, 12.372
649.311, 629.345, 904.610, 1977.960, 12.397
650.250, 630.069, 905.796, 1970.020, 12.423
651.193, 630.791, 906.982, 1962.071, 12.448
652.136, 631.511, 908.168, 1954.724, 12.473
653.078, 632.232, 909.355, 1947.799, 12.498
654.018, 632.956, 910.540, 1940.624, 12.524
654.953, 633.685, 911.726, 1933.595, 12.549
655.882, 634.421, 912.911, 1926.703, 12.574
656.803, 635.166, 914.096, 1919.953, 12.599
657.714, 635.921, 915.279, 1913.293, 12.625
658.614, 636.689, 916.462, 1906.891, 12.650
659.514, 637.457, 917.644, 1900.482, 12.675
660.425, 638.213, 918.828, 1894.087, 12.700
661.346, 638.957, 920.012, 1888.202, 12.726
662.275, 639.693, 921.197, 1882.900, 12.751
663.210, 640.422, 922.383, 1877.562, 12.776
664.150, 641.146, 923.569, 1871.967, 12.801
665.092, 641.867, 924.755, 1866.663, 12.827
666.035, 642.588, 925.941, 1861.398, 12.852
666.978, 643.309, 927.128, 1856.023, 12.877
667.917, 644.033, 928.314, 1850.819, 12.902
668.853, 644.762, 929.499, 1845.794, 12.928
669.748, 645.535, 930.681, 1840.592, 12.953
670.648, 646.303, 931.864, 1835.557, 12.978
671.549, 647.069, 933.046, 1830.963, 13.003
672.450, 647.835, 934.229, 1826.596, 13.029
673.394, 648.555, 935.415, 1821.932, 13.054
674.346, 649.265, 936.602, 1817.289, 13.079
675.305, 649.969, 937.790, 1812.501, 13.104
676.267, 650.668, 938.980, 1807.650, 13.130
677.233, 651.364, 940.170, 1802.788, 13.155
678.199, 652.058, 941.360, 1797.940, 13.181
679.165, 652.754, 942.550, 1793.461, 13.206
680.128, 653.453, 943.740, 1788.826, 13.231
681.086, 654.157, 944.929, 1784.455, 13.257
682.004, 654.904, 946.112, 1780.260, 13.282
682.927, 655.647, 947.295, 1775.811, 13.307
683.852, 656.387, 948.479, 1771.357, 13.332
684.776, 657.129, 949.663, 1767.065, 13.358
685.696, 657.874, 950.847, 1762.744, 13.383
686.610, 658.626, 952.030, 1758.398, 13.408
687.562, 659.337, 953.218, 1754.180, 13.433
688.517, 660.044, 954.406, 1750.352, 13.459
689.473, 660.751, 955.595, 1746.574, 13.484
690.394, 661.495, 956.778, 1742.854, 13.509
691.325, 662.229, 957.964, 1739.227, 13.535
692.263, 662.955, 959.150, 1735.704, 13.560
693.206, 663.676, 960.336, 1731.829, 13.585
694.150, 664.395, 961.523, 1728.104, 13.610
695.093, 665.115, 962.710, 1724.359, 13.636
696.033, 665.839, 963.897, 1720.637, 13.661
696.967, 666.570, 965.082, 1716.940, 13.686
697.938, 667.259, 966.273, 1713.549, 13.712
698.879, 667.982, 967.459, 1710.420, 13.737
699.833, 668.690, 968.647, 1707.323, 13.762
700.798, 669.387, 969.837, 1704.314, 13.788
701.771, 670.075, 971.028, 1701.208, 13.813
702.749, 670.757, 972.220, 1698.055, 13.838
703.730, 671.436, 973.413, 1694.754, 13.864
704.710, 672.115, 974.605, 1691.348, 13.889
705.688, 672.797, 975.798, 1687.856, 13.915
706.661, 673.485, 976.989, 1684.560, 13.940
707.626, 674.182, 978.179, 1681.317, 13.965
708.580, 674.890, 979.367, 1678.601, 13.991
709.521, 675.613, 980.553, 1675.854, 14.016
710.459, 676.339, 981.739, 1673.128, 14.041
711.405, 677.056, 982.926, 1670.444, 14.067
712.356, 677.768, 984.114, 1667.851, 14.092
713.310, 678.476, 985.302, 1664.958, 14.117
714.264, 679.184, 986.490, 1661.782, 14.143
715.216, 679.896, 987.678, 1658.830, 14.168
716.162, 680.613, 988.865, 1655.997, 14.193
717.066, 681.375, 990.046, 1653.090, 14.218
717.973, 682.136, 991.229, 1650.365, 14.244
718.924, 682.848, 992.416, 1647.810, 14.269
719.884, 683.549, 993.604, 1645.277, 14.294
720.851, 684.244, 994.794, 1642.547, 14.320
721.821, 684.935, 995.985, 1639.742, 14.345
722.792, 685.624, 997.175, 1636.653, 14.370
723.761, 686.316, 998.366, 1633.440, 14.396
724.726, 687.013, 999.556, 1630.038, 14.421
725.650, 687.754, 1000.740, 1626.750, 14.446
726.577, 688.493, 1001.924, 1623.540, 14.472
727.549, 689.180, 1003.115, 1620.427, 14.497
728.532, 689.858, 1004.308, 1617.274, 14.522
729.521, 690.527, 1005.501, 1613.934, 14.548
730.516, 691.192, 1006.696, 1610.580, 14.573
731.511, 691.854, 1007.891, 1606.901, 14.599
732.473, 692.554, 1009.080, 1603.101, 14.624
733.443, 693.245, 1010.271, 1599.185, 14.649
734.419, 693.930, 1011.463, 1595.267, 14.675
735.396, 694.613, 1012.655, 1591.393, 14.700
736.372, 695.297, 1013.847, 1587.503, 14.726
737.342, 695.988, 1015.038, 1583.546, 14.751
738.303, 696.688, 1016.227, 1579.587, 14.776
739.299, 697.351, 1017.423, 1575.568, 14.802
740.293, 698.015, 1018.619, 1571.419, 14.827
741.249, 698.722, 1019.807, 1567.010, 14.853
742.211, 699.422, 1020.996, 1562.654, 14.878
743.174, 700.120, 1022.186, 1558.420, 14.903
744.135, 700.821, 1023.375, 1554.145, 14.929
745.091, 701.527, 1024.563, 1550.009, 14.954
746.085, 702.191, 1025.759, 1546.012, 14.980
747.047, 702.891, 1026.948, 1542.117, 15.005
748.021, 703.578, 1028.140, 1538.194, 15.030
749.003, 704.256, 1029.333, 1534.286, 15.056
749.989, 704.929, 1030.527, 1530.332, 15.081
750.977, 705.601, 1031.721, 1526.535, 15.107
751.961, 706.276, 1032.914, 1522.730, 15.132
752.939, 706.958, 1034.107, 1519.020, 15.158
753.874, 707.687, 1035.291, 1515.602, 15.183
754.855, 708.366, 1036.484, 1512.366, 15.208
755.845, 709.035, 1037.678, 1509.369, 15.234
756.840, 709.698, 1038.874, 1506.249, 15.259
757.837, 710.360, 1040.070, 1503.176, 15.285
758.832, 711.023, 1041.266, 1500.027, 15.310
759.822, 711.692, 1042.460, 1496.661, 15.336
760.769, 712.408, 1043.648, 1493.335, 15.361
761.764, 713.072, 1044.842, 1490.040, 15.386
762.768, 713.726, 1046.040, 1486.537, 15.412
763.778, 714.373, 1047.239, 1482.914, 15.437
764.791, 715.016, 1048.439, 1479.088, 15.463
765.803, 715.661, 1049.638, 1475.389, 15.489
766.810, 716.311, 1050.837, 1471.535, 15.514
767.776, 717.006, 1052.027, 1467.780, 15.539
768.743, 717.701, 1053.216, 1463.912, 15.565
769.707, 718.399, 1054.405, 1459.971, 15.590
770.709, 719.054, 1055.603, 1455.919, 15.616
771.713, 719.708, 1056.801, 1451.841, 15.641
772.715, 720.363, 1057.998, 1447.892, 15.667
773.679, 721.062, 1059.187, 1443.821, 15.692
774.645, 721.756, 1060.377, 1439.811, 15.717
775.611, 722.451, 1061.567, 1435.875, 15.743
776.619, 723.101, 1062.766, 1431.963, 15.768
777.597, 723.783, 1063.958, 1428.179, 15.794
778.589, 724.450, 1065.153, 1424.535, 15.819
779.590, 725.107, 1066.350, 1421.152, 15.845
780.595, 725.759, 1067.548, 1417.664, 15.870
781.600, 726.412, 1068.746, 1414.276, 15.896
782.601, 727.069, 1069.944, 1411.054, 15.921
783.640, 727.684, 1071.150, 1407.567, 15.947
784.646, 728.336, 1072.349, 1403.828, 15.973
785.661, 728.977, 1073.550, 1399.860, 15.998
786.682, 729.611, 1074.752, 1396.066, 16.024
787.704, 730.245, 1075.955, 1392.093, 16.050
788.723, 730.883, 1077.156, 1388.345, 16.075
789.700, 731.567, 1078.347, 1384.740, 16.101
790.723, 732.198, 1079.550, 1381.023, 16.126
791.756, 732.821, 1080.756, 1377.157, 16.152
792.793, 733.438, 1081.962, 1373.476, 16.178
793.830, 734.055, 1083.169, 1369.653, 16.203
794.863, 734.677, 1084.374, 1365.837, 16.229
795.853, 735.346, 1085.568, 1361.919, 16.254
796.843, 736.016, 1086.762, 1358.081, 16.280
797.873, 736.641, 1087.967, 1354.181, 16.306
798.905, 737.263, 1089.172, 1350.365, 16.331
799.936, 737.887, 1090.377, 1346.734, 16.357
800.961, 738.518, 1091.581, 1343.179, 16.383
801.941, 739.198, 1092.772, 1339.445, 16.408
802.919, 739.880, 1093.963, 1335.840, 16.433
803.936, 740.520, 1095.164, 1332.442, 16.459
804.953, 741.159, 1096.366, 1328.909, 16.485
805.934, 741.838, 1097.558, 1325.558, 16.510
806.918, 742.513, 1098.752, 1322.331, 16.535
807.949, 743.137, 1099.956, 1319.256, 16.561
808.988, 743.752, 1101.163, 1316.299, 16.587
809.997, 744.401, 1102.362, 1313.362, 16.612
811.017, 745.036, 1103.564, 1310.577, 16.638
812.044, 745.665, 1104.768, 1307.478, 16.664
813.072, 746.293, 1105.972, 1304.107, 16.689
814.095, 746.926, 1107.174, 1300.872, 16.715
815.155, 747.518, 1108.387, 1297.643, 16.741
816.181, 748.147, 1109.591, 1294.528, 16.766
817.214, 748.769, 1110.796, 1291.431, 16.792
818.248, 749.389, 1112.002, 1288.512, 16.818
819.279, 750.013, 1113.208, 1285.737, 16.844
820.315, 750.632, 1114.414, 1283.041, 16.869
821.363, 751.238, 1115.624, 1280.475, 16.895
822.418, 751.835, 1116.835, 1277.801, 16.921
823.475, 752.431, 1118.048, 1274.783, 16.947
824.528, 753.031, 1119.259, 1271.899, 16.973
825.539, 753.677, 1120.459, 1269.050, 16.998
826.595, 754.273, 1121.671, 1266.003, 17.024
827.657, 754.863, 1122.886, 1263.050, 17.050
828.720, 755.452, 1124.101, 1260.181, 17.076
829.779, 756.046, 1125.315, 1257.540, 17.102
830.794, 756.687, 1126.514, 1254.879, 17.127
831.807, 757.331, 1127.714, 1252.339, 17.153
832.857, 757.934, 1128.925, 1250.046, 17.179
833.907, 758.537, 1130.135, 1247.588, 17.204
834.917, 759.184, 1131.334, 1245.127, 17.230
835.928, 759.831, 1132.533, 1242.905, 17.256
836.980, 760.431, 1133.745, 1240.520, 17.281
838.035, 761.029, 1134.957, 1238.203, 17.307
839.088, 761.629, 1136.168, 1236.033, 17.333
840.098, 762.275, 1137.367, 1233.840, 17.359
841.155, 762.871, 1138.580, 1231.633, 17.384
842.219, 763.459, 1139.795, 1229.206, 17.410
843.285, 764.045, 1141.011, 1227.009, 17.436
844.314, 764.672, 1142.215, 1224.684, 17.462
845.346, 765.294, 1143.421, 1222.116, 17.488
846.375, 765.920, 1144.625, 1219.711, 17.513
847.443, 766.504, 1145.842, 1217.342, 17.539
848.476, 767.126, 1147.047, 1215.058, 17.565
849.515, 767.741, 1148.255, 1212.858, 17.591
850.554, 768.356, 1149.462, 1210.522, 17.616
851.634, 768.926, 1150.683, 1208.071, 17.642
852.716, 769.494, 1151.905, 1205.474, 17.668
853.761, 770.103, 1153.114, 1202.914, 17.694
854.809, 770.709, 1154.324, 1200.336, 17.720
855.854, 771.317, 1155.533, 1197.564, 17.746
856.938, 771.883, 1156.755, 1194.673, 17.772
857.987, 772.487, 1157.966, 1192.279, 17.798
859.042, 773.085, 1159.178, 1189.864, 17.823
860.097, 773.682, 1160.391, 1187.607, 17.849
861.146, 774.287, 1161.602, 1185.295, 17.875
862.196, 774.890, 1162.813, 1183.108, 17.901
863.254, 775.484, 1164.026, 1180.795, 17.927
864.314, 776.077, 1165.240, 1178.525, 17.953
865.336, 776.711, 1166.442, 1176.337, 17.978
866.406, 777.292, 1167.659, 1174.128, 18.004
867.485, 777.863, 1168.880, 1171.823, 18.030
868.567, 778.431, 1170.101, 1169.816, 18.056
869.612, 779.040, 1171.311, 1167.939, 18.082
870.659, 779.646, 1172.521, 1165.994, 18.108
871.749, 780.206, 1173.745, 1164.095, 18.134
872.842, 780.762, 1174.970, 1162.084, 18.160
873.897, 781.359, 1176.183, 1160.028, 18.186
874.955, 781.954, 1177.396, 1157.761, 18.212
876.056, 782.501, 1178.625, 1155.576, 18.238
877.159, 783.046, 1179.854, 1153.430, 18.264
878.225, 783.632, 1181.071, 1151.261, 18.290
879.294, 784.214, 1182.288, 1149.083, 18.316
880.405, 784.750, 1183.521, 1146.932, 18.342
881.519, 785.283, 1184.755, 1144.766, 18.369
882.596, 785.857, 1185.975, 1142.543, 18.395
883.676, 786.428, 1187.196, 1140.202, 18.421
884.751, 787.004, 1188.415, 1137.815, 18.447
885.827, 787.578, 1189.635, 1135.339, 18.473
886.912, 788.143, 1190.859, 1132.894, 18.499
887.998, 788.707, 1192.082, 1130.506, 18.525
889.077, 789.278, 1193.303, 1128.191, 18.551
890.157, 789.848, 1194.524, 1125.603, 18.577
891.242, 790.413, 1195.748, 1123.224, 18.603
892.327, 790.978, 1196.971, 1120.839, 18.629
893.370, 791.588, 1198.178, 1118.528, 18.655
894.458, 792.150, 1199.402, 1116.130, 18.681
895.549, 792.709, 1200.628, 1113.883, 18.707
896.603, 793.308, 1201.839, 1111.521, 18.733
897.705, 793.853, 1203.070, 1109.151, 18.759
898.816, 794.390, 1204.303, 1106.888, 18.785
899.927, 794.926, 1205.537, 1104.692, 18.812
900.999, 795.505, 1206.754, 1102.381, 18.838
902.117, 796.034, 1207.991, 1100.126, 18.864
903.240, 796.557, 1209.229, 1097.949, 18.890
904.327, 797.119, 1210.453, 1095.804, 18.916
905.418, 797.677, 1211.679, 1093.737, 18.943
906.552, 798.189, 1212.922, 1091.760, 18.969
907.654, 798.735, 1214.152, 1089.703, 18.995
908.763, 799.274, 1215.384, 1087.650, 19.022
909.871, 799.813, 1216.617, 1085.644, 19.048
910.984, 800.348, 1217.851, 1083.735, 19.074
912.106, 800.872, 1219.089, 1081.853, 19.101
913.230, 801.394, 1220.329, 1079.913, 19.127
914.348, 801.922, 1221.565, 1077.974, 19.153
915.465, 802.452, 1222.801, 1076.172, 19.180
916.586, 802.977, 1224.039, 1074.504, 19.206
917.670, 803.543, 1225.262, 1072.929, 19.232
918.803, 804.056, 1226.504, 1071.283, 19.259
919.941, 804.562, 1227.750, 1069.531, 19.285
921.077, 805.070, 1228.994, 1067.757, 19.312
922.170, 805.626, 1230.220, 1066.009, 19.338
923.305, 806.137, 1231.464, 1064.348, 19.364
924.406, 806.684, 1232.693, 1062.583, 19.390
925.512, 807.226, 1233.925, 1060.878, 19.417
926.660, 807.722, 1235.174, 1059.228, 19.443
927.809, 808.216, 1236.425, 1057.663, 19.470
928.917, 808.756, 1237.657, 1056.037, 19.496
930.070, 809.246, 1238.909, 1054.390, 19.523
931.225, 809.734, 1240.162, 1052.640, 19.550
932.341, 810.265, 1241.398, 1050.849, 19.576
933.457, 810.796, 1242.633, 1049.078, 19.602
934.609, 811.287, 1243.886, 1047.419, 19.629
935.724, 811.819, 1245.121, 1045.681, 19.655
936.838, 812.352, 1246.356, 1043.950, 19.682
937.957, 812.880, 1247.593, 1042.207, 19.708
939.085, 813.397, 1248.834, 1040.484, 19.735
940.179, 813.952, 1250.060, 1038.706, 19.761
941.324, 814.451, 1251.308, 1036.991, 19.787
942.477, 814.942, 1252.560, 1035.162, 19.814
943.628, 815.434, 1253.812, 1033.276, 19.841
944.817, 815.884, 1255.081, 1031.237, 19.868
945.968, 816.377, 1256.333, 1029.313, 19.894
947.119, 816.869, 1257.585, 1027.374, 19.921
948.228, 817.409, 1258.816, 1025.488, 19.947
949.378, 817.902, 1260.068, 1023.515, 19.974
950.527, 818.396, 1261.319, 1021.587, 20.001
951.680, 818.887, 1262.571, 1019.664, 20.027
952.840, 819.369, 1263.828, 1017.728, 20.054
954.000, 819.852, 1265.084, 1015.787, 20.081
955.117, 820.382, 1266.319, 1013.794, 20.107
956.274, 820.868, 1267.574, 1011.673, 20.134
957.429, 821.355, 1268.828, 1009.680, 20.161
958.587, 821.840, 1270.083, 1007.681, 20.187
959.752, 822.317, 1271.342, 1005.713, 20.214
960.882, 822.833, 1272.584, 1003.687, 20.241
962.014, 823.346, 1273.826, 1001.780, 20.267
963.184, 823.817, 1275.088, 999.816, 20.294
964.317, 824.329, 1276.331, 997.925, 20.321
965.451, 824.841, 1277.574, 996.105, 20.347
966.621, 825.312, 1278.836, 994.239, 20.374
967.753, 825.826, 1280.078, 992.369, 20.400
968.883, 826.342, 1281.320, 990.533, 20.427
970.014, 826.855, 1282.562, 988.725, 20.453
971.151, 827.363, 1283.808, 986.888, 20.480
972.330, 827.825, 1285.074, 985.013, 20.507
973.476, 828.323, 1286.323, 983.235, 20.534
974.673, 828.766, 1287.598, 981.480, 20.561
975.877, 829.200, 1288.878, 979.707, 20.588
977.047, 829.672, 1290.139, 977.909, 20.615
978.219, 830.140, 1291.402, 976.132, 20.642
979.351, 830.654, 1292.643, 974.420, 20.668
980.525, 831.121, 1293.907, 972.641, 20.695
981.698, 831.589, 1295.170, 970.928, 20.722
982.874, 832.054, 1296.434, 969.148, 20.749
984.057, 832.512, 1297.702, 967.437, 20.776
985.202, 833.011, 1298.951, 965.761, 20.803
986.393, 833.460, 1300.223, 963.980, 20.830
987.587, 833.905, 1301.497, 962.226, 20.857
988.740, 834.395, 1302.750, 960.456, 20.884
989.935, 834.839, 1304.025, 958.699, 20.911
991.130, 835.283, 1305.299, 957.073, 20.938
992.280, 835.777, 1306.550, 955.351, 20.965
993.470, 836.227, 1307.822, 953.784, 20.992
994.621, 836.719, 1309.073, 952.173, 21.019
995.817, 837.162, 1310.349, 950.652, 21.046
996.982, 837.639, 1311.607, 949.091, 21.073
998.151, 838.112, 1312.868, 947.566, 21.099
999.327, 838.577, 1314.133, 945.959, 21.126
1000.513, 839.031, 1315.403, 944.427, 21.153
1001.665, 839.523, 1316.655, 942.947, 21.180
1002.864, 839.962, 1317.932, 941.512, 21.207
1004.067, 840.398, 1319.210, 939.960, 21.235
1005.276, 840.826, 1320.493, 938.479, 21.262
1006.494, 841.245, 1321.780, 937.071, 21.289
1007.677, 841.703, 1323.048, 935.812, 21.316
1008.906, 842.110, 1324.342, 934.487, 21.344
1010.105, 842.550, 1325.619, 933.142, 21.371
1011.308, 842.985, 1326.898, 931.692, 21.398
1012.551, 843.377, 1328.200, 930.330, 21.426
1013.755, 843.810, 1329.480, 928.940, 21.454
1015.005, 844.195, 1330.785, 927.563, 21.481
1016.220, 844.617, 1332.072, 926.127, 21.509
1017.437, 845.037, 1333.359, 924.657, 21.536
1018.658, 845.453, 1334.649, 923.264, 21.564
1019.884, 845.863, 1335.941, 921.913, 21.591
1021.118, 846.265, 1337.238, 920.509, 21.619
1022.360, 846.658, 1338.540, 919.152, 21.647
1023.599, 847.053, 1339.840, 917.703, 21.674
1024.838, 847.449, 1341.141, 916.262, 21.702
1026.077, 847.845, 1342.442, 914.829, 21.730
1027.273, 848.289, 1343.716, 913.364, 21.757
1028.505, 848.692, 1345.013, 911.973, 21.785
1029.696, 849.141, 1346.284, 910.452, 21.812
1030.926, 849.546, 1347.580, 908.973, 21.839
1032.118, 849.994, 1348.852, 907.531, 21.866
1033.352, 850.395, 1350.150, 906.081, 21.894
1034.550, 850.836, 1351.426, 904.677, 21.921
1035.793, 851.228, 1352.729, 903.291, 21.949
1037.002, 851.656, 1354.012, 901.805, 21.976
1038.260, 852.032, 1355.323, 900.303, 22.004
1039.486, 852.442, 1356.616, 898.763, 22.032
1040.716, 852.848, 1357.911, 897.307, 22.060
1041.950, 853.249, 1359.209, 895.812, 22.087
1043.190, 853.644, 1360.510, 894.334, 22.115
1044.436, 854.032, 1361.815, 892.859, 22.143
1045.689, 854.413, 1363.124, 891.450, 22.171
1046.950, 854.785, 1364.438, 890.004, 22.199
1048.220, 855.147, 1365.757, 888.632, 22.227
1049.453, 855.550, 1367.054, 887.126, 22.254
1050.729, 855.905, 1368.377, 885.592, 22.283
1051.969, 856.300, 1369.679, 884.026, 22.310
1053.253, 856.646, 1371.008, 882.548, 22.339
1054.501, 857.032, 1372.315, 881.049, 22.367
1055.795, 857.367, 1373.651, 879.546, 22.395
1057.055, 857.741, 1374.965, 878.066, 22.423
1058.360, 858.064, 1376.309, 876.709, 22.452
1059.632, 858.424, 1377.630, 875.295, 22.480
1060.904, 858.784, 1378.952, 874.011, 22.508
1062.176, 859.144, 1380.274, 872.690, 22.536
1063.448, 859.504, 1381.596, 871.303, 22.564
1064.720, 859.864, 1382.918, 869.918, 22.593
1065.991, 860.224, 1384.239, 868.511, 22.621
1067.263, 860.584, 1385.561, 867.110, 22.649
1068.535, 860.944, 1386.883, 865.689, 22.677
1069.807, 861.303, 1388.205, 864.287, 22.705
1071.079, 861.663, 1389.527, 862.934, 22.733
1072.351, 862.023, 1390.848, 861.540, 22.762
1073.623, 862.383, 1392.170, 860.195, 22.790
1074.894, 862.743, 1393.492, 858.826, 22.818
1076.166, 863.103, 1394.814, 857.421, 22.846
1077.438, 863.463, 1396.136, 856.024, 22.874
1078.710, 863.823, 1397.457, 854.647, 22.902
1079.982, 864.183, 1398.779, 853.309, 22.931
1081.254, 864.543, 1400.101, 851.941, 22.959
1082.526, 864.903, 1401.423, 850.596, 22.987
1083.797, 865.263, 1402.745, 849.206, 23.015
1085.069, 865.623, 1404.067, 847.873, 23.043
1086.308, 866.019, 1405.366, 846.502, 23.071
1087.592, 866.366, 1406.696, 845.159, 23.099
1088.842, 866.750, 1408.003, 843.825, 23.127
1090.137, 867.084, 1409.340, 842.529, 23.156
1091.396, 867.458, 1410.654, 841.240, 23.184
1092.700, 867.783, 1411.997, 840.000, 23.212
1093.968, 868.147, 1413.316, 838.798, 23.241
1095.245, 868.501, 1414.642, 837.655, 23.269
1096.531, 868.845, 1415.973, 836.425, 23.297
1097.826, 869.181, 1417.310, 835.373, 23.326
1099.127, 869.508, 1418.651, 834.225, 23.354
1100.435, 869.829, 1419.997, 833.080, 23.383
1101.714, 870.181, 1421.324, 831.975, 23.411
1103.044, 870.477, 1422.685, 830.862, 23.440
1104.343, 870.807, 1424.025, 829.722, 23.469
1105.689, 871.085, 1425.397, 828.617, 23.498
1107.003, 871.400, 1426.747, 827.534, 23.527
1108.327, 871.702, 1428.106, 826.506, 23.556
1109.662, 871.993, 1429.472, 825.386, 23.585
1111.004, 872.276, 1430.843, 824.347, 23.614
1112.353, 872.551, 1432.220, 823.252, 23.643
1113.706, 872.822, 1433.600, 822.161, 23.673
1115.028, 873.127, 1434.956, 821.099, 23.702
1116.397, 873.380, 1436.348, 820.071, 23.731
1117.731, 873.672, 1437.713, 819.017, 23.761
1119.107, 873.918, 1439.111, 817.996, 23.790
1120.444, 874.207, 1440.478, 817.030, 23.819
1121.785, 874.491, 1441.849, 816.091, 23.849
1123.127, 874.774, 1443.221, 815.173, 23.878
1124.469, 875.057, 1444.592, 814.268, 23.907
1125.820, 875.329, 1445.971, 813.364, 23.937
1127.179, 875.594, 1447.355, 812.447, 23.966
1128.542, 875.854, 1448.742, 811.534, 23.996
1129.907, 876.112, 1450.131, 810.607, 24.025
1131.271, 876.371, 1451.519, 809.672, 24.055
1132.598, 876.671, 1452.879, 808.801, 24.084
1133.931, 876.964, 1454.244, 807.978, 24.113
1135.314, 877.202, 1455.646, 807.159, 24.143
1136.663, 877.477, 1457.023, 806.407, 24.172
1138.055, 877.705, 1458.434, 805.580, 24.202
1139.408, 877.976, 1459.813, 804.794, 24.232
1140.764, 878.244, 1461.195, 803.994, 24.261
1142.167, 878.460, 1462.615, 803.189, 24.291
1143.534, 878.716, 1464.005, 802.408, 24.321
1144.941, 878.927, 1465.428, 801.643, 24.351
1146.306, 879.185, 1466.817, 800.885, 24.381
1147.672, 879.441, 1468.207, 800.159, 24.411
1149.049, 879.687, 1469.605, 799.402, 24.440
1150.433, 879.924, 1471.009, 798.766, 24.470
1151.820, 880.157, 1472.416, 798.053, 24.500
1153.173, 880.427, 1473.796, 797.368, 24.530
1154.570, 880.651, 1475.209, 796.687, 24.560
1155.971, 880.869, 1476.627, 796.018, 24.590
1157.341, 881.122, 1478.020, 795.393, 24.620
1158.755, 881.326, 1479.448, 794.818, 24.650
1160.129, 881.574, 1480.844, 794.252, 24.680
1161.539, 881.782, 1482.270, 793.707, 24.710
1162.949, 881.991, 1483.694, 793.146, 24.741
1164.320, 882.241, 1485.088, 792.632, 24.770
1165.696, 882.487, 1486.486, 792.048, 24.800
1167.119, 882.682, 1487.921, 791.429, 24.831
1168.505, 882.917, 1489.327, 780.627, 24.861
1169.896, 883.146, 1490.736, 780.126, 24.891
1171.254, 883.411, 1492.120, 779.642, 24.920
1172.655, 883.630, 1493.537, 779.149, 24.950
1174.060, 883.843, 1494.959, 778.629, 24.981
1175.479, 884.042, 1496.391, 778.155, 25.000
1176.906, 884.232, 1497.830, 777.646, 25.000
1178.338, 884.416, 1499.273, 777.162, 25.000
1179.736, 884.638, 1500.689, 776.627, 25.000
1181.176, 884.813, 1502.139, 776.096, 25.000
1182.620, 884.985, 1503.592, 775.602, 25.000
1184.029, 885.195, 1505.016, 775.113, 25.000
1185.445, 885.396, 1506.447, 774.633, 25.000
1186.829, 885.633, 1507.851, 774.173, 25.000
1188.256, 885.823, 1509.290, 773.719, 25.000
1189.686, 886.009, 1510.732, 773.285, 25.000
1191.128, 886.183, 1512.184, 772.848, 25.000
1192.576, 886.350, 1513.641, 772.415, 25.000
1194.025, 886.515, 1515.099, 771.999, 25.000
1195.483, 886.671, 1516.564, 771.520, 25.000
1196.911, 886.860, 1518.004, 771.051, 25.000
1198.349, 887.038, 1519.454, 770.580, 25.000
1199.839, 887.158, 1520.948, 770.086, 25.000
1201.294, 887.317, 1522.412, 769.603, 25.000
1202.756, 887.469, 1523.882, 769.089, 25.000
1204.184, 887.658, 1525.321, 768.568, 25.000
1205.618, 887.840, 1526.767, 768.072, 25.000
1207.098, 887.971, 1528.253, 767.577, 25.000
1208.585, 888.096, 1529.744, 767.148, 25.000
1210.038, 888.257, 1531.206, 766.675, 25.000
1211.497, 888.412, 1532.673, 766.224, 25.000
1212.969, 888.553, 1534.151, 765.758, 25.000
1214.492, 888.636, 1535.676, 765.310, 25.000
1215.982, 888.758, 1537.170, 764.864, 25.000
1217.476, 888.873, 1538.669, 764.383, 25.000
1218.983, 888.976, 1540.178, 763.841, 25.000
1220.460, 889.111, 1541.661, 763.342, 25.000
1221.980, 889.199, 1543.183, 762.829, 25.000
1223.503, 889.283, 1544.708, 762.379, 25.000
1224.988, 889.409, 1546.198, 761.925, 25.000
1226.474, 889.534, 1547.690, 761.504, 25.000
1227.967, 889.653, 1549.186, 761.073, 25.000
1229.470, 889.758, 1550.694, 760.690, 25.000
1230.991, 889.845, 1552.216, 760.304, 25.000
1232.521, 889.923, 1553.748, 759.925, 25.000
1234.051, 889.999, 1555.280, 759.520, 25.000
1235.588, 890.069, 1556.818, 759.132, 25.000
1237.089, 890.177, 1558.323, 758.718, 25.000
1238.593, 890.283, 1559.830, 758.335, 25.000
1240.138, 890.344, 1561.376, 757.979, 25.000
1241.681, 890.405, 1562.921, 757.659, 25.000
1243.230, 890.462, 1564.470, 757.310, 25.000
1244.741, 890.560, 1565.984, 756.973, 25.000
1246.252, 890.657, 1567.499, 756.629, 25.000
1247.770, 890.748, 1569.019, 756.331, 25.000
1249.297, 890.828, 1570.548, 756.029, 25.000
1250.838, 890.892, 1572.091, 755.751, 25.000
1252.351, 890.988, 1573.607, 755.483, 25.000
1253.907, 891.037, 1575.163, 755.227, 25.000
1255.462, 891.086, 1576.719, 755.008, 25.000
1257.022, 891.130, 1578.279, 754.785, 25.000
1258.591, 891.164, 1579.847, 754.549, 25.000
1260.126, 891.235, 1581.384, 754.282, 25.000
1261.665, 891.302, 1582.924, 753.983, 25.000
1263.211, 891.362, 1584.471, 753.715, 25.000
1264.767, 891.410, 1586.029, 753.438, 25.000
1266.338, 891.442, 1587.600, 753.160, 25.000
1267.880, 891.506, 1589.142, 752.886, 25.000
1269.429, 891.562, 1590.692, 752.627, 25.000
1270.987, 891.608, 1592.251, 752.371, 25.000
1272.558, 891.640, 1593.823, 752.100, 25.000
1274.144, 891.655, 1595.409, 751.843, 25.000
1275.748, 891.651, 1597.012, 751.553, 25.000
1277.406, 891.588, 1598.668, 751.260, 25.000
1279.028, 891.564, 1600.290, 750.957, 25.000
1280.649, 891.541, 1601.911, 750.653, 25.000
1282.274, 891.514, 1603.535, 750.342, 25.000
1283.903, 891.482, 1605.165, 750.025, 25.000
1285.541, 891.441, 1606.802, 749.705, 25.000
1287.142, 891.439, 1608.404, 749.371, 25.000
1288.743, 891.439, 1610.004, 749.012, 25.000
1290.344, 891.437, 1611.605, 748.658, 25.000
1291.948, 891.433, 1613.209, 748.281, 25.000
1293.557, 891.424, 1614.818, 747.895, 25.000
1295.171, 891.408, 1616.433, 747.497, 25.000
1296.794, 891.383, 1618.055, 747.142, 25.000
1298.427, 891.348, 1619.688, 746.779, 25.000
1300.071, 891.300, 1621.332, 746.416, 25.000
1301.681, 891.288, 1622.943, 746.048, 25.000
1303.293, 891.276, 1624.554, 745.664, 25.000
1304.906, 891.262, 1626.167, 745.245, 25.000
1306.521, 891.245, 1627.783, 744.835, 25.000
1308.141, 891.223, 1629.403, 744.408, 25.000
1309.765, 891.198, 1631.027, 744.005, 25.000
1311.394, 891.166, 1632.656, 743.583, 25.000
1313.029, 891.127, 1634.292, 743.210, 25.000
1314.672, 891.081, 1635.935, 742.842, 25.000
1316.288, 891.062, 1637.552, 742.470, 25.000
1317.927, 891.021, 1639.190, 742.091, 25.000
1319.586, 890.956, 1640.851, 741.724, 25.000
1321.267, 890.867, 1642.533, 741.367, 25.000
1322.969, 890.755, 1644.237, 741.024, 25.000
1324.693, 890.620, 1645.964, 740.679, 25.000
1326.391, 890.513, 1647.664, 740.350, 25.000
1328.096, 890.397, 1649.372, 740.030, 25.000
1329.807, 890.276, 1651.086, 739.743, 25.000
1331.524, 890.148, 1652.806, 739.459, 25.000
1333.245, 890.015, 1654.531, 739.175, 25.000
1334.969, 889.879, 1656.260, 738.890, 25.000
1336.697, 889.739, 1657.991, 738.606, 25.000
1338.426, 889.598, 1659.726, 738.319, 25.000
1340.122, 889.492, 1661.426, 738.031, 25.000
1341.831, 889.373, 1663.139, 737.760, 25.000
1343.550, 889.243, 1664.863, 737.521, 25.000
1345.279, 889.102, 1666.597, 737.303, 25.000
1347.014, 888.954, 1668.339, 737.100, 25.000
1348.721, 888.836, 1670.050, 736.913, 25.000
1350.445, 888.701, 1671.778, 736.742, 25.000
1352.181, 888.552, 1673.521, 736.570, 25.000
1353.928, 888.390, 1675.276, 736.393, 25.000
1355.684, 888.220, 1677.039, 736.218, 25.000
1357.444, 888.044, 1678.808, 736.047, 25.000
1359.207, 887.866, 1680.580, 735.908, 25.000
1360.937, 887.724, 1682.315, 735.779, 25.000
1362.676, 887.571, 1684.061, 735.679, 25.000
1364.422, 887.412, 1685.814, 735.580, 25.000
1366.170, 887.249, 1687.570, 735.490, 25.000
1367.964, 887.036, 1689.376, 735.447, 25.000
1369.735, 886.849, 1691.156, 735.423, 25.000
1371.525, 886.641, 1692.957, 735.416, 25.000
1373.331, 886.415, 1694.776, 735.420, 25.000
1375.150, 886.176, 1696.609, 735.431, 25.000
1376.943, 885.964, 1698.415, 735.479, 25.000
1378.755, 885.732, 1700.242, 735.535, 25.000
1380.580, 885.485, 1702.083, 735.614, 25.000
1382.414, 885.229, 1703.935, 735.698, 25.000
1384.218, 885.005, 1705.753, 735.791, 25.000
1386.036, 884.767, 1707.586, 735.921, 25.000
1387.860, 884.521, 1709.426, 736.057, 25.000
1389.686, 884.274, 1711.269, 736.216, 25.000
1391.475, 884.067, 1713.070, 736.393, 25.000
1393.314, 883.804, 1714.927, 736.605, 25.000
1395.131, 883.566, 1716.760, 736.836, 25.000
1396.967, 883.308, 1718.614, 737.083, 25.000
1398.815, 883.036, 1720.482, 737.356, 25.000
1400.636, 882.793, 1722.319, 737.641, 25.000
1402.517, 882.486, 1724.224, 737.937, 25.000
1404.417, 882.157, 1726.151, 738.254, 25.000
1406.330, 881.814, 1728.093, 738.578, 25.000
1408.217, 881.500, 1730.005, 738.916, 25.000
1410.117, 881.171, 1731.933, 739.278, 25.000
1412.023, 880.835, 1733.868, 739.655, 25.000
1413.895, 880.537, 1735.763, 740.036, 25.000
1415.819, 880.183, 1737.717, 740.428, 25.000
1417.719, 879.854, 1739.646, 740.832, 25.000
1419.635, 879.507, 1741.593, 741.243, 25.000
1421.526, 879.188, 1743.510, 741.665, 25.000
1423.429, 878.856, 1745.442, 742.090, 25.000
1425.383, 878.469, 1747.434, 742.539, 25.000
1427.312, 878.108, 1749.396, 743.010, 25.000
1429.254, 877.733, 1751.374, 743.501, 25.000
1431.167, 877.390, 1753.318, 744.010, 25.000
1433.135, 876.986, 1755.326, 744.529, 25.000
1435.116, 876.569, 1757.350, 745.071, 25.000
1437.100, 876.148, 1759.377, 745.619, 25.000
1439.045, 875.770, 1761.359, 746.176, 25.000
1441.002, 875.379, 1763.354, 746.749, 25.000
1442.940, 875.008, 1765.328, 747.312, 25.000
1444.896, 874.618, 1767.322, 747.913, 25.000
1446.859, 874.220, 1769.325, 748.531, 25.000
1448.832, 873.811, 1771.340, 749.177, 25.000
1450.784, 873.426, 1773.329, 749.834, 25.000
1452.763, 873.010, 1775.351, 750.521, 25.000
1454.771, 872.562, 1777.408, 751.260, 25.000
1456.798, 872.095, 1779.487, 752.028, 25.000
1458.844, 871.606, 1781.589, 752.823, 25.000
1460.911, 871.094, 1783.719, 753.638, 25.000
1462.955, 870.608, 1785.819, 754.449, 25.000
1464.975, 870.147, 1787.891, 755.288, 25.000
1467.020, 869.660, 1789.993, 756.146, 25.000
1469.088, 869.146, 1792.124, 757.025, 25.000
1471.134, 868.658, 1794.228, 757.917, 25.000
1473.203, 868.144, 1796.359, 758.851, 25.000
1475.260, 867.643, 1798.477, 759.833, 25.000
1477.385, 867.067, 1800.677, 760.845, 25.000
1479.495, 866.508, 1802.860, 761.894, 25.000
1481.671, 865.877, 1805.124, 762.974, 25.000
1483.829, 865.264, 1807.367, 764.075, 25.000
1485.970, 864.672, 1809.587, 765.191, 25.000
1488.136, 864.052, 1811.839, 766.326, 25.000
1490.325, 863.406, 1814.120, 767.478, 25.000
1492.534, 862.738, 1816.427, 768.645, 25.000
1494.728, 862.087, 1818.714, 769.839, 25.000
1496.936, 861.420, 1821.019, 771.057, 25.000
1499.108, 860.794, 1823.279, 772.300, 25.000
1501.286, 860.160, 1825.547, 773.588, 25.000
1503.479, 859.510, 1827.834, 774.908, 25.000
1505.729, 858.797, 1830.193, 776.267, 25.000
1507.954, 858.113, 1832.520, 777.619, 25.000
1510.147, 857.462, 1834.807, 778.993, 25.000
1512.351, 856.801, 1837.108, 780.391, 25.000
1514.573, 856.118, 1839.433, 781.821, 25.000
1516.822, 855.406, 1841.792, 783.292, 25.000
1519.093, 854.671, 1844.179, 784.786, 25.000
1521.333, 853.970, 1846.525, 786.319, 25.000
1523.582, 853.258, 1848.885, 787.897, 25.000
1525.801, 852.579, 1851.206, 789.515, 25.000
1528.030, 851.890, 1853.539, 791.185, 25.000
1530.276, 851.182, 1855.893, 792.869, 25.000
1532.509, 850.488, 1858.232, 794.599, 25.000
1534.737, 849.800, 1860.564, 796.352, 25.000
1536.997, 849.076, 1862.936, 798.154, 25.000
1539.293, 848.313, 1865.356, 799.997, 25.000
1541.630, 847.505, 1867.827, 801.877, 25.000
1543.966, 846.699, 1870.297, 803.803, 25.000
1546.337, 845.854, 1872.813, 805.780, 25.000
1548.700, 845.017, 1875.319, 807.825, 25.000
1551.058, 844.186, 1877.818, 809.934, 25.000
1553.459, 843.307, 1880.373, 812.086, 25.000
1555.906, 842.379, 1882.988, 814.275, 25.000
1558.354, 841.450, 1885.605, 816.489, 25.000
1560.835, 840.483, 1888.268, 818.733, 25.000
1563.319, 839.514, 1890.934, 821.003, 25.000
1565.805, 838.543, 1893.603, 823.312, 25.000
1568.325, 837.534, 1896.318, 825.686, 25.000
1570.846, 836.525, 1899.033, 828.099, 25.000
1573.412, 835.466, 1901.808, 830.569, 25.000
1575.941, 834.448, 1904.535, 833.091, 25.000
1578.510, 833.386, 1907.314, 835.657, 25.000
1581.082, 832.320, 1910.098, 838.257, 25.000
1583.699, 831.205, 1912.942, 840.889, 25.000
1586.323, 830.082, 1915.796, 843.546, 25.000
1588.997, 828.905, 1918.716, 846.221, 25.000
1591.667, 827.732, 1921.631, 848.911, 25.000
1594.327, 826.570, 1924.533, 851.610, 25.000
1597.122, 825.334, 1927.588, 854.304, 25.000
1599.962, 824.076, 1930.694, 856.973, 25.000
1602.821, 822.807, 1933.821, 859.608, 25.000
1605.674, 821.538, 1936.943, 862.185, 25.000
1608.543, 820.227, 1940.096, 864.676, 25.000
1611.313, 818.933, 1943.150, 867.085, 25.000
1613.986, 817.659, 1946.108, 869.416, 25.000
1616.531, 816.448, 1948.928, 871.684, 25.000
1619.103, 815.212, 1951.780, 873.897, 25.000
1621.621, 814.002, 1954.574, 876.049, 25.000
1624.068, 812.825, 1957.289, 878.112, 25.000
1626.427, 811.690, 1959.908, 880.092, 25.000
1628.732, 810.555, 1962.477, 881.993, 25.000
1630.875, 809.473, 1964.877, 883.811, 25.000
1632.868, 808.448, 1967.118, 885.546, 25.000
1634.690, 807.518, 1969.163, 887.233, 25.000
1636.365, 806.672, 1971.040, 888.921, 25.000
1638.103, 805.771, 1972.997, 890.631, 25.000
1639.802, 804.901, 1974.905, 892.364, 25.000
1641.451, 804.067, 1976.753, 894.113, 25.000
1643.090, 803.223, 1978.597, 895.889, 25.000
1644.682, 802.410, 1980.384, 897.679, 25.000
1646.269, 801.582, 1982.174, 899.491, 25.000
1647.720, 800.824, 1983.810, 901.349, 25.000
1649.119, 800.070, 1985.399, 903.264, 25.000
1650.469, 799.342, 1986.932, 905.257, 25.000
1651.853, 798.576, 1988.512, 907.348, 25.000
1653.306, 797.757, 1990.179, 909.529, 25.000
1654.955, 796.846, 1992.062, 911.794, 25.000
1656.790, 795.837, 1994.156, 914.094, 25.000
1658.635, 794.826, 1996.259, 916.403, 25.000
1660.509, 793.792, 1998.400, 918.694, 25.000
1662.391, 792.744, 2000.554, 920.947, 25.000
1664.258, 791.688, 2002.698, 923.193, 25.000
1665.989, 790.681, 2004.701, 925.415, 25.000
1667.686, 789.696, 2006.663, 927.642, 25.000
1669.521, 788.643, 2008.778, 929.881, 25.000
1671.483, 787.517, 2011.041, 932.114, 25.000
1673.399, 786.414, 2013.251, 934.300, 25.000
1675.290, 785.315, 2015.438, 936.423, 25.000
1677.135, 784.229, 2017.579, 938.499, 25.000
1678.955, 783.137, 2019.701, 940.506, 25.000
1680.672, 782.088, 2021.712, 942.430, 25.000
1682.350, 781.074, 2023.672, 944.313, 25.000
1683.995, 780.098, 2025.585, 946.163, 25.000
1685.663, 779.113, 2027.522, 947.960, 25.000
1687.281, 778.155, 2029.402, 949.684, 25.000
1688.857, 777.222, 2031.234, 951.363, 25.000
1690.357, 776.330, 2032.978, 952.966, 25.000
1691.765, 775.485, 2034.620, 954.529, 25.000
1693.066, 774.693, 2036.143, 956.065, 25.000
1694.246, 773.960, 2037.532, 957.587, 25.000
1695.332, 773.263, 2038.823, 959.092, 25.000
1696.386, 772.582, 2040.078, 960.616, 25.000
1697.435, 771.902, 2041.327, 962.194, 25.000
1698.507, 771.207, 2042.605, 963.800, 25.000
1699.634, 770.479, 2043.947, 965.409, 25.000
1700.848, 769.723, 2045.377, 967.022, 25.000
1701.966, 769.030, 2046.692, 968.596, 25.000
1703.027, 768.369, 2047.943, 970.185, 25.000
1704.030, 767.740, 2049.126, 971.788, 25.000
1704.970, 767.142, 2050.241, 973.411, 25.000
1705.890, 766.546, 2051.336, 975.072, 25.000
1706.728, 765.993, 2052.340, 976.782, 25.000
1707.619, 765.415, 2053.402, 978.597, 25.000
1708.601, 764.790, 2054.566, 980.476, 25.000
1709.522, 764.203, 2055.659, 982.422, 25.000
1710.430, 763.623, 2056.736, 984.432, 25.000
1711.366, 763.016, 2057.852, 986.515, 25.000
1712.276, 762.419, 2058.940, 988.698, 25.000
1713.165, 761.829, 2060.007, 990.975, 25.000
1713.977, 761.282, 2060.985, 993.358, 25.000
1714.758, 760.749, 2061.930, 995.865, 25.000
1715.555, 760.199, 2062.899, 998.487, 25.000
1716.313, 759.669, 2063.824, 1001.249, 25.000
1717.038, 759.156, 2064.712, 1004.170, 25.000
1717.865, 758.589, 2065.714, 1007.284, 25.000
1718.646, 758.051, 2066.663, 1010.549, 25.000
1719.429, 757.510, 2067.615, 1014.060, 25.000
1720.261, 756.932, 2068.628, 1017.829, 25.000
1721.090, 756.352, 2069.639, 1021.870, 25.000
1721.921, 755.766, 2070.657, 1026.169, 25.000
1722.704, 755.210, 2071.616, 1030.781, 25.000
1723.487, 754.652, 2072.577, 1035.701, 25.000
1724.318, 754.061, 2073.598, 1040.944, 25.000
1725.148, 753.473, 2074.615, 1046.539, 25.000
1725.983, 752.885, 2075.636, 1052.529, 25.000
1726.769, 752.330, 2076.598, 1058.930, 25.000
1727.555, 751.778, 2077.559, 1065.816, 25.000
1728.347, 751.223, 2078.526, 1073.257, 25.000
1729.191, 750.632, 2079.556, 1081.312, 25.000
1730.035, 750.042, 2080.586, 1090.011, 25.000
1730.827, 749.487, 2081.553, 1099.459, 25.000
1731.613, 748.934, 2082.514, 1109.712, 25.000
1732.399, 748.380, 2083.476, 1120.813, 25.000
1733.234, 747.791, 2084.497, 1132.858, 25.000
1734.067, 747.207, 2085.515, 1145.937, 25.000
1734.905, 746.622, 2086.537, 1160.154, 25.000
1735.696, 746.071, 2087.501, 1175.638, 25.000
1736.486, 745.522, 2088.463, 1192.543, 25.000
1737.281, 744.970, 2089.431, 1211.011, 25.000
1738.086, 744.411, 2090.411, 1231.178, 25.000
1738.907, 743.842, 2091.409, 1253.253, 25.000
1739.727, 743.265, 2092.412, 1277.472, 25.000
1740.534, 742.686, 2093.405, 1304.020, 25.000
1741.334, 742.103, 2094.395, 1333.147, 25.000
1742.133, 741.513, 2095.388, 1365.138, 25.000
1742.938, 740.911, 2096.393, 1400.330, 25.000
1743.796, 740.265, 2097.466, 1439.022, 25.000
1744.603, 739.658, 2098.476, 1481.606, 25.000
1745.406, 739.057, 2099.479, 1528.433, 25.000
1746.210, 738.456, 2100.483, 1579.944, 25.000
1747.021, 737.853, 2101.493, 1636.616, 25.000
1747.844, 737.242, 2102.518, 1699.042, 25.000
1748.624, 736.661, 2103.491, 1767.851, 25.000
1749.406, 736.073, 2104.469, 1843.713, 25.000
1750.194, 735.477, 2105.456, 1927.396, 25.000
1750.926, 734.876, 2106.404, 2019.773, 25.000
1751.734, 734.223, 2107.442, 2121.851, 25.000
1752.568, 733.560, 2108.508, 2234.642, 25.000
1753.374, 732.925, 2109.534, 2359.253, 25.000
1754.198, 732.286, 2110.576, 2496.961, 25.000
1755.043, 731.641, 2111.639, 2649.131, 25.000
1755.912, 730.989, 2112.725, 2817.317, 25.000
1756.809, 730.326, 2113.841, 3003.315, 25.000
1757.678, 729.690, 2114.917, 3209.072, 25.000
1758.558, 729.047, 2116.006, 3436.782, 25.000
1759.488, 728.360, 2117.162, 3688.897, 25.000
1760.414, 727.670, 2118.317, 3968.132, 25.000
1761.340, 726.975, 2119.475, 4277.467, 25.000
1762.268, 726.270, 2120.640, 4620.195, 25.000
1763.202, 725.555, 2121.816, 5000.000, 0.000
1764.143, 724.825, 2123.007, 5000.000, 0.000
1765.082, 724.093, 2124.198, 5000.000, 0.000
1766.011, 723.373, 2125.373, 5000.000, 0.000
1766.933, 722.663, 2126.537, 5000.000, 0.000
1767.852, 721.961, 2127.693, 5000.000, 0.000
1768.771, 721.265, 2128.846, 5000.000, 0.000
1769.636, 720.613, 2129.929, 5000.000, 0.000
1770.485, 719.971, 2130.994, 5000.000, 0.000
1771.320, 719.334, 2132.044, 5000.000, 0.000
1772.179, 718.669, 2133.131, 5000.000, 0.000
1773.010, 718.015, 2134.188, 5000.000, 0.000
1773.815, 717.370, 2135.219, 5000.000, 0.000
1774.596, 716.730, 2136.229, 5000.000, 0.000
1775.357, 716.092, 2137.221, 5000.000, 0.000
1776.099, 715.455, 2138.199, 5000.000, 0.000
1776.959, 714.773, 2139.296, 5000.000, 0.000
1777.768, 714.140, 2140.323, 5000.000, 0.000
1778.566, 713.519, 2141.334, 5000.000, 0.000
1779.358, 712.907, 2142.335, 5000.000, 0.000
1780.146, 712.299, 2143.331, 5000.000, 0.000
1780.935, 711.691, 2144.326, 5000.000, 0.000
1781.728, 711.079, 2145.327, 5000.000, 0.000
1782.527, 710.460, 2146.339, 5000.000, 0.000
1783.375, 709.796, 2147.416, 5000.000, 0.000
1784.222, 709.127, 2148.495, 5000.000, 0.000
1785.018, 708.494, 2149.512, 5000.000, 0.000
1785.810, 707.863, 2150.524, 5000.000, 0.000
1786.601, 707.233, 2151.536, 5000.000, 0.000
1787.398, 706.600, 2152.553, 5000.000, 0.000
1788.203, 705.961, 2153.581, 5000.000, 0.000
1789.063, 705.283, 2154.677, 5000.000, 0.000
1789.870, 704.647, 2155.704, 5000.000, 0.000
1790.667, 704.018, 2156.719, 5000.000, 0.000
1791.458, 703.393, 2157.728, 5000.000, 0.000
1792.248, 702.767, 2158.735, 5000.000, 0.000
1793.039, 702.139, 2159.746, 5000.000, 0.000
1793.837, 701.503, 2160.765, 5000.000, 0.000
1794.684, 700.826, 2161.850, 5000.000, 0.000
1795.531, 700.146, 2162.936, 5000.000, 0.000
1796.328, 699.505, 2163.959, 5000.000, 0.000
1797.120, 698.868, 2164.975, 5000.000, 0.000
1797.913, 698.234, 2165.991, 5000.000, 0.000
1798.710, 697.598, 2167.011, 5000.000, 0.000
1799.517, 696.958, 2168.040, 5000.000, 0.000
1800.337, 696.311, 2169.085, 5000.000, 0.000
1801.157, 695.663, 2170.129, 5000.000, 0.000
1801.966, 695.026, 2171.160, 5000.000, 0.000
1802.768, 694.394, 2172.180, 5000.000, 0.000
1803.566, 693.764, 2173.197, 5000.000, 0.000
1804.363, 693.133, 2174.215, 5000.000, 0.000
1805.165, 692.495, 2175.238, 5000.000, 0.000
1805.974, 691.848, 2176.274, 5000.000, 0.000
1806.793, 691.188, 2177.326, 5000.000, 0.000
1807.573, 690.556, 2178.330, 5000.000, 0.000
1808.394, 689.884, 2179.391, 5000.000, 0.000
1809.204, 689.214, 2180.443, 5000.000, 0.000
1810.009, 688.542, 2181.491, 5000.000, 0.000
1810.813, 687.866, 2182.541, 5000.000, 0.000
1811.622, 687.183, 2183.599, 5000.000, 0.000
1812.440, 686.492, 2184.671, 5000.000, 0.000
1813.258, 685.802, 2185.741, 5000.000, 0.000
1814.067, 685.125, 2186.796, 5000.000, 0.000
1814.870, 684.457, 2187.840, 5000.000, 0.000
1815.672, 683.794, 2188.880, 5000.000, 0.000
1816.475, 683.134, 2189.920, 5000.000, 0.000
1817.286, 682.473, 2190.966, 5000.000, 0.000
1818.107, 681.807, 2192.023, 5000.000, 0.000
1818.887, 681.176, 2193.026, 5000.000, 0.000
1819.668, 680.547, 2194.029, 5000.000, 0.000
1820.491, 679.883, 2195.087, 5000.000, 0.000
1821.306, 679.225, 2196.134, 5000.000, 0.000
1822.116, 678.571, 2197.175, 5000.000, 0.000
1822.927, 677.917, 2198.217, 5000.000, 0.000
1823.742, 677.260, 2199.264, 5000.000, 0.000
1824.565, 676.596, 2200.321, 5000.000, 0.000
1825.346, 675.966, 2201.324, 5000.000, 0.000
1826.126, 675.336, 2202.327, 5000.000, 0.000
1826.947, 674.670, 2203.385, 5000.000, 0.000
1827.757, 674.008, 2204.430, 5000.000, 0.000
1828.561, 673.348, 2205.471, 5000.000, 0.000
1829.362, 672.686, 2206.510, 5000.000, 0.000
1830.165, 672.018, 2207.555, 5000.000, 0.000
1830.974, 671.341, 2208.610, 5000.000, 0.000
1831.792, 670.651, 2209.680, 5000.000, 0.000
1832.611, 669.959, 2210.751, 5000.000, 0.000
1833.421, 669.278, 2211.810, 5000.000, 0.000
1834.229, 668.605, 2212.861, 5000.000, 0.000
1835.037, 667.937, 2213.910, 5000.000, 0.000
1835.852, 667.270, 2214.962, 5000.000, 0.000
1836.676, 666.602, 2216.023, 5000.000, 0.000
1837.458, 665.971, 2217.028, 5000.000, 0.000
1838.238, 665.343, 2218.030, 5000.000, 0.000
1839.019, 664.713, 2219.033, 5000.000, 0.000
1839.803, 664.079, 2220.041, 5000.000, 0.000
1840.493, 663.482, 2220.953, 5000.000, 0.000
1841.267, 662.826, 2221.968, 5000.000, 0.000
1842.072, 662.153, 2223.017, 5000.000, 0.000
1842.909, 661.462, 2224.102, 5000.000, 0.000
1843.780, 660.750, 2225.227, 5000.000, 0.000
1844.631, 660.059, 2226.324, 5000.000, 0.000
1845.504, 659.357, 2227.444, 5000.000, 0.000
1846.397, 658.641, 2228.588, 5000.000, 0.000
1847.312, 657.912, 2229.758, 5000.000, 0.000
1848.249, 657.166, 2230.955, 5000.000, 0.000
1849.246, 656.371, 2232.231, 5000.000, 0.000
1850.249, 655.567, 2233.516, 5000.000, 0.000
1851.261, 654.753, 2234.815, 5000.000, 0.000
1852.230, 653.972, 2236.059, 5000.000, 0.000
1853.196, 653.193, 2237.300, 5000.000, 0.000
1854.163, 652.416, 2238.541, 5000.000, 0.000
1855.173, 651.611, 2239.832, 5000.000, 0.000
1856.173, 650.820, 2241.107, 5000.000, 0.000
1857.166, 650.043, 2242.368, 5000.000, 0.000
1858.154, 649.276, 2243.618, 5000.000, 0.000
1859.082, 648.562, 2244.789, 5000.000, 0.000
1859.988, 647.866, 2245.932, 5000.000, 0.000
1860.873, 647.185, 2247.048, 5000.000, 0.000
1861.736, 646.519, 2248.138, 5000.000, 0.000
1862.577, 645.865, 2249.203, 5000.000, 0.000
1863.296, 645.265, 2250.140, 5000.000, 0.000
1864.068, 644.625, 2251.143, 5000.000, 0.000
1864.839, 643.988, 2252.142, 5000.000, 0.000
1865.605, 643.353, 2253.137, 5000.000, 0.000
1866.365, 642.717, 2254.128, 5000.000, 0.000
1867.258, 642.020, 2255.261, 5000.000, 0.000
1868.131, 641.346, 2256.363, 5000.000, 0.000
1869.022, 640.663, 2257.486, 5000.000, 0.000
1869.932, 639.968, 2258.630, 5000.000, 0.000
1870.861, 639.260, 2259.798, 5000.000, 0.000
1871.847, 638.504, 2261.040, 5000.000, 0.000
1872.834, 637.741, 2262.288, 5000.000, 0.000
1873.825, 636.969, 2263.544, 5000.000, 0.000
1874.823, 636.186, 2264.812, 5000.000, 0.000
1875.828, 635.391, 2266.094, 5000.000, 0.000
1876.789, 634.627, 2267.322, 5000.000, 0.000
1877.790, 633.834, 2268.599, 5000.000, 0.000
1878.781, 633.056, 2269.859, 5000.000, 0.000
1879.763, 632.291, 2271.103, 5000.000, 0.000
1880.737, 631.538, 2272.335, 5000.000, 0.000
1881.707, 630.794, 2273.557, 5000.000, 0.000
1882.615, 630.099, 2274.700, 5000.000, 0.000
1883.500, 629.419, 2275.817, 5000.000, 0.000
1884.363, 628.753, 2276.907, 5000.000, 0.000
1885.202, 628.097, 2277.972, 5000.000, 0.000
1886.018, 627.450, 2279.013, 5000.000, 0.000
1886.811, 626.811, 2280.031, 5000.000, 0.000
1887.617, 626.143, 2281.077, 5000.000, 0.000
1888.382, 625.488, 2282.084, 5000.000, 0.000
1889.109, 624.845, 2283.053, 5000.000, 0.000
1889.938, 624.148, 2284.135, 5000.000, 0.000
1890.721, 623.487, 2285.160, 5000.000, 0.000
1891.501, 622.826, 2286.182, 5000.000, 0.000
1892.321, 622.133, 2287.256, 5000.000, 0.000
1893.133, 621.449, 2288.317, 5000.000, 0.000
1893.939, 620.772, 2289.370, 5000.000, 0.000
1894.744, 620.096, 2290.421, 5000.000, 0.000
1895.550, 619.419, 2291.474, 5000.000, 0.000
1896.362, 618.735, 2292.535, 5000.000, 0.000
1897.183, 618.042, 2293.609, 5000.000, 0.000
1897.962, 617.381, 2294.631, 5000.000, 0.000
1898.746, 616.719, 2295.656, 5000.000, 0.000
1899.575, 616.023, 2296.739, 5000.000, 0.000
1900.399, 615.334, 2297.814, 5000.000, 0.000
1901.224, 614.648, 2298.886, 5000.000, 0.000
1902.056, 613.966, 2299.962, 5000.000, 0.000
1902.843, 613.325, 2300.977, 5000.000, 0.000
1903.624, 612.690, 2301.983, 5000.000, 0.000
1904.404, 612.059, 2302.986, 5000.000, 0.000
1905.224, 611.398, 2304.040, 5000.000, 0.000
1906.031, 610.744, 2305.078, 5000.000, 0.000
1906.830, 610.096, 2306.108, 5000.000, 0.000
1907.626, 609.450, 2307.132, 5000.000, 0.000
1908.421, 608.801, 2308.159, 5000.000, 0.000
1909.220, 608.148, 2309.191, 5000.000, 0.000
1910.069, 607.455, 2310.286, 5000.000, 0.000
1910.916, 606.764, 2311.380, 5000.000, 0.000
1911.715, 606.115, 2312.409, 5000.000, 0.000
1912.510, 605.476, 2313.429, 5000.000, 0.000
1913.305, 604.842, 2314.446, 5000.000, 0.000
1914.105, 604.210, 2315.465, 5000.000, 0.000
1914.913, 603.576, 2316.492, 5000.000, 0.000
1915.734, 602.939, 2317.531, 5000.000, 0.000
1916.515, 602.336, 2318.517, 5000.000, 0.000
1917.297, 601.732, 2319.505, 5000.000, 0.000
1918.119, 601.091, 2320.548, 5000.000, 0.000
1918.929, 600.451, 2321.581, 5000.000, 0.000
1919.732, 599.810, 2322.608, 5000.000, 0.000
1920.533, 599.164, 2323.636, 5000.000, 0.000
1921.335, 598.511, 2324.670, 5000.000, 0.000
1922.142, 597.847, 2325.716, 5000.000, 0.000
1923.002, 597.140, 2326.829, 5000.000, 0.000
1923.809, 596.474, 2327.875, 5000.000, 0.000
1924.609, 595.816, 2328.911, 5000.000, 0.000
1925.405, 595.161, 2329.942, 5000.000, 0.000
1926.201, 594.506, 2330.973, 5000.000, 0.000
1927.001, 593.848, 2332.009, 5000.000, 0.000
1927.809, 593.182, 2333.055, 5000.000, 0.000
1928.629, 592.506, 2334.118, 5000.000, 0.000
1929.408, 591.859, 2335.131, 5000.000, 0.000
1930.231, 591.177, 2336.200, 5000.000, 0.000
1931.047, 590.501, 2337.259, 5000.000, 0.000
1931.861, 589.828, 2338.315, 5000.000, 0.000
1932.678, 589.157, 2339.372, 5000.000, 0.000
1933.504, 588.485, 2340.437, 5000.000, 0.000
1934.286, 587.851, 2341.444, 5000.000, 0.000
1935.066, 587.220, 2342.447, 5000.000, 0.000
1935.886, 586.558, 2343.500, 5000.000, 0.000
1936.693, 585.905, 2344.539, 5000.000, 0.000
1937.491, 585.256, 2345.568, 5000.000, 0.000
1938.286, 584.609, 2346.593, 5000.000, 0.000
1939.080, 583.960, 2347.619, 5000.000, 0.000
1939.879, 583.306, 2348.651, 5000.000, 0.000
1940.727, 582.613, 2349.746, 5000.000, 0.000
1941.575, 581.922, 2350.840, 5000.000, 0.000
1942.375, 581.274, 2351.869, 5000.000, 0.000
1943.170, 580.635, 2352.890, 5000.000, 0.000
1943.966, 580.001, 2353.907, 5000.000, 0.000
1944.767, 579.370, 2354.926, 5000.000, 0.000
1945.575, 578.737, 2355.953, 5000.000, 0.000
1946.396, 578.100, 2356.992, 5000.000, 0.000
1947.177, 577.497, 2357.978, 5000.000, 0.000
1947.957, 576.892, 2358.966, 5000.000, 0.000
1948.741, 576.282, 2359.958, 5000.000, 0.000
1949.566, 575.631, 2361.009, 5000.000, 0.000
1950.381, 574.977, 2362.054, 5000.000, 0.000
1951.190, 574.318, 2363.097, 5000.000, 0.000
1951.997, 573.651, 2364.145, 5000.000, 0.000
1952.809, 572.972, 2365.203, 5000.000, 0.000
1953.628, 572.280, 2366.275, 5000.000, 0.000
1954.447, 571.585, 2367.349, 5000.000, 0.000
1955.256, 570.899, 2368.410, 5000.000, 0.000
1956.058, 570.218, 2369.462, 5000.000, 0.000
1956.858, 569.538, 2370.512, 5000.000, 0.000
1957.661, 568.857, 2371.565, 5000.000, 0.000
1958.470, 568.172, 2372.625, 5000.000, 0.000
1959.290, 567.478, 2373.699, 5000.000, 0.000
1960.070, 566.817, 2374.722, 5000.000, 0.000
1960.892, 566.124, 2375.797, 5000.000, 0.000
1961.708, 565.440, 2376.861, 5000.000, 0.000
1962.522, 564.764, 2377.919, 5000.000, 0.000
1963.339, 564.093, 2378.977, 5000.000, 0.000
1964.166, 563.425, 2380.039, 5000.000, 0.000
1964.949, 562.799, 2381.042, 5000.000, 0.000
1965.729, 562.179, 2382.038, 5000.000, 0.000
1966.548, 561.531, 2383.082, 5000.000, 0.000
1967.355, 560.896, 2384.109, 5000.000, 0.000
1968.154, 560.268, 2385.124, 5000.000, 0.000
1968.948, 559.645, 2386.133, 5000.000, 0.000
1969.740, 559.023, 2387.140, 5000.000, 0.000
1970.535, 558.397, 2388.151, 5000.000, 0.000
1971.335, 557.764, 2389.172, 5000.000, 0.000
1972.183, 557.088, 2390.257, 5000.000, 0.000
1973.028, 556.406, 2391.342, 5000.000, 0.000
1973.822, 555.762, 2392.365, 5000.000, 0.000
1974.610, 555.122, 2393.380, 5000.000, 0.000
1975.399, 554.483, 2394.395, 5000.000, 0.000
1976.193, 553.845, 2395.414, 5000.000, 0.000
1977.038, 553.172, 2396.494, 5000.000, 0.000
1977.887, 552.509, 2397.571, 5000.000, 0.000
1978.688, 551.893, 2398.582, 5000.000, 0.000
1979.482, 551.286, 2399.581, 5000.000, 0.000
1980.273, 550.685, 2400.573, 5000.000, 0.000
1981.063, 550.086, 2401.565, 5000.000, 0.000
1981.856, 549.484, 2402.561, 5000.000, 0.000
1982.655, 548.874, 2403.565, 5000.000, 0.000
1983.463, 548.254, 2404.584, 5000.000, 0.000
1984.283, 547.617, 2405.622, 5000.000, 0.000
1985.065, 547.006, 2406.614, 5000.000, 0.000
1985.888, 546.353, 2407.665, 5000.000, 0.000
1986.698, 545.695, 2408.709, 5000.000, 0.000
1987.501, 545.030, 2409.751, 5000.000, 0.000
1988.303, 544.357, 2410.797, 5000.000, 0.000
1989.109, 543.674, 2411.854, 5000.000, 0.000
1989.968, 542.951, 2412.977, 5000.000, 0.000
1990.776, 542.271, 2414.033, 5000.000, 0.000
1991.576, 541.600, 2415.077, 5000.000, 0.000
1992.372, 540.935, 2416.115, 5000.000, 0.000
1993.169, 540.272, 2417.151, 5000.000, 0.000
1993.969, 539.606, 2418.192, 5000.000, 0.000
1994.777, 538.936, 2419.242, 5000.000, 0.000
1995.598, 538.257, 2420.307, 5000.000, 0.000
1996.378, 537.609, 2421.321, 5000.000, 0.000
1997.202, 536.928, 2422.390, 5000.000, 0.000
1998.020, 536.256, 2423.449, 5000.000, 0.000
1998.837, 535.590, 2424.503, 5000.000, 0.000
1999.658, 534.927, 2425.558, 5000.000, 0.000
2000.488, 534.266, 2426.619, 5000.000, 0.000
2001.274, 533.644, 2427.621, 5000.000, 0.000
2002.056, 533.026, 2428.617, 5000.000, 0.000
2002.837, 532.409, 2429.612, 5000.000, 0.000
2003.618, 531.788, 2430.610, 5000.000, 0.000
2004.440, 531.129, 2431.664, 5000.000, 0.000
2005.250, 530.468, 2432.709, 5000.000, 0.000
2006.050, 529.804, 2433.749, 5000.000, 0.000
2006.848, 529.132, 2434.792, 5000.000, 0.000
2007.647, 528.452, 2435.841, 5000.000, 0.000
2008.494, 527.730, 2436.955, 5000.000, 0.000
2009.341, 527.007, 2438.068, 5000.000, 0.000
2010.138, 526.325, 2439.117, 5000.000, 0.000
2010.934, 525.652, 2440.159, 5000.000, 0.000
2011.733, 524.986, 2441.200, 5000.000, 0.000
2012.541, 524.324, 2442.244, 5000.000, 0.000
2013.363, 523.664, 2443.297, 5000.000, 0.000
2014.144, 523.044, 2444.295, 5000.000, 0.000
2014.925, 522.427, 2445.290, 5000.000, 0.000
2015.747, 521.778, 2446.337, 5000.000, 0.000
2016.558, 521.136, 2447.370, 5000.000, 0.000
2017.361, 520.499, 2448.396, 5000.000, 0.000
2018.162, 519.863, 2449.418, 5000.000, 0.000
2018.965, 519.225, 2450.444, 5000.000, 0.000
2019.774, 518.582, 2451.477, 5000.000, 0.000
2020.634, 517.900, 2452.574, 5000.000, 0.000
2021.442, 517.265, 2453.602, 5000.000, 0.000
2022.239, 516.640, 2454.615, 5000.000, 0.000
2023.030, 516.021, 2455.618, 5000.000, 0.000
2023.817, 515.404, 2456.618, 5000.000, 0.000
2024.604, 514.787, 2457.619, 5000.000, 0.000
2025.396, 514.163, 2458.627, 5000.000, 0.000
2026.234, 513.500, 2459.696, 5000.000, 0.000
2027.071, 512.836, 2460.764, 5000.000, 0.000
2027.910, 512.167, 2461.837, 5000.000, 0.000
2028.701, 511.532, 2462.851, 5000.000, 0.000
2029.492, 510.901, 2463.863, 5000.000, 0.000
2030.288, 510.271, 2464.878, 5000.000, 0.000
2031.094, 509.640, 2465.902, 5000.000, 0.000
2031.915, 509.004, 2466.940, 5000.000, 0.000
2032.696, 508.402, 2467.926, 5000.000, 0.000
2033.517, 507.764, 2468.966, 5000.000, 0.000
2034.328, 507.134, 2469.993, 5000.000, 0.000
2035.132, 506.506, 2471.013, 5000.000, 0.000
2035.932, 505.877, 2472.031, 5000.000, 0.000
2036.732, 505.242, 2473.053, 5000.000, 0.000
2037.536, 504.597, 2474.083, 5000.000, 0.000
2038.345, 503.938, 2475.126, 5000.000, 0.000
2039.164, 503.262, 2476.188, 5000.000, 0.000
2039.943, 502.609, 2477.204, 5000.000, 0.000
2040.726, 501.947, 2478.229, 5000.000, 0.000
2041.416, 501.317, 2479.163, 5000.000, 0.000
2042.192, 500.626, 2480.202, 5000.000, 0.000
2043.003, 499.916, 2481.280, 5000.000, 0.000
2043.850, 499.186, 2482.398, 5000.000, 0.000
2044.680, 498.477, 2483.490, 5000.000, 0.000
2045.533, 497.757, 2484.606, 5000.000, 0.000
2046.409, 497.024, 2485.748, 5000.000, 0.000
2047.310, 496.278, 2486.917, 5000.000, 0.000
2048.237, 495.518, 2488.115, 5000.000, 0.000
2049.190, 494.743, 2489.344, 5000.000, 0.000
2050.210, 493.920, 2490.654, 5000.000, 0.000
2051.187, 493.135, 2491.907, 5000.000, 0.000
2052.161, 492.354, 2493.155, 5000.000, 0.000
2053.134, 491.577, 2494.400, 5000.000, 0.000
2054.105, 490.802, 2495.642, 5000.000, 0.000
2055.077, 490.030, 2496.883, 5000.000, 0.000
2056.049, 489.258, 2498.124, 5000.000, 0.000
2057.064, 488.455, 2499.417, 5000.000, 0.000
2058.063, 487.660, 2500.694, 5000.000, 0.000
2059.050, 486.872, 2501.957, 5000.000, 0.000
2059.975, 486.135, 2503.140, 5000.000, 0.000
2060.876, 485.416, 2504.292, 5000.000, 0.000
2061.799, 484.687, 2505.468, 5000.000, 0.000
2062.689, 483.989, 2506.600, 5000.000, 0.000
2063.548, 483.319, 2507.689, 5000.000, 0.000
2064.377, 482.676, 2508.738, 5000.000, 0.000
2065.175, 482.054, 2509.750, 5000.000, 0.000
2065.943, 481.452, 2510.726, 5000.000, 0.000
2066.682, 480.866, 2511.669, 5000.000, 0.000
2067.393, 480.293, 2512.582, 5000.000, 0.000
2068.215, 479.669, 2513.613, 5000.000, 0.000
2069.037, 479.047, 2514.644, 5000.000, 0.000
2069.846, 478.435, 2515.659, 5000.000, 0.000
2070.647, 477.829, 2516.663, 5000.000, 0.000
2071.442, 477.225, 2517.662, 5000.000, 0.000
2072.236, 476.620, 2518.660, 5000.000, 0.000
2073.031, 476.009, 2519.662, 5000.000, 0.000
2073.831, 475.388, 2520.675, 5000.000, 0.000
2074.640, 474.754, 2521.703, 5000.000, 0.000
2075.500, 474.071, 2522.801, 5000.000, 0.000
2076.308, 473.423, 2523.837, 5000.000, 0.000
2077.108, 472.777, 2524.865, 5000.000, 0.000
2077.903, 472.128, 2525.890, 5000.000, 0.000
2078.697, 471.474, 2526.919, 5000.000, 0.000
2079.496, 470.810, 2527.957, 5000.000, 0.000
2080.302, 470.135, 2529.009, 5000.000, 0.000
2081.121, 469.443, 2530.081, 5000.000, 0.000
2081.939, 468.745, 2531.157, 5000.000, 0.000
2082.750, 468.052, 2532.224, 5000.000, 0.000
2083.560, 467.363, 2533.287, 5000.000, 0.000
2084.374, 466.676, 2534.352, 5000.000, 0.000
2085.198, 465.990, 2535.424, 5000.000, 0.000
2085.979, 465.343, 2536.439, 5000.000, 0.000
2086.758, 464.699, 2537.449, 5000.000, 0.000
2087.578, 464.025, 2538.511, 5000.000, 0.000
2088.388, 463.361, 2539.558, 5000.000, 0.000
2089.192, 462.705, 2540.595, 5000.000, 0.000
2089.994, 462.051, 2541.629, 5000.000, 0.000
2090.797, 461.398, 2542.665, 5000.000, 0.000
2091.606, 460.741, 2543.707, 5000.000, 0.000
2092.426, 460.077, 2544.762, 5000.000, 0.000
2093.245, 459.417, 2545.814, 5000.000, 0.000
2094.053, 458.769, 2546.849, 5000.000, 0.000
2094.853, 458.131, 2547.873, 5000.000, 0.000
2095.650, 457.498, 2548.890, 5000.000, 0.000
2096.447, 456.867, 2549.906, 5000.000, 0.000
2097.248, 456.234, 2550.927, 5000.000, 0.000
2098.056, 455.596, 2551.957, 5000.000, 0.000
2098.876, 454.949, 2553.001, 5000.000, 0.000
2099.696, 454.302, 2554.046, 5000.000, 0.000
2100.504, 453.664, 2555.076, 5000.000, 0.000
2101.305, 453.031, 2556.097, 5000.000, 0.000
2102.102, 452.400, 2557.113, 5000.000, 0.000
2102.899, 451.767, 2558.130, 5000.000, 0.000
2103.699, 451.129, 2559.154, 5000.000, 0.000
2104.507, 450.481, 2560.189, 5000.000, 0.000
2105.326, 449.821, 2561.242, 5000.000, 0.000
2106.146, 449.157, 2562.296, 5000.000, 0.000
2106.955, 448.500, 2563.339, 5000.000, 0.000
2107.758, 447.847, 2564.374, 5000.000, 0.000
2108.560, 447.193, 2565.408, 5000.000, 0.000
2109.364, 446.537, 2566.446, 5000.000, 0.000
2110.174, 445.873, 2567.493, 5000.000, 0.000
2110.994, 445.199, 2568.554, 5000.000, 0.000
2111.773, 444.556, 2569.565, 5000.000, 0.000
2112.554, 443.908, 2570.579, 5000.000, 0.000
2113.378, 443.222, 2571.652, 5000.000, 0.000
2114.194, 442.537, 2572.717, 5000.000, 0.000
2115.007, 441.851, 2573.780, 5000.000, 0.000
2115.821, 441.161, 2574.848, 5000.000, 0.000
2116.643, 440.465, 2575.924, 5000.000, 0.000
2117.422, 439.805, 2576.945, 5000.000, 0.000
2118.241, 439.116, 2578.016, 5000.000, 0.000
2119.050, 438.440, 2579.071, 5000.000, 0.000
2119.854, 437.772, 2580.115, 5000.000, 0.000
2120.656, 437.110, 2581.155, 5000.000, 0.000
2121.460, 436.450, 2582.195, 5000.000, 0.000
2122.270, 435.789, 2583.241, 5000.000, 0.000
2123.090, 435.122, 2584.298, 5000.000, 0.000
2123.870, 434.491, 2585.301, 5000.000, 0.000
2124.691, 433.830, 2586.354, 5000.000, 0.000
2125.498, 433.176, 2587.393, 5000.000, 0.000
2126.296, 432.527, 2588.422, 5000.000, 0.000
2127.091, 431.881, 2589.447, 5000.000, 0.000
2127.889, 431.234, 2590.473, 5000.000, 0.000
2128.736, 430.557, 2591.558, 5000.000, 0.000
2129.586, 429.891, 2592.637, 5000.000, 0.000
2130.386, 429.274, 2593.647, 5000.000, 0.000
2131.180, 428.670, 2594.644, 5000.000, 0.000
2131.968, 428.075, 2595.631, 5000.000, 0.000
2132.755, 427.483, 2596.616, 5000.000, 0.000
2133.544, 426.891, 2597.602, 5000.000, 0.000
2134.337, 426.294, 2598.594, 5000.000, 0.000
2135.137, 425.688, 2599.598, 5000.000, 0.000
2135.947, 425.067, 2600.619, 5000.000, 0.000
2136.808, 424.395, 2601.711, 5000.000, 0.000
2137.614, 423.755, 2602.740, 5000.000, 0.000
2138.413, 423.115, 2603.763, 5000.000, 0.000
2139.208, 422.473, 2604.786, 5000.000, 0.000
2140.007, 421.825, 2605.813, 5000.000, 0.000
2140.812, 421.170, 2606.851, 5000.000, 0.000
2141.672, 420.476, 2607.957, 5000.000, 0.000
2142.481, 419.826, 2608.994, 5000.000, 0.000
2143.281, 419.183, 2610.020, 5000.000, 0.000
2144.076, 418.545, 2611.039, 5000.000, 0.000
2144.868, 417.906, 2612.057, 5000.000, 0.000
2145.662, 417.264, 2613.078, 5000.000, 0.000
2146.461, 416.614, 2614.108, 5000.000, 0.000
2147.269, 415.952, 2615.152, 5000.000, 0.000
2148.089, 415.274, 2616.216, 5000.000, 0.000
2148.908, 414.589, 2617.284, 5000.000, 0.000
2149.719, 413.908, 2618.342, 5000.000, 0.000
2150.528, 413.231, 2619.397, 5000.000, 0.000
2151.341, 412.556, 2620.454, 5000.000, 0.000
2152.164, 411.882, 2621.518, 5000.000, 0.000
2152.945, 411.246, 2622.524, 5000.000, 0.000
2153.764, 410.584, 2623.578, 5000.000, 0.000
2154.573, 409.938, 2624.613, 5000.000, 0.000
2155.374, 409.302, 2625.636, 5000.000, 0.000
2156.171, 408.673, 2626.651, 5000.000, 0.000
2156.967, 408.046, 2627.664, 5000.000, 0.000
2157.764, 407.417, 2628.679, 5000.000, 0.000
2158.565, 406.781, 2629.702, 5000.000, 0.000
2159.374, 406.135, 2630.737, 5000.000, 0.000
2160.194, 405.473, 2631.791, 5000.000, 0.000
2160.974, 404.837, 2632.797, 5000.000, 0.000
2161.797, 404.163, 2633.862, 5000.000, 0.000
2162.612, 403.489, 2634.919, 5000.000, 0.000
2163.424, 402.815, 2635.974, 5000.000, 0.000
2164.238, 402.138, 2637.033, 5000.000, 0.000
2165.061, 401.456, 2638.102, 5000.000, 0.000
2165.841, 400.809, 2639.115, 5000.000, 0.000
2166.661, 400.133, 2640.178, 5000.000, 0.000
2167.470, 399.469, 2641.224, 5000.000, 0.000
2168.272, 398.813, 2642.261, 5000.000, 0.000
2169.071, 398.160, 2643.292, 5000.000, 0.000
2169.870, 397.508, 2644.324, 5000.000, 0.000
2170.673, 396.852, 2645.360, 5000.000, 0.000
2171.482, 396.188, 2646.407, 5000.000, 0.000
2172.302, 395.512, 2647.470, 5000.000, 0.000
2173.081, 394.865, 2648.483, 5000.000, 0.000
2173.904, 394.183, 2649.551, 5000.000, 0.000
2174.721, 393.508, 2650.611, 5000.000, 0.000
2175.536, 392.836, 2651.667, 5000.000, 0.000
2176.355, 392.167, 2652.725, 5000.000, 0.000
2177.182, 391.496, 2653.790, 5000.000, 0.000
2177.966, 390.863, 2654.797, 5000.000, 0.000
2178.747, 390.233, 2655.800, 5000.000, 0.000
2179.527, 389.603, 2656.803, 5000.000, 0.000
2180.348, 388.937, 2657.860, 5000.000, 0.000
2181.159, 388.277, 2658.907, 5000.000, 0.000
2181.964, 387.617, 2659.947, 5000.000, 0.000
2182.766, 386.956, 2660.987, 5000.000, 0.000
2183.570, 386.288, 2662.032, 5000.000, 0.000
2184.380, 385.612, 2663.086, 5000.000, 0.000
2185.198, 384.922, 2664.157, 5000.000, 0.000
2186.016, 384.230, 2665.228, 5000.000, 0.000
2186.826, 383.549, 2666.286, 5000.000, 0.000
2187.631, 382.874, 2667.337, 5000.000, 0.000
2188.438, 382.203, 2668.386, 5000.000, 0.000
2189.250, 381.535, 2669.438, 5000.000, 0.000
2190.072, 380.865, 2670.499, 5000.000, 0.000
2190.853, 380.233, 2671.503, 5000.000, 0.000
2191.633, 379.604, 2672.504, 5000.000, 0.000
2192.453, 378.943, 2673.558, 5000.000, 0.000
2193.265, 378.292, 2674.599, 5000.000, 0.000
2194.070, 377.645, 2675.631, 5000.000, 0.000
2194.874, 377.001, 2676.661, 5000.000, 0.000
2195.679, 376.355, 2677.694, 5000.000, 0.000
2196.490, 375.703, 2678.734, 5000.000, 0.000
2197.310, 375.041, 2679.788, 5000.000, 0.000
2198.090, 374.413, 2680.790, 5000.000, 0.000
2198.910, 373.749, 2681.844, 5000.000, 0.000
2199.719, 373.092, 2682.887, 5000.000, 0.000
2200.522, 372.438, 2683.922, 5000.000, 0.000
2201.322, 371.784, 2684.956, 5000.000, 0.000
2202.124, 371.125, 2685.994, 5000.000, 0.000
2202.933, 370.460, 2687.040, 5000.000, 0.000
2203.752, 369.785, 2688.101, 5000.000, 0.000
2204.570, 369.110, 2689.163, 5000.000, 0.000
2205.380, 368.447, 2690.210, 5000.000, 0.000
2206.185, 367.791, 2691.248, 5000.000, 0.000
2206.988, 367.139, 2692.282, 5000.000, 0.000
2207.794, 366.488, 2693.318, 5000.000, 0.000
2208.606, 365.833, 2694.361, 5000.000, 0.000
2209.427, 365.171, 2695.416, 5000.000, 0.000
2210.207, 364.542, 2696.418, 5000.000, 0.000
2210.987, 363.912, 2697.421, 5000.000, 0.000
2211.770, 363.276, 2698.429, 5000.000, 0.000
2212.557, 362.633, 2699.446, 5000.000, 0.000
2213.252, 362.023, 2700.370, 5000.000, 0.000
2214.033, 361.349, 2701.401, 5000.000, 0.000
2214.845, 360.655, 2702.469, 5000.000, 0.000
2215.691, 359.938, 2703.578, 5000.000, 0.000
2216.519, 359.242, 2704.660, 5000.000, 0.000
2217.369, 358.533, 2705.766, 5000.000, 0.000
2218.241, 357.811, 2706.899, 5000.000, 0.000
2219.137, 357.074, 2708.058, 5000.000, 0.000
2220.097, 356.291, 2709.297, 5000.000, 0.000
2221.068, 355.505, 2710.547, 5000.000, 0.000
2222.053, 354.713, 2711.811, 5000.000, 0.000
2223.053, 353.913, 2713.091, 5000.000, 0.000
2224.015, 353.148, 2714.321, 5000.000, 0.000
2224.980, 352.385, 2715.551, 5000.000, 0.000
2225.949, 351.625, 2716.782, 5000.000, 0.000
2226.923, 350.865, 2718.018, 5000.000, 0.000
2227.942, 350.073, 2719.308, 5000.000, 0.000
2228.953, 349.292, 2720.585, 5000.000, 0.000
2229.957, 348.520, 2721.852, 5000.000, 0.000
2230.903, 347.799, 2723.042, 5000.000, 0.000
2231.828, 347.094, 2724.204, 5000.000, 0.000
2232.732, 346.404, 2725.341, 5000.000, 0.000
2233.615, 345.728, 2726.453, 5000.000, 0.000
2234.517, 345.032, 2727.593, 5000.000, 0.000
2235.386, 344.358, 2728.692, 5000.000, 0.000
2236.221, 343.704, 2729.752, 5000.000, 0.000
2237.023, 343.067, 2730.777, 5000.000, 0.000
2237.794, 342.444, 2731.768, 5000.000, 0.000
2238.534, 341.832, 2732.728, 5000.000, 0.000
2239.243, 341.227, 2733.659, 5000.000, 0.000
2240.062, 340.567, 2734.711, 5000.000, 0.000
2240.882, 339.905, 2735.765, 5000.000, 0.000
2241.692, 339.252, 2736.805, 5000.000, 0.000
2242.496, 338.605, 2737.837, 5000.000, 0.000
2243.299, 337.960, 2738.867, 5000.000, 0.000
2244.104, 337.314, 2739.900, 5000.000, 0.000
2244.915, 336.662, 2740.940, 5000.000, 0.000
2245.737, 336.002, 2741.994, 5000.000, 0.000
2246.517, 335.373, 2742.996, 5000.000, 0.000
2247.297, 334.741, 2744.000, 5000.000, 0.000
2248.080, 334.102, 2745.010, 5000.000, 0.000
2248.907, 333.422, 2746.081, 5000.000, 0.000
2249.726, 332.740, 2747.147, 5000.000, 0.000
2250.542, 332.053, 2748.213, 5000.000, 0.000
2251.359, 331.359, 2749.285, 5000.000, 0.000
2252.183, 330.655, 2750.369, 5000.000, 0.000
2252.963, 329.982, 2751.399, 5000.000, 0.000
2253.744, 329.307, 2752.430, 5000.000, 0.000
2254.567, 328.597, 2753.518, 5000.000, 0.000
2255.384, 327.893, 2754.595, 5000.000, 0.000
2256.198, 327.192, 2755.670, 5000.000, 0.000
2257.014, 326.491, 2756.745, 5000.000, 0.000
2257.838, 325.789, 2757.828, 5000.000, 0.000
2258.619, 325.125, 2758.853, 5000.000, 0.000
2259.399, 324.466, 2759.874, 5000.000, 0.000
2260.220, 323.777, 2760.946, 5000.000, 0.000
2261.035, 323.102, 2762.004, 5000.000, 0.000
2261.847, 322.437, 2763.054, 5000.000, 0.000
2262.660, 321.778, 2764.100, 5000.000, 0.000
2263.477, 321.120, 2765.148, 5000.000, 0.000
2264.302, 320.462, 2766.204, 5000.000, 0.000
2265.085, 319.842, 2767.202, 5000.000, 0.000
2265.865, 319.226, 2768.196, 5000.000, 0.000
2266.645, 318.610, 2769.190, 5000.000, 0.000
2267.428, 317.991, 2770.188, 5000.000, 0.000
2268.253, 317.333, 2771.243, 5000.000, 0.000
2269.066, 316.672, 2772.291, 5000.000, 0.000
2269.872, 316.007, 2773.336, 5000.000, 0.000
2270.676, 315.334, 2774.384, 5000.000, 0.000
2271.484, 314.653, 2775.441, 5000.000, 0.000
2272.342, 313.930, 2776.563, 5000.000, 0.000
2273.149, 313.253, 2777.616, 5000.000, 0.000
2273.948, 312.586, 2778.657, 5000.000, 0.000
2274.743, 311.927, 2779.689, 5000.000, 0.000
2275.538, 311.271, 2780.720, 5000.000, 0.000
2276.337, 310.616, 2781.753, 5000.000, 0.000
2277.144, 309.957, 2782.796, 5000.000, 0.000
2277.965, 309.292, 2783.851, 5000.000, 0.000
2278.785, 308.629, 2784.906, 5000.000, 0.000
2279.595, 307.978, 2785.945, 5000.000, 0.000
2280.399, 307.336, 2786.974, 5000.000, 0.000
2281.201, 306.699, 2787.998, 5000.000, 0.000
2282.005, 306.064, 2789.023, 5000.000, 0.000
2282.816, 305.428, 2790.053, 5000.000, 0.000
2283.638, 304.788, 2791.095, 5000.000, 0.000
2284.420, 304.185, 2792.083, 5000.000, 0.000
2285.241, 303.549, 2793.121, 5000.000, 0.000
2286.050, 302.922, 2794.144, 5000.000, 0.000
2286.850, 302.299, 2795.158, 5000.000, 0.000
2287.645, 301.677, 2796.167, 5000.000, 0.000
2288.438, 301.052, 2797.177, 5000.000, 0.000
2289.233, 300.420, 2798.193, 5000.000, 0.000
2290.033, 299.776, 2799.220, 5000.000, 0.000
2290.841, 299.116, 2800.264, 5000.000, 0.000
2291.700, 298.404, 2801.379, 5000.000, 0.000
2292.506, 297.727, 2802.431, 5000.000, 0.000
2293.308, 297.052, 2803.479, 5000.000, 0.000
2294.112, 296.379, 2804.527, 5000.000, 0.000
2294.921, 295.704, 2805.580, 5000.000, 0.000
2295.743, 295.027, 2806.646, 5000.000, 0.000
2296.523, 294.384, 2807.657, 5000.000, 0.000
2297.303, 293.741, 2808.667, 5000.000, 0.000
2298.125, 293.063, 2809.733, 5000.000, 0.000
2298.937, 292.390, 2810.787, 5000.000, 0.000
2299.743, 291.720, 2811.835, 5000.000, 0.000
2300.548, 291.049, 2812.884, 5000.000, 0.000
2301.358, 290.374, 2813.938, 5000.000, 0.000
2302.177, 289.694, 2815.002, 5000.000, 0.000
2302.996, 289.019, 2816.064, 5000.000, 0.000
2303.803, 288.358, 2817.107, 5000.000, 0.000
2304.603, 287.709, 2818.137, 5000.000, 0.000
2305.400, 287.067, 2819.160, 5000.000, 0.000
2306.196, 286.429, 2820.181, 5000.000, 0.000
2306.997, 285.790, 2821.204, 5000.000, 0.000
2307.805, 285.149, 2822.236, 5000.000, 0.000
2308.625, 284.500, 2823.282, 5000.000, 0.000
2309.445, 283.853, 2824.327, 5000.000, 0.000
2310.254, 283.217, 2825.355, 5000.000, 0.000
2311.055, 282.588, 2826.373, 5000.000, 0.000
2311.852, 281.962, 2827.386, 5000.000, 0.000
2312.649, 281.337, 2828.400, 5000.000, 0.000
2313.450, 280.708, 2829.418, 5000.000, 0.000
2314.259, 280.072, 2830.447, 5000.000, 0.000
2315.079, 279.425, 2831.491, 5000.000, 0.000
2315.899, 278.776, 2832.537, 5000.000, 0.000
2316.707, 278.134, 2833.569, 5000.000, 0.000
2317.506, 277.494, 2834.593, 5000.000, 0.000
2318.301, 276.855, 2835.613, 5000.000, 0.000
2319.096, 276.211, 2836.636, 5000.000, 0.000
2319.894, 275.560, 2837.666, 5000.000, 0.000
2320.701, 274.899, 2838.709, 5000.000, 0.000
2321.560, 274.193, 2839.820, 5000.000, 0.000
2322.365, 273.525, 2840.866, 5000.000, 0.000
2323.164, 272.864, 2841.903, 5000.000, 0.000
2323.960, 272.206, 2842.936, 5000.000, 0.000
2324.759, 271.548, 2843.971, 5000.000, 0.000
2325.565, 270.889, 2845.013, 5000.000, 0.000
2326.385, 270.225, 2846.067, 5000.000, 0.000
2327.204, 269.564, 2847.119, 5000.000, 0.000
2328.013, 268.918, 2848.155, 5000.000, 0.000
2328.814, 268.280, 2849.179, 5000.000, 0.000
2329.612, 267.649, 2850.197, 5000.000, 0.000
2330.410, 267.019, 2851.213, 5000.000, 0.000
2331.212, 266.387, 2852.234, 5000.000, 0.000
2332.021, 265.749, 2853.264, 5000.000, 0.000
2332.841, 265.102, 2854.309, 5000.000, 0.000
2333.622, 264.487, 2855.303, 5000.000, 0.000
2334.442, 263.835, 2856.351, 5000.000, 0.000
2335.253, 263.188, 2857.388, 5000.000, 0.000
2336.058, 262.543, 2858.419, 5000.000, 0.000
2336.860, 261.895, 2859.450, 5000.000, 0.000
2337.664, 261.243, 2860.486, 5000.000, 0.000
2338.474, 260.581, 2861.532, 5000.000, 0.000
2339.294, 259.907, 2862.593, 5000.000, 0.000
2340.073, 259.261, 2863.605, 5000.000, 0.000
2340.894, 258.579, 2864.672, 5000.000, 0.000
2341.705, 257.900, 2865.729, 5000.000, 0.000
2342.511, 257.222, 2866.782, 5000.000, 0.000
2343.317, 256.543, 2867.836, 5000.000, 0.000
2344.128, 255.859, 2868.897, 5000.000, 0.000
2344.948, 255.167, 2869.970, 5000.000, 0.000
2345.727, 254.508, 2870.989, 5000.000, 0.000
2346.547, 253.818, 2872.061, 5000.000, 0.000
2347.358, 253.138, 2873.120, 5000.000, 0.000
2348.164, 252.464, 2874.171, 5000.000, 0.000
2348.971, 251.794, 2875.219, 5000.000, 0.000
2349.783, 251.125, 2876.271, 5000.000, 0.000
2350.604, 250.453, 2877.332, 5000.000, 0.000
2351.383, 249.821, 2878.336, 5000.000, 0.000
2352.203, 249.161, 2879.388, 5000.000, 0.000
2353.012, 248.514, 2880.424, 5000.000, 0.000
2353.815, 247.878, 2881.448, 5000.000, 0.000
2354.614, 247.248, 2882.466, 5000.000, 0.000
2355.413, 246.619, 2883.482, 5000.000, 0.000
2356.216, 245.988, 2884.503, 5000.000, 0.000
2357.026, 245.351, 2885.533, 5000.000, 0.000
2357.846, 244.704, 2886.578, 5000.000, 0.000
2358.626, 244.088, 2887.572, 5000.000, 0.000
2359.447, 243.436, 2888.620, 5000.000, 0.000
2360.258, 242.790, 2889.657, 5000.000, 0.000
2361.062, 242.144, 2890.689, 5000.000, 0.000
2361.865, 241.497, 2891.720, 5000.000, 0.000
2362.669, 240.844, 2892.755, 5000.000, 0.000
2363.479, 240.183, 2893.801, 5000.000, 0.000
2364.299, 239.508, 2894.863, 5000.000, 0.000
2365.078, 238.863, 2895.874, 5000.000, 0.000
2365.898, 238.180, 2896.942, 5000.000, 0.000
2366.710, 237.503, 2897.999, 5000.000, 0.000
2367.518, 236.826, 2899.053, 5000.000, 0.000
2368.326, 236.148, 2900.107, 5000.000, 0.000
2369.138, 235.466, 2901.169, 5000.000, 0.000
2369.960, 234.775, 2902.242, 5000.000, 0.000
2370.739, 234.117, 2903.262, 5000.000, 0.000
2371.520, 233.459, 2904.283, 5000.000, 0.000
2372.344, 232.765, 2905.360, 5000.000, 0.000
2373.162, 232.078, 2906.428, 5000.000, 0.000
2373.978, 231.395, 2907.492, 5000.000, 0.000
2374.796, 230.713, 2908.558, 5000.000, 0.000
2375.622, 230.028, 2909.631, 5000.000, 0.000
2376.405, 229.382, 2910.645, 5000.000, 0.000
2377.185, 228.739, 2911.656, 5000.000, 0.000
2377.965, 228.097, 2912.667, 5000.000, 0.000
2378.788, 227.420, 2913.732, 5000.000, 0.000
2379.603, 226.750, 2914.787, 5000.000, 0.000
2380.414, 226.084, 2915.837, 5000.000, 0.000
2381.225, 225.418, 2916.886, 5000.000, 0.000
2382.039, 224.747, 2917.941, 5000.000, 0.000
2382.861, 224.070, 2919.006, 5000.000, 0.000
2383.641, 223.427, 2920.017, 5000.000, 0.000
2384.421, 222.784, 2921.028, 5000.000, 0.000
2385.243, 222.106, 2922.093, 5000.000, 0.000
2386.055, 221.433, 2923.147, 5000.000, 0.000
2386.861, 220.763, 2924.196, 5000.000, 0.000
2387.666, 220.092, 2925.244, 5000.000, 0.000
2388.476, 219.417, 2926.298, 5000.000, 0.000
2389.295, 218.737, 2927.363, 5000.000, 0.000
2390.114, 218.062, 2928.424, 5000.000, 0.000
2390.921, 217.401, 2929.467, 5000.000, 0.000
2391.721, 216.752, 2930.498, 5000.000, 0.000
2392.518, 216.110, 2931.520, 5000.000, 0.000
2393.314, 215.472, 2932.541, 5000.000, 0.000
2394.115, 214.833, 2933.565, 5000.000, 0.000
2394.923, 214.192, 2934.597, 5000.000, 0.000
2395.743, 213.543, 2935.642, 5000.000, 0.000
2396.563, 212.896, 2936.687, 5000.000, 0.000
2397.373, 212.260, 2937.716, 5000.000, 0.000
2398.175, 211.632, 2938.734, 5000.000, 0.000
2398.973, 211.008, 2939.748, 5000.000, 0.000
2399.772, 210.384, 2940.761, 5000.000, 0.000
2400.574, 209.756, 2941.779, 5000.000, 0.000
2401.383, 209.121, 2942.808, 5000.000, 0.000
2402.203, 208.474, 2943.853, 5000.000, 0.000
2402.984, 207.856, 2944.848, 5000.000, 0.000
2403.805, 207.201, 2945.899, 5000.000, 0.000
2404.615, 206.549, 2946.939, 5000.000, 0.000
2405.420, 205.896, 2947.975, 5000.000, 0.000
2406.222, 205.240, 2949.011, 5000.000, 0.000
2407.026, 204.576, 2950.053, 5000.000, 0.000
2407.835, 203.901, 2951.107, 5000.000, 0.000
2408.654, 203.212, 2952.177, 5000.000, 0.000
2409.433, 202.550, 2953.199, 5000.000, 0.000
2410.254, 201.851, 2954.278, 5000.000, 0.000
2411.070, 201.156, 2955.349, 5000.000, 0.000
2411.883, 200.464, 2956.417, 5000.000, 0.000
2412.700, 199.771, 2957.488, 5000.000, 0.000
2413.526, 199.075, 2958.567, 5000.000, 0.000
2414.308, 198.416, 2959.590, 5000.000, 0.000
2415.088, 197.759, 2960.610, 5000.000, 0.000
2415.870, 197.102, 2961.631, 5000.000, 0.000
2416.696, 196.410, 2962.709, 5000.000, 0.000
2417.516, 195.725, 2963.777, 5000.000, 0.000
2418.334, 195.044, 2964.842, 5000.000, 0.000
2419.155, 194.364, 2965.908, 5000.000, 0.000
2419.982, 193.680, 2966.981, 5000.000, 0.000
2420.766, 193.035, 2967.996, 5000.000, 0.000
2421.546, 192.393, 2969.007, 5000.000, 0.000
2422.327, 191.750, 2970.018, 5000.000, 0.000
2423.111, 191.105, 2971.033, 5000.000, 0.000
2423.938, 190.422, 2972.106, 5000.000, 0.000
2424.757, 189.739, 2973.172, 5000.000, 0.000
2425.572, 189.055, 2974.236, 5000.000, 0.000
2426.388, 188.367, 2975.303, 5000.000, 0.000
2427.209, 187.671, 2976.380, 5000.000, 0.000
2427.988, 187.011, 2977.401, 5000.000, 0.000
2428.807, 186.322, 2978.471, 5000.000, 0.000
2429.617, 185.646, 2979.526, 5000.000, 0.000
2430.422, 184.980, 2980.571, 5000.000, 0.000
2431.225, 184.319, 2981.611, 5000.000, 0.000
2432.031, 183.660, 2982.652, 5000.000, 0.000
2432.842, 182.999, 2983.698, 5000.000, 0.000
2433.663, 182.333, 2984.755, 5000.000, 0.000
2434.443, 181.703, 2985.758, 5000.000, 0.000
2435.224, 181.073, 2986.761, 5000.000, 0.000
2436.047, 180.409, 2987.818, 5000.000, 0.000
2436.862, 179.752, 2988.865, 5000.000, 0.000
2437.672, 179.098, 2989.907, 5000.000, 0.000
2438.483, 178.444, 2990.948, 5000.000, 0.000
2439.298, 177.787, 2991.995, 5000.000, 0.000
2440.121, 177.122, 2993.053, 5000.000, 0.000
2440.902, 176.493, 2994.056, 5000.000, 0.000
2441.682, 175.862, 2995.059, 5000.000, 0.000
2442.503, 175.196, 2996.116, 5000.000, 0.000
2443.312, 174.534, 2997.162, 5000.000, 0.000
2444.114, 173.872, 2998.201, 5000.000, 0.000
2444.913, 173.207, 2999.241, 5000.000, 0.000
2445.714, 172.537, 3000.285, 5000.000, 0.000
2446.520, 171.858, 3001.339, 5000.000, 0.000
2447.379, 171.137, 3002.460, 5000.000, 0.000
2448.184, 170.459, 3003.513, 5000.000, 0.000
2448.982, 169.790, 3004.554, 5000.000, 0.000
2449.779, 169.128, 3005.590, 5000.000, 0.000
2450.578, 168.471, 3006.624, 5000.000, 0.000
2451.385, 167.816, 3007.664, 5000.000, 0.000
2452.205, 167.160, 3008.714, 5000.000, 0.000
2453.025, 166.511, 3009.760, 5000.000, 0.000
2453.833, 165.878, 3010.786, 5000.000, 0.000
2454.633, 165.256, 3011.799, 5000.000, 0.000
2455.427, 164.643, 3012.802, 5000.000, 0.000
2456.220, 164.033, 3013.802, 5000.000, 0.000
2457.015, 163.424, 3014.804, 5000.000, 0.000
2457.815, 162.811, 3015.812, 5000.000, 0.000
2458.624, 162.189, 3016.833, 5000.000, 0.000
2459.031, 161.869, 3017.349, 5000.000, 0.000
2459.844, 161.229, 3018.385, 5000.000, 0.000
2460.658, 160.587, 3019.422, 5000.000, 0.000
2461.474, 159.944, 3020.460, 5000.000, 0.000
2462.291, 159.299, 3021.501, 5000.000, 0.000
2463.108, 158.653, 3022.543, 5000.000, 0.000
2463.927, 158.005, 3023.587, 5000.000, 0.000
2464.747, 157.356, 3024.633, 5000.000, 0.000
2465.568, 156.705, 3025.680, 5000.000, 0.000
2466.389, 156.053, 3026.729, 5000.000, 0.000
2467.212, 155.399, 3027.780, 5000.000, 0.000
2468.037, 154.744, 3028.833, 5000.000, 0.000
2468.862, 154.088, 3029.887, 5000.000, 0.000
2469.688, 153.429, 3030.944, 5000.000, 0.000
2470.515, 152.770, 3032.002, 5000.000, 0.000
