x, y, length, r, ctrl
-0.060, 0.066, 0.000, 5000.000, 0.000
0.775, 0.905, 1.184, 5000.000, 0.000
1.610, 1.745, 2.368, 5000.000, 0.000
2.443, 2.586, 3.552, 5000.000, 0.000
3.276, 3.427, 4.736, 5000.000, 0.000
4.109, 4.270, 5.920, 5000.000, 0.000
4.940, 5.113, 7.104, 5000.000, 0.000
5.770, 5.957, 8.288, 5000.000, 0.000
6.600, 6.802, 9.473, 5000.000, 0.000
7.429, 7.648, 10.657, 5000.000, 0.000
8.258, 8.495, 11.842, 5000.000, 0.000
9.085, 9.343, 13.026, 5000.000, 0.000
9.912, 10.191, 14.211, 5000.000, 0.000
10.737, 11.040, 15.395, 5000.000, 0.000
11.563, 11.891, 16.580, 5000.000, 0.000
12.800, 13.167, 18.357, 5000.000, 0.000
13.626, 14.016, 19.542, 5000.000, 0.000
14.454, 14.862, 20.726, 5000.000, 0.000
15.287, 15.704, 21.910, 5000.000, 0.000
16.126, 16.539, 23.094, 5000.000, 0.000
16.927, 17.416, 24.281, 5000.000, 0.000
17.723, 18.298, 25.468, 5000.000, 0.000
18.562, 19.133, 26.652, 5000.000, 0.000
19.412, 19.955, 27.835, 5000.000, 0.000
20.230, 20.814, 29.020, 5000.000, 0.000
21.048, 21.672, 30.205, 5000.000, 0.000
21.868, 22.528, 31.390, 5000.000, 0.000
22.690, 23.381, 32.575, 5000.000, 0.000
23.516, 24.230, 33.760, 5000.000, 0.000
24.347, 25.075, 34.944, 5000.000, 0.000
25.182, 25.913, 36.128, 5000.000, 0.000
26.058, 26.708, 37.308, 5000.000, 0.000
26.928, 27.508, 38.489, 5000.000, 0.000
27.795, 28.312, 39.671, 5000.000, 0.000
28.659, 29.119, 40.853, 5000.000, 0.000
29.524, 29.925, 42.035, 5000.000, 0.000
30.391, 30.729, 43.217, 5000.000, 0.000
31.261, 31.530, 44.398, 5000.000, 0.000
32.136, 32.324, 45.580, 5000.000, 0.000
32.972, 33.163, 46.764, 5000.000, 0.000
33.803, 34.007, 47.948, 5000.000, 0.000
34.629, 34.856, 49.132, 5000.000, 0.000
35.451, 35.709, 50.316, 5000.000, 0.000
36.271, 36.565, 51.501, 5000.000, 0.000
37.089, 37.423, 52.686, 5000.000, 0.000
37.906, 38.282, 53.872, 5000.000, 0.000
38.724, 39.141, 55.057, 5000.000, 0.000
39.542, 39.999, 56.243, 5000.000, 0.000
40.362, 40.855, 57.428, 5000.000, 0.000
41.184, 41.708, 58.613, 5000.000, 0.000
42.044, 42.520, 59.794, 5000.000, 0.000
42.895, 43.341, 60.977, 5000.000, 0.000
43.740, 44.169, 62.160, 5000.000, 0.000
44.581, 45.002, 63.343, 5000.000, 0.000
45.420, 45.838, 64.527, 5000.000, 0.000
46.257, 46.674, 65.710, 5000.000, 0.000
47.095, 47.510, 66.894, 5000.000, 0.000
47.936, 48.343, 68.077, 5000.000, 0.000
48.782, 49.170, 69.260, 5000.000, 0.000
49.633, 49.991, 70.443, 5000.000, 0.000
50.493, 50.804, 71.625, 5000.000, 0.000
51.315, 51.657, 72.810, 5000.000, 0.000
52.135, 52.513, 73.995, 5000.000, 0.000
52.953, 53.371, 75.180, 5000.000, 0.000
53.770, 54.230, 76.366, 5000.000, 0.000
54.588, 55.088, 77.551, 5000.000, 0.000
55.406, 55.946, 78.736, 5000.000, 0.000
56.225, 56.802, 79.921, 5000.000, 0.000
57.081, 57.619, 81.103, 5000.000, 0.000
57.929, 58.444, 82.287, 5000.000, 0.000
58.769, 59.278, 83.470, 5000.000, 0.000
59.603, 60.118, 84.654, 5000.000, 0.000
60.435, 60.961, 85.838, 5000.000, 0.000
61.264, 61.807, 87.022, 5000.000, 0.000
62.093, 62.652, 88.207, 5000.000, 0.000
62.925, 63.496, 89.391, 5000.000, 0.000
63.759, 64.335, 90.575, 5000.000, 0.000
64.599, 65.169, 91.758, 5000.000, 0.000
65.446, 65.995, 92.941, 5000.000, 0.000
66.302, 66.811, 94.124, 5000.000, 0.000
67.122, 67.667, 95.309, 5000.000, 0.000
67.940, 68.525, 96.494, 5000.000, 0.000
68.758, 69.384, 97.679, 5000.000, 0.000
69.575, 70.243, 98.864, 5000.000, 0.000
70.393, 71.101, 100.050, 5000.000, 0.000
71.213, 71.957, 101.235, 5000.000, 0.000
72.035, 72.810, 102.420, 5000.000, 0.000
72.895, 73.622, 103.602, 5000.000, 0.000
73.746, 74.443, 104.784, 5000.000, 0.000
74.592, 75.271, 105.967, 5000.000, 0.000
75.433, 76.103, 107.151, 5000.000, 0.000
76.271, 76.939, 108.334, 5000.000, 0.000
77.108, 77.776, 109.518, 5000.000, 0.000
77.946, 78.611, 110.702, 5000.000, 0.000
78.787, 79.444, 111.885, 5000.000, 0.000
79.633, 80.272, 113.068, 5000.000, 0.000
80.484, 81.093, 114.251, 5000.000, 0.000
81.344, 81.905, 115.433, 5000.000, 0.000
82.166, 82.758, 116.618, 5000.000, 0.000
82.986, 83.614, 117.803, 5000.000, 0.000
83.804, 84.472, 118.988, 5000.000, 0.000
84.621, 85.331, 120.173, 5000.000, 0.000
85.439, 86.190, 121.358, 5000.000, 0.000
86.257, 87.048, 122.544, 5000.000, 0.000
87.077, 87.904, 123.729, 5000.000, 0.000
87.899, 88.757, 124.914, 5000.000, 0.000
88.759, 89.569, 126.096, 5000.000, 0.000
89.610, 90.390, 127.278, 5000.000, 0.000
90.456, 91.218, 128.461, 5000.000, 0.000
91.296, 92.051, 129.645, 5000.000, 0.000
92.135, 92.887, 130.828, 5000.000, 0.000
92.972, 93.723, 132.012, 5000.000, 0.000
93.810, 94.559, 133.196, 5000.000, 0.000
94.651, 95.392, 134.379, 5000.000, 0.000
95.497, 96.219, 135.562, 5000.000, 0.000
96.348, 97.040, 136.745, 5000.000, 0.000
97.208, 97.853, 137.927, 5000.000, 0.000
98.030, 98.706, 139.112, 5000.000, 0.000
98.850, 99.562, 140.297, 5000.000, 0.000
99.668, 100.420, 141.482, 5000.000, 0.000
100.485, 101.279, 142.667, 5000.000, 0.000
101.303, 102.138, 143.853, 5000.000, 0.000
102.121, 102.996, 145.038, 5000.000, 0.000
102.941, 103.852, 146.223, 5000.000, 0.000
103.763, 104.705, 147.408, 5000.000, 0.000
104.589, 105.554, 148.593, 5000.000, 0.000
105.420, 106.398, 149.777, 5000.000, 0.000
106.289, 107.199, 150.958, 5000.000, 0.000
107.152, 108.008, 152.140, 5000.000, 0.000
108.011, 108.821, 153.322, 5000.000, 0.000
108.866, 109.637, 154.504, 5000.000, 0.000
109.722, 110.454, 155.686, 5000.000, 0.000
110.578, 111.270, 156.869, 5000.000, 0.000
111.436, 112.083, 158.051, 5000.000, 0.000
112.299, 112.892, 159.234, 5000.000, 0.000
113.169, 113.693, 160.416, 5000.000, 0.000
113.999, 114.537, 161.599, 5000.000, 0.000
114.825, 115.386, 162.783, 5000.000, 0.000
115.648, 116.239, 163.968, 5000.000, 0.000
116.467, 117.095, 165.153, 5000.000, 0.000
117.285, 117.953, 166.338, 5000.000, 0.000
118.103, 118.812, 167.523, 5000.000, 0.000
118.920, 119.671, 168.708, 5000.000, 0.000
119.738, 120.529, 169.893, 5000.000, 0.000
120.558, 121.385, 171.079, 5000.000, 0.000
121.380, 122.238, 172.264, 5000.000, 0.000
122.206, 123.088, 173.448, 5000.000, 0.000
123.070, 123.895, 174.630, 5000.000, 0.000
123.927, 124.710, 175.812, 5000.000, 0.000
124.779, 125.531, 176.994, 5000.000, 0.000
125.627, 126.356, 178.177, 5000.000, 0.000
126.473, 127.183, 179.360, 5000.000, 0.000
127.319, 128.010, 180.543, 5000.000, 0.000
128.167, 128.834, 181.726, 5000.000, 0.000
129.019, 129.655, 182.909, 5000.000, 0.000
129.876, 130.471, 184.092, 5000.000, 0.000
130.740, 131.278, 185.274, 5000.000, 0.000
131.566, 132.127, 186.458, 5000.000, 0.000
132.388, 132.980, 187.642, 5000.000, 0.000
133.208, 133.836, 188.827, 5000.000, 0.000
134.026, 134.694, 190.013, 5000.000, 0.000
134.843, 135.553, 191.198, 5000.000, 0.000
135.694, 136.375, 192.380, 5000.000, 0.000
136.533, 137.210, 193.564, 5000.000, 0.000
137.363, 138.055, 194.748, 5000.000, 0.000
138.184, 138.909, 195.933, 5000.000, 0.000
138.999, 139.770, 197.119, 5000.000, 0.000
139.810, 140.636, 198.305, 5000.000, 0.000
140.618, 141.505, 199.491, 5000.000, 0.000
141.426, 142.375, 200.677, 5000.000, 0.000
142.234, 143.244, 201.864, 5000.000, 0.000
143.045, 144.110, 203.050, 5000.000, 0.000
143.860, 144.971, 204.236, 5000.000, 0.000
144.681, 145.826, 205.421, 5000.000, 0.000
145.511, 146.671, 206.605, 5000.000, 0.000
146.350, 147.506, 207.789, 5000.000, 0.000
147.200, 148.328, 208.971, 5000.000, 0.000
148.018, 149.187, 210.156, 5000.000, 0.000
148.836, 150.045, 211.342, 5000.000, 0.000
149.656, 150.901, 212.527, 5000.000, 0.000
150.478, 151.754, 213.712, 5000.000, 0.000
151.304, 152.603, 214.897, 5000.000, 0.000
152.135, 153.447, 216.081, 5000.000, 0.000
152.970, 154.285, 217.265, 5000.000, 0.000
153.812, 155.117, 218.448, 5000.000, 0.000
154.661, 155.941, 219.630, 5000.000, 0.000
155.519, 156.756, 220.812, 5000.000, 0.000
156.418, 157.524, 221.991, 5000.000, 0.000
157.315, 158.295, 223.171, 5000.000, 0.000
158.210, 159.067, 224.351, 5000.000, 0.000
159.107, 159.838, 225.532, 5000.000, 0.000
160.006, 160.606, 226.712, 5000.000, 0.000
160.863, 161.421, 227.895, 5000.000, 0.000
161.713, 162.245, 229.078, 5000.000, 0.000
162.555, 163.076, 230.261, 5000.000, 0.000
163.390, 163.915, 231.445, 5000.000, 0.000
164.221, 164.759, 232.629, 5000.000, 0.000
165.047, 165.608, 233.813, 5000.000, 0.000
165.869, 166.461, 234.997, 5000.000, 0.000
166.689, 167.317, 236.182, 5000.000, 0.000
167.507, 168.175, 237.368, 5000.000, 0.000
168.325, 169.034, 238.553, 5000.000, 0.000
169.142, 169.893, 239.739, 5000.000, 0.000
169.960, 170.751, 240.924, 5000.000, 0.000
170.780, 171.607, 242.110, 5000.000, 0.000
171.602, 172.460, 243.295, 5000.000, 0.000
172.428, 173.309, 244.479, 5000.000, 0.000
173.292, 174.117, 245.660, 5000.000, 0.000
174.149, 174.932, 246.842, 5000.000, 0.000
175.001, 175.753, 248.024, 5000.000, 0.000
175.849, 176.578, 249.207, 5000.000, 0.000
176.695, 177.405, 250.390, 5000.000, 0.000
177.541, 178.231, 251.573, 5000.000, 0.000
178.389, 179.056, 252.756, 5000.000, 0.000
179.241, 179.877, 253.938, 5000.000, 0.000
180.097, 180.692, 255.121, 5000.000, 0.000
180.961, 181.500, 256.302, 5000.000, 0.000
181.787, 182.349, 257.487, 5000.000, 0.000
182.610, 183.202, 258.672, 5000.000, 0.000
183.430, 184.058, 259.857, 5000.000, 0.000
184.248, 184.916, 261.042, 5000.000, 0.000
185.065, 185.775, 262.228, 5000.000, 0.000
185.882, 186.634, 263.413, 5000.000, 0.000
186.700, 187.492, 264.599, 5000.000, 0.000
187.554, 188.311, 265.781, 5000.000, 0.000
188.397, 189.141, 266.964, 5000.000, 0.000
189.233, 189.979, 268.147, 5000.000, 0.000
190.062, 190.825, 269.332, 5000.000, 0.000
190.887, 191.675, 270.517, 5000.000, 0.000
191.710, 192.528, 271.702, 5000.000, 0.000
192.531, 193.382, 272.887, 5000.000, 0.000
193.353, 194.236, 274.072, 5000.000, 0.000
194.178, 195.086, 275.256, 5000.000, 0.000
195.008, 195.932, 276.441, 5000.000, 0.000
195.843, 196.770, 277.625, 5000.000, 0.000
196.687, 197.600, 278.808, 5000.000, 0.000
197.540, 198.419, 279.990, 5000.000, 0.000
198.358, 199.277, 281.175, 5000.000, 0.000
199.176, 200.136, 282.361, 5000.000, 0.000
199.993, 200.995, 283.546, 5000.000, 0.000
200.811, 201.853, 284.731, 5000.000, 0.000
201.631, 202.709, 285.917, 5000.000, 0.000
202.453, 203.562, 287.102, 5000.000, 0.000
203.279, 204.411, 288.286, 5000.000, 0.000
204.110, 205.255, 289.471, 5000.000, 0.000
204.946, 206.094, 290.654, 5000.000, 0.000
205.821, 206.888, 291.835, 5000.000, 0.000
206.691, 207.689, 293.017, 5000.000, 0.000
207.558, 208.493, 294.199, 5000.000, 0.000
208.423, 209.299, 295.381, 5000.000, 0.000
209.287, 210.106, 296.564, 5000.000, 0.000
210.154, 210.910, 297.746, 5000.000, 0.000
211.024, 211.710, 298.928, 5000.000, 0.000
211.900, 212.505, 300.110, 5000.000, 0.000
212.735, 213.343, 301.293, 5000.000, 0.000
213.566, 214.188, 302.477, 5000.000, 0.000
214.392, 215.037, 303.661, 5000.000, 0.000
215.215, 215.890, 304.845, 5000.000, 0.000
216.034, 216.746, 306.030, 5000.000, 0.000
216.852, 217.604, 307.214, 5000.000, 0.000
217.670, 218.463, 308.399, 5000.000, 0.000
218.487, 219.322, 309.584, 5000.000, 0.000
219.305, 220.180, 310.769, 5000.000, 0.000
220.125, 221.036, 311.954, 5000.000, 0.000
220.947, 221.889, 313.138, 5000.000, 0.000
221.807, 222.701, 314.321, 5000.000, 0.000
222.658, 223.522, 315.504, 5000.000, 0.000
223.504, 224.350, 316.687, 5000.000, 0.000
224.345, 225.183, 317.870, 5000.000, 0.000
225.183, 226.018, 319.054, 5000.000, 0.000
226.020, 226.855, 320.237, 5000.000, 0.000
226.859, 227.691, 321.421, 5000.000, 0.000
227.699, 228.523, 322.604, 5000.000, 0.000
228.545, 229.351, 323.788, 5000.000, 0.015
229.396, 230.172, 324.970, 5000.000, 0.037
230.256, 230.984, 326.153, 5000.000, 0.060
231.078, 231.837, 327.337, 5000.000, 0.082
231.898, 232.693, 328.522, 5000.000, 0.105
232.716, 233.551, 329.707, 5000.000, 0.127
233.534, 234.410, 330.892, 5000.000, 0.150
234.351, 235.269, 332.077, 5000.000, 0.172
235.169, 236.127, 333.263, 5000.000, 0.194
235.989, 236.983, 334.448, 5000.000, 0.217
236.811, 237.836, 335.632, 5000.000, 0.239
237.637, 238.685, 336.817, 5000.000, 0.262
238.468, 239.530, 338.001, 5000.000, 0.284
239.304, 240.368, 339.185, 5000.000, 0.307
240.179, 241.163, 340.367, 5000.000, 0.329
241.049, 241.963, 341.550, 5000.000, 0.351
241.916, 242.767, 342.732, 5000.000, 0.374
242.781, 243.574, 343.914, 5000.000, 0.396
243.645, 244.380, 345.097, 5000.000, 0.419
244.512, 245.184, 346.279, 5000.000, 0.441
245.382, 245.985, 347.461, 5000.000, 0.463
246.258, 246.779, 348.644, 5000.000, 0.486
247.093, 247.618, 349.827, 5000.000, 0.508
247.924, 248.462, 351.010, 5000.000, 0.531
248.750, 249.311, 352.193, 5000.000, 0.553
249.572, 250.164, 353.377, 5000.000, 0.576
250.392, 251.020, 354.561, 5000.000, 0.598
251.210, 251.878, 355.746, 5000.000, 0.620
252.028, 252.737, 356.930, 5000.000, 0.643
252.878, 253.559, 358.113, 5000.000, 0.665
253.717, 254.394, 359.297, 5000.000, 0.688
254.547, 255.239, 360.481, 5000.000, 0.710
255.368, 256.094, 361.665, 5000.000, 0.733
256.183, 256.955, 362.850, 5000.000, 0.755
256.994, 257.821, 364.036, 5000.000, 0.778
257.802, 258.690, 365.221, 5000.000, 0.800
258.610, 259.560, 366.408, 5000.000, 0.822
259.418, 260.428, 367.595, 5000.000, 0.845
260.229, 261.294, 368.781, 5000.000, 0.867
261.044, 262.156, 369.967, 5000.000, 0.890
261.865, 263.010, 371.152, 5000.000, 0.912
262.695, 263.855, 372.336, 5000.000, 0.935
263.534, 264.690, 373.519, 5000.000, 0.957
264.385, 265.512, 374.701, 5000.000, 0.980
265.202, 266.371, 375.887, 5000.000, 1.002
266.020, 267.229, 377.072, 5000.000, 1.025
266.840, 268.085, 378.258, 5000.000, 1.047
267.662, 268.938, 379.443, 5000.000, 1.069
268.488, 269.787, 380.627, 5000.000, 1.092
269.319, 270.631, 381.812, 5000.000, 1.114
270.155, 271.470, 382.995, 5000.000, 1.137
270.997, 272.301, 384.178, 5000.000, 1.159
271.846, 273.125, 385.361, 5000.000, 1.182
272.736, 273.903, 386.540, 5000.000, 1.204
273.623, 274.685, 387.719, 5000.000, 1.226
274.508, 275.469, 388.899, 5000.000, 1.249
275.394, 276.252, 390.079, 5000.000, 1.271
276.281, 277.034, 391.259, 5000.000, 1.293
277.171, 277.812, 392.442, 5000.000, 1.316
278.020, 278.636, 393.624, 5000.000, 1.338
278.862, 279.467, 394.807, 5000.000, 1.361
279.698, 280.306, 395.990, 5000.000, 1.383
280.528, 281.150, 397.174, 5000.000, 1.405
281.354, 281.999, 398.358, 5000.000, 1.428
282.177, 282.852, 399.543, 5000.000, 1.450
282.997, 283.708, 400.728, 5000.000, 1.473
283.815, 284.566, 401.913, 5000.000, 1.495
284.632, 285.425, 403.098, 5000.000, 1.518
285.449, 286.284, 404.283, 5000.000, 1.540
286.267, 287.142, 405.469, 5000.000, 1.563
287.087, 287.998, 406.654, 5000.000, 1.585
287.943, 288.814, 407.836, 5000.000, 1.607
288.790, 289.640, 409.019, 5000.000, 1.630
289.630, 290.474, 410.202, 5000.000, 1.652
290.465, 291.313, 411.386, 5000.000, 1.675
291.296, 292.157, 412.570, 5000.000, 1.697
292.126, 293.002, 413.755, 5000.000, 1.720
292.955, 293.848, 414.939, 5000.000, 1.742
293.786, 294.691, 416.123, 5000.000, 1.764
294.621, 295.531, 417.307, 5000.000, 1.787
295.461, 296.365, 418.491, 5000.000, 1.809
296.308, 297.190, 419.674, 5000.000, 1.832
297.164, 298.007, 420.856, 5000.000, 1.854
297.984, 298.863, 422.041, 5000.000, 1.877
298.802, 299.721, 423.226, 5000.000, 1.899
299.619, 300.579, 424.411, 5000.000, 1.921
300.437, 301.438, 425.597, 5000.000, 1.944
301.255, 302.296, 426.782, 5000.000, 1.966
302.108, 303.115, 427.965, 5000.000, 1.989
302.951, 303.945, 429.148, 5000.000, 2.011
303.787, 304.784, 430.332, 5000.000, 2.034
304.617, 305.629, 431.516, 5000.000, 2.056
305.442, 306.480, 432.701, 5000.000, 2.078
306.264, 307.333, 433.886, 5000.000, 2.101
307.085, 308.187, 435.071, 5000.000, 2.123
307.908, 309.040, 436.256, 5000.000, 2.146
308.733, 309.891, 437.440, 5000.000, 2.168
309.562, 310.736, 438.625, 5000.000, 2.191
310.398, 311.575, 439.808, 5000.000, 2.213
311.241, 312.405, 440.992, 5000.000, 2.236
312.095, 313.224, 442.174, 5000.000, 2.258
312.913, 314.082, 443.359, 5000.000, 2.280
313.730, 314.941, 444.545, 5000.000, 2.303
314.547, 315.799, 445.730, 5000.000, 2.325
315.365, 316.657, 446.916, 5000.000, 2.348
316.185, 317.513, 448.101, 5000.000, 2.370
317.007, 318.367, 449.286, 5000.000, 2.393
317.834, 319.216, 450.471, 5000.000, 2.415
318.664, 320.060, 451.655, 5000.000, 2.438
319.500, 320.898, 452.839, 5000.000, 2.460
320.342, 321.730, 454.022, 5000.000, 2.482
321.224, 322.517, 455.201, 5000.000, 2.505
322.102, 323.308, 456.382, 5000.000, 2.527
322.978, 324.103, 457.563, 5000.000, 2.550
323.852, 324.898, 458.744, 5000.000, 2.572
324.728, 325.693, 459.925, 5000.000, 2.594
325.606, 326.485, 461.106, 5000.000, 2.617
326.489, 327.271, 462.287, 5000.000, 2.639
327.331, 328.103, 463.471, 5000.000, 2.662
328.166, 328.941, 464.654, 5000.000, 2.684
328.997, 329.786, 465.838, 5000.000, 2.706
329.823, 330.635, 467.023, 5000.000, 2.729
330.645, 331.488, 468.207, 5000.000, 2.751
331.465, 332.344, 469.392, 5000.000, 2.774
332.283, 333.202, 470.578, 5000.000, 2.796
333.101, 334.061, 471.763, 5000.000, 2.819
333.918, 334.920, 472.949, 5000.000, 2.841
334.736, 335.778, 474.134, 5000.000, 2.864
335.556, 336.634, 475.319, 5000.000, 2.886
336.378, 337.487, 476.504, 5000.000, 2.908
337.204, 338.336, 477.689, 5000.000, 2.931
338.068, 339.143, 478.870, 5000.000, 2.953
338.925, 339.958, 480.052, 5000.000, 2.976
339.777, 340.779, 481.234, 5000.000, 2.998
340.625, 341.604, 482.417, 5000.000, 3.020
341.471, 342.431, 483.600, 5000.000, 3.043
342.317, 343.258, 484.783, 5000.000, 3.065
343.165, 344.083, 485.966, 5000.000, 3.088
344.017, 344.904, 487.148, 5000.000, 3.110
344.873, 345.719, 488.331, 5000.000, 3.133
345.737, 346.526, 489.513, 5000.000, 3.155
346.563, 347.375, 490.697, 5000.000, 3.177
347.386, 348.228, 491.882, 5000.000, 3.200
348.206, 349.084, 493.067, 5000.000, 3.222
349.024, 349.942, 494.252, 5000.000, 3.245
349.841, 350.801, 495.437, 5000.000, 3.267
350.658, 351.660, 496.623, 5000.000, 3.290
351.476, 352.518, 497.808, 5000.000, 3.312
352.330, 353.337, 498.990, 5000.000, 3.334
353.173, 354.167, 500.173, 5000.000, 3.357
354.009, 355.006, 501.357, 5000.000, 3.379
354.838, 355.851, 502.542, 5000.000, 3.402
355.663, 356.701, 503.726, 5000.000, 3.424
356.486, 357.555, 504.911, 5000.000, 3.447
357.307, 358.409, 506.096, 5000.000, 3.469
358.129, 359.262, 507.281, 5000.000, 3.492
358.954, 360.113, 508.466, 5000.000, 3.514
359.784, 360.958, 509.651, 5000.000, 3.536
360.619, 361.797, 510.834, 5000.000, 3.559
361.463, 362.626, 512.017, 5000.000, 3.581
362.316, 363.445, 513.200, 5000.000, 3.604
363.134, 364.303, 514.385, 5000.000, 3.626
363.952, 365.162, 515.570, 5000.000, 3.649
364.769, 366.021, 516.756, 5000.000, 3.671
365.587, 366.879, 517.941, 5000.000, 3.694
366.407, 367.735, 519.127, 5000.000, 3.716
367.229, 368.588, 520.312, 5000.000, 3.738
368.055, 369.437, 521.496, 5000.000, 3.761
368.919, 370.245, 522.679, 5000.000, 3.783
369.743, 371.097, 523.863, 5000.000, 3.806
370.573, 371.941, 525.047, 5000.000, 3.828
371.412, 372.777, 526.231, 5000.000, 3.851
372.292, 373.565, 527.412, 5000.000, 3.873
373.171, 374.357, 528.593, 5000.000, 3.895
374.048, 375.150, 529.775, 5000.000, 3.918
374.926, 375.941, 530.957, 5000.000, 3.940
375.807, 376.730, 532.139, 5000.000, 3.963
376.692, 377.514, 533.320, 5000.000, 3.985
377.536, 378.342, 534.503, 5000.000, 4.007
378.375, 379.178, 535.686, 5000.000, 4.030
379.208, 380.019, 536.870, 5000.000, 4.052
380.037, 380.865, 538.054, 5000.000, 4.075
380.862, 381.715, 539.238, 5000.000, 4.097
381.684, 382.569, 540.422, 5000.000, 4.119
382.505, 383.424, 541.606, 5000.000, 4.142
383.325, 384.280, 542.791, 5000.000, 4.164
384.145, 385.136, 543.975, 5000.000, 4.187
384.966, 385.991, 545.160, 5000.000, 4.209
385.788, 386.844, 546.344, 5000.000, 4.232
386.613, 387.694, 547.529, 5000.000, 4.254
387.442, 388.540, 548.713, 5000.000, 4.277
388.275, 389.381, 549.897, 5000.000, 4.299
389.114, 390.217, 551.081, 5000.000, 4.321
389.992, 391.009, 552.262, 5000.000, 4.344
390.864, 391.806, 553.443, 5000.000, 4.366
391.734, 392.607, 554.625, 5000.000, 4.389
392.601, 393.411, 555.807, 5000.000, 4.411
393.469, 394.214, 556.990, 5000.000, 4.433
394.291, 395.067, 558.174, 5000.000, 4.456
395.150, 395.880, 559.356, 5000.000, 4.478
396.013, 396.689, 560.539, 5000.000, 4.501
396.882, 397.490, 561.721, 5000.000, 4.523
397.713, 398.334, 562.904, 5000.000, 4.545
398.539, 399.184, 564.088, 5000.000, 4.568
399.361, 400.037, 565.273, 5000.000, 4.590
400.181, 400.893, 566.457, 5000.000, 4.613
400.999, 401.751, 567.642, 5000.000, 4.635
401.816, 402.610, 568.827, 5000.000, 4.658
402.634, 403.468, 570.012, 5000.000, 4.680
403.452, 404.326, 571.197, 5000.000, 4.703
404.271, 405.182, 572.382, 5000.000, 4.725
405.094, 406.036, 573.566, 5000.000, 4.747
405.920, 406.885, 574.751, 5000.000, 4.770
406.784, 407.692, 575.933, 5000.000, 4.792
407.641, 408.507, 577.115, 5000.000, 4.815
408.492, 409.328, 578.298, 5000.000, 4.837
409.340, 410.153, 579.481, 5000.000, 4.860
410.187, 410.980, 580.664, 5000.000, 4.882
411.033, 411.807, 581.847, 5000.000, 4.904
411.881, 412.632, 583.030, 5000.000, 4.927
412.732, 413.453, 584.213, 5000.000, 4.949
413.589, 414.268, 585.396, 5000.000, 4.972
414.453, 415.075, 586.578, 5000.000, 4.994
415.279, 415.924, 587.762, 5000.000, 5.016
416.102, 416.777, 588.947, 5000.000, 5.039
416.922, 417.633, 590.131, 5000.000, 5.061
417.740, 418.491, 591.316, 5000.000, 5.084
418.557, 419.350, 592.501, 5000.000, 5.106
419.374, 420.209, 593.686, 5000.000, 5.129
420.192, 421.067, 594.871, 5000.000, 5.151
421.012, 421.923, 596.056, 5000.000, 5.174
421.835, 422.776, 597.241, 5000.000, 5.196
422.694, 423.588, 598.423, 5000.000, 5.218
423.546, 424.409, 599.606, 5000.000, 5.241
424.391, 425.237, 600.789, 5000.000, 5.263
425.232, 426.070, 601.972, 5000.000, 5.286
426.070, 426.906, 603.156, 5000.000, 5.308
426.908, 427.742, 604.340, 5000.000, 5.331
427.746, 428.578, 605.523, 5000.000, 5.353
428.587, 429.411, 606.707, 5000.000, 5.375
429.432, 430.238, 607.890, 5000.000, 5.398
430.284, 431.059, 609.073, 5000.000, 5.420
431.143, 431.872, 610.255, 5000.000, 5.443
431.966, 432.725, 611.440, 5000.000, 5.465
432.786, 433.581, 612.625, 5000.000, 5.488
433.604, 434.439, 613.810, 5000.000, 5.510
434.421, 435.298, 614.995, 5000.000, 5.532
435.238, 436.156, 616.180, 5000.000, 5.555
436.056, 437.014, 617.365, 5000.000, 5.577
436.876, 437.870, 618.550, 5000.000, 5.600
437.699, 438.724, 619.735, 5000.000, 5.622
438.525, 439.573, 620.920, 5000.000, 5.645
439.355, 440.417, 622.104, 5000.000, 5.667
440.191, 441.255, 623.288, 5000.000, 5.690
441.033, 442.087, 624.471, 5000.000, 5.712
441.882, 442.911, 625.654, 5000.000, 5.734
442.739, 443.726, 626.837, 5000.000, 5.757
443.605, 444.531, 628.019, 5000.000, 5.779
444.480, 445.325, 629.201, 5000.000, 5.802
445.367, 446.108, 630.383, 5000.000, 5.824
446.298, 446.841, 631.566, 5000.000, 5.846
447.229, 447.574, 632.749, 5000.000, 5.869
448.115, 448.356, 633.931, 5000.000, 5.891
448.991, 449.151, 635.113, 5000.000, 5.914
449.857, 449.956, 636.295, 5000.000, 5.936
450.714, 450.771, 637.477, 5000.000, 5.958
451.563, 451.594, 638.659, 5000.000, 5.981
452.405, 452.426, 639.841, 5000.000, 6.003
453.241, 453.264, 641.024, 5000.000, 6.026
454.071, 454.109, 642.206, 5000.000, 6.048
454.897, 454.958, 643.389, 5000.000, 6.070
455.720, 455.811, 644.572, 5000.000, 6.093
456.540, 456.667, 645.756, 5000.000, 6.115
457.358, 457.525, 646.940, 5000.000, 6.138
458.175, 458.384, 648.124, 5000.000, 6.160
458.992, 459.243, 649.308, 5000.000, 6.183
459.810, 460.101, 650.492, 5000.000, 6.205
460.630, 460.957, 651.676, 5000.000, 6.227
461.486, 461.773, 652.859, 5000.000, 6.250
462.333, 462.599, 654.042, 5000.000, 6.272
463.173, 463.432, 655.226, 5000.000, 6.295
464.008, 464.272, 656.409, 5000.000, 6.317
464.839, 465.115, 657.593, 5000.000, 6.340
465.669, 465.961, 658.778, 5000.000, 6.362
466.498, 466.806, 659.962, 5000.000, 6.384
467.329, 467.650, 661.146, 5000.000, 6.407
468.164, 468.489, 662.330, 5000.000, 6.429
469.004, 469.323, 663.513, 5000.000, 6.452
469.851, 470.149, 664.696, 5000.000, 6.474
470.707, 470.965, 665.879, 5000.000, 6.497
471.527, 471.821, 667.064, 5000.000, 6.519
472.345, 472.679, 668.249, 5000.000, 6.541
473.162, 473.538, 669.434, 5000.000, 6.564
473.979, 474.397, 670.620, 5000.000, 6.586
474.797, 475.255, 671.805, 5000.000, 6.609
475.617, 476.111, 672.990, 5000.000, 6.631
476.440, 476.964, 674.175, 5000.000, 6.654
477.266, 477.813, 675.359, 5000.000, 6.676
478.096, 478.657, 676.544, 5000.000, 6.699
478.932, 479.496, 677.728, 5000.000, 6.721
479.774, 480.327, 678.911, 5000.000, 6.743
480.623, 481.151, 680.094, 5000.000, 6.766
481.480, 481.966, 681.276, 5000.000, 6.788
482.346, 482.771, 682.459, 5000.000, 6.811
483.255, 483.528, 683.640, 5000.000, 6.833
484.163, 484.288, 684.821, 5000.000, 6.855
485.070, 485.047, 686.003, 5000.000, 6.878
485.979, 485.805, 687.186, 5000.000, 6.900
486.845, 486.610, 688.368, 5000.000, 6.923
487.702, 487.425, 689.550, 5000.000, 6.945
488.551, 488.248, 690.732, 5000.000, 6.967
489.393, 489.080, 691.915, 5000.000, 6.990
490.229, 489.918, 693.098, 5000.000, 7.012
491.059, 490.763, 694.281, 5000.000, 7.035
491.885, 491.612, 695.464, 5000.000, 7.057
492.708, 492.465, 696.647, 5000.000, 7.080
493.528, 493.321, 697.831, 5000.000, 7.102
494.346, 494.179, 699.015, 5000.000, 7.124
495.163, 495.038, 700.200, 5000.000, 7.147
495.980, 495.897, 701.384, 5000.000, 7.169
496.798, 496.755, 702.568, 5000.000, 7.192
497.618, 497.611, 703.753, 5000.000, 7.214
498.441, 498.464, 704.938, 5000.000, 7.237
499.267, 499.313, 706.122, 5000.000, 7.259
500.097, 500.157, 707.307, 5000.000, 7.281
500.933, 500.996, 708.490, 5000.000, 7.304
501.775, 501.827, 709.674, 5000.000, 7.326
502.624, 502.651, 710.856, 5000.000, 7.349
503.481, 503.466, 712.039, 5000.000, 7.371
504.347, 504.271, 713.220, 5000.000, 7.394
505.223, 505.065, 714.402, 5000.000, 7.416
506.109, 505.848, 715.583, 5000.000, 7.438
507.007, 506.618, 716.763, 5000.000, 7.461
507.917, 507.374, 717.944, 5000.000, 7.483
508.793, 508.167, 719.126, 5000.000, 7.505
509.670, 508.960, 720.308, 5000.000, 7.528
510.547, 509.754, 721.490, 5000.000, 7.550
511.423, 510.547, 722.672, 5000.000, 7.573
512.300, 511.340, 723.854, 5000.000, 7.595
513.177, 512.133, 725.036, 4997.365, 7.617
514.054, 512.926, 726.218, 4991.030, 7.640
514.930, 513.720, 727.400, 4980.758, 7.662
515.807, 514.513, 728.582, 4966.722, 7.685
516.717, 515.269, 729.764, 4948.500, 7.707
517.615, 516.039, 730.947, 4927.759, 7.729
518.501, 516.822, 732.129, 4904.564, 7.752
519.377, 517.616, 733.311, 4881.132, 7.774
520.243, 518.421, 734.493, 4858.067, 7.797
521.100, 519.236, 735.675, 4834.719, 7.819
521.949, 520.060, 736.858, 4810.692, 7.841
522.791, 520.891, 738.040, 4784.491, 7.864
523.626, 521.730, 739.223, 4757.676, 7.886
524.457, 522.574, 740.407, 4731.309, 7.909
525.283, 523.423, 741.590, 4704.578, 7.931
526.106, 524.276, 742.775, 4680.271, 7.953
526.925, 525.132, 743.959, 4657.259, 7.976
527.743, 525.990, 745.143, 4636.482, 7.998
528.561, 526.849, 746.328, 4617.693, 8.021
529.378, 527.708, 747.513, 4599.207, 8.043
530.196, 528.566, 748.698, 4580.462, 8.066
531.016, 529.422, 749.883, 4560.799, 8.088
531.838, 530.275, 751.067, 4540.118, 8.111
532.664, 531.124, 752.252, 4517.669, 8.133
533.495, 531.968, 753.436, 4493.372, 8.155
534.331, 532.807, 754.620, 4468.313, 8.178
535.173, 533.638, 755.803, 4444.263, 8.200
536.022, 534.462, 756.986, 4420.319, 8.223
536.879, 535.277, 758.169, 4397.283, 8.245
537.745, 536.082, 759.351, 4374.085, 8.268
538.620, 536.877, 760.533, 4349.335, 8.290
539.507, 537.659, 761.715, 4323.525, 8.312
540.404, 538.429, 762.897, 4296.702, 8.335
541.314, 539.185, 764.079, 4268.142, 8.357
542.191, 539.979, 765.261, 4239.823, 8.380
543.068, 540.772, 766.444, 4212.256, 8.402
543.945, 541.565, 767.626, 4186.624, 8.424
544.821, 542.358, 768.808, 4163.211, 8.447
545.698, 543.151, 769.991, 4142.085, 8.469
546.575, 543.945, 771.173, 4122.774, 8.492
547.451, 544.738, 772.355, 4103.758, 8.514
548.328, 545.531, 773.537, 4084.530, 8.536
549.238, 546.287, 774.720, 4064.310, 8.559
550.136, 547.057, 775.902, 4043.021, 8.581
551.022, 547.840, 777.084, 4022.408, 8.604
551.898, 548.634, 778.267, 4001.361, 8.626
552.764, 549.439, 779.449, 3980.465, 8.648
553.621, 550.254, 780.631, 3959.050, 8.671
554.470, 551.078, 781.813, 3938.224, 8.693
555.312, 551.909, 782.997, 3917.603, 8.716
556.148, 552.748, 784.180, 3896.217, 8.738
556.978, 553.592, 785.365, 3873.392, 8.760
557.804, 554.441, 786.549, 3849.162, 8.783
558.627, 555.294, 787.734, 3824.082, 8.805
559.446, 556.150, 788.919, 3800.641, 8.828
560.265, 557.008, 790.105, 3778.596, 8.850
561.082, 557.867, 791.290, 3756.780, 8.873
561.899, 558.726, 792.476, 3735.416, 8.895
562.717, 559.584, 793.661, 3714.787, 8.918
563.537, 560.440, 794.846, 3694.016, 8.940
564.359, 561.293, 796.031, 3673.221, 8.963
565.185, 562.142, 797.216, 3650.908, 8.985
566.016, 562.987, 798.400, 3627.766, 9.007
566.852, 563.825, 799.584, 3604.662, 9.030
567.694, 564.657, 800.767, 3582.162, 9.052
568.543, 565.480, 801.950, 3561.216, 9.075
569.400, 566.295, 803.132, 3541.020, 9.097
570.266, 567.100, 804.313, 3520.744, 9.119
571.141, 567.895, 805.493, 3500.218, 9.142
572.028, 568.677, 806.673, 3479.158, 9.164
572.925, 569.447, 807.852, 3457.464, 9.187
573.835, 570.203, 809.036, 3434.506, 9.209
574.712, 570.997, 810.217, 3410.583, 9.231
575.589, 571.790, 811.400, 3387.613, 9.254
576.466, 572.583, 812.582, 3365.481, 9.276
577.342, 573.376, 813.764, 3345.149, 9.299
578.219, 574.169, 814.946, 3326.329, 9.321
579.096, 574.963, 816.128, 3308.726, 9.343
579.972, 575.756, 817.311, 3291.525, 9.366
580.849, 576.549, 818.493, 3274.705, 9.388
581.726, 577.342, 819.675, 3258.348, 9.411
582.602, 578.135, 820.857, 3242.952, 9.433
583.479, 578.929, 822.040, 3228.513, 9.455
584.356, 579.722, 823.222, 3215.350, 9.478
585.232, 580.515, 824.404, 3203.159, 9.500
586.109, 581.308, 825.586, 3192.086, 9.523
586.986, 582.101, 826.769, 3182.107, 9.545
587.863, 582.895, 827.951, 3173.205, 9.567
588.739, 583.688, 829.133, 3163.977, 9.590
589.616, 584.481, 830.315, 3154.133, 9.612
590.493, 585.274, 831.498, 3143.584, 9.635
591.369, 586.067, 832.680, 3133.246, 9.657
592.246, 586.861, 833.862, 3122.679, 9.679
593.123, 587.654, 835.045, 3112.170, 9.702
593.999, 588.447, 836.227, 3102.167, 9.724
594.876, 589.240, 837.409, 3091.988, 9.747
595.753, 590.033, 838.591, 3082.033, 9.769
596.629, 590.827, 839.774, 3071.884, 9.791
597.506, 591.620, 840.956, 3062.234, 9.814
598.383, 592.413, 842.138, 3052.776, 9.836
599.259, 593.206, 843.320, 3043.420, 9.859
600.136, 593.999, 844.503, 3034.675, 9.881
601.013, 594.793, 845.685, 3026.595, 9.903
601.890, 595.586, 846.867, 3017.999, 9.926
602.766, 596.379, 848.049, 3009.434, 9.948
603.643, 597.172, 849.232, 2999.673, 9.971
604.520, 597.965, 850.414, 2989.229, 9.993
605.396, 598.759, 851.596, 2978.396, 10.015
606.273, 599.552, 852.778, 2967.082, 10.038
607.150, 600.345, 853.961, 2955.920, 10.060
608.026, 601.138, 855.143, 2944.927, 10.083
608.903, 601.931, 856.325, 2934.626, 10.105
609.780, 602.724, 857.508, 2925.010, 10.127
610.656, 603.518, 858.690, 2915.529, 10.150
611.533, 604.311, 859.872, 2905.756, 10.172
612.410, 605.104, 861.054, 2895.038, 10.195
613.287, 605.897, 862.237, 2883.883, 10.217
614.130, 606.727, 863.419, 2871.995, 10.239
614.985, 607.544, 864.602, 2859.438, 10.262
615.852, 608.348, 865.784, 2846.734, 10.284
616.764, 609.103, 866.966, 2834.431, 10.307
617.672, 609.861, 868.148, 2822.438, 10.329
618.545, 610.659, 869.330, 2811.458, 10.351
619.427, 611.446, 870.512, 2801.082, 10.374
620.318, 612.223, 871.695, 2790.763, 10.396
621.217, 612.992, 872.877, 2780.751, 10.419
622.123, 613.752, 874.060, 2771.271, 10.441
623.035, 614.506, 875.242, 2762.582, 10.463
623.953, 615.254, 876.425, 2753.508, 10.486
624.875, 615.997, 877.608, 2744.245, 10.508
625.800, 616.736, 878.792, 2734.468, 10.531
626.729, 617.473, 879.975, 2725.119, 10.553
627.659, 618.207, 881.159, 2716.166, 10.575
628.590, 618.940, 882.343, 2707.401, 10.598
629.520, 619.674, 883.527, 2698.182, 10.620
630.450, 620.408, 884.711, 2689.046, 10.643
631.379, 621.144, 885.895, 2679.988, 10.665
632.304, 621.883, 887.080, 2670.880, 10.688
633.226, 622.626, 888.264, 2661.725, 10.710
634.144, 623.374, 889.448, 2652.106, 10.732
635.056, 624.128, 890.631, 2642.756, 10.755
635.962, 624.889, 891.814, 2633.050, 10.777
636.861, 625.658, 892.996, 2623.364, 10.800
637.752, 626.435, 894.178, 2613.821, 10.822
638.634, 627.222, 895.360, 2603.677, 10.845
639.507, 628.020, 896.541, 2593.507, 10.867
640.369, 628.830, 897.722, 2583.169, 10.889
641.266, 629.600, 898.905, 2572.917, 10.912
642.164, 630.369, 900.088, 2562.987, 10.934
643.065, 631.136, 901.271, 2553.654, 10.957
643.921, 631.952, 902.452, 2544.325, 10.979
644.764, 632.782, 903.633, 2535.289, 11.001
645.641, 633.576, 904.815, 2526.329, 11.024
646.517, 634.369, 905.997, 2517.674, 11.046
647.394, 635.162, 907.179, 2508.860, 11.068
648.271, 635.955, 908.361, 2500.062, 11.091
649.147, 636.748, 909.543, 2491.097, 11.113
650.024, 637.542, 910.725, 2482.803, 11.136
650.901, 638.335, 911.907, 2475.239, 11.158
651.777, 639.128, 913.090, 2468.199, 11.180
652.654, 639.921, 914.272, 2462.051, 11.203
653.531, 640.714, 915.454, 2456.049, 11.225
654.407, 641.508, 916.636, 2449.951, 11.248
655.284, 642.301, 917.819, 2443.971, 11.270
656.127, 643.131, 919.001, 2438.220, 11.292
656.983, 643.947, 920.184, 2433.171, 11.315
657.850, 644.751, 921.366, 2428.314, 11.337
658.728, 645.543, 922.548, 2423.863, 11.360
659.615, 646.324, 923.730, 2420.132, 11.382
660.512, 647.096, 924.912, 2417.116, 11.404
661.416, 647.859, 926.094, 2414.152, 11.427
662.327, 648.613, 927.277, 2411.315, 11.449
663.245, 649.361, 928.459, 2407.535, 11.472
664.168, 650.104, 929.642, 2403.320, 11.494
665.095, 650.841, 930.825, 2399.153, 11.516
666.026, 651.574, 932.008, 2394.873, 11.539
666.960, 652.305, 933.192, 2390.889, 11.561
667.895, 653.033, 934.376, 2386.884, 11.584
668.831, 653.760, 935.560, 2383.020, 11.606
669.767, 654.488, 936.744, 2379.376, 11.629
670.703, 655.216, 937.928, 2375.647, 11.651
671.636, 655.947, 939.114, 2371.484, 11.674
672.567, 656.680, 940.299, 2366.197, 11.696
673.494, 657.417, 941.483, 2359.862, 11.718
674.417, 658.159, 942.668, 2353.523, 11.741
675.335, 658.907, 943.851, 2347.207, 11.763
676.213, 659.699, 945.032, 2341.409, 11.786
677.096, 660.485, 946.213, 2335.674, 11.808
677.983, 661.267, 947.395, 2330.286, 11.830
678.871, 662.047, 948.577, 2325.099, 11.853
679.760, 662.827, 949.759, 2320.263, 11.875
680.647, 663.609, 950.941, 2315.314, 11.898
681.530, 664.395, 952.123, 2309.763, 11.920
682.408, 665.187, 953.305, 2303.833, 11.942
683.325, 665.935, 954.488, 2298.470, 11.965
684.248, 666.677, 955.672, 2293.244, 11.987
685.176, 667.414, 956.856, 2288.480, 12.010
686.106, 668.148, 958.041, 2283.804, 12.032
687.040, 668.878, 959.225, 2279.420, 12.055
687.975, 669.607, 960.410, 2275.287, 12.077
688.911, 670.334, 961.595, 2271.967, 12.099
689.848, 671.061, 962.780, 2268.833, 12.122
690.783, 671.790, 963.965, 2265.974, 12.144
691.683, 672.557, 965.148, 2262.945, 12.167
692.593, 673.314, 966.331, 2259.840, 12.189
693.511, 674.062, 967.515, 2257.186, 12.212
694.435, 674.803, 968.699, 2254.959, 12.234
695.363, 675.539, 969.884, 2253.226, 12.257
696.294, 676.272, 971.068, 2251.635, 12.279
697.226, 677.004, 972.253, 2249.392, 12.301
698.157, 677.737, 973.438, 2246.821, 12.324
699.085, 678.473, 974.623, 2243.841, 12.346
700.009, 679.214, 975.807, 2240.740, 12.369
700.927, 679.962, 976.991, 2237.605, 12.391
701.837, 680.718, 978.174, 2234.187, 12.414
702.737, 681.486, 979.357, 2230.845, 12.436
703.672, 682.214, 980.542, 2227.396, 12.458
704.608, 682.942, 981.727, 2223.882, 12.481
705.545, 683.669, 982.913, 2220.114, 12.503
706.480, 684.398, 984.098, 2215.790, 12.526
707.413, 685.128, 985.283, 2210.558, 12.548
708.344, 685.861, 986.468, 2205.017, 12.571
709.238, 686.635, 987.650, 2199.164, 12.593
710.140, 687.401, 988.833, 2193.073, 12.616
711.048, 688.159, 990.016, 2186.826, 12.638
711.960, 688.913, 991.199, 2180.562, 12.660
712.876, 689.664, 992.383, 2174.256, 12.683
713.792, 690.414, 993.566, 2168.305, 12.705
714.707, 691.164, 994.750, 2162.153, 12.728
715.619, 691.918, 995.934, 2156.469, 12.750
716.527, 692.676, 997.117, 2150.284, 12.773
717.429, 693.442, 998.299, 2144.005, 12.795
718.323, 694.216, 999.482, 2137.555, 12.817
719.254, 694.949, 1000.666, 2130.754, 12.840
720.187, 695.680, 1001.851, 2124.247, 12.862
721.123, 696.408, 1003.036, 2117.822, 12.885
722.025, 697.173, 1004.219, 2111.286, 12.907
722.940, 697.923, 1005.403, 2104.788, 12.929
723.866, 698.662, 1006.587, 2098.009, 12.952
724.801, 699.392, 1007.772, 2091.583, 12.974
725.742, 700.113, 1008.958, 2085.082, 12.997
726.689, 700.828, 1010.144, 2078.459, 13.019
727.640, 701.540, 1011.331, 2071.745, 13.042
728.592, 702.250, 1012.517, 2064.841, 13.064
729.544, 702.959, 1013.704, 2057.762, 13.087
730.495, 703.671, 1014.891, 2051.116, 13.109
731.442, 704.386, 1016.078, 2044.696, 13.132
732.350, 705.145, 1017.261, 2038.425, 13.154
733.264, 705.897, 1018.444, 2031.931, 13.177
734.180, 706.647, 1019.628, 2025.596, 13.199
735.096, 707.396, 1020.812, 2019.297, 13.221
736.010, 708.149, 1021.995, 2012.609, 13.244
736.964, 708.856, 1023.182, 2005.939, 13.266
737.926, 709.555, 1024.370, 1999.300, 13.289
738.891, 710.250, 1025.558, 1992.600, 13.311
739.859, 710.942, 1026.747, 1985.967, 13.334
740.829, 711.633, 1027.936, 1979.384, 13.356
741.797, 712.326, 1029.126, 1972.928, 13.379
742.762, 713.020, 1030.315, 1966.687, 13.402
743.723, 713.720, 1031.504, 1960.239, 13.424
744.645, 714.464, 1032.687, 1953.957, 13.446
745.571, 715.203, 1033.871, 1947.241, 13.469
746.499, 715.940, 1035.056, 1940.464, 13.491
747.425, 716.677, 1036.240, 1933.891, 13.514
748.349, 717.419, 1037.424, 1927.104, 13.536
749.266, 718.168, 1038.608, 1920.444, 13.559
750.221, 718.874, 1039.796, 1913.738, 13.581
751.178, 719.578, 1040.984, 1907.030, 13.604
752.137, 720.281, 1042.172, 1900.733, 13.626
753.061, 721.022, 1043.356, 1894.082, 13.649
753.995, 721.752, 1044.542, 1887.284, 13.671
754.936, 722.474, 1045.728, 1880.178, 13.694
755.881, 723.191, 1046.914, 1873.239, 13.716
756.828, 723.906, 1048.101, 1866.321, 13.739
757.774, 724.623, 1049.288, 1859.760, 13.761
758.717, 725.343, 1050.474, 1852.956, 13.783
759.654, 726.070, 1051.660, 1846.059, 13.806
760.628, 726.755, 1052.850, 1839.079, 13.828
761.605, 727.437, 1054.041, 1832.079, 13.851
762.583, 728.119, 1055.232, 1824.908, 13.874
763.527, 728.838, 1056.418, 1817.853, 13.896
764.480, 729.546, 1057.606, 1810.749, 13.919
765.441, 730.247, 1058.795, 1803.550, 13.941
766.405, 730.943, 1059.984, 1796.450, 13.964
767.372, 731.637, 1061.174, 1789.453, 13.986
768.338, 732.331, 1062.363, 1782.664, 14.009
769.300, 733.030, 1063.552, 1776.010, 14.031
770.256, 733.736, 1064.740, 1769.190, 14.054
771.203, 734.451, 1065.927, 1762.587, 14.076
772.105, 735.216, 1067.108, 1756.329, 14.099
773.053, 735.931, 1068.295, 1750.148, 14.121
774.009, 736.637, 1069.483, 1744.280, 14.144
774.971, 737.335, 1070.672, 1738.434, 14.166
775.937, 738.030, 1071.862, 1732.667, 14.189
776.903, 738.724, 1073.051, 1727.328, 14.211
777.868, 739.420, 1074.241, 1722.190, 14.234
778.828, 740.120, 1075.430, 1717.374, 14.256
779.782, 740.829, 1076.618, 1712.752, 14.279
780.692, 741.585, 1077.799, 1708.178, 14.301
781.649, 742.290, 1078.987, 1703.850, 14.324
782.616, 742.982, 1080.177, 1699.656, 14.346
783.592, 743.666, 1081.368, 1695.927, 14.369
784.573, 744.344, 1082.560, 1692.073, 14.391
785.556, 745.020, 1083.752, 1688.215, 14.414
786.540, 745.695, 1084.945, 1684.205, 14.437
787.520, 746.373, 1086.137, 1680.401, 14.459
788.462, 747.094, 1087.323, 1676.901, 14.482
789.409, 747.810, 1088.509, 1673.346, 14.504
790.356, 748.525, 1089.696, 1669.844, 14.527
791.301, 749.243, 1090.883, 1666.591, 14.549
792.286, 749.916, 1092.075, 1663.207, 14.572
793.276, 750.585, 1093.269, 1659.640, 14.594
794.267, 751.251, 1094.463, 1655.901, 14.617
795.258, 751.919, 1095.657, 1652.228, 14.640
796.211, 752.627, 1096.844, 1648.488, 14.662
797.171, 753.328, 1098.033, 1644.812, 14.685
798.133, 754.027, 1099.222, 1641.356, 14.707
799.095, 754.726, 1100.411, 1637.979, 14.730
800.052, 755.431, 1101.599, 1634.401, 14.752
801.048, 756.092, 1102.794, 1630.573, 14.775
802.046, 756.751, 1103.989, 1626.716, 14.797
803.045, 757.409, 1105.185, 1622.673, 14.820
804.007, 758.108, 1106.374, 1618.297, 14.843
804.977, 758.798, 1107.564, 1613.951, 14.865
805.950, 759.485, 1108.755, 1609.429, 14.888
806.923, 760.172, 1109.946, 1604.742, 14.910
807.892, 760.862, 1111.136, 1600.254, 14.933
808.854, 761.561, 1112.325, 1595.829, 14.955
809.820, 762.256, 1113.515, 1591.254, 14.978
810.797, 762.938, 1114.707, 1586.516, 15.000
811.783, 763.610, 1115.900, 1581.627, 15.023
812.775, 764.277, 1117.094, 1576.818, 15.046
813.768, 764.941, 1118.289, 1571.943, 15.068
814.760, 765.607, 1119.483, 1567.025, 15.091
815.746, 766.279, 1120.677, 1562.496, 15.114
816.724, 766.961, 1121.869, 1557.958, 15.136
817.702, 767.642, 1123.060, 1553.595, 15.159
818.691, 768.311, 1124.254, 1549.432, 15.181
819.687, 768.972, 1125.450, 1545.388, 15.204
820.686, 769.630, 1126.646, 1541.276, 15.227
821.686, 770.287, 1127.842, 1537.236, 15.249
822.682, 770.948, 1129.038, 1533.443, 15.272
823.671, 771.617, 1130.232, 1529.835, 15.295
824.616, 772.335, 1131.417, 1526.239, 15.317
825.606, 773.003, 1132.611, 1522.983, 15.340
826.603, 773.663, 1133.807, 1519.733, 15.362
827.606, 774.317, 1135.004, 1516.302, 15.385
828.609, 774.971, 1136.201, 1512.923, 15.408
829.609, 775.627, 1137.397, 1509.552, 15.430
830.570, 776.327, 1138.585, 1506.134, 15.453
831.533, 777.025, 1139.774, 1502.645, 15.475
832.495, 777.724, 1140.963, 1498.976, 15.498
833.497, 778.378, 1142.159, 1495.578, 15.521
834.503, 779.029, 1143.357, 1492.148, 15.543
835.509, 779.679, 1144.554, 1488.784, 15.566
836.478, 780.371, 1145.744, 1485.578, 15.589
837.452, 781.056, 1146.935, 1482.337, 15.611
838.427, 781.741, 1148.126, 1479.037, 15.634
839.445, 782.378, 1149.327, 1475.692, 15.656
840.469, 783.008, 1150.529, 1472.342, 15.679
841.496, 783.635, 1151.732, 1469.097, 15.702
842.522, 784.263, 1152.935, 1465.579, 15.725
843.510, 784.933, 1154.128, 1462.441, 15.747
844.503, 785.598, 1155.323, 1459.284, 15.770
845.496, 786.263, 1156.517, 1455.889, 15.793
846.484, 786.933, 1157.711, 1452.597, 15.815
847.510, 787.561, 1158.914, 1449.165, 15.838
848.504, 788.225, 1160.108, 1445.780, 15.861
849.507, 788.878, 1161.306, 1442.525, 15.883
850.516, 789.526, 1162.504, 1439.275, 15.906
851.525, 790.172, 1163.703, 1435.981, 15.929
852.531, 790.822, 1164.901, 1432.739, 15.952
853.529, 791.481, 1166.097, 1429.679, 15.974
854.528, 792.140, 1167.293, 1426.663, 15.997
855.536, 792.787, 1168.491, 1423.528, 16.020
856.550, 793.429, 1169.691, 1420.323, 16.042
857.565, 794.069, 1170.891, 1417.100, 16.065
858.576, 794.714, 1172.090, 1413.935, 16.088
859.546, 795.404, 1173.279, 1410.815, 16.110
860.563, 796.042, 1174.480, 1407.929, 16.133
861.588, 796.671, 1175.683, 1405.075, 16.156
862.618, 797.295, 1176.887, 1402.340, 16.179
863.648, 797.919, 1178.091, 1399.565, 16.201
864.640, 798.585, 1179.285, 1396.753, 16.224
865.635, 799.247, 1180.480, 1393.642, 16.247
866.676, 799.859, 1181.686, 1390.529, 16.270
867.723, 800.463, 1182.895, 1387.340, 16.292
868.773, 801.065, 1184.105, 1384.073, 16.315
869.788, 801.705, 1185.305, 1380.959, 16.338
870.810, 802.339, 1186.506, 1377.838, 16.361
871.832, 802.971, 1187.708, 1374.786, 16.384
872.849, 803.609, 1188.909, 1371.923, 16.406
873.904, 804.205, 1190.120, 1368.718, 16.429
874.958, 804.803, 1191.331, 1365.624, 16.452
875.973, 805.443, 1192.531, 1362.353, 16.475
876.990, 806.080, 1193.731, 1359.013, 16.498
878.005, 806.721, 1194.931, 1355.704, 16.520
879.059, 807.318, 1196.142, 1352.486, 16.543
880.080, 807.952, 1197.344, 1349.213, 16.566
881.110, 808.576, 1198.548, 1346.124, 16.589
882.144, 809.195, 1199.753, 1343.279, 16.612
883.175, 809.817, 1200.958, 1340.393, 16.635
884.200, 810.447, 1202.160, 1337.562, 16.657
885.226, 811.075, 1203.363, 1334.831, 16.680
886.260, 811.694, 1204.569, 1332.013, 16.703
887.298, 812.309, 1205.775, 1329.260, 16.726
888.334, 812.926, 1206.981, 1326.524, 16.749
889.364, 813.551, 1208.185, 1323.791, 16.772
890.394, 814.174, 1209.389, 1321.058, 16.794
891.432, 814.788, 1210.596, 1318.327, 16.817
892.475, 815.398, 1211.803, 1315.739, 16.840
893.515, 816.010, 1213.011, 1313.136, 16.863
894.516, 816.667, 1214.206, 1310.599, 16.886
895.562, 817.272, 1215.415, 1308.066, 16.909
896.617, 817.869, 1216.626, 1305.721, 16.932
897.675, 818.462, 1217.838, 1303.387, 16.955
898.730, 819.058, 1219.050, 1301.100, 16.977
899.743, 819.701, 1220.249, 1298.865, 17.000
900.802, 820.292, 1221.462, 1296.510, 17.023
901.868, 820.876, 1222.677, 1294.353, 17.046
902.937, 821.457, 1223.892, 1292.274, 17.069
903.968, 822.080, 1225.096, 1290.042, 17.092
905.002, 822.698, 1226.302, 1287.796, 17.115
906.034, 823.320, 1227.507, 1285.442, 17.138
907.104, 823.900, 1228.723, 1283.214, 17.161
908.173, 824.480, 1229.939, 1280.981, 17.184
909.202, 825.105, 1231.143, 1278.892, 17.207
910.233, 825.728, 1232.347, 1276.671, 17.229
911.304, 826.306, 1233.563, 1274.564, 17.252
912.345, 826.918, 1234.771, 1272.482, 17.275
913.395, 827.519, 1235.981, 1270.431, 17.298
914.450, 828.116, 1237.192, 1268.449, 17.321
915.501, 828.716, 1238.403, 1266.184, 17.344
916.590, 829.274, 1239.626, 1263.868, 17.367
917.645, 829.870, 1240.838, 1261.615, 17.390
918.707, 830.460, 1242.051, 1259.328, 17.413
919.768, 831.049, 1243.265, 1257.167, 17.436
920.823, 831.645, 1244.477, 1254.951, 17.459
921.879, 832.240, 1245.689, 1253.064, 17.482
922.942, 832.827, 1246.904, 1251.269, 17.505
924.008, 833.411, 1248.119, 1249.464, 17.528
925.069, 834.000, 1249.333, 1247.550, 17.551
926.166, 834.550, 1250.558, 1245.465, 17.574
927.228, 835.139, 1251.772, 1243.337, 17.597
928.293, 835.723, 1252.988, 1241.272, 17.620
929.357, 836.310, 1254.202, 1239.179, 17.644
930.379, 836.942, 1255.404, 1237.061, 17.666
931.447, 837.524, 1256.619, 1235.118, 17.689
932.520, 838.101, 1257.837, 1233.321, 17.712
933.591, 838.678, 1259.054, 1231.504, 17.735
934.623, 839.301, 1260.258, 1229.505, 17.758
935.700, 839.873, 1261.477, 1227.497, 17.781
936.783, 840.437, 1262.698, 1225.355, 17.804
937.866, 841.002, 1263.920, 1223.193, 17.828
938.910, 841.611, 1265.127, 1221.037, 17.851
939.954, 842.219, 1266.335, 1218.970, 17.873
941.037, 842.784, 1267.557, 1216.855, 17.897
942.120, 843.349, 1268.778, 1214.975, 17.920
943.164, 843.958, 1269.986, 1213.039, 17.943
944.254, 844.515, 1271.210, 1211.120, 17.966
945.352, 845.064, 1272.436, 1209.031, 17.989
946.450, 845.612, 1273.663, 1206.714, 18.012
947.510, 846.203, 1274.876, 1204.436, 18.035
948.570, 846.793, 1276.089, 1202.069, 18.058
949.638, 847.376, 1277.305, 1199.849, 18.081
950.719, 847.943, 1278.526, 1197.714, 18.104
951.806, 848.504, 1279.749, 1195.626, 18.128
952.892, 849.065, 1280.972, 1193.636, 18.151
954.017, 849.584, 1282.210, 1191.604, 18.174
955.107, 850.141, 1283.434, 1189.576, 18.197
956.203, 850.692, 1284.661, 1187.426, 18.221
957.297, 851.245, 1285.887, 1185.271, 18.244
958.349, 851.845, 1287.096, 1183.197, 18.267
959.444, 852.397, 1288.322, 1181.118, 18.290
960.542, 852.945, 1289.549, 1179.012, 18.313
961.635, 853.499, 1290.775, 1176.974, 18.336
962.730, 854.051, 1292.001, 1175.093, 18.360
963.833, 854.594, 1293.230, 1173.173, 18.383
964.937, 855.137, 1294.460, 1171.348, 18.406
966.034, 855.685, 1295.687, 1169.454, 18.430
967.132, 856.234, 1296.915, 1167.640, 18.453
968.236, 856.777, 1298.144, 1165.784, 18.476
969.339, 857.320, 1299.374, 1164.007, 18.499
970.400, 857.909, 1300.587, 1162.195, 18.522
971.506, 858.449, 1301.817, 1160.440, 18.546
972.615, 858.985, 1303.049, 1158.661, 18.569
973.721, 859.525, 1304.279, 1156.906, 18.592
974.782, 860.114, 1305.492, 1155.179, 18.615
975.885, 860.657, 1306.722, 1153.463, 18.639
976.989, 861.199, 1307.952, 1151.684, 18.662
978.053, 861.785, 1309.166, 1149.864, 18.685
979.117, 862.372, 1310.380, 1148.085, 18.708
980.218, 862.917, 1311.608, 1146.224, 18.731
981.283, 863.502, 1312.823, 1144.502, 18.754
982.397, 864.033, 1314.057, 1142.745, 18.778
983.521, 864.553, 1315.294, 1141.098, 18.801
984.612, 865.109, 1316.519, 1139.341, 18.824
985.711, 865.657, 1317.746, 1137.722, 18.847
986.809, 866.205, 1318.974, 1136.094, 18.871
987.911, 866.749, 1320.203, 1134.492, 18.894
989.023, 867.282, 1321.436, 1132.869, 18.917
990.137, 867.814, 1322.669, 1131.299, 18.941
991.258, 868.337, 1323.906, 1129.692, 18.964
992.391, 868.847, 1325.147, 1128.100, 18.988
993.529, 869.351, 1326.391, 1126.490, 19.011
994.629, 869.897, 1327.619, 1124.956, 19.035
995.778, 870.390, 1328.867, 1123.368, 19.058
996.932, 870.876, 1330.118, 1121.824, 19.082
998.051, 871.401, 1331.354, 1120.328, 19.105
999.173, 871.923, 1332.592, 1118.777, 19.129
1000.336, 872.401, 1333.846, 1117.118, 19.153
1001.464, 872.916, 1335.086, 1115.447, 19.176
1002.595, 873.427, 1336.328, 1113.733, 19.200
1003.768, 873.893, 1337.589, 1112.122, 19.223
1004.908, 874.396, 1338.835, 1110.480, 19.247
1006.052, 874.893, 1340.082, 1108.889, 19.271
1007.192, 875.396, 1341.328, 1107.270, 19.294
1008.331, 875.899, 1342.573, 1105.475, 19.318
1009.475, 876.396, 1343.821, 1103.731, 19.342
1010.615, 876.899, 1345.067, 1101.978, 19.365
1011.755, 877.401, 1346.312, 1100.155, 19.389
1012.899, 877.899, 1347.560, 1098.268, 19.412
1014.038, 878.402, 1348.805, 1096.459, 19.436
1015.178, 878.904, 1350.051, 1094.631, 19.460
1016.322, 879.402, 1351.298, 1092.728, 19.483
1017.462, 879.905, 1352.544, 1090.857, 19.507
1018.601, 880.407, 1353.789, 1089.033, 19.530
1019.745, 880.905, 1355.037, 1087.035, 19.554
1020.851, 881.445, 1356.267, 1085.130, 19.577
1022.003, 881.933, 1357.518, 1083.258, 19.601
1023.159, 882.418, 1358.771, 1081.353, 19.625
1024.276, 882.946, 1360.006, 1079.386, 19.648
1025.437, 883.424, 1361.262, 1077.418, 19.672
1026.602, 883.900, 1362.519, 1075.411, 19.696
1027.727, 884.419, 1363.758, 1073.412, 19.719
1028.895, 884.889, 1365.017, 1071.410, 19.743
1030.066, 885.357, 1366.278, 1069.411, 19.767
1031.196, 885.870, 1367.518, 1067.405, 19.791
1032.369, 886.336, 1368.780, 1065.363, 19.814
1033.543, 886.800, 1370.043, 1063.401, 19.838
1034.676, 887.311, 1371.285, 1061.451, 19.862
1035.851, 887.774, 1372.547, 1059.518, 19.886
1037.026, 888.237, 1373.810, 1057.701, 19.910
1038.159, 888.748, 1375.052, 1055.815, 19.933
1039.333, 889.212, 1376.315, 1053.943, 19.957
1040.473, 889.715, 1377.560, 1052.066, 19.981
1041.615, 890.214, 1378.807, 1050.225, 20.004
1042.797, 890.670, 1380.073, 1048.478, 20.028
1043.943, 891.165, 1381.321, 1046.672, 20.052
1045.090, 891.660, 1382.570, 1044.837, 20.076
1046.275, 892.112, 1383.838, 1043.036, 20.100
1047.422, 892.607, 1385.087, 1041.274, 20.123
1048.568, 893.103, 1386.335, 1039.592, 20.147
1049.717, 893.595, 1387.585, 1037.991, 20.171
1050.871, 894.081, 1388.838, 1036.406, 20.194
1052.023, 894.571, 1390.089, 1034.643, 20.218
1053.174, 895.060, 1391.340, 1033.002, 20.242
1054.329, 895.546, 1392.593, 1031.479, 20.266
1055.491, 896.024, 1393.849, 1029.927, 20.289
1056.663, 896.490, 1395.111, 1028.242, 20.313
1057.837, 896.955, 1396.373, 1026.541, 20.337
1059.015, 897.416, 1397.638, 1024.822, 20.361
1060.200, 897.867, 1398.906, 1023.191, 20.385
1061.351, 898.358, 1400.157, 1021.663, 20.409
1062.549, 898.796, 1401.432, 1020.125, 20.433
1063.752, 899.229, 1402.709, 1018.482, 20.457
1064.916, 899.704, 1403.966, 1016.955, 20.481
1066.124, 900.131, 1405.247, 1015.513, 20.505
1067.299, 900.594, 1406.510, 1014.097, 20.529
1068.478, 901.054, 1407.775, 1012.522, 20.553
1069.697, 901.469, 1409.061, 1010.944, 20.578
1070.878, 901.925, 1410.328, 1009.391, 20.602
1072.059, 902.382, 1411.594, 1007.753, 20.626
1073.241, 902.838, 1412.861, 1006.137, 20.650
1074.428, 903.288, 1414.130, 1004.536, 20.674
1075.622, 903.730, 1415.403, 1002.915, 20.698
1076.826, 904.162, 1416.682, 1001.344, 20.722
1078.029, 904.595, 1417.960, 999.734, 20.746
1079.233, 905.026, 1419.239, 998.192, 20.770
1080.442, 905.452, 1420.521, 966.866, 20.795
1081.612, 905.921, 1421.780, 965.152, 20.819
1082.823, 906.344, 1423.064, 963.484, 20.843
1084.000, 906.806, 1424.327, 961.834, 20.867
1085.223, 907.216, 1425.617, 960.238, 20.891
1086.449, 907.624, 1426.908, 958.716, 20.916
1087.633, 908.077, 1428.176, 957.165, 20.940
1088.858, 908.485, 1429.467, 955.512, 20.964
1090.046, 908.934, 1430.737, 953.909, 20.988
1091.279, 909.334, 1432.032, 952.294, 21.013
1092.479, 909.769, 1433.309, 950.763, 21.037
1093.682, 910.202, 1434.587, 949.193, 21.061
1094.890, 910.629, 1435.868, 947.695, 21.086
1096.103, 911.050, 1437.153, 946.176, 21.110
1097.325, 911.462, 1438.442, 944.741, 21.134
1098.556, 911.863, 1439.736, 943.347, 21.159
1099.786, 912.267, 1441.030, 941.913, 21.183
1101.015, 912.670, 1442.324, 940.394, 21.208
1102.247, 913.071, 1443.618, 938.855, 21.232
1103.482, 913.468, 1444.915, 937.308, 21.257
1104.722, 913.860, 1446.216, 935.862, 21.282
1105.922, 914.295, 1447.492, 934.386, 21.306
1107.164, 914.685, 1448.793, 932.927, 21.330
1108.369, 915.115, 1450.073, 931.523, 21.355
1109.618, 915.497, 1451.378, 930.081, 21.379
1110.833, 915.916, 1452.663, 928.681, 21.404
1112.094, 916.284, 1453.977, 927.237, 21.429
1113.324, 916.687, 1455.271, 925.755, 21.453
1114.556, 917.087, 1456.566, 924.280, 21.478
1115.792, 917.483, 1457.864, 922.743, 21.502
1117.033, 917.875, 1459.165, 921.283, 21.527
1118.312, 918.223, 1460.489, 919.885, 21.552
1119.551, 918.615, 1461.789, 918.479, 21.577
1120.832, 918.962, 1463.115, 917.082, 21.602
1122.076, 919.349, 1464.417, 915.613, 21.626
1123.317, 919.739, 1465.719, 914.127, 21.651
1124.557, 920.131, 1467.019, 912.587, 21.676
1125.795, 920.525, 1468.318, 911.104, 21.700
1127.034, 920.918, 1469.618, 909.638, 21.725
1128.273, 921.310, 1470.918, 908.148, 21.750
1129.515, 921.700, 1472.219, 906.695, 21.774
1130.759, 922.088, 1473.522, 905.366, 21.799
1132.006, 922.471, 1474.827, 903.979, 21.824
1133.258, 922.850, 1476.135, 902.584, 21.848
1134.515, 923.222, 1477.446, 901.111, 21.873
1135.778, 923.588, 1478.761, 899.647, 21.898
1137.002, 923.998, 1480.051, 898.230, 21.923
1138.266, 924.363, 1481.367, 896.844, 21.948
1139.492, 924.770, 1482.658, 895.460, 21.972
1140.759, 925.132, 1483.975, 894.094, 21.997
1141.988, 925.536, 1485.268, 892.694, 22.022
1143.259, 925.893, 1486.589, 891.343, 22.047
1144.494, 926.291, 1487.885, 889.974, 22.071
1145.771, 926.641, 1489.209, 888.569, 22.096
1147.012, 927.031, 1490.511, 887.150, 22.121
1148.298, 927.372, 1491.840, 885.643, 22.146
1149.548, 927.753, 1493.147, 884.168, 22.171
1150.810, 928.120, 1494.461, 882.763, 22.196
1152.083, 928.475, 1495.782, 881.350, 22.221
1153.368, 928.817, 1497.111, 880.002, 22.246
1154.664, 929.147, 1498.448, 878.635, 22.271
1155.959, 929.478, 1499.783, 877.255, 22.297
1157.252, 929.811, 1501.118, 875.883, 22.322
1158.543, 930.147, 1502.451, 874.447, 22.347
1159.832, 930.484, 1503.784, 872.997, 22.372
1161.086, 930.860, 1505.092, 871.520, 22.397
1162.384, 931.188, 1506.431, 870.095, 22.422
1163.646, 931.555, 1507.745, 868.646, 22.447
1164.951, 931.875, 1509.088, 867.201, 22.473
1166.219, 932.235, 1510.406, 865.806, 22.498
1167.530, 932.549, 1511.753, 864.368, 22.523
1168.802, 932.904, 1513.075, 862.906, 22.548
1170.083, 933.251, 1514.401, 861.508, 22.574
1171.371, 933.590, 1515.733, 860.107, 22.599
1172.664, 933.922, 1517.069, 858.712, 22.624
1173.963, 934.249, 1518.408, 857.325, 22.649
1175.267, 934.570, 1519.750, 855.960, 22.675
1176.574, 934.888, 1521.095, 854.535, 22.700
1177.884, 935.202, 1522.442, 853.180, 22.726
1179.162, 935.552, 1523.767, 851.798, 22.751
1180.487, 935.850, 1525.124, 850.382, 22.777
1181.777, 936.185, 1526.457, 848.925, 22.802
1183.112, 936.473, 1527.821, 847.492, 22.828
1184.409, 936.801, 1529.160, 846.062, 22.853
1185.715, 937.120, 1530.504, 844.631, 22.879
1187.027, 937.432, 1531.852, 843.248, 22.904
1188.343, 937.740, 1533.203, 841.926, 22.930
1189.708, 937.993, 1534.591, 840.565, 22.956
1191.042, 938.281, 1535.956, 839.324, 22.982
1192.389, 938.554, 1537.330, 838.045, 23.008
1193.748, 938.814, 1538.714, 836.828, 23.034
1195.069, 939.116, 1540.069, 835.613, 23.060
1196.432, 939.372, 1541.455, 834.383, 23.086
1197.752, 939.675, 1542.809, 833.209, 23.112
1199.109, 939.937, 1544.191, 832.049, 23.138
1200.467, 940.199, 1545.574, 830.930, 23.164
1201.790, 940.498, 1546.931, 829.838, 23.190
1203.157, 940.750, 1548.320, 828.755, 23.216
1204.485, 941.045, 1549.680, 827.692, 23.242
1205.818, 941.333, 1551.044, 826.643, 23.268
1207.154, 941.619, 1552.410, 825.633, 23.294
1208.489, 941.905, 1553.776, 824.640, 23.320
1209.869, 942.142, 1555.175, 823.677, 23.346
1211.211, 942.421, 1556.546, 822.732, 23.372
1212.593, 942.656, 1557.946, 821.815, 23.399
1213.932, 942.938, 1559.315, 820.906, 23.424
1215.273, 943.218, 1560.685, 819.988, 23.450
1216.614, 943.499, 1562.054, 819.089, 23.476
1217.950, 943.783, 1563.421, 818.151, 23.502
1219.294, 944.060, 1564.793, 817.237, 23.528
1220.642, 944.332, 1566.168, 816.336, 23.554
1221.992, 944.602, 1567.545, 815.425, 23.580
1223.308, 944.911, 1568.896, 814.535, 23.606
1224.666, 945.172, 1570.278, 813.678, 23.632
1226.030, 945.426, 1571.666, 812.878, 23.658
1227.364, 945.714, 1573.031, 812.024, 23.684
1228.745, 945.950, 1574.431, 811.199, 23.711
1230.090, 946.226, 1575.804, 810.413, 23.737
1231.475, 946.457, 1577.207, 809.560, 23.763
1232.865, 946.683, 1578.615, 808.800, 23.790
1234.223, 946.944, 1579.998, 807.990, 23.816
1235.593, 947.192, 1581.389, 807.186, 23.843
1236.970, 947.432, 1582.787, 806.432, 23.869
1238.352, 947.666, 1584.189, 805.655, 23.896
1239.735, 947.900, 1585.591, 804.909, 23.922
1241.115, 948.137, 1586.991, 804.086, 23.949
1242.503, 948.366, 1588.397, 803.258, 23.975
1243.860, 948.627, 1589.779, 802.444, 24.002
1245.263, 948.839, 1591.197, 801.618, 24.029
1246.675, 949.040, 1592.623, 800.836, 24.056
1248.093, 949.236, 1594.053, 800.027, 24.083
1249.512, 949.429, 1595.486, 799.238, 24.110
1250.896, 949.662, 1596.889, 798.458, 24.136
1252.287, 949.887, 1598.298, 797.649, 24.163
1253.647, 950.145, 1599.681, 796.851, 24.189
1255.051, 950.355, 1601.101, 795.997, 24.216
1256.462, 950.559, 1602.526, 795.157, 24.243
1257.841, 950.797, 1603.925, 794.354, 24.270
1259.229, 951.024, 1605.332, 793.557, 24.296
1260.669, 951.195, 1606.781, 792.786, 24.324
1262.075, 951.403, 1608.203, 792.081, 24.351
1263.489, 951.602, 1609.631, 791.409, 24.378
1264.953, 951.747, 1611.100, 790.717, 24.406
1266.381, 951.930, 1612.539, 790.020, 24.433
1267.816, 952.107, 1613.984, 789.296, 24.460
1269.265, 952.268, 1615.441, 788.606, 24.488
1270.722, 952.419, 1616.906, 787.883, 24.516
1272.184, 952.566, 1618.373, 787.171, 24.543
1273.609, 952.752, 1619.811, 786.516, 24.571
1275.074, 952.895, 1621.282, 785.850, 24.599
1276.539, 953.039, 1622.753, 785.229, 24.626
1278.011, 953.173, 1624.230, 784.637, 24.654
1279.453, 953.342, 1625.682, 784.019, 24.682
1280.905, 953.500, 1627.142, 783.410, 24.710
1282.360, 953.653, 1628.605, 782.748, 24.737
1283.812, 953.810, 1630.066, 782.130, 24.765
1285.269, 953.962, 1631.531, 781.511, 24.793
1286.738, 954.101, 1633.006, 780.891, 24.821
1288.211, 954.235, 1634.485, 780.316, 24.849
1289.684, 954.369, 1635.964, 779.709, 24.877
1291.117, 954.548, 1637.407, 779.163, 24.904
1292.548, 954.728, 1638.850, 778.594, 24.931
1294.018, 954.865, 1640.326, 778.005, 24.959
1295.487, 955.004, 1641.802, 777.424, 24.987
1296.963, 955.135, 1643.283, 776.814, 25.000
1298.405, 955.303, 1644.734, 776.244, 25.000
1299.853, 955.465, 1646.192, 775.683, 25.000
1301.347, 955.576, 1647.689, 775.130, 25.000
1302.848, 955.680, 1649.192, 774.625, 25.000
1304.314, 955.821, 1650.666, 774.116, 25.000
1305.787, 955.955, 1652.145, 773.577, 25.000
1307.273, 956.075, 1653.635, 773.021, 25.000
1308.763, 956.190, 1655.130, 772.482, 25.000
1310.252, 956.306, 1656.623, 771.936, 25.000
1311.746, 956.418, 1658.120, 771.397, 25.000
1313.250, 956.518, 1659.628, 770.864, 25.000
1314.724, 956.651, 1661.107, 770.358, 25.000
1316.207, 956.774, 1662.595, 769.860, 25.000
1317.737, 956.844, 1664.127, 769.353, 25.000
1319.228, 956.959, 1665.622, 768.850, 25.000
1320.718, 957.074, 1667.117, 768.354, 25.000
1322.213, 957.184, 1668.615, 767.830, 25.000
1323.717, 957.284, 1670.123, 767.346, 25.000
1325.236, 957.367, 1671.644, 766.844, 25.000
1326.729, 957.479, 1673.141, 766.380, 25.000
1328.267, 957.542, 1674.679, 765.930, 25.000
1329.808, 957.600, 1676.221, 765.505, 25.000
1331.358, 957.649, 1677.771, 765.089, 25.000
1332.876, 957.734, 1679.291, 764.653, 25.000
1334.399, 957.813, 1680.816, 764.214, 25.000
1335.931, 957.881, 1682.350, 763.749, 25.000
1337.478, 957.934, 1683.897, 763.296, 25.000
1338.997, 958.017, 1685.418, 762.833, 25.000
1340.558, 958.054, 1686.979, 762.349, 25.000
1342.119, 958.091, 1688.539, 761.883, 25.000
1343.684, 958.123, 1690.104, 761.413, 25.000
1345.259, 958.145, 1691.678, 760.967, 25.000
1346.799, 958.204, 1693.220, 760.540, 25.000
1348.344, 958.259, 1694.765, 760.105, 25.000
1349.895, 958.307, 1696.318, 759.670, 25.000
1351.457, 958.343, 1697.880, 759.222, 25.000
1353.033, 958.363, 1699.456, 758.782, 25.000
1354.581, 958.415, 1701.004, 758.322, 25.000
1356.135, 958.459, 1702.559, 757.868, 25.000
1357.699, 958.493, 1704.124, 757.421, 25.000
1359.309, 958.475, 1705.733, 756.977, 25.000
1360.888, 958.492, 1707.312, 756.519, 25.000
1362.519, 958.452, 1708.942, 756.067, 25.000
1364.112, 958.453, 1710.535, 755.625, 25.000
1365.704, 958.456, 1712.126, 755.187, 25.000
1367.296, 958.458, 1713.718, 754.737, 25.000
1368.892, 958.457, 1715.314, 754.300, 25.000
1370.494, 958.448, 1716.916, 753.844, 25.000
1372.105, 958.430, 1718.526, 753.400, 25.000
1373.727, 958.399, 1720.148, 752.939, 25.000
1375.317, 958.404, 1721.738, 752.470, 25.000
1376.910, 958.406, 1723.331, 751.990, 25.000
1378.507, 958.403, 1724.927, 751.515, 25.000
1380.110, 958.393, 1726.531, 751.060, 25.000
1381.721, 958.375, 1728.142, 750.620, 25.000
1383.342, 958.345, 1729.763, 750.165, 25.000
1384.974, 958.303, 1731.396, 749.702, 25.000
1386.620, 958.247, 1733.042, 749.207, 25.000
1388.234, 958.225, 1734.656, 748.722, 25.000
1389.850, 958.200, 1736.273, 748.223, 25.000
1391.470, 958.172, 1737.893, 747.736, 25.000
1393.095, 958.138, 1739.518, 747.276, 25.000
1394.725, 958.099, 1741.148, 746.808, 25.000
1396.327, 958.090, 1742.751, 746.392, 25.000
1397.949, 958.059, 1744.373, 745.995, 25.000
1399.591, 958.007, 1746.016, 745.608, 25.000
1401.252, 957.933, 1747.678, 745.231, 25.000
1402.933, 957.838, 1749.360, 744.854, 25.000
1404.633, 957.721, 1751.062, 744.474, 25.000
1406.352, 957.583, 1752.785, 744.097, 25.000
1408.044, 957.475, 1754.480, 743.732, 25.000
1409.788, 957.309, 1756.228, 743.378, 25.000
1411.505, 957.175, 1757.948, 743.007, 25.000
1413.225, 957.035, 1759.673, 742.672, 25.000
1414.949, 956.892, 1761.401, 742.354, 25.000
1416.676, 956.746, 1763.134, 742.054, 25.000
1418.404, 956.597, 1764.869, 741.770, 25.000
1420.134, 956.448, 1766.605, 741.473, 25.000
1421.863, 956.299, 1768.341, 741.178, 25.000
1423.558, 956.188, 1770.039, 740.883, 25.000
1425.264, 956.065, 1771.749, 740.629, 25.000
1426.978, 955.932, 1773.469, 740.390, 25.000
1428.700, 955.791, 1775.196, 740.154, 25.000
1430.427, 955.645, 1776.929, 739.921, 25.000
1432.157, 955.494, 1778.666, 739.708, 25.000
1433.889, 955.342, 1780.405, 739.518, 25.000
1435.622, 955.189, 1782.144, 739.349, 25.000
1437.319, 955.076, 1783.844, 739.200, 25.000
1439.024, 954.953, 1785.555, 739.053, 25.000
1440.736, 954.823, 1787.272, 738.924, 25.000
1442.452, 954.689, 1788.992, 738.832, 25.000
1444.168, 954.554, 1790.714, 738.744, 25.000
1445.883, 954.421, 1792.434, 738.690, 25.000
1447.607, 954.278, 1794.163, 738.615, 25.000
1449.350, 954.114, 1795.914, 738.552, 25.000
1451.109, 953.931, 1797.683, 738.507, 25.000
1452.883, 953.732, 1799.467, 738.482, 25.000
1454.636, 953.558, 1801.228, 738.468, 25.000
1456.409, 953.360, 1803.012, 738.480, 25.000
1458.200, 953.143, 1804.816, 738.492, 25.000
1460.005, 952.910, 1806.636, 738.518, 25.000
1461.821, 952.665, 1808.468, 738.556, 25.000
1463.644, 952.412, 1810.308, 738.630, 25.000
1465.437, 952.193, 1812.114, 738.689, 25.000
1467.242, 951.960, 1813.934, 738.760, 25.000
1469.055, 951.718, 1815.764, 738.848, 25.000
1470.872, 951.472, 1817.597, 738.945, 25.000
1472.654, 951.264, 1819.392, 739.053, 25.000
1474.444, 951.048, 1821.194, 739.184, 25.000
1476.249, 950.816, 1823.014, 739.325, 25.000
1478.076, 950.558, 1824.859, 739.474, 25.000
1479.922, 950.280, 1826.725, 739.651, 25.000
1481.779, 949.989, 1828.604, 739.866, 25.000
1483.611, 949.727, 1830.454, 740.089, 25.000
1485.456, 949.450, 1832.320, 740.320, 25.000
1487.310, 949.163, 1834.195, 740.568, 25.000
1489.132, 948.912, 1836.034, 740.827, 25.000
1490.975, 948.637, 1837.897, 741.102, 25.000
1492.845, 948.332, 1839.792, 741.401, 25.000
1494.736, 948.004, 1841.711, 741.704, 25.000
1496.640, 947.662, 1843.646, 742.016, 25.000
1498.550, 947.312, 1845.588, 742.348, 25.000
1500.460, 946.964, 1847.528, 742.694, 25.000
1502.408, 946.573, 1849.515, 743.064, 25.000
1504.322, 946.220, 1851.461, 743.433, 25.000
1506.208, 945.898, 1853.374, 743.823, 25.000
1508.071, 945.601, 1855.260, 744.209, 25.000
1509.995, 945.236, 1857.219, 744.608, 25.000
1511.940, 944.848, 1859.202, 745.028, 25.000
1513.864, 944.484, 1861.160, 745.472, 25.000
1515.805, 944.101, 1863.138, 745.936, 25.000
1517.754, 943.709, 1865.126, 746.414, 25.000
1519.668, 943.356, 1867.073, 746.922, 25.000
1521.598, 942.984, 1869.038, 747.473, 25.000
1523.548, 942.591, 1871.027, 748.047, 25.000
1525.508, 942.188, 1873.027, 748.650, 25.000
1527.434, 941.821, 1874.988, 749.253, 25.000
1529.409, 941.400, 1877.007, 749.875, 25.000
1531.358, 941.009, 1878.994, 750.506, 25.000
1533.361, 940.556, 1881.048, 751.179, 25.000
1535.344, 940.127, 1883.076, 751.871, 25.000
1537.342, 939.681, 1885.123, 752.594, 25.000
1539.311, 939.267, 1887.134, 753.345, 25.000
1541.332, 938.795, 1889.210, 754.149, 25.000
1543.329, 938.350, 1891.256, 754.982, 25.000
1545.304, 937.930, 1893.275, 755.841, 25.000
1547.336, 937.446, 1895.364, 756.698, 25.000
1549.395, 936.932, 1897.485, 757.560, 25.000
1551.449, 936.424, 1899.601, 758.434, 25.000
1553.532, 935.884, 1901.752, 759.346, 25.000
1555.599, 935.362, 1903.883, 760.269, 25.000
1557.682, 934.822, 1906.035, 761.213, 25.000
1559.735, 934.314, 1908.150, 762.178, 25.000
1561.758, 933.841, 1910.227, 763.176, 25.000
1563.795, 933.352, 1912.322, 764.210, 25.000
1565.891, 932.798, 1914.489, 765.261, 25.000
1568.011, 932.216, 1916.687, 766.312, 25.000
1570.156, 931.608, 1918.915, 767.384, 25.000
1572.277, 931.026, 1921.113, 768.465, 25.000
1574.419, 930.420, 1923.338, 769.572, 25.000
1576.547, 929.831, 1925.545, 770.698, 25.000
1578.658, 929.259, 1927.732, 771.881, 25.000
1580.830, 928.621, 1929.994, 773.089, 25.000
1583.025, 927.957, 1932.288, 774.327, 25.000
1585.208, 927.306, 1934.566, 775.592, 25.000
1587.409, 926.636, 1936.866, 776.862, 25.000
1589.624, 925.950, 1939.185, 778.138, 25.000
1591.816, 925.289, 1941.475, 779.418, 25.000
1594.028, 924.607, 1943.789, 780.706, 25.000
1596.221, 923.945, 1946.080, 782.008, 25.000
1598.438, 923.257, 1948.401, 783.346, 25.000
1600.638, 922.587, 1950.701, 784.719, 25.000
1602.863, 921.890, 1953.033, 786.126, 25.000
1605.074, 921.209, 1955.346, 787.576, 25.000
1607.342, 920.464, 1957.733, 789.054, 25.000
1609.630, 919.698, 1960.145, 790.539, 25.000
1611.862, 918.992, 1962.486, 792.042, 25.000
1614.126, 918.252, 1964.868, 793.570, 25.000
1616.426, 917.472, 1967.296, 795.120, 25.000
1618.755, 916.661, 1969.760, 796.688, 25.000
1621.103, 915.827, 1972.251, 798.304, 25.000
1623.431, 915.017, 1974.715, 799.962, 25.000
1625.775, 914.188, 1977.200, 801.664, 25.000
1628.108, 913.372, 1979.670, 803.412, 25.000
1630.511, 912.478, 1982.233, 805.205, 25.000
1632.864, 911.639, 1984.730, 807.018, 25.000
1635.249, 910.766, 1987.270, 808.881, 25.000
1637.621, 909.906, 1989.793, 810.778, 25.000
1640.050, 908.983, 1992.391, 812.723, 25.000
1642.458, 908.084, 1994.961, 814.701, 25.000
1644.860, 907.192, 1997.524, 816.730, 25.000
1647.303, 906.253, 2000.141, 818.802, 25.000
1649.742, 905.320, 2002.753, 820.924, 25.000
1652.211, 904.353, 2005.403, 823.106, 25.000
1654.675, 903.392, 2008.048, 825.322, 25.000
1657.134, 902.436, 2010.686, 827.570, 25.000
1659.620, 901.451, 2013.359, 829.855, 25.000
1662.096, 900.476, 2016.021, 832.175, 25.000
1664.609, 899.461, 2018.730, 834.539, 25.000
1667.120, 898.448, 2021.438, 836.955, 25.000
1669.674, 897.387, 2024.203, 839.418, 25.000
1672.267, 896.283, 2027.019, 841.917, 25.000
1674.862, 895.177, 2029.839, 844.451, 25.000
1677.468, 894.059, 2032.673, 846.991, 25.000
1680.046, 892.972, 2035.469, 849.544, 25.000
1682.669, 891.835, 2038.327, 852.115, 25.000
1685.377, 890.605, 2041.297, 854.705, 25.000
1688.096, 889.361, 2044.288, 857.303, 25.000
1690.834, 888.098, 2047.302, 859.890, 25.000
1693.581, 886.823, 2050.331, 862.480, 25.000
1696.363, 885.511, 2053.407, 865.044, 25.000
1699.274, 884.130, 2056.629, 867.593, 25.000
1702.227, 882.735, 2059.895, 870.097, 25.000
1705.238, 881.287, 2063.236, 872.521, 25.000
1708.201, 879.885, 2066.513, 874.830, 25.000
1711.170, 878.454, 2069.809, 877.037, 25.000
1714.087, 877.041, 2073.050, 879.111, 25.000
1716.868, 875.667, 2076.152, 881.059, 25.000
1719.435, 874.426, 2079.003, 882.869, 25.000
1721.884, 873.224, 2081.731, 884.596, 25.000
1724.243, 872.039, 2084.370, 886.248, 25.000
1726.629, 870.826, 2087.046, 887.835, 25.000
1728.963, 869.635, 2089.666, 889.341, 25.000
1731.226, 868.478, 2092.207, 890.761, 25.000
1733.449, 867.315, 2094.714, 892.086, 25.000
1735.584, 866.194, 2097.124, 893.324, 25.000
1737.659, 865.095, 2099.471, 894.466, 25.000
1739.653, 864.015, 2101.736, 895.523, 25.000
1741.524, 862.999, 2103.864, 896.479, 25.000
1743.313, 862.002, 2105.912, 897.354, 25.000
1744.982, 861.066, 2107.826, 898.155, 25.000
1746.437, 860.247, 2109.495, 898.904, 25.000
1747.791, 859.442, 2111.070, 899.648, 25.000
1749.185, 858.598, 2112.699, 900.410, 25.000
1750.573, 857.742, 2114.329, 901.139, 25.000
1751.927, 856.914, 2115.916, 901.865, 25.000
1753.252, 856.116, 2117.463, 902.581, 25.000
1754.603, 855.297, 2119.042, 903.303, 25.000
1755.909, 854.493, 2120.576, 903.995, 25.000
1757.183, 853.720, 2122.066, 904.662, 25.000
1758.610, 852.883, 2123.720, 905.343, 25.000
1759.998, 852.081, 2125.324, 905.994, 25.000
1761.375, 851.287, 2126.912, 906.649, 25.000
1762.724, 850.505, 2128.471, 907.289, 25.000
1764.030, 849.741, 2129.985, 907.900, 25.000
1765.280, 848.998, 2131.439, 908.498, 25.000
1766.394, 848.290, 2132.758, 909.106, 25.000
1767.437, 847.642, 2133.985, 909.746, 25.000
1768.637, 846.906, 2135.393, 910.423, 25.000
1769.962, 846.110, 2136.939, 911.118, 25.000
1771.440, 845.237, 2138.656, 911.822, 25.000
1772.908, 844.378, 2140.357, 912.512, 25.000
1774.399, 843.506, 2142.084, 913.208, 25.000
1775.905, 842.624, 2143.829, 913.878, 25.000
1777.458, 841.705, 2145.633, 914.495, 25.000
1778.990, 840.791, 2147.418, 915.033, 25.000
1780.435, 839.923, 2149.103, 915.507, 25.000
1781.828, 839.078, 2150.732, 915.897, 25.000
1783.159, 838.257, 2152.296, 916.214, 25.000
1784.327, 837.514, 2153.680, 916.480, 25.000
1785.495, 836.755, 2155.072, 916.735, 25.000
1786.727, 835.956, 2156.539, 916.984, 25.000
1788.005, 835.153, 2158.049, 917.211, 25.000
1789.205, 834.398, 2159.466, 917.379, 25.000
1790.361, 833.666, 2160.834, 917.516, 25.000
1791.510, 832.932, 2162.197, 917.599, 25.000
1792.588, 832.239, 2163.479, 917.632, 25.000
1793.590, 831.589, 2164.673, 917.590, 25.000
1794.641, 830.915, 2165.921, 917.536, 25.000
1795.776, 830.198, 2167.264, 917.468, 25.000
1796.839, 829.526, 2168.521, 917.360, 25.000
1797.909, 828.837, 2169.793, 917.233, 25.000
1798.927, 828.173, 2171.009, 917.072, 25.000
1799.892, 827.531, 2172.167, 916.880, 25.000
1800.801, 826.911, 2173.268, 916.677, 25.000
1801.653, 826.309, 2174.310, 916.447, 25.000
1802.534, 825.712, 2175.375, 916.189, 25.000
1803.557, 825.030, 2176.604, 915.890, 25.000
1804.512, 824.391, 2177.754, 915.569, 25.000
1805.445, 823.760, 2178.880, 915.234, 25.000
1806.357, 823.136, 2179.985, 914.894, 25.000
1807.252, 822.516, 2181.073, 914.542, 25.000
1808.176, 821.869, 2182.201, 914.180, 25.000
1809.074, 821.234, 2183.301, 913.774, 25.000
1809.894, 820.647, 2184.309, 913.334, 25.000
1810.680, 820.079, 2185.279, 912.870, 25.000
1811.437, 819.525, 2186.216, 912.393, 25.000
1812.166, 818.985, 2187.123, 911.930, 25.000
1812.775, 818.503, 2187.899, 911.524, 25.000
1813.572, 817.912, 2188.890, 911.192, 25.000
1814.350, 817.342, 2189.855, 910.927, 25.000
1815.155, 816.760, 2190.848, 910.704, 25.000
1815.991, 816.164, 2191.874, 910.511, 25.000
1816.859, 815.553, 2192.937, 910.324, 25.000
1817.765, 814.923, 2194.040, 910.150, 25.000
1818.692, 814.282, 2195.167, 909.959, 25.000
1819.628, 813.641, 2196.301, 909.746, 25.000
1820.575, 812.995, 2197.448, 909.546, 25.000
1821.536, 812.343, 2198.609, 909.372, 25.000
1822.513, 811.679, 2199.790, 909.218, 25.000
1823.508, 811.002, 2200.993, 909.098, 25.000
1824.466, 810.350, 2202.152, 908.986, 25.000
1825.469, 809.659, 2203.370, 908.874, 25.000
1826.463, 808.969, 2204.580, 908.737, 25.000
1827.451, 808.276, 2205.787, 908.562, 25.000
1828.435, 807.579, 2206.993, 908.347, 25.000
1829.419, 806.874, 2208.203, 908.120, 25.000
1830.348, 806.201, 2209.350, 907.879, 25.000
1831.171, 805.577, 2210.382, 907.649, 25.000
1832.063, 804.906, 2211.497, 907.472, 25.000
1832.973, 804.233, 2212.629, 907.336, 25.000
1833.900, 803.556, 2213.776, 907.224, 25.000
1834.784, 802.913, 2214.870, 907.097, 25.000
1835.665, 802.273, 2215.959, 906.991, 25.000
1836.541, 801.633, 2217.044, 906.912, 25.000
1837.410, 800.992, 2218.123, 906.878, 25.000
1838.271, 800.349, 2219.197, 906.888, 25.000
1839.123, 799.703, 2220.266, 906.938, 25.000
1840.098, 798.987, 2221.476, 907.025, 25.000
1841.046, 798.287, 2222.654, 907.141, 25.000
1842.043, 797.539, 2223.901, 907.284, 25.000
1843.039, 796.786, 2225.149, 907.451, 25.000
1844.035, 796.026, 2226.402, 907.615, 25.000
1845.034, 795.257, 2227.662, 907.769, 25.000
1846.037, 794.479, 2228.932, 907.881, 25.000
1846.991, 793.732, 2230.143, 907.993, 25.000
1847.935, 792.984, 2231.348, 908.099, 25.000
1848.871, 792.232, 2232.547, 908.184, 25.000
1849.837, 791.446, 2233.793, 908.250, 25.000
1850.781, 790.665, 2235.017, 908.325, 25.000
1851.703, 789.888, 2236.222, 908.416, 25.000
1852.608, 789.115, 2237.411, 908.542, 25.000
1853.442, 788.388, 2238.516, 908.701, 25.000
1854.249, 787.676, 2239.590, 908.898, 25.000
1855.070, 786.951, 2240.685, 909.122, 25.000
1855.856, 786.254, 2241.733, 909.407, 25.000
1856.606, 785.586, 2242.737, 909.711, 25.000
1857.325, 784.943, 2243.700, 910.089, 25.000
1858.150, 784.260, 2244.771, 910.536, 25.000
1858.931, 783.623, 2245.779, 911.060, 25.000
1859.709, 782.995, 2246.779, 911.654, 25.000
1860.487, 782.374, 2247.774, 912.336, 25.000
1861.305, 781.724, 2248.819, 913.139, 25.000
1862.113, 781.086, 2249.848, 914.025, 25.000
1862.915, 780.458, 2250.867, 915.003, 25.000
1863.714, 779.833, 2251.881, 916.048, 25.000
1864.513, 779.208, 2252.895, 917.166, 25.000
1865.315, 778.580, 2253.915, 918.394, 25.000
1866.123, 777.942, 2254.944, 919.733, 25.000
1866.941, 777.292, 2255.989, 921.189, 25.000
1867.719, 776.672, 2256.984, 922.750, 25.000
1868.537, 776.013, 2258.034, 924.470, 25.000
1869.348, 775.360, 2259.075, 926.366, 25.000
1870.153, 774.707, 2260.112, 928.425, 25.000
1870.958, 774.052, 2261.149, 930.656, 25.000
1871.763, 773.389, 2262.192, 933.024, 25.000
1872.574, 772.715, 2263.247, 935.573, 25.000
1873.393, 772.025, 2264.317, 938.352, 25.000
1874.169, 771.360, 2265.339, 941.387, 25.000
1874.947, 770.687, 2266.366, 944.684, 25.000
1875.730, 770.005, 2267.404, 948.257, 25.000
1876.521, 769.311, 2268.457, 952.134, 25.000
1877.324, 768.603, 2269.527, 956.331, 25.000
1878.143, 767.879, 2270.621, 960.847, 25.000
1878.925, 767.179, 2271.670, 965.704, 25.000
1879.746, 766.436, 2272.777, 970.896, 25.000
1880.560, 765.694, 2273.878, 976.465, 25.000
1881.368, 764.951, 2274.976, 982.421, 25.000
1882.175, 764.205, 2276.074, 988.815, 25.000
1882.983, 763.454, 2277.178, 995.622, 25.000
1883.797, 762.694, 2278.291, 1002.877, 25.000
1884.619, 761.925, 2279.417, 1010.598, 25.000
1885.399, 761.189, 2280.489, 1018.799, 25.000
1886.177, 760.451, 2281.562, 1027.545, 25.000
1886.957, 759.710, 2282.637, 1036.871, 25.000
1887.739, 758.965, 2283.717, 1046.853, 25.000
1888.527, 758.214, 2284.805, 1057.547, 25.000
1889.323, 757.456, 2285.904, 1069.028, 25.000
1890.166, 756.656, 2287.067, 1081.376, 25.000
1891.009, 755.859, 2288.227, 1094.648, 25.000
1891.856, 755.064, 2289.388, 1108.938, 25.000
1892.656, 754.313, 2290.485, 1124.298, 25.000
1893.448, 753.572, 2291.570, 1140.816, 25.000
1894.234, 752.836, 2292.646, 1158.632, 25.000
1895.014, 752.105, 2293.715, 1177.891, 25.000
1895.792, 751.377, 2294.781, 1198.759, 25.000
1896.568, 750.649, 2295.845, 1221.404, 25.000
1897.344, 749.920, 2296.910, 1246.034, 25.000
1898.123, 749.188, 2297.979, 1272.848, 25.000
1898.906, 748.450, 2299.055, 1302.070, 25.000
1899.695, 747.706, 2300.139, 1333.919, 25.000
1900.491, 746.952, 2301.236, 1368.607, 25.000
1901.297, 746.187, 2302.347, 1406.388, 25.000
1902.115, 745.409, 2303.475, 1447.540, 25.000
1902.981, 744.582, 2304.673, 1492.405, 25.000
1903.798, 743.799, 2305.805, 1541.364, 25.000
1904.604, 743.024, 2306.923, 1594.895, 25.000
1905.402, 742.255, 2308.031, 1653.580, 25.000
1906.193, 741.491, 2309.131, 1717.961, 25.000
1906.979, 740.730, 2310.225, 1788.623, 25.000
1907.763, 739.970, 2311.317, 1866.225, 25.000
1908.547, 739.210, 2312.408, 1951.487, 25.000
1909.333, 738.449, 2313.503, 2045.208, 25.000
1910.124, 737.684, 2314.602, 2148.256, 25.000
1910.920, 736.914, 2315.710, 2261.633, 25.000
1911.724, 736.137, 2316.828, 2386.472, 25.000
1912.540, 735.352, 2317.960, 2524.038, 25.000
1913.367, 734.558, 2319.108, 2675.723, 25.000
1914.195, 733.765, 2320.254, 2843.082, 25.000
1915.013, 732.987, 2321.382, 3027.856, 25.000
1915.821, 732.223, 2322.495, 3231.968, 25.000
1916.621, 731.469, 2323.594, 3457.569, 25.000
1917.414, 730.722, 2324.683, 3707.014, 25.000
1918.201, 729.981, 2325.764, 3982.876, 25.000
1918.983, 729.243, 2326.839, 4288.088, 25.000
1919.761, 728.505, 2327.912, 4625.916, 25.000
1920.538, 727.765, 2328.985, 5000.000, 0.000
1921.314, 727.021, 2330.060, 5000.000, 0.000
1922.090, 726.270, 2331.139, 5000.000, 0.000
1922.869, 725.511, 2332.227, 5000.000, 0.000
1923.651, 724.741, 2333.325, 5000.000, 0.000
1924.439, 723.958, 2334.435, 5000.000, 0.000
1925.234, 723.160, 2335.561, 5000.000, 0.000
1926.038, 722.345, 2336.705, 5000.000, 0.000
1926.802, 721.560, 2337.800, 5000.000, 0.000
1927.563, 720.769, 2338.898, 5000.000, 0.000
1928.324, 719.972, 2339.999, 5000.000, 0.000
1929.084, 719.167, 2341.106, 5000.000, 0.000
1929.846, 718.354, 2342.220, 5000.000, 0.000
1930.610, 717.533, 2343.341, 5000.000, 0.000
1931.377, 716.703, 2344.471, 5000.000, 0.000
1932.150, 715.864, 2345.613, 5000.000, 0.000
1932.930, 715.014, 2346.766, 5000.000, 0.000
1933.717, 714.154, 2347.932, 5000.000, 0.000
1934.515, 713.283, 2349.112, 5000.000, 0.000
1935.324, 712.402, 2350.309, 5000.000, 0.000
1936.146, 711.509, 2351.523, 5000.000, 0.000
1936.983, 710.605, 2352.755, 5000.000, 0.000
1937.786, 709.737, 2353.937, 5000.000, 0.000
1938.589, 708.869, 2355.120, 5000.000, 0.000
1939.392, 708.002, 2356.302, 5000.000, 0.000
1940.195, 707.134, 2357.484, 5000.000, 0.000
1940.998, 706.266, 2358.667, 5000.000, 0.000
1941.802, 705.399, 2359.849, 5000.000, 0.000
1942.605, 704.531, 2361.031, 5000.000, 0.000
1943.408, 703.663, 2362.214, 5000.000, 0.000
1944.211, 702.795, 2363.396, 5000.000, 0.000
1945.014, 701.928, 2364.578, 5000.000, 0.000
1945.817, 701.060, 2365.761, 5000.000, 0.000
1946.621, 700.192, 2366.943, 5000.000, 0.000
1947.424, 699.325, 2368.125, 5000.000, 0.000
1948.227, 698.457, 2369.308, 5000.000, 0.000
1949.030, 697.589, 2370.490, 5000.000, 0.000
1949.833, 696.722, 2371.672, 5000.000, 0.000
1950.636, 695.854, 2372.855, 5000.000, 0.000
1951.439, 694.986, 2374.037, 5000.000, 0.000
1952.243, 694.119, 2375.219, 5000.000, 0.000
1953.046, 693.251, 2376.402, 5000.000, 0.000
1953.849, 692.383, 2377.584, 5000.000, 0.000
1954.652, 691.516, 2378.766, 5000.000, 0.000
1955.455, 690.648, 2379.949, 5000.000, 0.000
1956.258, 689.780, 2381.131, 5000.000, 0.000
1957.062, 688.913, 2382.313, 5000.000, 0.000
1957.865, 688.045, 2383.496, 5000.000, 0.000
1958.668, 687.177, 2384.678, 5000.000, 0.000
1959.471, 686.310, 2385.860, 5000.000, 0.000
1960.274, 685.442, 2387.043, 5000.000, 0.000
1961.077, 684.574, 2388.225, 5000.000, 0.000
1961.881, 683.707, 2389.407, 5000.000, 0.000
1962.684, 682.839, 2390.590, 5000.000, 0.000
1963.487, 681.971, 2391.772, 5000.000, 0.000
1964.290, 681.104, 2392.954, 5000.000, 0.000
1965.093, 680.236, 2394.137, 5000.000, 0.000
1965.896, 679.368, 2395.319, 5000.000, 0.000
1966.699, 678.501, 2396.501, 5000.000, 0.000
1967.503, 677.633, 2397.684, 5000.000, 0.000
1968.306, 676.765, 2398.866, 5000.000, 0.000
1969.109, 675.898, 2400.048, 5000.000, 0.000
1969.912, 675.030, 2401.231, 5000.000, 0.000
1970.715, 674.162, 2402.413, 5000.000, 0.000
1971.518, 673.294, 2403.595, 5000.000, 0.000
1972.322, 672.427, 2404.778, 5000.000, 0.000
1973.125, 671.559, 2405.960, 5000.000, 0.000
1973.928, 670.691, 2407.142, 5000.000, 0.000
1974.731, 669.824, 2408.325, 5000.000, 0.000
1975.534, 668.956, 2409.507, 5000.000, 0.000
1976.337, 668.088, 2410.690, 5000.000, 0.000
1977.141, 667.221, 2411.872, 5000.000, 0.000
1977.944, 666.353, 2413.054, 5000.000, 0.000
1978.747, 665.485, 2414.237, 5000.000, 0.000
1979.550, 664.618, 2415.419, 5000.000, 0.000
1980.353, 663.750, 2416.601, 5000.000, 0.000
1981.156, 662.882, 2417.784, 5000.000, 0.000
1981.959, 662.015, 2418.966, 5000.000, 0.000
1982.763, 661.147, 2420.148, 5000.000, 0.000
1983.566, 660.279, 2421.331, 5000.000, 0.000
1984.369, 659.412, 2422.513, 5000.000, 0.000
1985.206, 658.507, 2423.745, 5000.000, 0.000
1986.031, 657.617, 2424.959, 5000.000, 0.000
1986.844, 656.739, 2426.155, 5000.000, 0.000
1987.646, 655.872, 2427.336, 5000.000, 0.000
1988.438, 655.016, 2428.502, 5000.000, 0.000
1989.221, 654.170, 2429.655, 5000.000, 0.000
1989.997, 653.333, 2430.797, 5000.000, 0.000
1990.765, 652.503, 2431.927, 5000.000, 0.000
1991.526, 651.680, 2433.049, 5000.000, 0.000
1992.283, 650.863, 2434.162, 5000.000, 0.000
1993.034, 650.051, 2435.269, 5000.000, 0.000
1993.782, 649.242, 2436.371, 5000.000, 0.000
1994.527, 648.436, 2437.468, 5000.000, 0.000
1995.271, 647.632, 2438.563, 5000.000, 0.000
1996.013, 646.829, 2439.657, 5000.000, 0.000
1996.755, 646.026, 2440.750, 5000.000, 0.000
1997.498, 645.221, 2441.845, 5000.000, 0.000
1998.243, 644.415, 2442.943, 5000.000, 0.000
1998.990, 643.606, 2444.045, 5000.000, 0.000
1999.741, 642.793, 2445.151, 5000.000, 0.000
2000.496, 641.974, 2446.265, 5000.000, 0.000
2001.257, 641.150, 2447.386, 5000.000, 0.000
2002.024, 640.319, 2448.517, 5000.000, 0.000
2002.798, 639.481, 2449.658, 5000.000, 0.000
2003.579, 638.633, 2450.811, 5000.000, 0.000
2004.370, 637.776, 2451.977, 5000.000, 0.000
2005.171, 636.908, 2453.158, 5000.000, 0.000
2005.982, 636.029, 2454.355, 5000.000, 0.000
2006.805, 635.137, 2455.568, 5000.000, 0.000
2007.641, 634.231, 2456.800, 5000.000, 0.000
2008.443, 633.362, 2457.983, 5000.000, 0.000
2009.244, 632.493, 2459.165, 5000.000, 0.000
2010.046, 631.624, 2460.347, 5000.000, 0.000
2010.848, 630.755, 2461.530, 5000.000, 0.000
2011.650, 629.887, 2462.712, 5000.000, 0.000
2012.451, 629.018, 2463.894, 5000.000, 0.000
2013.253, 628.149, 2465.077, 5000.000, 0.000
2014.055, 627.280, 2466.259, 5000.000, 0.000
2014.857, 626.411, 2467.441, 5000.000, 0.000
2015.659, 625.542, 2468.624, 5000.000, 0.000
2016.460, 624.673, 2469.806, 5000.000, 0.000
2017.262, 623.804, 2470.988, 5000.000, 0.000
2018.064, 622.935, 2472.171, 5000.000, 0.000
2018.866, 622.066, 2473.353, 5000.000, 0.000
2019.668, 621.197, 2474.535, 5000.000, 0.000
2020.469, 620.328, 2475.718, 5000.000, 0.000
2021.271, 619.460, 2476.900, 5000.000, 0.000
2022.073, 618.591, 2478.082, 5000.000, 0.000
2022.875, 617.722, 2479.265, 5000.000, 0.000
2023.677, 616.853, 2480.447, 5000.000, 0.000
2024.478, 615.984, 2481.629, 5000.000, 0.000
2025.280, 615.115, 2482.811, 5000.000, 0.000
2026.082, 614.246, 2483.994, 5000.000, 0.000
2026.884, 613.377, 2485.176, 5000.000, 0.000
2027.686, 612.508, 2486.358, 5000.000, 0.000
2028.487, 611.639, 2487.541, 5000.000, 0.000
2029.289, 610.770, 2488.723, 5000.000, 0.000
2030.091, 609.902, 2489.905, 5000.000, 0.000
2030.893, 609.033, 2491.088, 5000.000, 0.000
2031.694, 608.164, 2492.270, 5000.000, 0.000
2032.496, 607.295, 2493.452, 5000.000, 0.000
2033.298, 606.426, 2494.635, 5000.000, 0.000
2034.100, 605.557, 2495.817, 5000.000, 0.000
2034.902, 604.688, 2496.999, 5000.000, 0.000
2035.703, 603.819, 2498.182, 5000.000, 0.000
2036.505, 602.950, 2499.364, 5000.000, 0.000
2037.307, 602.081, 2500.546, 5000.000, 0.000
2038.109, 601.212, 2501.729, 5000.000, 0.000
2038.911, 600.343, 2502.911, 5000.000, 0.000
2039.712, 599.475, 2504.093, 5000.000, 0.000
2040.514, 598.606, 2505.276, 5000.000, 0.000
2041.316, 597.737, 2506.458, 5000.000, 0.000
2042.118, 596.868, 2507.640, 5000.000, 0.000
2042.920, 595.999, 2508.823, 5000.000, 0.000
2043.721, 595.130, 2510.005, 5000.000, 0.000
2044.523, 594.261, 2511.187, 5000.000, 0.000
2045.325, 593.392, 2512.369, 5000.000, 0.000
2046.127, 592.523, 2513.552, 5000.000, 0.000
2046.928, 591.654, 2514.734, 5000.000, 0.000
2047.730, 590.785, 2515.916, 5000.000, 0.000
2048.532, 589.917, 2517.099, 5000.000, 0.000
2049.334, 589.048, 2518.281, 5000.000, 0.000
2050.136, 588.179, 2519.463, 5000.000, 0.000
2050.937, 587.310, 2520.646, 5000.000, 0.000
2051.739, 586.441, 2521.828, 5000.000, 0.000
2052.541, 585.572, 2523.010, 5000.000, 0.000
2053.343, 584.703, 2524.193, 5000.000, 0.000
2054.145, 583.834, 2525.375, 5000.000, 0.000
2054.946, 582.965, 2526.557, 5000.000, 0.000
2055.748, 582.096, 2527.740, 5000.000, 0.000
2056.550, 581.227, 2528.922, 5000.000, 0.000
2057.352, 580.358, 2530.104, 5000.000, 0.000
2058.154, 579.490, 2531.287, 5000.000, 0.000
2058.955, 578.621, 2532.469, 5000.000, 0.000
2059.757, 577.752, 2533.651, 5000.000, 0.000
2060.559, 576.883, 2534.834, 5000.000, 0.000
2061.361, 576.014, 2536.016, 5000.000, 0.000
2062.163, 575.145, 2537.198, 5000.000, 0.000
2062.964, 574.276, 2538.380, 5000.000, 0.000
2063.766, 573.407, 2539.563, 5000.000, 0.000
2064.568, 572.538, 2540.745, 5000.000, 0.000
2065.370, 571.669, 2541.927, 5000.000, 0.000
2066.171, 570.800, 2543.110, 5000.000, 0.000
2067.007, 569.895, 2544.342, 5000.000, 0.000
2067.830, 569.003, 2545.556, 5000.000, 0.000
2068.642, 568.124, 2546.752, 5000.000, 0.000
2069.443, 567.256, 2547.933, 5000.000, 0.000
2070.234, 566.399, 2549.099, 5000.000, 0.000
2071.016, 565.552, 2550.252, 5000.000, 0.000
2071.790, 564.714, 2551.393, 5000.000, 0.000
2072.557, 563.883, 2552.524, 5000.000, 0.000
2073.317, 563.059, 2553.645, 5000.000, 0.000
2074.072, 562.240, 2554.759, 5000.000, 0.000
2074.822, 561.426, 2555.866, 5000.000, 0.000
2075.569, 560.616, 2556.967, 5000.000, 0.000
2076.312, 559.809, 2558.065, 5000.000, 0.000
2077.053, 559.003, 2559.160, 5000.000, 0.000
2077.794, 558.198, 2560.253, 5000.000, 0.000
2078.534, 557.393, 2561.347, 5000.000, 0.000
2079.275, 556.586, 2562.442, 5000.000, 0.000
2080.017, 555.778, 2563.540, 5000.000, 0.000
2080.762, 554.966, 2564.641, 5000.000, 0.000
2081.510, 554.151, 2565.748, 5000.000, 0.000
2082.262, 553.330, 2566.861, 5000.000, 0.000
2083.020, 552.503, 2567.983, 5000.000, 0.000
2083.783, 551.669, 2569.113, 5000.000, 0.000
2084.554, 550.828, 2570.254, 5000.000, 0.000
2085.333, 549.978, 2571.407, 5000.000, 0.000
2086.120, 549.117, 2572.573, 5000.000, 0.000
2086.918, 548.247, 2573.754, 5000.000, 0.000
2087.726, 547.364, 2574.951, 5000.000, 0.000
2088.545, 546.469, 2576.164, 5000.000, 0.000
2089.378, 545.561, 2577.397, 5000.000, 0.000
2090.176, 544.689, 2578.579, 5000.000, 0.000
2090.975, 543.817, 2579.761, 5000.000, 0.000
2091.774, 542.945, 2580.943, 5000.000, 0.000
2092.572, 542.074, 2582.126, 5000.000, 0.000
2093.371, 541.202, 2583.308, 5000.000, 0.000
2094.170, 540.330, 2584.490, 5000.000, 0.000
2094.968, 539.458, 2585.673, 5000.000, 0.000
2095.767, 538.586, 2586.855, 5000.000, 0.000
2096.565, 537.715, 2588.037, 5000.000, 0.000
2097.364, 536.843, 2589.219, 5000.000, 0.000
2098.163, 535.971, 2590.402, 5000.000, 0.000
2098.961, 535.099, 2591.584, 5000.000, 0.000
2099.760, 534.228, 2592.766, 5000.000, 0.000
2100.559, 533.356, 2593.949, 5000.000, 0.000
2101.357, 532.484, 2595.131, 5000.000, 0.000
2102.156, 531.612, 2596.313, 5000.000, 0.000
2102.955, 530.741, 2597.495, 5000.000, 0.000
2103.753, 529.869, 2598.678, 5000.000, 0.000
2104.552, 528.997, 2599.860, 5000.000, 0.000
2105.351, 528.125, 2601.042, 5000.000, 0.000
2106.149, 527.254, 2602.225, 5000.000, 0.000
2106.948, 526.382, 2603.407, 5000.000, 0.000
2107.746, 525.510, 2604.589, 5000.000, 0.000
2108.545, 524.638, 2605.771, 5000.000, 0.000
2109.344, 523.767, 2606.954, 5000.000, 0.000
2110.142, 522.895, 2608.136, 5000.000, 0.000
2110.941, 522.023, 2609.318, 5000.000, 0.000
2111.740, 521.151, 2610.501, 5000.000, 0.000
2112.538, 520.279, 2611.683, 5000.000, 0.000
2113.337, 519.408, 2612.865, 5000.000, 0.000
2114.136, 518.536, 2614.047, 5000.000, 0.000
2114.934, 517.664, 2615.230, 5000.000, 0.000
2115.733, 516.792, 2616.412, 5000.000, 0.000
2116.532, 515.921, 2617.594, 5000.000, 0.000
2117.330, 515.049, 2618.777, 5000.000, 0.000
2118.129, 514.177, 2619.959, 5000.000, 0.000
2118.927, 513.305, 2621.141, 5000.000, 0.000
2119.726, 512.434, 2622.323, 5000.000, 0.000
2120.525, 511.562, 2623.506, 5000.000, 0.000
2121.323, 510.690, 2624.688, 5000.000, 0.000
2122.122, 509.818, 2625.870, 5000.000, 0.000
2122.921, 508.947, 2627.053, 5000.000, 0.000
2123.719, 508.075, 2628.235, 5000.000, 0.000
2124.518, 507.203, 2629.417, 5000.000, 0.000
2125.317, 506.331, 2630.599, 5000.000, 0.000
2126.115, 505.459, 2631.782, 5000.000, 0.000
2126.914, 504.588, 2632.964, 5000.000, 0.000
2127.713, 503.716, 2634.146, 5000.000, 0.000
2128.511, 502.844, 2635.329, 5000.000, 0.000
2129.310, 501.972, 2636.511, 5000.000, 0.000
2130.108, 501.101, 2637.693, 5000.000, 0.000
2130.907, 500.229, 2638.875, 5000.000, 0.000
2131.706, 499.357, 2640.058, 5000.000, 0.000
2132.504, 498.485, 2641.240, 5000.000, 0.000
2133.303, 497.614, 2642.422, 5000.000, 0.000
2134.102, 496.742, 2643.605, 5000.000, 0.000
2134.900, 495.870, 2644.787, 5000.000, 0.000
2135.699, 494.998, 2645.969, 5000.000, 0.000
2136.498, 494.127, 2647.151, 5000.000, 0.000
2137.296, 493.255, 2648.334, 5000.000, 0.000
2138.095, 492.383, 2649.516, 5000.000, 0.000
2138.893, 491.511, 2650.698, 5000.000, 0.000
2139.692, 490.639, 2651.881, 5000.000, 0.000
2140.491, 489.768, 2653.063, 5000.000, 0.000
2141.289, 488.896, 2654.245, 5000.000, 0.000
2142.088, 488.024, 2655.427, 5000.000, 0.000
2142.887, 487.152, 2656.610, 5000.000, 0.000
2143.685, 486.281, 2657.792, 5000.000, 0.000
2144.484, 485.409, 2658.974, 5000.000, 0.000
2145.283, 484.537, 2660.157, 5000.000, 0.000
2146.081, 483.665, 2661.339, 5000.000, 0.000
2146.880, 482.794, 2662.521, 5000.000, 0.000
2147.679, 481.922, 2663.703, 5000.000, 0.000
2148.477, 481.050, 2664.886, 5000.000, 0.000
2149.276, 480.178, 2666.068, 5000.000, 0.000
2150.074, 479.307, 2667.250, 5000.000, 0.000
2150.873, 478.435, 2668.433, 5000.000, 0.000
2151.672, 477.563, 2669.615, 5000.000, 0.000
2152.470, 476.691, 2670.797, 5000.000, 0.000
2153.269, 475.820, 2671.979, 5000.000, 0.000
2154.068, 474.948, 2673.162, 5000.000, 0.000
2154.866, 474.076, 2674.344, 5000.000, 0.000
2155.665, 473.204, 2675.526, 5000.000, 0.000
2156.464, 472.332, 2676.709, 5000.000, 0.000
2157.262, 471.461, 2677.891, 5000.000, 0.000
2158.061, 470.589, 2679.073, 5000.000, 0.000
2158.860, 469.717, 2680.255, 5000.000, 0.000
2159.658, 468.845, 2681.438, 5000.000, 0.000
2160.457, 467.974, 2682.620, 5000.000, 0.000
2161.255, 467.102, 2683.802, 5000.000, 0.000
2162.054, 466.230, 2684.985, 5000.000, 0.000
2162.853, 465.358, 2686.167, 5000.000, 0.000
2163.651, 464.487, 2687.349, 5000.000, 0.000
2164.450, 463.615, 2688.531, 5000.000, 0.000
2165.249, 462.743, 2689.714, 5000.000, 0.000
2166.047, 461.871, 2690.896, 5000.000, 0.000
2166.846, 461.000, 2692.078, 5000.000, 0.000
2167.645, 460.128, 2693.261, 5000.000, 0.000
2168.443, 459.256, 2694.443, 5000.000, 0.000
2169.242, 458.384, 2695.625, 5000.000, 0.000
2170.040, 457.512, 2696.807, 5000.000, 0.000
2170.839, 456.641, 2697.990, 5000.000, 0.000
2171.638, 455.769, 2699.172, 5000.000, 0.000
2172.436, 454.897, 2700.354, 5000.000, 0.000
2173.235, 454.025, 2701.536, 5000.000, 0.000
2174.034, 453.154, 2702.719, 5000.000, 0.000
2174.832, 452.282, 2703.901, 5000.000, 0.000
2175.631, 451.410, 2705.083, 5000.000, 0.000
2176.430, 450.538, 2706.266, 5000.000, 0.000
2177.228, 449.667, 2707.448, 5000.000, 0.000
2178.027, 448.795, 2708.630, 5000.000, 0.000
2178.826, 447.923, 2709.812, 5000.000, 0.000
2179.624, 447.051, 2710.995, 5000.000, 0.000
2180.423, 446.180, 2712.177, 5000.000, 0.000
2181.221, 445.308, 2713.359, 5000.000, 0.000
2182.020, 444.436, 2714.542, 5000.000, 0.000
2182.819, 443.564, 2715.724, 5000.000, 0.000
2183.617, 442.692, 2716.906, 5000.000, 0.000
2184.416, 441.821, 2718.088, 5000.000, 0.000
2185.215, 440.949, 2719.271, 5000.000, 0.000
2186.013, 440.077, 2720.453, 5000.000, 0.000
2186.812, 439.205, 2721.635, 5000.000, 0.000
2187.611, 438.334, 2722.818, 5000.000, 0.000
2188.409, 437.462, 2724.000, 5000.000, 0.000
2189.208, 436.590, 2725.182, 5000.000, 0.000
2190.007, 435.718, 2726.364, 5000.000, 0.000
2190.805, 434.847, 2727.547, 5000.000, 0.000
2191.604, 433.975, 2728.729, 5000.000, 0.000
2192.402, 433.103, 2729.911, 5000.000, 0.000
2193.201, 432.231, 2731.094, 5000.000, 0.000
2194.000, 431.360, 2732.276, 5000.000, 0.000
2194.798, 430.488, 2733.458, 5000.000, 0.000
2195.631, 429.579, 2734.690, 5000.000, 0.000
2196.451, 428.684, 2735.904, 5000.000, 0.000
2197.259, 427.802, 2737.101, 5000.000, 0.000
2198.056, 426.931, 2738.281, 5000.000, 0.000
2198.844, 426.072, 2739.447, 5000.000, 0.000
2199.623, 425.221, 2740.600, 5000.000, 0.000
2200.394, 424.380, 2741.742, 5000.000, 0.000
2201.157, 423.546, 2742.872, 5000.000, 0.000
2201.915, 422.719, 2743.993, 5000.000, 0.000
2202.667, 421.899, 2745.107, 5000.000, 0.000
2203.415, 421.082, 2746.214, 5000.000, 0.000
2204.159, 420.270, 2747.315, 5000.000, 0.000
2204.900, 419.461, 2748.413, 5000.000, 0.000
2205.640, 418.654, 2749.508, 5000.000, 0.000
2206.379, 417.848, 2750.601, 5000.000, 0.000
2207.118, 417.041, 2751.695, 5000.000, 0.000
2207.858, 416.234, 2752.790, 5000.000, 0.000
2208.599, 415.425, 2753.887, 5000.000, 0.000
2209.344, 414.613, 2754.989, 5000.000, 0.000
2210.092, 413.797, 2756.096, 5000.000, 0.000
2210.844, 412.976, 2757.209, 5000.000, 0.000
2211.602, 412.150, 2758.331, 5000.000, 0.000
2212.366, 411.317, 2759.461, 5000.000, 0.000
2213.137, 410.475, 2760.602, 5000.000, 0.000
2213.916, 409.626, 2761.755, 5000.000, 0.000
2214.704, 408.766, 2762.921, 5000.000, 0.000
2215.502, 407.896, 2764.102, 5000.000, 0.000
2216.311, 407.014, 2765.299, 5000.000, 0.000
2217.131, 406.119, 2766.512, 5000.000, 0.000
2217.964, 405.211, 2767.745, 5000.000, 0.000
2218.763, 404.339, 2768.927, 5000.000, 0.000
2219.562, 403.468, 2770.109, 5000.000, 0.000
2220.361, 402.596, 2771.291, 5000.000, 0.000
2221.159, 401.725, 2772.474, 5000.000, 0.000
2221.958, 400.854, 2773.656, 5000.000, 0.000
2222.757, 399.982, 2774.838, 5000.000, 0.000
2223.556, 399.111, 2776.021, 5000.000, 0.000
2224.355, 398.239, 2777.203, 5000.000, 0.000
2225.154, 397.368, 2778.385, 5000.000, 0.000
2225.953, 396.496, 2779.567, 5000.000, 0.000
2226.752, 395.625, 2780.750, 5000.000, 0.000
2227.551, 394.753, 2781.932, 5000.000, 0.000
2228.350, 393.882, 2783.114, 5000.000, 0.000
2229.149, 393.010, 2784.297, 5000.000, 0.000
2229.948, 392.139, 2785.479, 5000.000, 0.000
2230.747, 391.267, 2786.661, 5000.000, 0.000
2231.546, 390.396, 2787.843, 5000.000, 0.000
2232.345, 389.524, 2789.026, 5000.000, 0.000
2233.144, 388.653, 2790.208, 5000.000, 0.000
2233.943, 387.781, 2791.390, 5000.000, 0.000
2234.742, 386.910, 2792.573, 5000.000, 0.000
2235.541, 386.039, 2793.755, 5000.000, 0.000
2236.340, 385.167, 2794.937, 5000.000, 0.000
2237.139, 384.296, 2796.119, 5000.000, 0.000
2237.938, 383.424, 2797.302, 5000.000, 0.000
2238.737, 382.553, 2798.484, 5000.000, 0.000
2239.536, 381.681, 2799.666, 5000.000, 0.000
2240.335, 380.810, 2800.849, 5000.000, 0.000
2241.134, 379.938, 2802.031, 5000.000, 0.000
2241.933, 379.067, 2803.213, 5000.000, 0.000
2242.732, 378.195, 2804.395, 5000.000, 0.000
2243.530, 377.324, 2805.578, 5000.000, 0.000
2244.329, 376.452, 2806.760, 5000.000, 0.000
2245.128, 375.581, 2807.942, 5000.000, 0.000
2245.927, 374.709, 2809.125, 5000.000, 0.000
2246.726, 373.838, 2810.307, 5000.000, 0.000
2247.525, 372.966, 2811.489, 5000.000, 0.000
2248.324, 372.095, 2812.671, 5000.000, 0.000
2249.123, 371.223, 2813.854, 5000.000, 0.000
2249.922, 370.352, 2815.036, 5000.000, 0.000
2250.721, 369.481, 2816.218, 5000.000, 0.000
2251.520, 368.609, 2817.401, 5000.000, 0.000
2252.319, 367.738, 2818.583, 5000.000, 0.000
2253.118, 366.866, 2819.765, 5000.000, 0.000
2253.917, 365.995, 2820.948, 5000.000, 0.000
2254.716, 365.123, 2822.130, 5000.000, 0.000
2255.515, 364.252, 2823.312, 5000.000, 0.000
2256.314, 363.380, 2824.494, 5000.000, 0.000
2257.113, 362.509, 2825.677, 5000.000, 0.000
2257.912, 361.637, 2826.859, 5000.000, 0.000
2258.711, 360.766, 2828.041, 5000.000, 0.000
2259.510, 359.894, 2829.224, 5000.000, 0.000
2260.309, 359.023, 2830.406, 5000.000, 0.000
2261.108, 358.151, 2831.588, 5000.000, 0.000
2261.907, 357.280, 2832.770, 5000.000, 0.000
2262.706, 356.408, 2833.953, 5000.000, 0.000
2263.505, 355.537, 2835.135, 5000.000, 0.000
2264.304, 354.666, 2836.317, 5000.000, 0.000
2265.102, 353.794, 2837.500, 5000.000, 0.000
2265.901, 352.923, 2838.682, 5000.000, 0.000
2266.700, 352.051, 2839.864, 5000.000, 0.000
2267.499, 351.180, 2841.046, 5000.000, 0.000
2268.298, 350.308, 2842.229, 5000.000, 0.000
2269.097, 349.437, 2843.411, 5000.000, 0.000
2269.896, 348.565, 2844.593, 5000.000, 0.000
2270.695, 347.694, 2845.776, 5000.000, 0.000
2271.494, 346.822, 2846.958, 5000.000, 0.000
2272.293, 345.951, 2848.140, 5000.000, 0.000
2273.092, 345.079, 2849.322, 5000.000, 0.000
2273.891, 344.208, 2850.505, 5000.000, 0.000
2274.690, 343.336, 2851.687, 5000.000, 0.000
2275.489, 342.465, 2852.869, 5000.000, 0.000
2276.288, 341.593, 2854.052, 5000.000, 0.000
2277.087, 340.722, 2855.234, 5000.000, 0.000
2277.886, 339.850, 2856.416, 5000.000, 0.000
2278.685, 338.979, 2857.598, 5000.000, 0.000
2279.484, 338.108, 2858.781, 5000.000, 0.000
2280.283, 337.236, 2859.963, 5000.000, 0.000
2281.082, 336.365, 2861.145, 5000.000, 0.000
2281.881, 335.493, 2862.328, 5000.000, 0.000
2282.680, 334.622, 2863.510, 5000.000, 0.000
2283.479, 333.750, 2864.692, 5000.000, 0.000
2284.278, 332.879, 2865.874, 5000.000, 0.000
2285.077, 332.007, 2867.057, 5000.000, 0.000
2285.876, 331.136, 2868.239, 5000.000, 0.000
2286.675, 330.264, 2869.421, 5000.000, 0.000
2287.473, 329.393, 2870.604, 5000.000, 0.000
2288.272, 328.521, 2871.786, 5000.000, 0.000
2289.071, 327.650, 2872.968, 5000.000, 0.000
2289.870, 326.778, 2874.150, 5000.000, 0.000
2290.669, 325.907, 2875.333, 5000.000, 0.000
2291.468, 325.035, 2876.515, 5000.000, 0.000
2292.267, 324.164, 2877.697, 5000.000, 0.000
2293.066, 323.293, 2878.880, 5000.000, 0.000
2293.865, 322.421, 2880.062, 5000.000, 0.000
2294.664, 321.550, 2881.244, 5000.000, 0.000
2295.463, 320.678, 2882.427, 5000.000, 0.000
2296.262, 319.807, 2883.609, 5000.000, 0.000
2297.061, 318.935, 2884.791, 5000.000, 0.000
2297.860, 318.064, 2885.973, 5000.000, 0.000
2298.659, 317.192, 2887.156, 5000.000, 0.000
2299.458, 316.321, 2888.338, 5000.000, 0.000
2300.257, 315.449, 2889.520, 5000.000, 0.000
2301.056, 314.578, 2890.703, 5000.000, 0.000
2301.855, 313.706, 2891.885, 5000.000, 0.000
2302.654, 312.835, 2893.067, 5000.000, 0.000
2303.453, 311.963, 2894.249, 5000.000, 0.000
2304.252, 311.092, 2895.432, 5000.000, 0.000
2305.051, 310.220, 2896.614, 5000.000, 0.000
2305.850, 309.349, 2897.796, 5000.000, 0.000
2306.649, 308.478, 2898.979, 5000.000, 0.000
2307.448, 307.606, 2900.161, 5000.000, 0.000
2308.246, 306.735, 2901.343, 5000.000, 0.000
2309.045, 305.863, 2902.525, 5000.000, 0.000
2309.844, 304.992, 2903.708, 5000.000, 0.000
2310.643, 304.120, 2904.890, 5000.000, 0.000
2311.442, 303.249, 2906.072, 5000.000, 0.000
2312.241, 302.377, 2907.255, 5000.000, 0.000
2313.040, 301.506, 2908.437, 5000.000, 0.000
2313.839, 300.634, 2909.619, 5000.000, 0.000
2314.638, 299.763, 2910.801, 5000.000, 0.000
2315.437, 298.891, 2911.984, 5000.000, 0.000
2316.236, 298.020, 2913.166, 5000.000, 0.000
2317.035, 297.149, 2914.348, 5000.000, 0.000
2317.872, 296.311, 2915.531, 5000.000, 0.000
2318.694, 295.461, 2916.714, 5000.000, 0.000
2319.467, 294.566, 2917.896, 5000.000, 0.000
2320.242, 293.673, 2919.078, 5000.000, 0.000
2321.019, 292.781, 2920.260, 5000.000, 0.000
2321.834, 291.925, 2921.442, 5000.000, 0.000
2322.638, 291.057, 2922.624, 5000.000, 0.000
2323.393, 290.146, 2923.806, 5000.000, 0.000
2324.152, 289.239, 2924.989, 5000.000, 0.000
2324.915, 288.334, 2926.171, 5000.000, 0.000
2325.681, 287.433, 2927.353, 5000.000, 0.000
2326.450, 286.535, 2928.536, 5000.000, 0.000
2327.223, 285.640, 2929.718, 5000.000, 0.000
2328.000, 284.748, 2930.900, 5000.000, 0.000
2328.780, 283.859, 2932.083, 5000.000, 0.000
2329.563, 282.974, 2933.265, 5000.000, 0.000
2330.350, 282.092, 2934.447, 5000.000, 0.000
2331.141, 281.213, 2935.630, 5000.000, 0.000
2331.935, 280.337, 2936.812, 5000.000, 0.000
2332.733, 279.464, 2937.994, 5000.000, 0.000
2333.534, 278.595, 2939.176, 5000.000, 0.000
2334.339, 277.728, 2940.359, 5000.000, 0.000
2335.147, 276.866, 2941.541, 5000.000, 0.000
2335.960, 276.006, 2942.724, 5000.000, 0.000
2336.776, 275.150, 2943.906, 5000.000, 0.000
2337.596, 274.298, 2945.089, 5000.000, 0.000
2338.420, 273.449, 2946.271, 5000.000, 0.000
2339.248, 272.604, 2947.454, 5000.000, 0.000
2340.081, 271.763, 2948.637, 5000.000, 0.000
2340.917, 270.925, 2949.821, 5000.000, 0.000
2341.705, 270.044, 2951.002, 5000.000, 0.000
2342.482, 269.153, 2952.184, 5000.000, 0.000
2343.298, 268.297, 2953.367, 5000.000, 0.000
2344.115, 267.442, 2954.549, 5000.000, 0.000
2344.935, 266.589, 2955.732, 5000.000, 0.000
2345.705, 265.691, 2956.914, 5000.000, 0.000
2346.461, 264.781, 2958.095, 5000.000, 0.000
2347.254, 263.905, 2959.277, 5000.000, 0.000
2348.048, 263.028, 2960.459, 5000.000, 0.000
2348.841, 262.151, 2961.641, 5000.000, 0.000
2349.634, 261.275, 2962.824, 5000.000, 0.000
2350.427, 260.398, 2964.006, 5000.000, 0.000
2351.220, 259.521, 2965.188, 5000.000, 0.000
2352.014, 258.644, 2966.371, 5000.000, 0.000
2352.807, 257.768, 2967.553, 5000.000, 0.000
2353.600, 256.891, 2968.735, 5000.000, 0.000
2354.393, 256.014, 2969.917, 5000.000, 0.000
2355.186, 255.138, 2971.100, 5000.000, 0.000
2355.980, 254.261, 2972.282, 5000.000, 0.000
2356.773, 253.384, 2973.464, 5000.000, 0.000
2357.566, 252.508, 2974.646, 5000.000, 0.000
2358.359, 251.631, 2975.829, 5000.000, 0.000
2359.152, 250.754, 2977.011, 5000.000, 0.000
2359.946, 249.878, 2978.193, 5000.000, 0.000
2360.739, 249.001, 2979.375, 5000.000, 0.000
2361.532, 248.124, 2980.558, 5000.000, 0.000
2362.325, 247.248, 2981.740, 5000.000, 0.000
2363.118, 246.371, 2982.922, 5000.000, 0.000
2363.912, 245.494, 2984.104, 5000.000, 0.000
2364.705, 244.617, 2985.287, 5000.000, 0.000
2365.498, 243.741, 2986.469, 5000.000, 0.000
2366.291, 242.864, 2987.651, 5000.000, 0.000
2367.084, 241.987, 2988.834, 5000.000, 0.000
2367.878, 241.111, 2990.016, 5000.000, 0.000
2368.671, 240.234, 2991.198, 5000.000, 0.000
2369.464, 239.357, 2992.380, 5000.000, 0.000
2370.257, 238.481, 2993.563, 5000.000, 0.000
2371.050, 237.604, 2994.745, 5000.000, 0.000
2371.843, 236.727, 2995.927, 5000.000, 0.000
2372.637, 235.851, 2997.109, 5000.000, 0.000
2373.430, 234.974, 2998.292, 5000.000, 0.000
2374.223, 234.097, 2999.474, 5000.000, 0.000
2375.016, 233.220, 3000.656, 5000.000, 0.000
2375.809, 232.344, 3001.838, 5000.000, 0.000
2376.603, 231.467, 3003.021, 5000.000, 0.000
2377.396, 230.590, 3004.203, 5000.000, 0.000
2378.189, 229.714, 3005.385, 5000.000, 0.000
2378.982, 228.837, 3006.567, 5000.000, 0.000
2379.775, 227.960, 3007.750, 5000.000, 0.000
2380.569, 227.084, 3008.932, 5000.000, 0.000
2381.362, 226.207, 3010.114, 5000.000, 0.000
2382.155, 225.330, 3011.297, 5000.000, 0.000
2382.948, 224.454, 3012.479, 5000.000, 0.000
2383.741, 223.577, 3013.661, 5000.000, 0.000
2384.535, 222.700, 3014.843, 5000.000, 0.000
2385.328, 221.823, 3016.026, 5000.000, 0.000
2386.121, 220.947, 3017.208, 5000.000, 0.000
2386.914, 220.070, 3018.390, 5000.000, 0.000
2387.707, 219.193, 3019.572, 5000.000, 0.000
2388.501, 218.317, 3020.755, 5000.000, 0.000
2389.294, 217.440, 3021.937, 5000.000, 0.000
2390.087, 216.563, 3023.119, 5000.000, 0.000
2390.880, 215.687, 3024.301, 5000.000, 0.000
2391.673, 214.810, 3025.484, 5000.000, 0.000
2392.070, 214.372, 3026.075, 5000.000, 0.000
2392.863, 213.495, 3027.257, 5000.000, 0.000
2393.656, 212.618, 3028.439, 5000.000, 0.000
2394.450, 211.742, 3029.622, 5000.000, 0.000
2395.243, 210.865, 3030.804, 5000.000, 0.000
2396.036, 209.988, 3031.986, 5000.000, 0.000
2396.829, 209.111, 3033.168, 5000.000, 0.000
2397.622, 208.235, 3034.351, 5000.000, 0.000
2398.416, 207.358, 3035.533, 5000.000, 0.000
2399.209, 206.481, 3036.715, 5000.000, 0.000
2400.002, 205.605, 3037.897, 5000.000, 0.000
2400.795, 204.728, 3039.080, 5000.000, 0.000
2401.588, 203.851, 3040.262, 5000.000, 0.000
2402.382, 202.975, 3041.444, 5000.000, 0.000
2403.175, 202.098, 3042.626, 5000.000, 0.000
